1,610F,phaC,1966,Clinical,Salmon,HC,47.4438753,-120.8452161,USA,Columbia	GROUP2_cbot_Eklund202F_X68171	2163679	1515	1508	1507	99.93	0	1	912317	913823	plus	GAGAGTTTGATCCTGGCTCAGGACGAACGCTGGCGGCGTGCCTAACACATGCAAGTCGAGCGATGAAGCTTCTTC-GGAAGTGGATTAGCGGCGGACGGGTGAGTAACACGTGGGCAACCTGCCTCATAGAGAGGGATAGCCTTTCGAAAGGAAGATTAATACCTCATAAGATTGTAGTTTCGCATGAAACGGCAATAAAAGGAGCAATCCGCTATGAGATGGGCCCGCGTCGCATTAGCTAGTTGGTAAGGTAATGGCTTACCAAGGCGACGATGCGTAGCCGACCTGAGAGGGTGATCGGCCACATTGGGACTGAGACACGGCCCAGACTCCTACGGGAGGCAGCAGTGGGGAATATTGCACAATGGGGGAAACCCTGATGCAGCAACGCCGCGTGAGTGATGAAGGTCTTCGGATTGTAAAACTCTGTCTTTGGGGACGATAATGACGGTACCCAAGGAGGAAGCCACGGCTAACTACGTGCCAGCAGCCGCGGTAATACGTAGGTGGCAAGCGTTGTCCGGATTTACTGGGCGTAAAGGGAGCGTAGGTGGATATTTAAGTGGGATGTGAAATACTCGGGCTTAACCTGAGTGCTGCATTCCAAACTGGATATCTAGAGTGCAGGAGAGGAAAGTGGAATTCCTAGTGTAGCGGTGAAATGCGTAGATATTAGGAAGAACACCAGTGGCGAAGGCGACTTTCTGGACTGTAACTGACACTGAGGCTCGAAAGCGTGGGGAGCGAACAGGATTAGATACCCTGGTAGTCCACGCCGTAAACGATGAATACTAGGTGTAGGAGCTGTCATGGCTTCTGTGCCGCCGCTAACGCATTAAGTATTCCGCCTGGGGAGTACGGTCGCAAGATTAAAACTCAAAGGAATTGACGGGGGCCCGCACAAGCAGCGGAGCATGTGGTTTAATTCGAAGCAACGCGAAGAACCTTACCTAGACTTGACATCTCCTGAATTACTCTTAATCGAGGAAGTCGCTTCGGCGACAGGAAGACAGGTGGTGCATGGTTGTCGTCAGCTCGTGTCGTGAGATGTTGGGTTAAGTCCCGCAACGAGCGCAACCCTTATTGTTAGTTGCTACCATTTAGTTGAGCACTCTAGCGAGACTGCCGTGGTTAACGCGGAGGAAGGTGGGGATGACGTCAAATCATCATGCCCCTTATGTCTAGGGCTACACACGTGCTACAATGGCTGGTACAAAGAGATGCAATACCGCGAGGTGGAGCTAAACTATAAAACCAGTCTCAGTTCGGATTGTAGGCTGAAACTCGCCTACATGAAGCTGGAGTTGCTAGTAATCGCGAATCAGAATGTCGCGGTGAATACGTTCCCGGGCCTTGTACACACCGCCCGTCACACCATGAGAGTTGGCAATACCCAAAGTTCGTGAGCTAACCCGTAAGGGAGGCAGCGACCTAAGGTAGGGTCAGCGATTGGGGTGAAGTCGTAACAAGGTAGCCGTAGGAGAACCTGCGGCTGGATCACCTCCTT

1,610F,phaC,1966,Clinical,Salmon,HC,47.4438753,-120.8452161,USA,Columbia	GROUP2_cbot_Eklund202F_X68171	2163679	1515	1508	1507	99.93	0	1	794260	795766	reversed to plus	GAGAGTTTGATCCTGGCTCAGGACGAACGCTGGCGGCGTGCCTAACACATGCAAGTCGAGCGATGAAGCTTCTTC-GGAAGTGGATTAGCGGCGGACGGGTGAGTAACACGTGGGCAACCTGCCTCATAGAGAGGGATAGCCTTTCGAAAGGAAGATTAATACCTCATAAGATTGTAGTTTCGCATGAAACGGCAATAAAAGGAGCAATCCGCTATGAGATGGGCCCGCGTCGCATTAGCTAGTTGGTAAGGTAATGGCTTACCAAGGCGACGATGCGTAGCCGACCTGAGAGGGTGATCGGCCACATTGGGACTGAGACACGGCCCAGACTCCTACGGGAGGCAGCAGTGGGGAATATTGCACAATGGGGGAAACCCTGATGCAGCAACGCCGCGTGAGTGATGAAGGTCTTCGGATTGTAAAACTCTGTCTTTGGGGACGATAATGACGGTACCCAAGGAGGAAGCCACGGCTAACTACGTGCCAGCAGCCGCGGTAATACGTAGGTGGCAAGCGTTGTCCGGATTTACTGGGCGTAAAGGGAGCGTAGGTGGATATTTAAGTGGGATGTGAAATACTCGGGCTTAACCTGAGTGCTGCATTCCAAACTGGATATCTAGAGTGCAGGAGAGGAAAGTGGAATTCCTAGTGTAGCGGTGAAATGCGTAGATATTAGGAAGAACACCAGTGGCGAAGGCGACTTTCTGGACTGTAACTGACACTGAGGCTCGAAAGCGTGGGGAGCGAACAGGATTAGATACCCTGGTAGTCCACGCCGTAAACGATGAATACTAGGTGTAGGAGCTGTCATGGCTTCTGTGCCGCCGCTAACGCATTAAGTATTCCGCCTGGGGAGTACGGTCGCAAGATTAAAACTCAAAGGAATTGACGGGGGCCCGCACAAGCAGCGGAGCATGTGGTTTAATTCGAAGCAACGCGAAGAACCTTACCTAGACTTGACATCTCCTGAATTACTCTTAATCGAGGAAGTCGCTTCGGCGACAGGAAGACAGGTGGTGCATGGTTGTCGTCAGCTCGTGTCGTGAGATGTTGGGTTAAGTCCCGCAACGAGCGCAACCCTTATTGTTAGTTGCTACCATTTAGTTGAGCACTCTAGCGAGACTGCCGTGGTTAACGCGGAGGAAGGTGGGGATGACGTCAAATCATCATGCCCCTTATGTCTAGGGCTACACACGTGCTACAATGGCTGGTACAAAGAGATGCAATACCGCGAGGTGGAGCTAAACTATAAAACCAGTCTCAGTTCGGATTGTAGGCTGAAACTCGCCTACATGAAGCTGGAGTTGCTAGTAATCGCGAATCAGAATGTCGCGGTGAATACGTTCCCGGGCCTTGTACACACCGCCCGTCACACCATGAGAGTTGGCAATACCCAAAGTTCGTGAGCTAACCCGTAAGGGAGGCAGCGACCTAAGGTAGGGTCAGCGATTGGGGTGAAGTCGTAACAAGGTAGCCGTAGGAGAACCTGCGGCTGGATCACCTCCTT
1,610F,phaC,1966,Clinical,Salmon,HC,47.4438753,-120.8452161,USA,Columbia	GROUP2_cbot_Eklund202F_X68171	2163679	1515	1508	1506	99.87	1	1	1341667	1343173	plus	GAGAGTTTGATCCTGGCTCAGGACGAACGCTGGCGGCGTGCCTAACACATGCAAGTCGAGCGATGAAGCTTCTTC-GGAAGTGGATTAGCGGCGGACGGGTGAGTAACACGTGGGCAACCTGCCTCATAGAGAGGGATAGCCTTTCGAAAGGAAGATTAATACCTCATAAGATTGTAGTTTCGCATGAAACGGCAATAAAAGGAGCAATCCGCTATGAGATGGGCCCGCGTCGCATTAGCTAGTTGGTAAGGTAATGGCTTACCAAGGCGACGATGCGTAGCCGACCTGAGAGGGTGATCGGCCACATTGGGACTGAGACACGGCCCAGACTCCTACGGGAGGCAGCAGTGGGGAATATTGCACAATGGGGGAAACCCTGATGCAGCAACGCCGCGTGAGTGATGAAGGTCTTCGGATTGTAAAACTCTGTCTTTGGGGACGATAATGACGGTACCCAAGGAGGAAGCCACGGCTAACTACGTGCCAGCAGCCGCGGTAATACGTAGGTGGCAAGCGTTGTCCGGATTTACTGGGCGTAAAGGGAGCGTAGGTGGATATTTAAGTGGGATGTGAAATACTCGGGCTTAACCTGAGTGCTGCATTCCAAACTGGATATCTAGAGTGCAGGAGAGGAAAGTGGAATTCCTAGTGTAGCGGTGAAATGCGTAGATATTAGGAAGAACACCAGTGGCGAAGGCGACTTTCTGGACTGTAACTGACACTGAGGCTCGAAAGCGTGGGGAGCGAACAGGATTAGATACCCTGGTAGTCCACGCCGTAAACGATGAATACTAGGTGTAGGAGCTGTCATGGCTTCTGTGCCGCCGCTAACGCATTAAGTATTCCGCCTGGGGAGTACGGTCGCAAGATTAAAACTCAAAGGAATTGACGGGGGCCCGCACAAGCAGCGGAGCATGTGGTTTAATTCGAAGCAACGCGAAGAACCTTACCTAGACTTGACATCTCCTGAATTACTCTTAATCGAGGAAGTCGCTTCGGCGACAGGAAGACAGGTGGTGCATGGTTGTCGTCAGCTCGTGTCGTGAGATGTTGGGTTAAGTCCCGCAACGAGCGCAACCCTTATTGTTAGTTGCTACCATTTAGTTGAGCACTCTAGCGAGACTGCCGTGGTTAACGCGGAGGAAGGTGGGGATGACGTCAAATCATCATGCCCCTTATGTCTAGGGCTACACACGTGCTACAATGGCTGGTACAAAGAGGTGCAATACCGCGAGGTGGAGCTAAACTATAAAACCAGTCTCAGTTCGGATTGTAGGCTGAAACTCGCCTACATGAAGCTGGAGTTGCTAGTAATCGCGAATCAGAATGTCGCGGTGAATACGTTCCCGGGCCTTGTACACACCGCCCGTCACACCATGAGAGTTGGCAATACCCAAAGTTCGTGAGCTAACCCGTAAGGGAGGCAGCGACCTAAGGTAGGGTCAGCGATTGGGGTGAAGTCGTAACAAGGTAGCCGTAGGAGAACCTGCGGCTGGATCACCTCCTT

1,610F,phaC,1966,Clinical,Salmon,HC,47.4438753,-120.8452161,USA,Columbia	GROUP2_cbot_Eklund202F_X68171	2163679	1515	1508	1506	99.87	1	1	800466	801972	reversed to plus	GAGAGTTTGATCCTGGCTCAGGACGAACGCTGGCGGCGTGCCTAACACATGCAAGTCGAGCGATGAAGCTTCTTC-GGAAGTGGATTAGCGGCGGACGGGTGAGTAACACGTGGGCAACCTGCCTCATAGAGAGGGATAGCCTTTCGAAAGGAAGATTAATACCTCATAAGATTGTAGTTTCGCATGAAACGGCAATAAAAGGAGTAATCCGCTATGAGATGGGCCCGCGTCGCATTAGCTAGTTGGTAAGGTAATGGCTTACCAAGGCGACGATGCGTAGCCGACCTGAGAGGGTGATCGGCCACATTGGGACTGAGACACGGCCCAGACTCCTACGGGAGGCAGCAGTGGGGAATATTGCACAATGGGGGAAACCCTGATGCAGCAACGCCGCGTGAGTGATGAAGGTCTTCGGATTGTAAAACTCTGTCTTTGGGGACGATAATGACGGTACCCAAGGAGGAAGCCACGGCTAACTACGTGCCAGCAGCCGCGGTAATACGTAGGTGGCAAGCGTTGTCCGGATTTACTGGGCGTAAAGGGAGCGTAGGTGGATATTTAAGTGGGATGTGAAATACTCGGGCTTAACCTGAGTGCTGCATTCCAAACTGGATATCTAGAGTGCAGGAGAGGAAAGTGGAATTCCTAGTGTAGCGGTGAAATGCGTAGATATTAGGAAGAACACCAGTGGCGAAGGCGACTTTCTGGACTGTAACTGACACTGAGGCTCGAAAGCGTGGGGAGCGAACAGGATTAGATACCCTGGTAGTCCACGCCGTAAACGATGAATACTAGGTGTAGGAGCTGTCATGGCTTCTGTGCCGCCGCTAACGCATTAAGTATTCCGCCTGGGGAGTACGGTCGCAAGATTAAAACTCAAAGGAATTGACGGGGGCCCGCACAAGCAGCGGAGCATGTGGTTTAATTCGAAGCAACGCGAAGAACCTTACCTAGACTTGACATCTCCTGAATTACTCTTAATCGAGGAAGTCGCTTCGGCGACAGGAAGACAGGTGGTGCATGGTTGTCGTCAGCTCGTGTCGTGAGATGTTGGGTTAAGTCCCGCAACGAGCGCAACCCTTATTGTTAGTTGCTACCATTTAGTTGAGCACTCTAGCGAGACTGCCGTGGTTAACGCGGAGGAAGGTGGGGATGACGTCAAATCATCATGCCCCTTATGTCTAGGGCTACACACGTGCTACAATGGCTGGTACAAAGAGATGCAATACCGCGAGGTGGAGCTAAACTATAAAACCAGTCTCAGTTCGGATTGTAGGCTGAAACTCGCCTACATGAAGCTGGAGTTGCTAGTAATCGCGAATCAGAATGTCGCGGTGAATACGTTCCCGGGCCTTGTACACACCGCCCGTCACACCATGAGAGTTGGCAATACCCAAAGTTCGTGAGCTAACCCGTAAGGGAGGCAGCGACCTAAGGTAGGGTCAGCGATTGGGGTGAAGTCGTAACAAGGTAGCCGTAGGAGAACCTGCGGCTGGATCACCTCCTT
1,610F,phaC,1966,Clinical,Salmon,HC,47.4438753,-120.8452161,USA,Columbia	GROUP2_cbot_Eklund202F_X68171	2163679	1515	1508	1506	99.87	1	1	787364	788870	reversed to plus	GAGAGTTTGATCCTGGCTCAGGACGAACGCTGGCGGCGTGCCTAACACATGCAAGTCGAGCGATGAAGCTTCTTC-GGAAGTGGATTAGCGGCGGACGGGTGAGTAACACGTGGGCAACCTGCCTCATAGAGAGGGATAGCCTTTCGAAAGGAAGATTAATACCTCATAAGATTGTAGTTTCGCATGAAACGGCAATAAAAGGAGCAATCCGCTATGAGATGGGCCCGCGTCGCATTAGCTAGTTGGTAAGGTAATGGCTTACCAAGGCGACGATGCGTAGCCGACCTGAGAGGGTGATCGGCCACATTGGGACTGAGACACGGCCCAGACTCCTACGGGAGGCAGCAGTGGGGAATATTGCACAATGGGGGAAACCCTGATGCAGCAACGCCGCGTGAGTGATGAAGGTCTTCGGATTGTAAAACTCTGTCTTTGGGGACGATAATGACGGTACCCAAGGAGGAAGCCACGGCTAACTACGTGCCAGCAGCCGCGGTAATACGTAGGTGGCAAGCGTTGTCCGGATTTACTGGGCGTAAAGGGAGCGTAGGTGGATATTTAAGTGGGATGTGAAATACTTGGGCTTAACCTGAGTGCTGCATTCCAAACTGGATATCTAGAGTGCAGGAGAGGAAAGTGGAATTCCTAGTGTAGCGGTGAAATGCGTAGATATTAGGAAGAACACCAGTGGCGAAGGCGACTTTCTGGACTGTAACTGACACTGAGGCTCGAAAGCGTGGGGAGCGAACAGGATTAGATACCCTGGTAGTCCACGCCGTAAACGATGAATACTAGGTGTAGGAGCTGTCATGGCTTCTGTGCCGCCGCTAACGCATTAAGTATTCCGCCTGGGGAGTACGGTCGCAAGATTAAAACTCAAAGGAATTGACGGGGGCCCGCACAAGCAGCGGAGCATGTGGTTTAATTCGAAGCAACGCGAAGAACCTTACCTAGACTTGACATCTCCTGAATTACTCTTAATCGAGGAAGTCGCTTCGGCGACAGGAAGACAGGTGGTGCATGGTTGTCGTCAGCTCGTGTCGTGAGATGTTGGGTTAAGTCCCGCAACGAGCGCAACCCTTATTGTTAGTTGCTACCATTTAGTTGAGCACTCTAGCGAGACTGCCGTGGTTAACGCGGAGGAAGGTGGGGATGACGTCAAATCATCATGCCCCTTATGTCTAGGGCTACACACGTGCTACAATGGCTGGTACAAAGAGATGCAATACCGCGAGGTGGAGCTAAACTATAAAACCAGTCTCAGTTCGGATTGTAGGCTGAAACTCGCCTACATGAAGCTGGAGTTGCTAGTAATCGCGAATCAGAATGTCGCGGTGAATACGTTCCCGGGCCTTGTACACACCGCCCGTCACACCATGAGAGTTGGCAATACCCAAAGTTCGTGAGCTAACCCGTAAGGGAGGCAGCGACCTAAGGTAGGGTCAGCGATTGGGGTGAAGTCGTAACAAGGTAGCCGTAGGAGAACCTGCGGCTGGATCACCTCCTT
1,610F,phaC,1966,Clinical,Salmon,HC,47.4438753,-120.8452161,USA,Columbia	GROUP2_cbot_Eklund202F_X68171	2163679	1515	1508	1506	99.87	1	1	781296	782802	reversed to plus	GAGAGTTTGATCCTGGCTCAGGACGAACGCTGGCGGCGTGCCTAACACATGCAAGTCGAGCGATGAAGCTTCTTC-GGAAGTGGATTAGCGGCGGACGGGTGAGTAACACGTGGGCAACCTGCCTCATAGAGAGGGATAGCCTTTCGAAAGGAAGATTAATACCTCATAAGATTGTAGTTTCGCATGAAACGGCAATAAAAGGAGTAATCCGCTATGAGATGGGCCCGCGTCGCATTAGCTAGTTGGTAAGGTAATGGCTTACCAAGGCGACGATGCGTAGCCGACCTGAGAGGGTGATCGGCCACATTGGGACTGAGACACGGCCCAGACTCCTACGGGAGGCAGCAGTGGGGAATATTGCACAATGGGGGAAACCCTGATGCAGCAACGCCGCGTGAGTGATGAAGGTCTTCGGATTGTAAAACTCTGTCTTTGGGGACGATAATGACGGTACCCAAGGAGGAAGCCACGGCTAACTACGTGCCAGCAGCCGCGGTAATACGTAGGTGGCAAGCGTTGTCCGGATTTACTGGGCGTAAAGGGAGCGTAGGTGGATATTTAAGTGGGATGTGAAATACTCGGGCTTAACCTGAGTGCTGCATTCCAAACTGGATATCTAGAGTGCAGGAGAGGAAAGTGGAATTCCTAGTGTAGCGGTGAAATGCGTAGATATTAGGAAGAACACCAGTGGCGAAGGCGACTTTCTGGACTGTAACTGACACTGAGGCTCGAAAGCGTGGGGAGCGAACAGGATTAGATACCCTGGTAGTCCACGCCGTAAACGATGAATACTAGGTGTAGGAGCTGTCATGGCTTCTGTGCCGCCGCTAACGCATTAAGTATTCCGCCTGGGGAGTACGGTCGCAAGATTAAAACTCAAAGGAATTGACGGGGGCCCGCACAAGCAGCGGAGCATGTGGTTTAATTCGAAGCAACGCGAAGAACCTTACCTAGACTTGACATCTCCTGAATTACTCTTAATCGAGGAAGTCGCTTCGGCGACAGGAAGACAGGTGGTGCATGGTTGTCGTCAGCTCGTGTCGTGAGATGTTGGGTTAAGTCCCGCAACGAGCGCAACCCTTATTGTTAGTTGCTACCATTTAGTTGAGCACTCTAGCGAGACTGCCGTGGTTAACGCGGAGGAAGGTGGGGATGACGTCAAATCATCATGCCCCTTATGTCTAGGGCTACACACGTGCTACAATGGCTGGTACAAAGAGATGCAATACCGCGAGGTGGAGCTAAACTATAAAACCAGTCTCAGTTCGGATTGTAGGCTGAAACTCGCCTACATGAAGCTGGAGTTGCTAGTAATCGCGAATCAGAATGTCGCGGTGAATACGTTCCCGGGCCTTGTACACACCGCCCGTCACACCATGAGAGTTGGCAATACCCAAAGTTCGTGAGCTAACCCGTAAGGGAGGCAGCGACCTAAGGTAGGGTCAGCGATTGGGGTGAAGTCGTAACAAGGTAGCCGTAGGAGAACCTGCGGCTGGATCACCTCCTT
1,610F,phaC,1966,Clinical,Salmon,HC,47.4438753,-120.8452161,USA,Columbia	GROUP2_cbot_Eklund202F_X68171	2163679	1515	1508	1505	99.80	2	1	820196	821702	reversed to plus	GAGAGTTTGATCCTGGCTCAGGACGAACGCTGGCGGCGTGCCTAACACATGCAAGTCGAGCGATGAAGCTTCTTC-GGAAGTGGATTAGCGGCGGACGGGTGAGTAACACGTGGGCAACCTGCCTCATAGAGAGGGATAGCCTTTCGAAAGGAAGATTAATACCTCATAAGATTGTAGTTTCGCATGAAACGGCAATAAAAGGAGCAATCCGCTATGAGATGGGCCCGCGTCGCATTAGCTAGTTGGTAAGGTAATGGCTTACCAAGGCGACGATGCGTAGCCGACCTGAGAGGGTGATCGGCCACATTGGGACTGAGACACGGCCCAGACTCCTACGGGAGGCAGCAGTGGGGAATATTGCACAATGGGGGAAACCCTGATGCAGCAACGCCGCGTGAGTGATGAAGGTCTTCGGATTGTAAAACTCTGTCTTTGGGGACGATAATGACGGTACCCAAGGAGGAAGCCACGGCTAACTACGTGCCAGCAGCCGCGGTAATACGTAGGTGGCAAGCGTTGTCCGGATTTACTGGGCGTAAAGGGAGCGTAGGTGGATATTTAAGTGGGATGTGAAATACTCGGGCTTAACCTGAGTGCTGCATTCCAAACTGGATATCTAGAGTGCAGGAGAGGAAAGTGGAATTCCTAGTGTAGCGGTGAAATGCGTAGATATTAGGAAGAACACCAGTGGCGAAGGCGACTTTCTGGACTGTAACTGACACTGAGGCTCGAAAGCGTGGGGAGCGAACAGGATTAGATACCCTGGTAGTCCACGCCGTAAACGATGAATACTAGGTGTAGGAGCTGTCATGGCTTCTGTGCCGCCGCTAACGCATTAAGTATTCCGCCTGGGGAGTACGGTCGCAAGATTAAAACTCAAAGGAATTGACGGGGGCCCGCACAAGCAGCGGAGCATGTGGTTTAATTCGAAGCAACGCGAAGAACCTTACCTAGACTTGACATCTCCTGAATTACTCTTAATCGAGGAAGTCACTTCGGTGACAGGAAGACAGGTGGTGCATGGTTGTCGTCAGCTCGTGTCGTGAGATGTTGGGTTAAGTCCCGCAACGAGCGCAACCCTTATTGTTAGTTGCTACCATTTAGTTGAGCACTCTAGCGAGACTGCCGTGGTTAACGCGGAGGAAGGTGGGGATGACGTCAAATCATCATGCCCCTTATGTCTAGGGCTACACACGTGCTACAATGGCTGGTACAAAGAGATGCAATACCGCGAGGTGGAGCTAAACTATAAAACCAGTCTCAGTTCGGATTGTAGGCTGAAACTCGCCTACATGAAGCTGGAGTTGCTAGTAATCGCGAATCAGAATGTCGCGGTGAATACGTTCCCGGGCCTTGTACACACCGCCCGTCACACCATGAGAGTTGGCAATACCCAAAGTTCGTGAGCTAACCCGTAAGGGAGGCAGCGACCTAAGGTAGGGTCAGCGATTGGGGTGAAGTCGTAACAAGGTAGCCGTAGGAGAACCTGCGGCTGGATCACCTCCTT
1,610F,phaC,1966,Clinical,Salmon,HC,47.4438753,-120.8452161,USA,Columbia	GROUP2_cbot_Eklund202F_X68171	2163679	1515	1508	1505	99.80	2	1	806631	808137	reversed to plus	GAGAGTTTGATCCTGGCTCAGGACGAACGCTGGCGGCGTGCCTAACACATGCAAGTCGAGCGATGAAGCTTCTTC-GGAAGTGGATTAGCGGCGGACGGGTGAGTAACACGTGGGCAACCTGCCTCATAGAGAGGGATAGCCTTTCGAAAGGAAGATTAATACCTCATAAGATTGTAGTTTCGCATGAAACGGCAATAAAAGGAGTAATCCGCTATGAGATGGGCCCGCGTCGCATTAGCTAGTTGGTAAGGTAATGGCTTACCAAGGCGACGATGCGTAGCCGACCTGAGAGGGTGATCGGCCACATTGGGACTGAGACACGGCCCAGACTCCTACGGGAGGCAGCAGTGGGGAATATTGCACAATGGGGGAAACCCTGATGCAGCAACGCCGCGTGAGTGATGAAGGTCTTCGGATTGTAAAACTCTGTCTTTGGGGACGATAATGACGGTACCCAAGGAGGAAGCCACGGCTAACTACGTGCCAGCAGCCGCGGTAATACGTAGGTGGCAAGCGTTGTCCGGATTTACTGGGCGTAAAGGGAGCGTAGGTGGATATTTAAGTGGGATGTGAAATACTCGGGCTTAACCTGAGTGCTGCATTCCAAACTGGATATCTAGAGTGCAGGAGAGGAAAGTGGAATTCCTAGTGTAGCGGTGAAATGCGTAGATATTAGGAAGAACACCAGTGGCGAAGGCGACTTTCTGGACTGTAACTGACACTGAGGCTCGAAAGCGTGGGGAGCGAACAGGATTAGATACCCTGGTAGTCCACGCCGTAAACGATGAATACTAGGTGTAGGAGCTGTCATGGCTTCTGTGCCGCCGCTAACGCATTAAGTATTCCGCCTGGGGAGTACGGTCGCAAGATTAAAACTCAAAGGAATTGACGGGGGCCCGCACAAGCAGCGGAGCATGTGGTTTAATTCGAAGCAACGCGAAGAACCTTACCTAGACTTGACATCTCCTGAATTACTCTTAATCGAGGAAGTCGCTTCGGCGACAGGAAGACAGGTGGTGCATGGTTGTCGTCAGCTCGTGTCGTGAGATGTTGGGTTAAGTCCCGCAACGAGCGCAACCCTTATTGTTAGTTGCTACCATTTAGTTGAGCACTCTAGCGAGACTGCCGTGGTTAACGCGGAGGAAGGTGGGGATGACGTCAAATCATCATGCCCCTTATGTCTAGGGCTACACACGTGCTACAATGGCTGGTACAAAGAGATGCAATACCGTGAGGTGGAGCTAAACTATAAAACCAGTCTCAGTTCGGATTGTAGGCTGAAACTCGCCTACATGAAGCTGGAGTTGCTAGTAATCGCGAATCAGAATGTCGCGGTGAATACGTTCCCGGGCCTTGTACACACCGCCCGTCACACCATGAGAGTTGGCAATACCCAAAGTTCGTGAGCTAACCCGTAAGGGAGGCAGCGACCTAAGGTAGGGTCAGCGATTGGGGTGAAGTCGTAACAAGGTAGCCGTAGGAGAACCTGCGGCTGGATCACCTCCTT
1,610F,phaC,1966,Clinical,Salmon,HC,47.4438753,-120.8452161,USA,Columbia	GROUP2_cbot_Eklund202F_X68171	2163679	1515	1508	1505	99.80	2	1	715414	716920	reversed to plus	GAGAGTTTGATCCTGGCTCAGGACGAACGCTGGCGGCGTGCCTAACACATGCAAGTCGAGCGATGAAGCTTCTTC-GGAAGTGGATTAGCGGCGGACGGGTGAGTAACACGTGGGCAACCTGCCTCATAGAGAGGGATAGCCTTTCGAAAGGAAGATTAATACCTCATAAGATTGTAGTTTCGCATGAAACGGCAATAAAAGGAGCAATCCGCTATGAGATGGGCCCGCGTCGCATTAGCTAGTTGGTAAGGTAATGGCTTACCAAGGCGACGATGCGTAGCCGACCTGAGAGGGTGATCGGCCACATTGGGACTGAGACACGGCCCAGACTCCTACGGGAGGCAGCAGTGGGGAATATTGCACAATGGGGGAAACCCTGATGCAGCAACGCCGCGTGAGTGATGAAGGTCTTCGGATTGTAAAACTCTGTCTTTGGGGACGATAATGACGGTACCCAAGGAGGAAGCCACGGCTAACTACGTGCCAGCAGCCGCGGTAATACGTAGGTGGCAAGCGTTGTCCGGATTTACTGGGCGTAAAGGGAGCGTAGGTGGATATTTAAGTGGGATGTGAAATACTCGGGCTTAACCTGAGTGCTGCATTCCAAACTGGATATCTAGAGTGCAGGAGAGGAAAGTGGAATTCCTAGTGTAGCGGTGAAATGCGTAGATATTAGGAAGAACACCAGTGGCGAAGGCGACTTTCTGGACTGTAACTGACACTGAGGCTCGAAAGCGTGGGGAGCGAACAGGATTAGATACCCTGGTAGTCCACGCCGTAAACGATGAATACTAGGTGTAGGAGCTGTCATGGCTTCTGTGCCGCCGCTAACGCATTAAGTATTCCGCCTGGGGAGTACGGTCGCAAGATTAAAACTCAAAGGAATTGACGGGGGCCCGCACAAGCAGCGGAGCATGTGGTTTAATTCGAAGCAACGCGAAGAACCTTACCTAGACTTGACATCTCCTGAATTACTCTTAATCGAGGAAGTCACTTCGGTGACAGGAAGACAGGTGGTGCATGGTTGTCGTCAGCTCGTGTCGTGAGATGTTGGGTTAAGTCCCGCAACGAGCGCAACCCTTATTGTTAGTTGCTACCATTTAGTTGAGCACTCTAGCGAGACTGCCGTGGTTAACGCGGAGGAAGGTGGGGATGACGTCAAATCATCATGCCCCTTATGTCTAGGGCTACACACGTGCTACAATGGCTGGTACAAAGAGATGCAATACCGCGAGGTGGAGCTAAACTATAAAACCAGTCTCAGTTCGGATTGTAGGCTGAAACTCGCCTACATGAAGCTGGAGTTGCTAGTAATCGCGAATCAGAATGTCGCGGTGAATACGTTCCCGGGCCTTGTACACACCGCCCGTCACACCATGAGAGTTGGCAATACCCAAAGTTCGTGAGCTAACCCGTAAGGGAGGCAGCGACCTAAGGTAGGGTCAGCGATTGGGGTGAAGTCGTAACAAGGTAGCCGTAGGAGAACCTGCGGCTGGATCACCTCCTT
1,610F,phaC,1966,Clinical,Salmon,HC,47.4438753,-120.8452161,USA,Columbia	GROUP2_cbot_Eklund202F_X68171	2163679	1515	1508	1505	99.80	2	1	698533	700039	reversed to plus	GAGAGTTTGATCCTGGCTCAGGACGAACGCTGGCGGCGTGCCTAACACATGCAAGTCGAGCGATGAAGCTTCTTC-GGAAGTGGATTAGCGGCGGACGGGTGAGTAACACGTGGGCAACCTGCCTCATAGAGAGGGATAGCCTTTCGAAAGGAAGATTAATACCTCATAAGATTGTAGTTTCGCATGAAACGGCAATAAAAGGAGCAATCCGCTATGAGATGGGCCCGCGTCGCATTAGCTAGTTGGTAAGGTAATGGCTTACCAAGGCGACGATGCGTAGCCGACCTGAGAGGGTGATCGGCCACATTGGGACTGAGACACGGCCCAGACTCCTACGGGAGGCAGCAGTGGGGAATATTGCACAATGGGGGAAACCCTGATGCAGCAACGCCGCGTGAGTGATGAAGGTCTTCGGATTGTAAAACTCTGTCTTTGGGGACGATAATGACGGTACCCAAGGAGGAAGCCACGGCTAACTACGTGCCAGCAGCCGCGGTAATACGTAGGTGGCAAGCGTTGTCCGGATTTACTGGGCGTAAAGGGAGCGTAGGTGGATATTTAAGTGGGATGTGAAATACTCGGGCTTAACCTGAGTGCTGCATTCCAAACTGGATATCTAGAGTGCAGGAGAGGAAAGTGGAATTCCTAGTGTAGCGGTGAAATGCGTAGATATTAGGAAGAACACCAGTGGCGAAGGCGACTTTCTGGACTGTAACTGACACTGAGGCTCGAAAGCGTGGGGAGCGAACAGGATTAGATACCCTGGTAGTCCACGCCGTAAACGATGAATACTAGGTGTAGGAGCTGTCATGGCTTCTGTGCCGCCGCTAACGCATTAAGTATTCCGCCTGGGGAGTACGGTCGCAAGATTAAAACTCAAAGGAATTGACGGGGGCCCGCACAAGCAGCGGAGCATGTGGTTTAATTCGAAGCAACGCGAAGAACCTTACCTAGACTTGACATCTCCTGAATTACTCTTAATCGAGGAAGTCACTTCGGTGACAGGAAGACAGGTGGTGCATGGTTGTCGTCAGCTCGTGTCGTGAGATGTTGGGTTAAGTCCCGCAACGAGCGCAACCCTTATTGTTAGTTGCTACCATTTAGTTGAGCACTCTAGCGAGACTGCCGTGGTTAACGCGGAGGAAGGTGGGGATGACGTCAAATCATCATGCCCCTTATGTCTAGGGCTACACACGTGCTACAATGGCTGGTACAAAGAGATGCAATACCGCGAGGTGGAGCTAAACTATAAAACCAGTCTCAGTTCGGATTGTAGGCTGAAACTCGCCTACATGAAGCTGGAGTTGCTAGTAATCGCGAATCAGAATGTCGCGGTGAATACGTTCCCGGGCCTTGTACACACCGCCCGTCACACCATGAGAGTTGGCAATACCCAAAGTTCGTGAGCTAACCCGTAAGGGAGGCAGCGACCTAAGGTAGGGTCAGCGATTGGGGTGAAGTCGTAACAAGGTAGCCGTAGGAGAACCTGCGGCTGGATCACCTCCTT
1,610F,phaC,1966,Clinical,Salmon,HC,47.4438753,-120.8452161,USA,Columbia	GROUP2_cbot_Eklund202F_X68171	2163679	1515	1508	1504	99.73	3	1	1102708	1104214	plus	GAGAGTTTGATCCTGGCTCAGGACGAACGCTGGCGGCGTGCCTAACACATGCAAGTCGAGCGATGAAGCTTTTTC-GGAAGCGGATTAGCGGCGGACGGGTGAGTAACACGTGGGCAACCTGCCTCATAGAGAGGGATAGCCTTTCGAAAGGAAGATTAATACCTCATAAGATTGTAGTTTCGCATGAAACGGCAATAAAAGGAGCAATCCGCTATGAGATGGGCCCGCGTCGCATTAGCTAGTTGGTAAGGTAATGGCTTACCAAGGCGACGATGCGTAGCCGACCTGAGAGGGTGATCGGCCACATTGGGACTGAGACACGGCCCAGACTCCTACGGGAGGCAGCAGTGGGGAATATTGCACAATGGGGGAAACCCTGATGCAGCAACGCCGCGTGAGTGATGAAGGTCTTCGGATTGTAAAACTCTGTCTTTGGGGACGATAATGACGGTACCCAAGGAGGAAGCCACGGCTAACTACGTGCCAGCAGCCGCGGTAATACGTAGGTGGCAAGCGTTGTCCGGATTTACTGGGCGTAAAGGGAGCGTAGGTGGATATTTAAGTGGGATGTGAAATACTCGGGCTTAACCTGAGTGCTGCATTCCAAACTGGATATCTAGAGTGCAGGAGAGGAAAGTGGAATTCCTAGTGTAGCGGTGAAATGCGTAGATATTAGGAAGAACACCAGTGGCGAAGGCGACTTTCTGGACTGTAACTGACACTGAGGCTCGAAAGCGTGGGGAGCGAACAGGATTAGATACCCTGGTAGTCCACGCCGTAAACGATGAATACTAGGTGTAGGAGCTGTCATGGCTTCTGTGCCGCCGCTAACGCATTAAGTATTCCGCCTGGGGAGTACGGTCGCAAGATTAAAACTCAAAGGAATTGACGGGGGCCCGCACAAGCAGCGGAGCATGTGGTTTAATTCGAAGCAACGCGAAGAACCTTACCTAGACTTGACATCTCCTGAATTACTCTTAATCGAGGAAGTCGCTTCGGCGACAGGAAGACAGGTGGTGCATGGTTGTCGTCAGCTCGTGTCGTGAGATGTTGGGTTAAGTCCCGCAACGAGCGCAACCCTTATTGTTAGTTGCTACCATTTAGTTGAGCACTCTAGCGAGACTGCCGTGGTTAACGCGGAGGAAGGTGGGGATGACGTCAAATCATCATGCCCCTTATGTCTAGGGCTACACACGTGCTACAATGGCTGGTACAAAGAGATGCAATACCGCGAGGTGGAGCTAAACTATAAAACCAGTCTCAGTTCGGATTGTAGGCTGAAACTCGCCTACATGAAGCTGGAGTTGCTAGTAATCGCGAATCAGAATGTCGCGGTGAATACGTTCCCGGGCCTTGTACACACCGCCCGTCACACCATGAGAGTTGGCAATACCCAAAGTTCGTGAGCTAACCCGTAAGGGAGGCAGCGACCTAAGGTAGGGTCAGCAATTGGGGTGAAGTCGTAACAAGGTAGCCGTAGGAGAACCTGCGGCTGGATCACCTCCTT

1,610F,phaC,1966,Clinical,Salmon,HC,47.4438753,-120.8452161,USA,Columbia	GROUP2_cbot_Iwanai_X68170	2163679	1512	1507	1505	99.87	0	2	800466	801972	reversed to plus	GAGAGTTTGATCCTGGCTCAGGACGAACGCTGGCGGCGTGCCTAACACATGCAAGTCGAGCGATGAAGCTTCTTCGGAAGTGGATTAGCGGCGGACGGGTGAGTAACACGTGGGCAACCTGCCTCATAGAGAGGGATAGCCTTTCGAAAGGAAGATTAATACCTCATAAGATTGTAGTTTCGCATGAAACGGCAATAAAAGGAGTAATCCGCTATGAGATGGGCCCGCGTCGCATTAGCTAGTTGGTAAGGTAATGGCTTACCAAGGCGACGATGCGTAGCCGACCTGAGAGGGTGATCGGCCACATTGGGACTGAGACACGGCCCAGACTCCTACGGGAGGCAGCAGTGGGGAATATTGCACAATGGGGGAAACCCTGATGCAGCAACGCCGCGTGAGTGATGAAGGTCTTCGGATTGTAAAACTCTGTCTTTGGGGACGATAATGACGGTACCCAAGGAGGAAGCCACGGCTAACTACGTGCCAGCAGCCGCGGTAATACGTAGGTGGCAAGCGTTGTCCGGATTTACTGGGCGTAAAGGGAGCGTAGGTGGATATTTAAGTGGGATGTGAAATACTCGGGCTTAACCTGAGTGCTGCATTCCAAACTGGATATCTAGAGTGCAGGAGAGGAAAGTGGAATTCCTAGTGTAGCGGTGAAATGCGTAGATATTAGGAAGAACACCAGTGGCGAAGGCGACTTTCTGGACTGTAACTGACACTGAGGCTCGAAAGCGTGGGGAGCGAACAGGATTAGATACCCTGGTAGTCCACGCCGTAAACGATGAATACTAGGTGTAGGAGCTGTCATGGCTTCTGTGCCGCCGCTAACGCATTAAGTATTCCGCCTGGGGAGTACGGTCGCAAGATTAAAACTCAAAGGAATTGACGGGGGCCCGCACAAGCAGCGGAGCATGTGGTTTAATTCGAAGCAACGCGAAGAACCTTACCTAGACTTGACATCTCCTGAATTACTCTTAATCGAGGAAGTCGCTTCGGCGACAGGAAGACAGGTGGTGCATGGTTGTCGTCAGCTCGTGTCGTGAGATGTTGGGTTAAGTCCCGCAACGAGCGCAACCCTTATTGTTAGTTGCTACCATTTAGTTGAGCACTCTAGCGAGACTGCCGTGGTTAACGCGGAGGAAGGTGGGGATGACGTCAAATCATCATGCCCCTTATGTCTAGGGCTACACACGTGCTACAATGGCTGGTACAAAGAGATGCAATACCGCGAGGTGGAGCTAAACTATAAAACCAGTCTCAGTTCGGATTGTAGGCTGAAACTCGCCTACATGAAGCTGGAGTTGCTAGTAATCGCGAATCAGAATGTCGCGGTGAATACGTTCCCGGGCCTTGTACACACCGCCCGTCACACCATGAGAGTTGGCAATACCCAAAGTTCGTGAGCTAACCCGTAAGGGAGGCAGCGACCTAAGGTAGGGTCAGCGATTGGGGTGAAGTCGTAACAAGGTAGCCGTAGGAGAACCTGCGGCTGGATCACCTCCTT
1,610F,phaC,1966,Clinical,Salmon,HC,47.4438753,-120.8452161,USA,Columbia	GROUP2_cbot_Iwanai_X68170	2163679	1512	1507	1505	99.87	0	2	781296	782802	reversed to plus	GAGAGTTTGATCCTGGCTCAGGACGAACGCTGGCGGCGTGCCTAACACATGCAAGTCGAGCGATGAAGCTTCTTCGGAAGTGGATTAGCGGCGGACGGGTGAGTAACACGTGGGCAACCTGCCTCATAGAGAGGGATAGCCTTTCGAAAGGAAGATTAATACCTCATAAGATTGTAGTTTCGCATGAAACGGCAATAAAAGGAGTAATCCGCTATGAGATGGGCCCGCGTCGCATTAGCTAGTTGGTAAGGTAATGGCTTACCAAGGCGACGATGCGTAGCCGACCTGAGAGGGTGATCGGCCACATTGGGACTGAGACACGGCCCAGACTCCTACGGGAGGCAGCAGTGGGGAATATTGCACAATGGGGGAAACCCTGATGCAGCAACGCCGCGTGAGTGATGAAGGTCTTCGGATTGTAAAACTCTGTCTTTGGGGACGATAATGACGGTACCCAAGGAGGAAGCCACGGCTAACTACGTGCCAGCAGCCGCGGTAATACGTAGGTGGCAAGCGTTGTCCGGATTTACTGGGCGTAAAGGGAGCGTAGGTGGATATTTAAGTGGGATGTGAAATACTCGGGCTTAACCTGAGTGCTGCATTCCAAACTGGATATCTAGAGTGCAGGAGAGGAAAGTGGAATTCCTAGTGTAGCGGTGAAATGCGTAGATATTAGGAAGAACACCAGTGGCGAAGGCGACTTTCTGGACTGTAACTGACACTGAGGCTCGAAAGCGTGGGGAGCGAACAGGATTAGATACCCTGGTAGTCCACGCCGTAAACGATGAATACTAGGTGTAGGAGCTGTCATGGCTTCTGTGCCGCCGCTAACGCATTAAGTATTCCGCCTGGGGAGTACGGTCGCAAGATTAAAACTCAAAGGAATTGACGGGGGCCCGCACAAGCAGCGGAGCATGTGGTTTAATTCGAAGCAACGCGAAGAACCTTACCTAGACTTGACATCTCCTGAATTACTCTTAATCGAGGAAGTCGCTTCGGCGACAGGAAGACAGGTGGTGCATGGTTGTCGTCAGCTCGTGTCGTGAGATGTTGGGTTAAGTCCCGCAACGAGCGCAACCCTTATTGTTAGTTGCTACCATTTAGTTGAGCACTCTAGCGAGACTGCCGTGGTTAACGCGGAGGAAGGTGGGGATGACGTCAAATCATCATGCCCCTTATGTCTAGGGCTACACACGTGCTACAATGGCTGGTACAAAGAGATGCAATACCGCGAGGTGGAGCTAAACTATAAAACCAGTCTCAGTTCGGATTGTAGGCTGAAACTCGCCTACATGAAGCTGGAGTTGCTAGTAATCGCGAATCAGAATGTCGCGGTGAATACGTTCCCGGGCCTTGTACACACCGCCCGTCACACCATGAGAGTTGGCAATACCCAAAGTTCGTGAGCTAACCCGTAAGGGAGGCAGCGACCTAAGGTAGGGTCAGCGATTGGGGTGAAGTCGTAACAAGGTAGCCGTAGGAGAACCTGCGGCTGGATCACCTCCTT
1,610F,phaC,1966,Clinical,Salmon,HC,47.4438753,-120.8452161,USA,Columbia	GROUP2_cbot_Iwanai_X68170	2163679	1512	1507	1504	99.80	1	2	912317	913823	plus	GAGAGTTTGATCCTGGCTCAGGACGAACGCTGGCGGCGTGCCTAACACATGCAAGTCGAGCGATGAAGCTTCTTCGGAAGTGGATTAGCGGCGGACGGGTGAGTAACACGTGGGCAACCTGCCTCATAGAGAGGGATAGCCTTTCGAAAGGAAGATTAATACCTCATAAGATTGTAGTTTCGCATGAAACGGCAATAAAAGGAGCAATCCGCTATGAGATGGGCCCGCGTCGCATTAGCTAGTTGGTAAGGTAATGGCTTACCAAGGCGACGATGCGTAGCCGACCTGAGAGGGTGATCGGCCACATTGGGACTGAGACACGGCCCAGACTCCTACGGGAGGCAGCAGTGGGGAATATTGCACAATGGGGGAAACCCTGATGCAGCAACGCCGCGTGAGTGATGAAGGTCTTCGGATTGTAAAACTCTGTCTTTGGGGACGATAATGACGGTACCCAAGGAGGAAGCCACGGCTAACTACGTGCCAGCAGCCGCGGTAATACGTAGGTGGCAAGCGTTGTCCGGATTTACTGGGCGTAAAGGGAGCGTAGGTGGATATTTAAGTGGGATGTGAAATACTCGGGCTTAACCTGAGTGCTGCATTCCAAACTGGATATCTAGAGTGCAGGAGAGGAAAGTGGAATTCCTAGTGTAGCGGTGAAATGCGTAGATATTAGGAAGAACACCAGTGGCGAAGGCGACTTTCTGGACTGTAACTGACACTGAGGCTCGAAAGCGTGGGGAGCGAACAGGATTAGATACCCTGGTAGTCCACGCCGTAAACGATGAATACTAGGTGTAGGAGCTGTCATGGCTTCTGTGCCGCCGCTAACGCATTAAGTATTCCGCCTGGGGAGTACGGTCGCAAGATTAAAACTCAAAGGAATTGACGGGGGCCCGCACAAGCAGCGGAGCATGTGGTTTAATTCGAAGCAACGCGAAGAACCTTACCTAGACTTGACATCTCCTGAATTACTCTTAATCGAGGAAGTCGCTTCGGCGACAGGAAGACAGGTGGTGCATGGTTGTCGTCAGCTCGTGTCGTGAGATGTTGGGTTAAGTCCCGCAACGAGCGCAACCCTTATTGTTAGTTGCTACCATTTAGTTGAGCACTCTAGCGAGACTGCCGTGGTTAACGCGGAGGAAGGTGGGGATGACGTCAAATCATCATGCCCCTTATGTCTAGGGCTACACACGTGCTACAATGGCTGGTACAAAGAGATGCAATACCGCGAGGTGGAGCTAAACTATAAAACCAGTCTCAGTTCGGATTGTAGGCTGAAACTCGCCTACATGAAGCTGGAGTTGCTAGTAATCGCGAATCAGAATGTCGCGGTGAATACGTTCCCGGGCCTTGTACACACCGCCCGTCACACCATGAGAGTTGGCAATACCCAAAGTTCGTGAGCTAACCCGTAAGGGAGGCAGCGACCTAAGGTAGGGTCAGCGATTGGGGTGAAGTCGTAACAAGGTAGCCGTAGGAGAACCTGCGGCTGGATCACCTCCTT

1,610F,phaC,1966,Clinical,Salmon,HC,47.4438753,-120.8452161,USA,Columbia	GROUP2_cbot_Iwanai_X68170	2163679	1512	1507	1504	99.80	1	2	806631	808137	reversed to plus	GAGAGTTTGATCCTGGCTCAGGACGAACGCTGGCGGCGTGCCTAACACATGCAAGTCGAGCGATGAAGCTTCTTCGGAAGTGGATTAGCGGCGGACGGGTGAGTAACACGTGGGCAACCTGCCTCATAGAGAGGGATAGCCTTTCGAAAGGAAGATTAATACCTCATAAGATTGTAGTTTCGCATGAAACGGCAATAAAAGGAGTAATCCGCTATGAGATGGGCCCGCGTCGCATTAGCTAGTTGGTAAGGTAATGGCTTACCAAGGCGACGATGCGTAGCCGACCTGAGAGGGTGATCGGCCACATTGGGACTGAGACACGGCCCAGACTCCTACGGGAGGCAGCAGTGGGGAATATTGCACAATGGGGGAAACCCTGATGCAGCAACGCCGCGTGAGTGATGAAGGTCTTCGGATTGTAAAACTCTGTCTTTGGGGACGATAATGACGGTACCCAAGGAGGAAGCCACGGCTAACTACGTGCCAGCAGCCGCGGTAATACGTAGGTGGCAAGCGTTGTCCGGATTTACTGGGCGTAAAGGGAGCGTAGGTGGATATTTAAGTGGGATGTGAAATACTCGGGCTTAACCTGAGTGCTGCATTCCAAACTGGATATCTAGAGTGCAGGAGAGGAAAGTGGAATTCCTAGTGTAGCGGTGAAATGCGTAGATATTAGGAAGAACACCAGTGGCGAAGGCGACTTTCTGGACTGTAACTGACACTGAGGCTCGAAAGCGTGGGGAGCGAACAGGATTAGATACCCTGGTAGTCCACGCCGTAAACGATGAATACTAGGTGTAGGAGCTGTCATGGCTTCTGTGCCGCCGCTAACGCATTAAGTATTCCGCCTGGGGAGTACGGTCGCAAGATTAAAACTCAAAGGAATTGACGGGGGCCCGCACAAGCAGCGGAGCATGTGGTTTAATTCGAAGCAACGCGAAGAACCTTACCTAGACTTGACATCTCCTGAATTACTCTTAATCGAGGAAGTCGCTTCGGCGACAGGAAGACAGGTGGTGCATGGTTGTCGTCAGCTCGTGTCGTGAGATGTTGGGTTAAGTCCCGCAACGAGCGCAACCCTTATTGTTAGTTGCTACCATTTAGTTGAGCACTCTAGCGAGACTGCCGTGGTTAACGCGGAGGAAGGTGGGGATGACGTCAAATCATCATGCCCCTTATGTCTAGGGCTACACACGTGCTACAATGGCTGGTACAAAGAGATGCAATACCGTGAGGTGGAGCTAAACTATAAAACCAGTCTCAGTTCGGATTGTAGGCTGAAACTCGCCTACATGAAGCTGGAGTTGCTAGTAATCGCGAATCAGAATGTCGCGGTGAATACGTTCCCGGGCCTTGTACACACCGCCCGTCACACCATGAGAGTTGGCAATACCCAAAGTTCGTGAGCTAACCCGTAAGGGAGGCAGCGACCTAAGGTAGGGTCAGCGATTGGGGTGAAGTCGTAACAAGGTAGCCGTAGGAGAACCTGCGGCTGGATCACCTCCTT
1,610F,phaC,1966,Clinical,Salmon,HC,47.4438753,-120.8452161,USA,Columbia	GROUP2_cbot_Iwanai_X68170	2163679	1512	1507	1504	99.80	1	2	794260	795766	reversed to plus	GAGAGTTTGATCCTGGCTCAGGACGAACGCTGGCGGCGTGCCTAACACATGCAAGTCGAGCGATGAAGCTTCTTCGGAAGTGGATTAGCGGCGGACGGGTGAGTAACACGTGGGCAACCTGCCTCATAGAGAGGGATAGCCTTTCGAAAGGAAGATTAATACCTCATAAGATTGTAGTTTCGCATGAAACGGCAATAAAAGGAGCAATCCGCTATGAGATGGGCCCGCGTCGCATTAGCTAGTTGGTAAGGTAATGGCTTACCAAGGCGACGATGCGTAGCCGACCTGAGAGGGTGATCGGCCACATTGGGACTGAGACACGGCCCAGACTCCTACGGGAGGCAGCAGTGGGGAATATTGCACAATGGGGGAAACCCTGATGCAGCAACGCCGCGTGAGTGATGAAGGTCTTCGGATTGTAAAACTCTGTCTTTGGGGACGATAATGACGGTACCCAAGGAGGAAGCCACGGCTAACTACGTGCCAGCAGCCGCGGTAATACGTAGGTGGCAAGCGTTGTCCGGATTTACTGGGCGTAAAGGGAGCGTAGGTGGATATTTAAGTGGGATGTGAAATACTCGGGCTTAACCTGAGTGCTGCATTCCAAACTGGATATCTAGAGTGCAGGAGAGGAAAGTGGAATTCCTAGTGTAGCGGTGAAATGCGTAGATATTAGGAAGAACACCAGTGGCGAAGGCGACTTTCTGGACTGTAACTGACACTGAGGCTCGAAAGCGTGGGGAGCGAACAGGATTAGATACCCTGGTAGTCCACGCCGTAAACGATGAATACTAGGTGTAGGAGCTGTCATGGCTTCTGTGCCGCCGCTAACGCATTAAGTATTCCGCCTGGGGAGTACGGTCGCAAGATTAAAACTCAAAGGAATTGACGGGGGCCCGCACAAGCAGCGGAGCATGTGGTTTAATTCGAAGCAACGCGAAGAACCTTACCTAGACTTGACATCTCCTGAATTACTCTTAATCGAGGAAGTCGCTTCGGCGACAGGAAGACAGGTGGTGCATGGTTGTCGTCAGCTCGTGTCGTGAGATGTTGGGTTAAGTCCCGCAACGAGCGCAACCCTTATTGTTAGTTGCTACCATTTAGTTGAGCACTCTAGCGAGACTGCCGTGGTTAACGCGGAGGAAGGTGGGGATGACGTCAAATCATCATGCCCCTTATGTCTAGGGCTACACACGTGCTACAATGGCTGGTACAAAGAGATGCAATACCGCGAGGTGGAGCTAAACTATAAAACCAGTCTCAGTTCGGATTGTAGGCTGAAACTCGCCTACATGAAGCTGGAGTTGCTAGTAATCGCGAATCAGAATGTCGCGGTGAATACGTTCCCGGGCCTTGTACACACCGCCCGTCACACCATGAGAGTTGGCAATACCCAAAGTTCGTGAGCTAACCCGTAAGGGAGGCAGCGACCTAAGGTAGGGTCAGCGATTGGGGTGAAGTCGTAACAAGGTAGCCGTAGGAGAACCTGCGGCTGGATCACCTCCTT
1,610F,phaC,1966,Clinical,Salmon,HC,47.4438753,-120.8452161,USA,Columbia	GROUP2_cbot_Iwanai_X68170	2163679	1512	1507	1503	99.73	2	2	1341667	1343173	plus	GAGAGTTTGATCCTGGCTCAGGACGAACGCTGGCGGCGTGCCTAACACATGCAAGTCGAGCGATGAAGCTTCTTCGGAAGTGGATTAGCGGCGGACGGGTGAGTAACACGTGGGCAACCTGCCTCATAGAGAGGGATAGCCTTTCGAAAGGAAGATTAATACCTCATAAGATTGTAGTTTCGCATGAAACGGCAATAAAAGGAGCAATCCGCTATGAGATGGGCCCGCGTCGCATTAGCTAGTTGGTAAGGTAATGGCTTACCAAGGCGACGATGCGTAGCCGACCTGAGAGGGTGATCGGCCACATTGGGACTGAGACACGGCCCAGACTCCTACGGGAGGCAGCAGTGGGGAATATTGCACAATGGGGGAAACCCTGATGCAGCAACGCCGCGTGAGTGATGAAGGTCTTCGGATTGTAAAACTCTGTCTTTGGGGACGATAATGACGGTACCCAAGGAGGAAGCCACGGCTAACTACGTGCCAGCAGCCGCGGTAATACGTAGGTGGCAAGCGTTGTCCGGATTTACTGGGCGTAAAGGGAGCGTAGGTGGATATTTAAGTGGGATGTGAAATACTCGGGCTTAACCTGAGTGCTGCATTCCAAACTGGATATCTAGAGTGCAGGAGAGGAAAGTGGAATTCCTAGTGTAGCGGTGAAATGCGTAGATATTAGGAAGAACACCAGTGGCGAAGGCGACTTTCTGGACTGTAACTGACACTGAGGCTCGAAAGCGTGGGGAGCGAACAGGATTAGATACCCTGGTAGTCCACGCCGTAAACGATGAATACTAGGTGTAGGAGCTGTCATGGCTTCTGTGCCGCCGCTAACGCATTAAGTATTCCGCCTGGGGAGTACGGTCGCAAGATTAAAACTCAAAGGAATTGACGGGGGCCCGCACAAGCAGCGGAGCATGTGGTTTAATTCGAAGCAACGCGAAGAACCTTACCTAGACTTGACATCTCCTGAATTACTCTTAATCGAGGAAGTCGCTTCGGCGACAGGAAGACAGGTGGTGCATGGTTGTCGTCAGCTCGTGTCGTGAGATGTTGGGTTAAGTCCCGCAACGAGCGCAACCCTTATTGTTAGTTGCTACCATTTAGTTGAGCACTCTAGCGAGACTGCCGTGGTTAACGCGGAGGAAGGTGGGGATGACGTCAAATCATCATGCCCCTTATGTCTAGGGCTACACACGTGCTACAATGGCTGGTACAAAGAGGTGCAATACCGCGAGGTGGAGCTAAACTATAAAACCAGTCTCAGTTCGGATTGTAGGCTGAAACTCGCCTACATGAAGCTGGAGTTGCTAGTAATCGCGAATCAGAATGTCGCGGTGAATACGTTCCCGGGCCTTGTACACACCGCCCGTCACACCATGAGAGTTGGCAATACCCAAAGTTCGTGAGCTAACCCGTAAGGGAGGCAGCGACCTAAGGTAGGGTCAGCGATTGGGGTGAAGTCGTAACAAGGTAGCCGTAGGAGAACCTGCGGCTGGATCACCTCCTT

1,610F,phaC,1966,Clinical,Salmon,HC,47.4438753,-120.8452161,USA,Columbia	GROUP2_cbot_Iwanai_X68170	2163679	1512	1507	1503	99.73	2	2	787364	788870	reversed to plus	GAGAGTTTGATCCTGGCTCAGGACGAACGCTGGCGGCGTGCCTAACACATGCAAGTCGAGCGATGAAGCTTCTTCGGAAGTGGATTAGCGGCGGACGGGTGAGTAACACGTGGGCAACCTGCCTCATAGAGAGGGATAGCCTTTCGAAAGGAAGATTAATACCTCATAAGATTGTAGTTTCGCATGAAACGGCAATAAAAGGAGCAATCCGCTATGAGATGGGCCCGCGTCGCATTAGCTAGTTGGTAAGGTAATGGCTTACCAAGGCGACGATGCGTAGCCGACCTGAGAGGGTGATCGGCCACATTGGGACTGAGACACGGCCCAGACTCCTACGGGAGGCAGCAGTGGGGAATATTGCACAATGGGGGAAACCCTGATGCAGCAACGCCGCGTGAGTGATGAAGGTCTTCGGATTGTAAAACTCTGTCTTTGGGGACGATAATGACGGTACCCAAGGAGGAAGCCACGGCTAACTACGTGCCAGCAGCCGCGGTAATACGTAGGTGGCAAGCGTTGTCCGGATTTACTGGGCGTAAAGGGAGCGTAGGTGGATATTTAAGTGGGATGTGAAATACTTGGGCTTAACCTGAGTGCTGCATTCCAAACTGGATATCTAGAGTGCAGGAGAGGAAAGTGGAATTCCTAGTGTAGCGGTGAAATGCGTAGATATTAGGAAGAACACCAGTGGCGAAGGCGACTTTCTGGACTGTAACTGACACTGAGGCTCGAAAGCGTGGGGAGCGAACAGGATTAGATACCCTGGTAGTCCACGCCGTAAACGATGAATACTAGGTGTAGGAGCTGTCATGGCTTCTGTGCCGCCGCTAACGCATTAAGTATTCCGCCTGGGGAGTACGGTCGCAAGATTAAAACTCAAAGGAATTGACGGGGGCCCGCACAAGCAGCGGAGCATGTGGTTTAATTCGAAGCAACGCGAAGAACCTTACCTAGACTTGACATCTCCTGAATTACTCTTAATCGAGGAAGTCGCTTCGGCGACAGGAAGACAGGTGGTGCATGGTTGTCGTCAGCTCGTGTCGTGAGATGTTGGGTTAAGTCCCGCAACGAGCGCAACCCTTATTGTTAGTTGCTACCATTTAGTTGAGCACTCTAGCGAGACTGCCGTGGTTAACGCGGAGGAAGGTGGGGATGACGTCAAATCATCATGCCCCTTATGTCTAGGGCTACACACGTGCTACAATGGCTGGTACAAAGAGATGCAATACCGCGAGGTGGAGCTAAACTATAAAACCAGTCTCAGTTCGGATTGTAGGCTGAAACTCGCCTACATGAAGCTGGAGTTGCTAGTAATCGCGAATCAGAATGTCGCGGTGAATACGTTCCCGGGCCTTGTACACACCGCCCGTCACACCATGAGAGTTGGCAATACCCAAAGTTCGTGAGCTAACCCGTAAGGGAGGCAGCGACCTAAGGTAGGGTCAGCGATTGGGGTGAAGTCGTAACAAGGTAGCCGTAGGAGAACCTGCGGCTGGATCACCTCCTT
1,610F,phaC,1966,Clinical,Salmon,HC,47.4438753,-120.8452161,USA,Columbia	GROUP2_cbot_Iwanai_X68170	2163679	1512	1507	1502	99.67	3	2	820196	821702	reversed to plus	GAGAGTTTGATCCTGGCTCAGGACGAACGCTGGCGGCGTGCCTAACACATGCAAGTCGAGCGATGAAGCTTCTTCGGAAGTGGATTAGCGGCGGACGGGTGAGTAACACGTGGGCAACCTGCCTCATAGAGAGGGATAGCCTTTCGAAAGGAAGATTAATACCTCATAAGATTGTAGTTTCGCATGAAACGGCAATAAAAGGAGCAATCCGCTATGAGATGGGCCCGCGTCGCATTAGCTAGTTGGTAAGGTAATGGCTTACCAAGGCGACGATGCGTAGCCGACCTGAGAGGGTGATCGGCCACATTGGGACTGAGACACGGCCCAGACTCCTACGGGAGGCAGCAGTGGGGAATATTGCACAATGGGGGAAACCCTGATGCAGCAACGCCGCGTGAGTGATGAAGGTCTTCGGATTGTAAAACTCTGTCTTTGGGGACGATAATGACGGTACCCAAGGAGGAAGCCACGGCTAACTACGTGCCAGCAGCCGCGGTAATACGTAGGTGGCAAGCGTTGTCCGGATTTACTGGGCGTAAAGGGAGCGTAGGTGGATATTTAAGTGGGATGTGAAATACTCGGGCTTAACCTGAGTGCTGCATTCCAAACTGGATATCTAGAGTGCAGGAGAGGAAAGTGGAATTCCTAGTGTAGCGGTGAAATGCGTAGATATTAGGAAGAACACCAGTGGCGAAGGCGACTTTCTGGACTGTAACTGACACTGAGGCTCGAAAGCGTGGGGAGCGAACAGGATTAGATACCCTGGTAGTCCACGCCGTAAACGATGAATACTAGGTGTAGGAGCTGTCATGGCTTCTGTGCCGCCGCTAACGCATTAAGTATTCCGCCTGGGGAGTACGGTCGCAAGATTAAAACTCAAAGGAATTGACGGGGGCCCGCACAAGCAGCGGAGCATGTGGTTTAATTCGAAGCAACGCGAAGAACCTTACCTAGACTTGACATCTCCTGAATTACTCTTAATCGAGGAAGTCACTTCGGTGACAGGAAGACAGGTGGTGCATGGTTGTCGTCAGCTCGTGTCGTGAGATGTTGGGTTAAGTCCCGCAACGAGCGCAACCCTTATTGTTAGTTGCTACCATTTAGTTGAGCACTCTAGCGAGACTGCCGTGGTTAACGCGGAGGAAGGTGGGGATGACGTCAAATCATCATGCCCCTTATGTCTAGGGCTACACACGTGCTACAATGGCTGGTACAAAGAGATGCAATACCGCGAGGTGGAGCTAAACTATAAAACCAGTCTCAGTTCGGATTGTAGGCTGAAACTCGCCTACATGAAGCTGGAGTTGCTAGTAATCGCGAATCAGAATGTCGCGGTGAATACGTTCCCGGGCCTTGTACACACCGCCCGTCACACCATGAGAGTTGGCAATACCCAAAGTTCGTGAGCTAACCCGTAAGGGAGGCAGCGACCTAAGGTAGGGTCAGCGATTGGGGTGAAGTCGTAACAAGGTAGCCGTAGGAGAACCTGCGGCTGGATCACCTCCTT
1,610F,phaC,1966,Clinical,Salmon,HC,47.4438753,-120.8452161,USA,Columbia	GROUP2_cbot_Iwanai_X68170	2163679	1512	1507	1502	99.67	3	2	715414	716920	reversed to plus	GAGAGTTTGATCCTGGCTCAGGACGAACGCTGGCGGCGTGCCTAACACATGCAAGTCGAGCGATGAAGCTTCTTCGGAAGTGGATTAGCGGCGGACGGGTGAGTAACACGTGGGCAACCTGCCTCATAGAGAGGGATAGCCTTTCGAAAGGAAGATTAATACCTCATAAGATTGTAGTTTCGCATGAAACGGCAATAAAAGGAGCAATCCGCTATGAGATGGGCCCGCGTCGCATTAGCTAGTTGGTAAGGTAATGGCTTACCAAGGCGACGATGCGTAGCCGACCTGAGAGGGTGATCGGCCACATTGGGACTGAGACACGGCCCAGACTCCTACGGGAGGCAGCAGTGGGGAATATTGCACAATGGGGGAAACCCTGATGCAGCAACGCCGCGTGAGTGATGAAGGTCTTCGGATTGTAAAACTCTGTCTTTGGGGACGATAATGACGGTACCCAAGGAGGAAGCCACGGCTAACTACGTGCCAGCAGCCGCGGTAATACGTAGGTGGCAAGCGTTGTCCGGATTTACTGGGCGTAAAGGGAGCGTAGGTGGATATTTAAGTGGGATGTGAAATACTCGGGCTTAACCTGAGTGCTGCATTCCAAACTGGATATCTAGAGTGCAGGAGAGGAAAGTGGAATTCCTAGTGTAGCGGTGAAATGCGTAGATATTAGGAAGAACACCAGTGGCGAAGGCGACTTTCTGGACTGTAACTGACACTGAGGCTCGAAAGCGTGGGGAGCGAACAGGATTAGATACCCTGGTAGTCCACGCCGTAAACGATGAATACTAGGTGTAGGAGCTGTCATGGCTTCTGTGCCGCCGCTAACGCATTAAGTATTCCGCCTGGGGAGTACGGTCGCAAGATTAAAACTCAAAGGAATTGACGGGGGCCCGCACAAGCAGCGGAGCATGTGGTTTAATTCGAAGCAACGCGAAGAACCTTACCTAGACTTGACATCTCCTGAATTACTCTTAATCGAGGAAGTCACTTCGGTGACAGGAAGACAGGTGGTGCATGGTTGTCGTCAGCTCGTGTCGTGAGATGTTGGGTTAAGTCCCGCAACGAGCGCAACCCTTATTGTTAGTTGCTACCATTTAGTTGAGCACTCTAGCGAGACTGCCGTGGTTAACGCGGAGGAAGGTGGGGATGACGTCAAATCATCATGCCCCTTATGTCTAGGGCTACACACGTGCTACAATGGCTGGTACAAAGAGATGCAATACCGCGAGGTGGAGCTAAACTATAAAACCAGTCTCAGTTCGGATTGTAGGCTGAAACTCGCCTACATGAAGCTGGAGTTGCTAGTAATCGCGAATCAGAATGTCGCGGTGAATACGTTCCCGGGCCTTGTACACACCGCCCGTCACACCATGAGAGTTGGCAATACCCAAAGTTCGTGAGCTAACCCGTAAGGGAGGCAGCGACCTAAGGTAGGGTCAGCGATTGGGGTGAAGTCGTAACAAGGTAGCCGTAGGAGAACCTGCGGCTGGATCACCTCCTT
1,610F,phaC,1966,Clinical,Salmon,HC,47.4438753,-120.8452161,USA,Columbia	GROUP2_cbot_Iwanai_X68170	2163679	1512	1507	1502	99.67	3	2	698533	700039	reversed to plus	GAGAGTTTGATCCTGGCTCAGGACGAACGCTGGCGGCGTGCCTAACACATGCAAGTCGAGCGATGAAGCTTCTTCGGAAGTGGATTAGCGGCGGACGGGTGAGTAACACGTGGGCAACCTGCCTCATAGAGAGGGATAGCCTTTCGAAAGGAAGATTAATACCTCATAAGATTGTAGTTTCGCATGAAACGGCAATAAAAGGAGCAATCCGCTATGAGATGGGCCCGCGTCGCATTAGCTAGTTGGTAAGGTAATGGCTTACCAAGGCGACGATGCGTAGCCGACCTGAGAGGGTGATCGGCCACATTGGGACTGAGACACGGCCCAGACTCCTACGGGAGGCAGCAGTGGGGAATATTGCACAATGGGGGAAACCCTGATGCAGCAACGCCGCGTGAGTGATGAAGGTCTTCGGATTGTAAAACTCTGTCTTTGGGGACGATAATGACGGTACCCAAGGAGGAAGCCACGGCTAACTACGTGCCAGCAGCCGCGGTAATACGTAGGTGGCAAGCGTTGTCCGGATTTACTGGGCGTAAAGGGAGCGTAGGTGGATATTTAAGTGGGATGTGAAATACTCGGGCTTAACCTGAGTGCTGCATTCCAAACTGGATATCTAGAGTGCAGGAGAGGAAAGTGGAATTCCTAGTGTAGCGGTGAAATGCGTAGATATTAGGAAGAACACCAGTGGCGAAGGCGACTTTCTGGACTGTAACTGACACTGAGGCTCGAAAGCGTGGGGAGCGAACAGGATTAGATACCCTGGTAGTCCACGCCGTAAACGATGAATACTAGGTGTAGGAGCTGTCATGGCTTCTGTGCCGCCGCTAACGCATTAAGTATTCCGCCTGGGGAGTACGGTCGCAAGATTAAAACTCAAAGGAATTGACGGGGGCCCGCACAAGCAGCGGAGCATGTGGTTTAATTCGAAGCAACGCGAAGAACCTTACCTAGACTTGACATCTCCTGAATTACTCTTAATCGAGGAAGTCACTTCGGTGACAGGAAGACAGGTGGTGCATGGTTGTCGTCAGCTCGTGTCGTGAGATGTTGGGTTAAGTCCCGCAACGAGCGCAACCCTTATTGTTAGTTGCTACCATTTAGTTGAGCACTCTAGCGAGACTGCCGTGGTTAACGCGGAGGAAGGTGGGGATGACGTCAAATCATCATGCCCCTTATGTCTAGGGCTACACACGTGCTACAATGGCTGGTACAAAGAGATGCAATACCGCGAGGTGGAGCTAAACTATAAAACCAGTCTCAGTTCGGATTGTAGGCTGAAACTCGCCTACATGAAGCTGGAGTTGCTAGTAATCGCGAATCAGAATGTCGCGGTGAATACGTTCCCGGGCCTTGTACACACCGCCCGTCACACCATGAGAGTTGGCAATACCCAAAGTTCGTGAGCTAACCCGTAAGGGAGGCAGCGACCTAAGGTAGGGTCAGCGATTGGGGTGAAGTCGTAACAAGGTAGCCGTAGGAGAACCTGCGGCTGGATCACCTCCTT
1,610F,phaC,1966,Clinical,Salmon,HC,47.4438753,-120.8452161,USA,Columbia	GROUP2_cbot_Iwanai_X68170	2163679	1512	1507	1501	99.60	4	2	1102708	1104214	plus	GAGAGTTTGATCCTGGCTCAGGACGAACGCTGGCGGCGTGCCTAACACATGCAAGTCGAGCGATGAAGCTTTTTCGGAAGCGGATTAGCGGCGGACGGGTGAGTAACACGTGGGCAACCTGCCTCATAGAGAGGGATAGCCTTTCGAAAGGAAGATTAATACCTCATAAGATTGTAGTTTCGCATGAAACGGCAATAAAAGGAGCAATCCGCTATGAGATGGGCCCGCGTCGCATTAGCTAGTTGGTAAGGTAATGGCTTACCAAGGCGACGATGCGTAGCCGACCTGAGAGGGTGATCGGCCACATTGGGACTGAGACACGGCCCAGACTCCTACGGGAGGCAGCAGTGGGGAATATTGCACAATGGGGGAAACCCTGATGCAGCAACGCCGCGTGAGTGATGAAGGTCTTCGGATTGTAAAACTCTGTCTTTGGGGACGATAATGACGGTACCCAAGGAGGAAGCCACGGCTAACTACGTGCCAGCAGCCGCGGTAATACGTAGGTGGCAAGCGTTGTCCGGATTTACTGGGCGTAAAGGGAGCGTAGGTGGATATTTAAGTGGGATGTGAAATACTCGGGCTTAACCTGAGTGCTGCATTCCAAACTGGATATCTAGAGTGCAGGAGAGGAAAGTGGAATTCCTAGTGTAGCGGTGAAATGCGTAGATATTAGGAAGAACACCAGTGGCGAAGGCGACTTTCTGGACTGTAACTGACACTGAGGCTCGAAAGCGTGGGGAGCGAACAGGATTAGATACCCTGGTAGTCCACGCCGTAAACGATGAATACTAGGTGTAGGAGCTGTCATGGCTTCTGTGCCGCCGCTAACGCATTAAGTATTCCGCCTGGGGAGTACGGTCGCAAGATTAAAACTCAAAGGAATTGACGGGGGCCCGCACAAGCAGCGGAGCATGTGGTTTAATTCGAAGCAACGCGAAGAACCTTACCTAGACTTGACATCTCCTGAATTACTCTTAATCGAGGAAGTCGCTTCGGCGACAGGAAGACAGGTGGTGCATGGTTGTCGTCAGCTCGTGTCGTGAGATGTTGGGTTAAGTCCCGCAACGAGCGCAACCCTTATTGTTAGTTGCTACCATTTAGTTGAGCACTCTAGCGAGACTGCCGTGGTTAACGCGGAGGAAGGTGGGGATGACGTCAAATCATCATGCCCCTTATGTCTAGGGCTACACACGTGCTACAATGGCTGGTACAAAGAGATGCAATACCGCGAGGTGGAGCTAAACTATAAAACCAGTCTCAGTTCGGATTGTAGGCTGAAACTCGCCTACATGAAGCTGGAGTTGCTAGTAATCGCGAATCAGAATGTCGCGGTGAATACGTTCCCGGGCCTTGTACACACCGCCCGTCACACCATGAGAGTTGGCAATACCCAAAGTTCGTGAGCTAACCCGTAAGGGAGGCAGCGACCTAAGGTAGGGTCAGCAATTGGGGTGAAGTCGTAACAAGGTAGCCGTAGGAGAACCTGCGGCTGGATCACCTCCTT

1,610F,phaC,1966,Clinical,Salmon,HC,47.4438753,-120.8452161,USA,Columbia	GROUP2_cbot_Eklund17B_X68173	2163679	1513	1506	1503	99.80	2	1	820198	821702	reversed to plus	GAGAGTTTGATCCTGGCTCAGGACGAACGCTGGCGGCGTGCCTAACACATGCAAGTCGAGCGATGAAGCTTCTTCGGAAGTGGATTAGCGGCGGACGGGTGAGTAACACGTGGGCAACCTGCCTCATAGAGAGGGATAGCCTTTCGAAAGGAAGATTAATACCTCATAAGATTGTAGTTTCGCATGAAACGGC-AATAAAAGGAGCAATCCGCTATGAGATGGGCCCGCGTCGCATTAGCTAGTTGGTAAGGTAATGGCTTACCAAGGCGACGATGCGTAGCCGACCTGAGAGGGTGATCGGCCACATTGGGACTGAGACACGGCCCAGACTCCTACGGGAGGCAGCAGTGGGGAATATTGCACAATGGGGGAAACCCTGATGCAGCAACGCCGCGTGAGTGATGAAGGTCTTCGGATTGTAAAACTCTGTCTTTGGGGACGATAATGACGGTACCCAAGGAGGAAGCCACGGCTAACTACGTGCCAGCAGCCGCGGTAATACGTAGGTGGCAAGCGTTGTCCGGATTTACTGGGCGTAAAGGGAGCGTAGGTGGATATTTAAGTGGGATGTGAAATACTCGGGCTTAACCTGAGTGCTGCATTCCAAACTGGATATCTAGAGTGCAGGAGAGGAAAGTGGAATTCCTAGTGTAGCGGTGAAATGCGTAGATATTAGGAAGAACACCAGTGGCGAAGGCGACTTTCTGGACTGTAACTGACACTGAGGCTCGAAAGCGTGGGGAGCGAACAGGATTAGATACCCTGGTAGTCCACGCCGTAAACGATGAATACTAGGTGTAGGAGCTGTCATGGCTTCTGTGCCGCCGCTAACGCATTAAGTATTCCGCCTGGGGAGTACGGTCGCAAGATTAAAACTCAAAGGAATTGACGGGGGCCCGCACAAGCAGCGGAGCATGTGGTTTAATTCGAAGCAACGCGAAGAACCTTACCTAGACTTGACATCTCCTGAATTACTCTTAATCGAGGAAGTCACTTCGGTGACAGGAAGACAGGTGGTGCATGGTTGTCGTCAGCTCGTGTCGTGAGATGTTGGGTTAAGTCCCGCAACGAGCGCAACCCTTATTGTTAGTTGCTACCATTTAGTTGAGCACTCTAGCGAGACTGCCGTGGTTAACGCGGAGGAAGGTGGGGATGACGTCAAATCATCATGCCCCTTATGTCTAGGGCTACACACGTGCTACAATGGCTGGTACAAAGAGATGCAATACCGCGAGGTGGAGCTAAACTATAAAACCAGTCTCAGTTCGGATTGTAGGCTGAAACTCGCCTACATGAAGCTGGAGTTGCTAGTAATCGCGAATCAGAATGTCGCGGTGAATACGTTCCCGGGCCTTGTACACACCGCCCGTCACACCATGAGAGTTGGCAATACCCAAAGTTCGTGAGCTAACCCGTAAGGGAGGCAGCGACCTAAGGTAGGGTCAGCGATTGGGGTGAAGTCGTAACAAGGTAGCCGTAGGAGAACCTGCGGCTGGATCACCTCC
1,610F,phaC,1966,Clinical,Salmon,HC,47.4438753,-120.8452161,USA,Columbia	GROUP2_cbot_Eklund17B_X68173	2163679	1513	1506	1503	99.80	2	1	715416	716920	reversed to plus	GAGAGTTTGATCCTGGCTCAGGACGAACGCTGGCGGCGTGCCTAACACATGCAAGTCGAGCGATGAAGCTTCTTCGGAAGTGGATTAGCGGCGGACGGGTGAGTAACACGTGGGCAACCTGCCTCATAGAGAGGGATAGCCTTTCGAAAGGAAGATTAATACCTCATAAGATTGTAGTTTCGCATGAAACGGC-AATAAAAGGAGCAATCCGCTATGAGATGGGCCCGCGTCGCATTAGCTAGTTGGTAAGGTAATGGCTTACCAAGGCGACGATGCGTAGCCGACCTGAGAGGGTGATCGGCCACATTGGGACTGAGACACGGCCCAGACTCCTACGGGAGGCAGCAGTGGGGAATATTGCACAATGGGGGAAACCCTGATGCAGCAACGCCGCGTGAGTGATGAAGGTCTTCGGATTGTAAAACTCTGTCTTTGGGGACGATAATGACGGTACCCAAGGAGGAAGCCACGGCTAACTACGTGCCAGCAGCCGCGGTAATACGTAGGTGGCAAGCGTTGTCCGGATTTACTGGGCGTAAAGGGAGCGTAGGTGGATATTTAAGTGGGATGTGAAATACTCGGGCTTAACCTGAGTGCTGCATTCCAAACTGGATATCTAGAGTGCAGGAGAGGAAAGTGGAATTCCTAGTGTAGCGGTGAAATGCGTAGATATTAGGAAGAACACCAGTGGCGAAGGCGACTTTCTGGACTGTAACTGACACTGAGGCTCGAAAGCGTGGGGAGCGAACAGGATTAGATACCCTGGTAGTCCACGCCGTAAACGATGAATACTAGGTGTAGGAGCTGTCATGGCTTCTGTGCCGCCGCTAACGCATTAAGTATTCCGCCTGGGGAGTACGGTCGCAAGATTAAAACTCAAAGGAATTGACGGGGGCCCGCACAAGCAGCGGAGCATGTGGTTTAATTCGAAGCAACGCGAAGAACCTTACCTAGACTTGACATCTCCTGAATTACTCTTAATCGAGGAAGTCACTTCGGTGACAGGAAGACAGGTGGTGCATGGTTGTCGTCAGCTCGTGTCGTGAGATGTTGGGTTAAGTCCCGCAACGAGCGCAACCCTTATTGTTAGTTGCTACCATTTAGTTGAGCACTCTAGCGAGACTGCCGTGGTTAACGCGGAGGAAGGTGGGGATGACGTCAAATCATCATGCCCCTTATGTCTAGGGCTACACACGTGCTACAATGGCTGGTACAAAGAGATGCAATACCGCGAGGTGGAGCTAAACTATAAAACCAGTCTCAGTTCGGATTGTAGGCTGAAACTCGCCTACATGAAGCTGGAGTTGCTAGTAATCGCGAATCAGAATGTCGCGGTGAATACGTTCCCGGGCCTTGTACACACCGCCCGTCACACCATGAGAGTTGGCAATACCCAAAGTTCGTGAGCTAACCCGTAAGGGAGGCAGCGACCTAAGGTAGGGTCAGCGATTGGGGTGAAGTCGTAACAAGGTAGCCGTAGGAGAACCTGCGGCTGGATCACCTCC
1,610F,phaC,1966,Clinical,Salmon,HC,47.4438753,-120.8452161,USA,Columbia	GROUP2_cbot_Eklund17B_X68173	2163679	1513	1506	1503	99.80	2	1	698535	700039	reversed to plus	GAGAGTTTGATCCTGGCTCAGGACGAACGCTGGCGGCGTGCCTAACACATGCAAGTCGAGCGATGAAGCTTCTTCGGAAGTGGATTAGCGGCGGACGGGTGAGTAACACGTGGGCAACCTGCCTCATAGAGAGGGATAGCCTTTCGAAAGGAAGATTAATACCTCATAAGATTGTAGTTTCGCATGAAACGGC-AATAAAAGGAGCAATCCGCTATGAGATGGGCCCGCGTCGCATTAGCTAGTTGGTAAGGTAATGGCTTACCAAGGCGACGATGCGTAGCCGACCTGAGAGGGTGATCGGCCACATTGGGACTGAGACACGGCCCAGACTCCTACGGGAGGCAGCAGTGGGGAATATTGCACAATGGGGGAAACCCTGATGCAGCAACGCCGCGTGAGTGATGAAGGTCTTCGGATTGTAAAACTCTGTCTTTGGGGACGATAATGACGGTACCCAAGGAGGAAGCCACGGCTAACTACGTGCCAGCAGCCGCGGTAATACGTAGGTGGCAAGCGTTGTCCGGATTTACTGGGCGTAAAGGGAGCGTAGGTGGATATTTAAGTGGGATGTGAAATACTCGGGCTTAACCTGAGTGCTGCATTCCAAACTGGATATCTAGAGTGCAGGAGAGGAAAGTGGAATTCCTAGTGTAGCGGTGAAATGCGTAGATATTAGGAAGAACACCAGTGGCGAAGGCGACTTTCTGGACTGTAACTGACACTGAGGCTCGAAAGCGTGGGGAGCGAACAGGATTAGATACCCTGGTAGTCCACGCCGTAAACGATGAATACTAGGTGTAGGAGCTGTCATGGCTTCTGTGCCGCCGCTAACGCATTAAGTATTCCGCCTGGGGAGTACGGTCGCAAGATTAAAACTCAAAGGAATTGACGGGGGCCCGCACAAGCAGCGGAGCATGTGGTTTAATTCGAAGCAACGCGAAGAACCTTACCTAGACTTGACATCTCCTGAATTACTCTTAATCGAGGAAGTCACTTCGGTGACAGGAAGACAGGTGGTGCATGGTTGTCGTCAGCTCGTGTCGTGAGATGTTGGGTTAAGTCCCGCAACGAGCGCAACCCTTATTGTTAGTTGCTACCATTTAGTTGAGCACTCTAGCGAGACTGCCGTGGTTAACGCGGAGGAAGGTGGGGATGACGTCAAATCATCATGCCCCTTATGTCTAGGGCTACACACGTGCTACAATGGCTGGTACAAAGAGATGCAATACCGCGAGGTGGAGCTAAACTATAAAACCAGTCTCAGTTCGGATTGTAGGCTGAAACTCGCCTACATGAAGCTGGAGTTGCTAGTAATCGCGAATCAGAATGTCGCGGTGAATACGTTCCCGGGCCTTGTACACACCGCCCGTCACACCATGAGAGTTGGCAATACCCAAAGTTCGTGAGCTAACCCGTAAGGGAGGCAGCGACCTAAGGTAGGGTCAGCGATTGGGGTGAAGTCGTAACAAGGTAGCCGTAGGAGAACCTGCGGCTGGATCACCTCC
1,610F,phaC,1966,Clinical,Salmon,HC,47.4438753,-120.8452161,USA,Columbia	GROUP2_cbot_Eklund17B_X68173	2163679	1513	1506	1502	99.73	3	1	800468	801972	reversed to plus	GAGAGTTTGATCCTGGCTCAGGACGAACGCTGGCGGCGTGCCTAACACATGCAAGTCGAGCGATGAAGCTTCTTCGGAAGTGGATTAGCGGCGGACGGGTGAGTAACACGTGGGCAACCTGCCTCATAGAGAGGGATAGCCTTTCGAAAGGAAGATTAATACCTCATAAGATTGTAGTTTCGCATGAAACGGC-AATAAAAGGAGTAATCCGCTATGAGATGGGCCCGCGTCGCATTAGCTAGTTGGTAAGGTAATGGCTTACCAAGGCGACGATGCGTAGCCGACCTGAGAGGGTGATCGGCCACATTGGGACTGAGACACGGCCCAGACTCCTACGGGAGGCAGCAGTGGGGAATATTGCACAATGGGGGAAACCCTGATGCAGCAACGCCGCGTGAGTGATGAAGGTCTTCGGATTGTAAAACTCTGTCTTTGGGGACGATAATGACGGTACCCAAGGAGGAAGCCACGGCTAACTACGTGCCAGCAGCCGCGGTAATACGTAGGTGGCAAGCGTTGTCCGGATTTACTGGGCGTAAAGGGAGCGTAGGTGGATATTTAAGTGGGATGTGAAATACTCGGGCTTAACCTGAGTGCTGCATTCCAAACTGGATATCTAGAGTGCAGGAGAGGAAAGTGGAATTCCTAGTGTAGCGGTGAAATGCGTAGATATTAGGAAGAACACCAGTGGCGAAGGCGACTTTCTGGACTGTAACTGACACTGAGGCTCGAAAGCGTGGGGAGCGAACAGGATTAGATACCCTGGTAGTCCACGCCGTAAACGATGAATACTAGGTGTAGGAGCTGTCATGGCTTCTGTGCCGCCGCTAACGCATTAAGTATTCCGCCTGGGGAGTACGGTCGCAAGATTAAAACTCAAAGGAATTGACGGGGGCCCGCACAAGCAGCGGAGCATGTGGTTTAATTCGAAGCAACGCGAAGAACCTTACCTAGACTTGACATCTCCTGAATTACTCTTAATCGAGGAAGTCGCTTCGGCGACAGGAAGACAGGTGGTGCATGGTTGTCGTCAGCTCGTGTCGTGAGATGTTGGGTTAAGTCCCGCAACGAGCGCAACCCTTATTGTTAGTTGCTACCATTTAGTTGAGCACTCTAGCGAGACTGCCGTGGTTAACGCGGAGGAAGGTGGGGATGACGTCAAATCATCATGCCCCTTATGTCTAGGGCTACACACGTGCTACAATGGCTGGTACAAAGAGATGCAATACCGCGAGGTGGAGCTAAACTATAAAACCAGTCTCAGTTCGGATTGTAGGCTGAAACTCGCCTACATGAAGCTGGAGTTGCTAGTAATCGCGAATCAGAATGTCGCGGTGAATACGTTCCCGGGCCTTGTACACACCGCCCGTCACACCATGAGAGTTGGCAATACCCAAAGTTCGTGAGCTAACCCGTAAGGGAGGCAGCGACCTAAGGTAGGGTCAGCGATTGGGGTGAAGTCGTAACAAGGTAGCCGTAGGAGAACCTGCGGCTGGATCACCTCC
1,610F,phaC,1966,Clinical,Salmon,HC,47.4438753,-120.8452161,USA,Columbia	GROUP2_cbot_Eklund17B_X68173	2163679	1513	1506	1502	99.73	3	1	781298	782802	reversed to plus	GAGAGTTTGATCCTGGCTCAGGACGAACGCTGGCGGCGTGCCTAACACATGCAAGTCGAGCGATGAAGCTTCTTCGGAAGTGGATTAGCGGCGGACGGGTGAGTAACACGTGGGCAACCTGCCTCATAGAGAGGGATAGCCTTTCGAAAGGAAGATTAATACCTCATAAGATTGTAGTTTCGCATGAAACGGC-AATAAAAGGAGTAATCCGCTATGAGATGGGCCCGCGTCGCATTAGCTAGTTGGTAAGGTAATGGCTTACCAAGGCGACGATGCGTAGCCGACCTGAGAGGGTGATCGGCCACATTGGGACTGAGACACGGCCCAGACTCCTACGGGAGGCAGCAGTGGGGAATATTGCACAATGGGGGAAACCCTGATGCAGCAACGCCGCGTGAGTGATGAAGGTCTTCGGATTGTAAAACTCTGTCTTTGGGGACGATAATGACGGTACCCAAGGAGGAAGCCACGGCTAACTACGTGCCAGCAGCCGCGGTAATACGTAGGTGGCAAGCGTTGTCCGGATTTACTGGGCGTAAAGGGAGCGTAGGTGGATATTTAAGTGGGATGTGAAATACTCGGGCTTAACCTGAGTGCTGCATTCCAAACTGGATATCTAGAGTGCAGGAGAGGAAAGTGGAATTCCTAGTGTAGCGGTGAAATGCGTAGATATTAGGAAGAACACCAGTGGCGAAGGCGACTTTCTGGACTGTAACTGACACTGAGGCTCGAAAGCGTGGGGAGCGAACAGGATTAGATACCCTGGTAGTCCACGCCGTAAACGATGAATACTAGGTGTAGGAGCTGTCATGGCTTCTGTGCCGCCGCTAACGCATTAAGTATTCCGCCTGGGGAGTACGGTCGCAAGATTAAAACTCAAAGGAATTGACGGGGGCCCGCACAAGCAGCGGAGCATGTGGTTTAATTCGAAGCAACGCGAAGAACCTTACCTAGACTTGACATCTCCTGAATTACTCTTAATCGAGGAAGTCGCTTCGGCGACAGGAAGACAGGTGGTGCATGGTTGTCGTCAGCTCGTGTCGTGAGATGTTGGGTTAAGTCCCGCAACGAGCGCAACCCTTATTGTTAGTTGCTACCATTTAGTTGAGCACTCTAGCGAGACTGCCGTGGTTAACGCGGAGGAAGGTGGGGATGACGTCAAATCATCATGCCCCTTATGTCTAGGGCTACACACGTGCTACAATGGCTGGTACAAAGAGATGCAATACCGCGAGGTGGAGCTAAACTATAAAACCAGTCTCAGTTCGGATTGTAGGCTGAAACTCGCCTACATGAAGCTGGAGTTGCTAGTAATCGCGAATCAGAATGTCGCGGTGAATACGTTCCCGGGCCTTGTACACACCGCCCGTCACACCATGAGAGTTGGCAATACCCAAAGTTCGTGAGCTAACCCGTAAGGGAGGCAGCGACCTAAGGTAGGGTCAGCGATTGGGGTGAAGTCGTAACAAGGTAGCCGTAGGAGAACCTGCGGCTGGATCACCTCC
1,610F,phaC,1966,Clinical,Salmon,HC,47.4438753,-120.8452161,USA,Columbia	GROUP2_cbot_Eklund17B_X68173	2163679	1513	1506	1501	99.67	4	1	912317	913821	plus	GAGAGTTTGATCCTGGCTCAGGACGAACGCTGGCGGCGTGCCTAACACATGCAAGTCGAGCGATGAAGCTTCTTCGGAAGTGGATTAGCGGCGGACGGGTGAGTAACACGTGGGCAACCTGCCTCATAGAGAGGGATAGCCTTTCGAAAGGAAGATTAATACCTCATAAGATTGTAGTTTCGCATGAAACGGC-AATAAAAGGAGCAATCCGCTATGAGATGGGCCCGCGTCGCATTAGCTAGTTGGTAAGGTAATGGCTTACCAAGGCGACGATGCGTAGCCGACCTGAGAGGGTGATCGGCCACATTGGGACTGAGACACGGCCCAGACTCCTACGGGAGGCAGCAGTGGGGAATATTGCACAATGGGGGAAACCCTGATGCAGCAACGCCGCGTGAGTGATGAAGGTCTTCGGATTGTAAAACTCTGTCTTTGGGGACGATAATGACGGTACCCAAGGAGGAAGCCACGGCTAACTACGTGCCAGCAGCCGCGGTAATACGTAGGTGGCAAGCGTTGTCCGGATTTACTGGGCGTAAAGGGAGCGTAGGTGGATATTTAAGTGGGATGTGAAATACTCGGGCTTAACCTGAGTGCTGCATTCCAAACTGGATATCTAGAGTGCAGGAGAGGAAAGTGGAATTCCTAGTGTAGCGGTGAAATGCGTAGATATTAGGAAGAACACCAGTGGCGAAGGCGACTTTCTGGACTGTAACTGACACTGAGGCTCGAAAGCGTGGGGAGCGAACAGGATTAGATACCCTGGTAGTCCACGCCGTAAACGATGAATACTAGGTGTAGGAGCTGTCATGGCTTCTGTGCCGCCGCTAACGCATTAAGTATTCCGCCTGGGGAGTACGGTCGCAAGATTAAAACTCAAAGGAATTGACGGGGGCCCGCACAAGCAGCGGAGCATGTGGTTTAATTCGAAGCAACGCGAAGAACCTTACCTAGACTTGACATCTCCTGAATTACTCTTAATCGAGGAAGTCGCTTCGGCGACAGGAAGACAGGTGGTGCATGGTTGTCGTCAGCTCGTGTCGTGAGATGTTGGGTTAAGTCCCGCAACGAGCGCAACCCTTATTGTTAGTTGCTACCATTTAGTTGAGCACTCTAGCGAGACTGCCGTGGTTAACGCGGAGGAAGGTGGGGATGACGTCAAATCATCATGCCCCTTATGTCTAGGGCTACACACGTGCTACAATGGCTGGTACAAAGAGATGCAATACCGCGAGGTGGAGCTAAACTATAAAACCAGTCTCAGTTCGGATTGTAGGCTGAAACTCGCCTACATGAAGCTGGAGTTGCTAGTAATCGCGAATCAGAATGTCGCGGTGAATACGTTCCCGGGCCTTGTACACACCGCCCGTCACACCATGAGAGTTGGCAATACCCAAAGTTCGTGAGCTAACCCGTAAGGGAGGCAGCGACCTAAGGTAGGGTCAGCGATTGGGGTGAAGTCGTAACAAGGTAGCCGTAGGAGAACCTGCGGCTGGATCACCTCC

1,610F,phaC,1966,Clinical,Salmon,HC,47.4438753,-120.8452161,USA,Columbia	GROUP2_cbot_Eklund17B_X68173	2163679	1513	1506	1501	99.67	4	1	806633	808137	reversed to plus	GAGAGTTTGATCCTGGCTCAGGACGAACGCTGGCGGCGTGCCTAACACATGCAAGTCGAGCGATGAAGCTTCTTCGGAAGTGGATTAGCGGCGGACGGGTGAGTAACACGTGGGCAACCTGCCTCATAGAGAGGGATAGCCTTTCGAAAGGAAGATTAATACCTCATAAGATTGTAGTTTCGCATGAAACGGC-AATAAAAGGAGTAATCCGCTATGAGATGGGCCCGCGTCGCATTAGCTAGTTGGTAAGGTAATGGCTTACCAAGGCGACGATGCGTAGCCGACCTGAGAGGGTGATCGGCCACATTGGGACTGAGACACGGCCCAGACTCCTACGGGAGGCAGCAGTGGGGAATATTGCACAATGGGGGAAACCCTGATGCAGCAACGCCGCGTGAGTGATGAAGGTCTTCGGATTGTAAAACTCTGTCTTTGGGGACGATAATGACGGTACCCAAGGAGGAAGCCACGGCTAACTACGTGCCAGCAGCCGCGGTAATACGTAGGTGGCAAGCGTTGTCCGGATTTACTGGGCGTAAAGGGAGCGTAGGTGGATATTTAAGTGGGATGTGAAATACTCGGGCTTAACCTGAGTGCTGCATTCCAAACTGGATATCTAGAGTGCAGGAGAGGAAAGTGGAATTCCTAGTGTAGCGGTGAAATGCGTAGATATTAGGAAGAACACCAGTGGCGAAGGCGACTTTCTGGACTGTAACTGACACTGAGGCTCGAAAGCGTGGGGAGCGAACAGGATTAGATACCCTGGTAGTCCACGCCGTAAACGATGAATACTAGGTGTAGGAGCTGTCATGGCTTCTGTGCCGCCGCTAACGCATTAAGTATTCCGCCTGGGGAGTACGGTCGCAAGATTAAAACTCAAAGGAATTGACGGGGGCCCGCACAAGCAGCGGAGCATGTGGTTTAATTCGAAGCAACGCGAAGAACCTTACCTAGACTTGACATCTCCTGAATTACTCTTAATCGAGGAAGTCGCTTCGGCGACAGGAAGACAGGTGGTGCATGGTTGTCGTCAGCTCGTGTCGTGAGATGTTGGGTTAAGTCCCGCAACGAGCGCAACCCTTATTGTTAGTTGCTACCATTTAGTTGAGCACTCTAGCGAGACTGCCGTGGTTAACGCGGAGGAAGGTGGGGATGACGTCAAATCATCATGCCCCTTATGTCTAGGGCTACACACGTGCTACAATGGCTGGTACAAAGAGATGCAATACCGTGAGGTGGAGCTAAACTATAAAACCAGTCTCAGTTCGGATTGTAGGCTGAAACTCGCCTACATGAAGCTGGAGTTGCTAGTAATCGCGAATCAGAATGTCGCGGTGAATACGTTCCCGGGCCTTGTACACACCGCCCGTCACACCATGAGAGTTGGCAATACCCAAAGTTCGTGAGCTAACCCGTAAGGGAGGCAGCGACCTAAGGTAGGGTCAGCGATTGGGGTGAAGTCGTAACAAGGTAGCCGTAGGAGAACCTGCGGCTGGATCACCTCC
1,610F,phaC,1966,Clinical,Salmon,HC,47.4438753,-120.8452161,USA,Columbia	GROUP2_cbot_Eklund17B_X68173	2163679	1513	1506	1501	99.67	4	1	794262	795766	reversed to plus	GAGAGTTTGATCCTGGCTCAGGACGAACGCTGGCGGCGTGCCTAACACATGCAAGTCGAGCGATGAAGCTTCTTCGGAAGTGGATTAGCGGCGGACGGGTGAGTAACACGTGGGCAACCTGCCTCATAGAGAGGGATAGCCTTTCGAAAGGAAGATTAATACCTCATAAGATTGTAGTTTCGCATGAAACGGC-AATAAAAGGAGCAATCCGCTATGAGATGGGCCCGCGTCGCATTAGCTAGTTGGTAAGGTAATGGCTTACCAAGGCGACGATGCGTAGCCGACCTGAGAGGGTGATCGGCCACATTGGGACTGAGACACGGCCCAGACTCCTACGGGAGGCAGCAGTGGGGAATATTGCACAATGGGGGAAACCCTGATGCAGCAACGCCGCGTGAGTGATGAAGGTCTTCGGATTGTAAAACTCTGTCTTTGGGGACGATAATGACGGTACCCAAGGAGGAAGCCACGGCTAACTACGTGCCAGCAGCCGCGGTAATACGTAGGTGGCAAGCGTTGTCCGGATTTACTGGGCGTAAAGGGAGCGTAGGTGGATATTTAAGTGGGATGTGAAATACTCGGGCTTAACCTGAGTGCTGCATTCCAAACTGGATATCTAGAGTGCAGGAGAGGAAAGTGGAATTCCTAGTGTAGCGGTGAAATGCGTAGATATTAGGAAGAACACCAGTGGCGAAGGCGACTTTCTGGACTGTAACTGACACTGAGGCTCGAAAGCGTGGGGAGCGAACAGGATTAGATACCCTGGTAGTCCACGCCGTAAACGATGAATACTAGGTGTAGGAGCTGTCATGGCTTCTGTGCCGCCGCTAACGCATTAAGTATTCCGCCTGGGGAGTACGGTCGCAAGATTAAAACTCAAAGGAATTGACGGGGGCCCGCACAAGCAGCGGAGCATGTGGTTTAATTCGAAGCAACGCGAAGAACCTTACCTAGACTTGACATCTCCTGAATTACTCTTAATCGAGGAAGTCGCTTCGGCGACAGGAAGACAGGTGGTGCATGGTTGTCGTCAGCTCGTGTCGTGAGATGTTGGGTTAAGTCCCGCAACGAGCGCAACCCTTATTGTTAGTTGCTACCATTTAGTTGAGCACTCTAGCGAGACTGCCGTGGTTAACGCGGAGGAAGGTGGGGATGACGTCAAATCATCATGCCCCTTATGTCTAGGGCTACACACGTGCTACAATGGCTGGTACAAAGAGATGCAATACCGCGAGGTGGAGCTAAACTATAAAACCAGTCTCAGTTCGGATTGTAGGCTGAAACTCGCCTACATGAAGCTGGAGTTGCTAGTAATCGCGAATCAGAATGTCGCGGTGAATACGTTCCCGGGCCTTGTACACACCGCCCGTCACACCATGAGAGTTGGCAATACCCAAAGTTCGTGAGCTAACCCGTAAGGGAGGCAGCGACCTAAGGTAGGGTCAGCGATTGGGGTGAAGTCGTAACAAGGTAGCCGTAGGAGAACCTGCGGCTGGATCACCTCC
1,610F,phaC,1966,Clinical,Salmon,HC,47.4438753,-120.8452161,USA,Columbia	GROUP2_cbot_Eklund17B_X68173	2163679	1513	1506	1500	99.60	5	1	1341667	1343171	plus	GAGAGTTTGATCCTGGCTCAGGACGAACGCTGGCGGCGTGCCTAACACATGCAAGTCGAGCGATGAAGCTTCTTCGGAAGTGGATTAGCGGCGGACGGGTGAGTAACACGTGGGCAACCTGCCTCATAGAGAGGGATAGCCTTTCGAAAGGAAGATTAATACCTCATAAGATTGTAGTTTCGCATGAAACGGC-AATAAAAGGAGCAATCCGCTATGAGATGGGCCCGCGTCGCATTAGCTAGTTGGTAAGGTAATGGCTTACCAAGGCGACGATGCGTAGCCGACCTGAGAGGGTGATCGGCCACATTGGGACTGAGACACGGCCCAGACTCCTACGGGAGGCAGCAGTGGGGAATATTGCACAATGGGGGAAACCCTGATGCAGCAACGCCGCGTGAGTGATGAAGGTCTTCGGATTGTAAAACTCTGTCTTTGGGGACGATAATGACGGTACCCAAGGAGGAAGCCACGGCTAACTACGTGCCAGCAGCCGCGGTAATACGTAGGTGGCAAGCGTTGTCCGGATTTACTGGGCGTAAAGGGAGCGTAGGTGGATATTTAAGTGGGATGTGAAATACTCGGGCTTAACCTGAGTGCTGCATTCCAAACTGGATATCTAGAGTGCAGGAGAGGAAAGTGGAATTCCTAGTGTAGCGGTGAAATGCGTAGATATTAGGAAGAACACCAGTGGCGAAGGCGACTTTCTGGACTGTAACTGACACTGAGGCTCGAAAGCGTGGGGAGCGAACAGGATTAGATACCCTGGTAGTCCACGCCGTAAACGATGAATACTAGGTGTAGGAGCTGTCATGGCTTCTGTGCCGCCGCTAACGCATTAAGTATTCCGCCTGGGGAGTACGGTCGCAAGATTAAAACTCAAAGGAATTGACGGGGGCCCGCACAAGCAGCGGAGCATGTGGTTTAATTCGAAGCAACGCGAAGAACCTTACCTAGACTTGACATCTCCTGAATTACTCTTAATCGAGGAAGTCGCTTCGGCGACAGGAAGACAGGTGGTGCATGGTTGTCGTCAGCTCGTGTCGTGAGATGTTGGGTTAAGTCCCGCAACGAGCGCAACCCTTATTGTTAGTTGCTACCATTTAGTTGAGCACTCTAGCGAGACTGCCGTGGTTAACGCGGAGGAAGGTGGGGATGACGTCAAATCATCATGCCCCTTATGTCTAGGGCTACACACGTGCTACAATGGCTGGTACAAAGAGGTGCAATACCGCGAGGTGGAGCTAAACTATAAAACCAGTCTCAGTTCGGATTGTAGGCTGAAACTCGCCTACATGAAGCTGGAGTTGCTAGTAATCGCGAATCAGAATGTCGCGGTGAATACGTTCCCGGGCCTTGTACACACCGCCCGTCACACCATGAGAGTTGGCAATACCCAAAGTTCGTGAGCTAACCCGTAAGGGAGGCAGCGACCTAAGGTAGGGTCAGCGATTGGGGTGAAGTCGTAACAAGGTAGCCGTAGGAGAACCTGCGGCTGGATCACCTCC

1,610F,phaC,1966,Clinical,Salmon,HC,47.4438753,-120.8452161,USA,Columbia	GROUP2_cbot_Eklund17B_X68173	2163679	1513	1506	1500	99.60	5	1	787366	788870	reversed to plus	GAGAGTTTGATCCTGGCTCAGGACGAACGCTGGCGGCGTGCCTAACACATGCAAGTCGAGCGATGAAGCTTCTTCGGAAGTGGATTAGCGGCGGACGGGTGAGTAACACGTGGGCAACCTGCCTCATAGAGAGGGATAGCCTTTCGAAAGGAAGATTAATACCTCATAAGATTGTAGTTTCGCATGAAACGGC-AATAAAAGGAGCAATCCGCTATGAGATGGGCCCGCGTCGCATTAGCTAGTTGGTAAGGTAATGGCTTACCAAGGCGACGATGCGTAGCCGACCTGAGAGGGTGATCGGCCACATTGGGACTGAGACACGGCCCAGACTCCTACGGGAGGCAGCAGTGGGGAATATTGCACAATGGGGGAAACCCTGATGCAGCAACGCCGCGTGAGTGATGAAGGTCTTCGGATTGTAAAACTCTGTCTTTGGGGACGATAATGACGGTACCCAAGGAGGAAGCCACGGCTAACTACGTGCCAGCAGCCGCGGTAATACGTAGGTGGCAAGCGTTGTCCGGATTTACTGGGCGTAAAGGGAGCGTAGGTGGATATTTAAGTGGGATGTGAAATACTTGGGCTTAACCTGAGTGCTGCATTCCAAACTGGATATCTAGAGTGCAGGAGAGGAAAGTGGAATTCCTAGTGTAGCGGTGAAATGCGTAGATATTAGGAAGAACACCAGTGGCGAAGGCGACTTTCTGGACTGTAACTGACACTGAGGCTCGAAAGCGTGGGGAGCGAACAGGATTAGATACCCTGGTAGTCCACGCCGTAAACGATGAATACTAGGTGTAGGAGCTGTCATGGCTTCTGTGCCGCCGCTAACGCATTAAGTATTCCGCCTGGGGAGTACGGTCGCAAGATTAAAACTCAAAGGAATTGACGGGGGCCCGCACAAGCAGCGGAGCATGTGGTTTAATTCGAAGCAACGCGAAGAACCTTACCTAGACTTGACATCTCCTGAATTACTCTTAATCGAGGAAGTCGCTTCGGCGACAGGAAGACAGGTGGTGCATGGTTGTCGTCAGCTCGTGTCGTGAGATGTTGGGTTAAGTCCCGCAACGAGCGCAACCCTTATTGTTAGTTGCTACCATTTAGTTGAGCACTCTAGCGAGACTGCCGTGGTTAACGCGGAGGAAGGTGGGGATGACGTCAAATCATCATGCCCCTTATGTCTAGGGCTACACACGTGCTACAATGGCTGGTACAAAGAGATGCAATACCGCGAGGTGGAGCTAAACTATAAAACCAGTCTCAGTTCGGATTGTAGGCTGAAACTCGCCTACATGAAGCTGGAGTTGCTAGTAATCGCGAATCAGAATGTCGCGGTGAATACGTTCCCGGGCCTTGTACACACCGCCCGTCACACCATGAGAGTTGGCAATACCCAAAGTTCGTGAGCTAACCCGTAAGGGAGGCAGCGACCTAAGGTAGGGTCAGCGATTGGGGTGAAGTCGTAACAAGGTAGCCGTAGGAGAACCTGCGGCTGGATCACCTCC
1,610F,phaC,1966,Clinical,Salmon,HC,47.4438753,-120.8452161,USA,Columbia	GROUP2_cbot_Eklund17B_X68173	2163679	1513	1506	1498	99.47	7	1	1102708	1104212	plus	GAGAGTTTGATCCTGGCTCAGGACGAACGCTGGCGGCGTGCCTAACACATGCAAGTCGAGCGATGAAGCTTTTTCGGAAGCGGATTAGCGGCGGACGGGTGAGTAACACGTGGGCAACCTGCCTCATAGAGAGGGATAGCCTTTCGAAAGGAAGATTAATACCTCATAAGATTGTAGTTTCGCATGAAACGGC-AATAAAAGGAGCAATCCGCTATGAGATGGGCCCGCGTCGCATTAGCTAGTTGGTAAGGTAATGGCTTACCAAGGCGACGATGCGTAGCCGACCTGAGAGGGTGATCGGCCACATTGGGACTGAGACACGGCCCAGACTCCTACGGGAGGCAGCAGTGGGGAATATTGCACAATGGGGGAAACCCTGATGCAGCAACGCCGCGTGAGTGATGAAGGTCTTCGGATTGTAAAACTCTGTCTTTGGGGACGATAATGACGGTACCCAAGGAGGAAGCCACGGCTAACTACGTGCCAGCAGCCGCGGTAATACGTAGGTGGCAAGCGTTGTCCGGATTTACTGGGCGTAAAGGGAGCGTAGGTGGATATTTAAGTGGGATGTGAAATACTCGGGCTTAACCTGAGTGCTGCATTCCAAACTGGATATCTAGAGTGCAGGAGAGGAAAGTGGAATTCCTAGTGTAGCGGTGAAATGCGTAGATATTAGGAAGAACACCAGTGGCGAAGGCGACTTTCTGGACTGTAACTGACACTGAGGCTCGAAAGCGTGGGGAGCGAACAGGATTAGATACCCTGGTAGTCCACGCCGTAAACGATGAATACTAGGTGTAGGAGCTGTCATGGCTTCTGTGCCGCCGCTAACGCATTAAGTATTCCGCCTGGGGAGTACGGTCGCAAGATTAAAACTCAAAGGAATTGACGGGGGCCCGCACAAGCAGCGGAGCATGTGGTTTAATTCGAAGCAACGCGAAGAACCTTACCTAGACTTGACATCTCCTGAATTACTCTTAATCGAGGAAGTCGCTTCGGCGACAGGAAGACAGGTGGTGCATGGTTGTCGTCAGCTCGTGTCGTGAGATGTTGGGTTAAGTCCCGCAACGAGCGCAACCCTTATTGTTAGTTGCTACCATTTAGTTGAGCACTCTAGCGAGACTGCCGTGGTTAACGCGGAGGAAGGTGGGGATGACGTCAAATCATCATGCCCCTTATGTCTAGGGCTACACACGTGCTACAATGGCTGGTACAAAGAGATGCAATACCGCGAGGTGGAGCTAAACTATAAAACCAGTCTCAGTTCGGATTGTAGGCTGAAACTCGCCTACATGAAGCTGGAGTTGCTAGTAATCGCGAATCAGAATGTCGCGGTGAATACGTTCCCGGGCCTTGTACACACCGCCCGTCACACCATGAGAGTTGGCAATACCCAAAGTTCGTGAGCTAACCCGTAAGGGAGGCAGCGACCTAAGGTAGGGTCAGCAATTGGGGTGAAGTCGTAACAAGGTAGCCGTAGGAGAACCTGCGGCTGGATCACCTCC

1,610F,phaC,1966,Clinical,Salmon,HC,47.4438753,-120.8452161,USA,Columbia	GROUP2_cbot_ATCC9564_L37592	2163679	1463	1463	1461	99.86	1	1	912326	913788	plus	ATCCTGGCTCAGGACGAACGCTGGCGGCGTGCCTAACACATGCAAGTCGAGCGATGAAGCTTCTTCGGAAGTGGATTAGCGGCGGACGGGTGAGTAACACGTGGGCAACCTGCCTCATAGAGAGGGATAGCCTTTCGAAAGGAAGATTAATACCTCATAAGATTGTAGTTTCGCATGAAACGGCAATAAAAGGAGCAATCCGCTATGAGATGGGCCCGCGTCGCATTAGCTAGTTGGTAAGGTAATGGCTTACCAAGGCGACGATGCGTAGCCGACCTGAGAGGGTGATCGGCCACATTGGGACTGAGACACGGCCCAGACTCCTACGGGAGGCAGCAGTGGGGAATATTGCACAATGGGGGAAACCCTGATGCAGCAACGCCGCGTGAGTGATGAAGGTCTTCGGATTGTAAAACTCTGTCTTTGGGGACGATAATGACGGTACCCAAGGAGGAAGCCACGGCTAACTACGTGCCAGCAGCCGCGGTAATACGTAGGTGGCAAGCGTTGTCCGGATTTACTGGGCGTAAAGGGAGCGTAGGTGGATATTTAAGTGGGATGTGAAATACTCGGGCTTAACCTGAGTGCTGCATTCCAAACTGGATATCTAGAGTGCAGGAGAGGAAAGTGGAATTCCTAGTGTAGCGGTGAAATGCGTAGATATTAGGAAGAACACCAGTGGCGAAGGCGACTTTCTGGACTGTAACTGACACTGAGGCTCGAAAGCGTGGGGAGCGAACAGGATTAGATACCCTGGTAGTCCACGCCGTAAACGATGAATACTAGGTGTAGGAGCTGTCATGGCTTCTGTGCCGCCGCTAACGCATTAAGTATTCCGCCTGGGGAGTACGGTCGCAAGATTAAAACTCAAAGGAATTGACGGGGGCCCGCACAAGCAGCGGAGCATGTGGTTTAATTCGAAGCAACGCGAAGAACCTTACCTAGACTTGACATCTCCTGAATTACTCTTAATCGAGGAAGTCGCTTCGGCGACAGGAAGACAGGTGGTGCATGGTTGTCGTCAGCTCGTGTCGTGAGATGTTGGGTTAAGTCCCGCAACGAGCGCAACCCTTATTGTTAGTTGCTACCATTTAGTTGAGCACTCTAGCGAGACTGCCGTGGTTAACGCGGAGGAAGGTGGGGATGACGTCAAATCATCATGCCCCTTATGTCTAGGGCTACACACGTGCTACAATGGCTGGTACAAAGAGATGCAATACCGCGAGGTGGAGCTAAACTATAAAACCAGTCTCAGTTCGGATTGTAGGCTGAAACTCGCCTACATGAAGCTGGAGTTGCTAGTAATCGCGAATCAGAATGTCGCGGTGAATACGTTCCCGGGCCTTGTACACACCGCCCGTCACACCATGAGAGTTGGCAATACCCAAAGTTCGTGAGCTAACCCGTAAGGGAGGCAGCGACCTAAGGTAGGGTCAGCGATTGGGGTGAAGTCGTAACAAGGT

1,610F,phaC,1966,Clinical,Salmon,HC,47.4438753,-120.8452161,USA,Columbia	GROUP2_cbot_ATCC9564_L37592	2163679	1463	1463	1461	99.86	1	1	794295	795757	reversed to plus	ATCCTGGCTCAGGACGAACGCTGGCGGCGTGCCTAACACATGCAAGTCGAGCGATGAAGCTTCTTCGGAAGTGGATTAGCGGCGGACGGGTGAGTAACACGTGGGCAACCTGCCTCATAGAGAGGGATAGCCTTTCGAAAGGAAGATTAATACCTCATAAGATTGTAGTTTCGCATGAAACGGCAATAAAAGGAGCAATCCGCTATGAGATGGGCCCGCGTCGCATTAGCTAGTTGGTAAGGTAATGGCTTACCAAGGCGACGATGCGTAGCCGACCTGAGAGGGTGATCGGCCACATTGGGACTGAGACACGGCCCAGACTCCTACGGGAGGCAGCAGTGGGGAATATTGCACAATGGGGGAAACCCTGATGCAGCAACGCCGCGTGAGTGATGAAGGTCTTCGGATTGTAAAACTCTGTCTTTGGGGACGATAATGACGGTACCCAAGGAGGAAGCCACGGCTAACTACGTGCCAGCAGCCGCGGTAATACGTAGGTGGCAAGCGTTGTCCGGATTTACTGGGCGTAAAGGGAGCGTAGGTGGATATTTAAGTGGGATGTGAAATACTCGGGCTTAACCTGAGTGCTGCATTCCAAACTGGATATCTAGAGTGCAGGAGAGGAAAGTGGAATTCCTAGTGTAGCGGTGAAATGCGTAGATATTAGGAAGAACACCAGTGGCGAAGGCGACTTTCTGGACTGTAACTGACACTGAGGCTCGAAAGCGTGGGGAGCGAACAGGATTAGATACCCTGGTAGTCCACGCCGTAAACGATGAATACTAGGTGTAGGAGCTGTCATGGCTTCTGTGCCGCCGCTAACGCATTAAGTATTCCGCCTGGGGAGTACGGTCGCAAGATTAAAACTCAAAGGAATTGACGGGGGCCCGCACAAGCAGCGGAGCATGTGGTTTAATTCGAAGCAACGCGAAGAACCTTACCTAGACTTGACATCTCCTGAATTACTCTTAATCGAGGAAGTCGCTTCGGCGACAGGAAGACAGGTGGTGCATGGTTGTCGTCAGCTCGTGTCGTGAGATGTTGGGTTAAGTCCCGCAACGAGCGCAACCCTTATTGTTAGTTGCTACCATTTAGTTGAGCACTCTAGCGAGACTGCCGTGGTTAACGCGGAGGAAGGTGGGGATGACGTCAAATCATCATGCCCCTTATGTCTAGGGCTACACACGTGCTACAATGGCTGGTACAAAGAGATGCAATACCGCGAGGTGGAGCTAAACTATAAAACCAGTCTCAGTTCGGATTGTAGGCTGAAACTCGCCTACATGAAGCTGGAGTTGCTAGTAATCGCGAATCAGAATGTCGCGGTGAATACGTTCCCGGGCCTTGTACACACCGCCCGTCACACCATGAGAGTTGGCAATACCCAAAGTTCGTGAGCTAACCCGTAAGGGAGGCAGCGACCTAAGGTAGGGTCAGCGATTGGGGTGAAGTCGTAACAAGGT
1,610F,phaC,1966,Clinical,Salmon,HC,47.4438753,-120.8452161,USA,Columbia	GROUP2_cbot_ATCC9564_L37592	2163679	1463	1463	1460	99.79	2	1	1341676	1343138	plus	ATCCTGGCTCAGGACGAACGCTGGCGGCGTGCCTAACACATGCAAGTCGAGCGATGAAGCTTCTTCGGAAGTGGATTAGCGGCGGACGGGTGAGTAACACGTGGGCAACCTGCCTCATAGAGAGGGATAGCCTTTCGAAAGGAAGATTAATACCTCATAAGATTGTAGTTTCGCATGAAACGGCAATAAAAGGAGCAATCCGCTATGAGATGGGCCCGCGTCGCATTAGCTAGTTGGTAAGGTAATGGCTTACCAAGGCGACGATGCGTAGCCGACCTGAGAGGGTGATCGGCCACATTGGGACTGAGACACGGCCCAGACTCCTACGGGAGGCAGCAGTGGGGAATATTGCACAATGGGGGAAACCCTGATGCAGCAACGCCGCGTGAGTGATGAAGGTCTTCGGATTGTAAAACTCTGTCTTTGGGGACGATAATGACGGTACCCAAGGAGGAAGCCACGGCTAACTACGTGCCAGCAGCCGCGGTAATACGTAGGTGGCAAGCGTTGTCCGGATTTACTGGGCGTAAAGGGAGCGTAGGTGGATATTTAAGTGGGATGTGAAATACTCGGGCTTAACCTGAGTGCTGCATTCCAAACTGGATATCTAGAGTGCAGGAGAGGAAAGTGGAATTCCTAGTGTAGCGGTGAAATGCGTAGATATTAGGAAGAACACCAGTGGCGAAGGCGACTTTCTGGACTGTAACTGACACTGAGGCTCGAAAGCGTGGGGAGCGAACAGGATTAGATACCCTGGTAGTCCACGCCGTAAACGATGAATACTAGGTGTAGGAGCTGTCATGGCTTCTGTGCCGCCGCTAACGCATTAAGTATTCCGCCTGGGGAGTACGGTCGCAAGATTAAAACTCAAAGGAATTGACGGGGGCCCGCACAAGCAGCGGAGCATGTGGTTTAATTCGAAGCAACGCGAAGAACCTTACCTAGACTTGACATCTCCTGAATTACTCTTAATCGAGGAAGTCGCTTCGGCGACAGGAAGACAGGTGGTGCATGGTTGTCGTCAGCTCGTGTCGTGAGATGTTGGGTTAAGTCCCGCAACGAGCGCAACCCTTATTGTTAGTTGCTACCATTTAGTTGAGCACTCTAGCGAGACTGCCGTGGTTAACGCGGAGGAAGGTGGGGATGACGTCAAATCATCATGCCCCTTATGTCTAGGGCTACACACGTGCTACAATGGCTGGTACAAAGAGGTGCAATACCGCGAGGTGGAGCTAAACTATAAAACCAGTCTCAGTTCGGATTGTAGGCTGAAACTCGCCTACATGAAGCTGGAGTTGCTAGTAATCGCGAATCAGAATGTCGCGGTGAATACGTTCCCGGGCCTTGTACACACCGCCCGTCACACCATGAGAGTTGGCAATACCCAAAGTTCGTGAGCTAACCCGTAAGGGAGGCAGCGACCTAAGGTAGGGTCAGCGATTGGGGTGAAGTCGTAACAAGGT

1,610F,phaC,1966,Clinical,Salmon,HC,47.4438753,-120.8452161,USA,Columbia	GROUP2_cbot_ATCC9564_L37592	2163679	1463	1463	1460	99.79	2	1	820231	821693	reversed to plus	ATCCTGGCTCAGGACGAACGCTGGCGGCGTGCCTAACACATGCAAGTCGAGCGATGAAGCTTCTTCGGAAGTGGATTAGCGGCGGACGGGTGAGTAACACGTGGGCAACCTGCCTCATAGAGAGGGATAGCCTTTCGAAAGGAAGATTAATACCTCATAAGATTGTAGTTTCGCATGAAACGGCAATAAAAGGAGCAATCCGCTATGAGATGGGCCCGCGTCGCATTAGCTAGTTGGTAAGGTAATGGCTTACCAAGGCGACGATGCGTAGCCGACCTGAGAGGGTGATCGGCCACATTGGGACTGAGACACGGCCCAGACTCCTACGGGAGGCAGCAGTGGGGAATATTGCACAATGGGGGAAACCCTGATGCAGCAACGCCGCGTGAGTGATGAAGGTCTTCGGATTGTAAAACTCTGTCTTTGGGGACGATAATGACGGTACCCAAGGAGGAAGCCACGGCTAACTACGTGCCAGCAGCCGCGGTAATACGTAGGTGGCAAGCGTTGTCCGGATTTACTGGGCGTAAAGGGAGCGTAGGTGGATATTTAAGTGGGATGTGAAATACTCGGGCTTAACCTGAGTGCTGCATTCCAAACTGGATATCTAGAGTGCAGGAGAGGAAAGTGGAATTCCTAGTGTAGCGGTGAAATGCGTAGATATTAGGAAGAACACCAGTGGCGAAGGCGACTTTCTGGACTGTAACTGACACTGAGGCTCGAAAGCGTGGGGAGCGAACAGGATTAGATACCCTGGTAGTCCACGCCGTAAACGATGAATACTAGGTGTAGGAGCTGTCATGGCTTCTGTGCCGCCGCTAACGCATTAAGTATTCCGCCTGGGGAGTACGGTCGCAAGATTAAAACTCAAAGGAATTGACGGGGGCCCGCACAAGCAGCGGAGCATGTGGTTTAATTCGAAGCAACGCGAAGAACCTTACCTAGACTTGACATCTCCTGAATTACTCTTAATCGAGGAAGTCACTTCGGTGACAGGAAGACAGGTGGTGCATGGTTGTCGTCAGCTCGTGTCGTGAGATGTTGGGTTAAGTCCCGCAACGAGCGCAACCCTTATTGTTAGTTGCTACCATTTAGTTGAGCACTCTAGCGAGACTGCCGTGGTTAACGCGGAGGAAGGTGGGGATGACGTCAAATCATCATGCCCCTTATGTCTAGGGCTACACACGTGCTACAATGGCTGGTACAAAGAGATGCAATACCGCGAGGTGGAGCTAAACTATAAAACCAGTCTCAGTTCGGATTGTAGGCTGAAACTCGCCTACATGAAGCTGGAGTTGCTAGTAATCGCGAATCAGAATGTCGCGGTGAATACGTTCCCGGGCCTTGTACACACCGCCCGTCACACCATGAGAGTTGGCAATACCCAAAGTTCGTGAGCTAACCCGTAAGGGAGGCAGCGACCTAAGGTAGGGTCAGCGATTGGGGTGAAGTCGTAACAAGGT
1,610F,phaC,1966,Clinical,Salmon,HC,47.4438753,-120.8452161,USA,Columbia	GROUP2_cbot_ATCC9564_L37592	2163679	1463	1463	1460	99.79	2	1	800501	801963	reversed to plus	ATCCTGGCTCAGGACGAACGCTGGCGGCGTGCCTAACACATGCAAGTCGAGCGATGAAGCTTCTTCGGAAGTGGATTAGCGGCGGACGGGTGAGTAACACGTGGGCAACCTGCCTCATAGAGAGGGATAGCCTTTCGAAAGGAAGATTAATACCTCATAAGATTGTAGTTTCGCATGAAACGGCAATAAAAGGAGTAATCCGCTATGAGATGGGCCCGCGTCGCATTAGCTAGTTGGTAAGGTAATGGCTTACCAAGGCGACGATGCGTAGCCGACCTGAGAGGGTGATCGGCCACATTGGGACTGAGACACGGCCCAGACTCCTACGGGAGGCAGCAGTGGGGAATATTGCACAATGGGGGAAACCCTGATGCAGCAACGCCGCGTGAGTGATGAAGGTCTTCGGATTGTAAAACTCTGTCTTTGGGGACGATAATGACGGTACCCAAGGAGGAAGCCACGGCTAACTACGTGCCAGCAGCCGCGGTAATACGTAGGTGGCAAGCGTTGTCCGGATTTACTGGGCGTAAAGGGAGCGTAGGTGGATATTTAAGTGGGATGTGAAATACTCGGGCTTAACCTGAGTGCTGCATTCCAAACTGGATATCTAGAGTGCAGGAGAGGAAAGTGGAATTCCTAGTGTAGCGGTGAAATGCGTAGATATTAGGAAGAACACCAGTGGCGAAGGCGACTTTCTGGACTGTAACTGACACTGAGGCTCGAAAGCGTGGGGAGCGAACAGGATTAGATACCCTGGTAGTCCACGCCGTAAACGATGAATACTAGGTGTAGGAGCTGTCATGGCTTCTGTGCCGCCGCTAACGCATTAAGTATTCCGCCTGGGGAGTACGGTCGCAAGATTAAAACTCAAAGGAATTGACGGGGGCCCGCACAAGCAGCGGAGCATGTGGTTTAATTCGAAGCAACGCGAAGAACCTTACCTAGACTTGACATCTCCTGAATTACTCTTAATCGAGGAAGTCGCTTCGGCGACAGGAAGACAGGTGGTGCATGGTTGTCGTCAGCTCGTGTCGTGAGATGTTGGGTTAAGTCCCGCAACGAGCGCAACCCTTATTGTTAGTTGCTACCATTTAGTTGAGCACTCTAGCGAGACTGCCGTGGTTAACGCGGAGGAAGGTGGGGATGACGTCAAATCATCATGCCCCTTATGTCTAGGGCTACACACGTGCTACAATGGCTGGTACAAAGAGATGCAATACCGCGAGGTGGAGCTAAACTATAAAACCAGTCTCAGTTCGGATTGTAGGCTGAAACTCGCCTACATGAAGCTGGAGTTGCTAGTAATCGCGAATCAGAATGTCGCGGTGAATACGTTCCCGGGCCTTGTACACACCGCCCGTCACACCATGAGAGTTGGCAATACCCAAAGTTCGTGAGCTAACCCGTAAGGGAGGCAGCGACCTAAGGTAGGGTCAGCGATTGGGGTGAAGTCGTAACAAGGT
1,610F,phaC,1966,Clinical,Salmon,HC,47.4438753,-120.8452161,USA,Columbia	GROUP2_cbot_ATCC9564_L37592	2163679	1463	1463	1460	99.79	2	1	787399	788861	reversed to plus	ATCCTGGCTCAGGACGAACGCTGGCGGCGTGCCTAACACATGCAAGTCGAGCGATGAAGCTTCTTCGGAAGTGGATTAGCGGCGGACGGGTGAGTAACACGTGGGCAACCTGCCTCATAGAGAGGGATAGCCTTTCGAAAGGAAGATTAATACCTCATAAGATTGTAGTTTCGCATGAAACGGCAATAAAAGGAGCAATCCGCTATGAGATGGGCCCGCGTCGCATTAGCTAGTTGGTAAGGTAATGGCTTACCAAGGCGACGATGCGTAGCCGACCTGAGAGGGTGATCGGCCACATTGGGACTGAGACACGGCCCAGACTCCTACGGGAGGCAGCAGTGGGGAATATTGCACAATGGGGGAAACCCTGATGCAGCAACGCCGCGTGAGTGATGAAGGTCTTCGGATTGTAAAACTCTGTCTTTGGGGACGATAATGACGGTACCCAAGGAGGAAGCCACGGCTAACTACGTGCCAGCAGCCGCGGTAATACGTAGGTGGCAAGCGTTGTCCGGATTTACTGGGCGTAAAGGGAGCGTAGGTGGATATTTAAGTGGGATGTGAAATACTTGGGCTTAACCTGAGTGCTGCATTCCAAACTGGATATCTAGAGTGCAGGAGAGGAAAGTGGAATTCCTAGTGTAGCGGTGAAATGCGTAGATATTAGGAAGAACACCAGTGGCGAAGGCGACTTTCTGGACTGTAACTGACACTGAGGCTCGAAAGCGTGGGGAGCGAACAGGATTAGATACCCTGGTAGTCCACGCCGTAAACGATGAATACTAGGTGTAGGAGCTGTCATGGCTTCTGTGCCGCCGCTAACGCATTAAGTATTCCGCCTGGGGAGTACGGTCGCAAGATTAAAACTCAAAGGAATTGACGGGGGCCCGCACAAGCAGCGGAGCATGTGGTTTAATTCGAAGCAACGCGAAGAACCTTACCTAGACTTGACATCTCCTGAATTACTCTTAATCGAGGAAGTCGCTTCGGCGACAGGAAGACAGGTGGTGCATGGTTGTCGTCAGCTCGTGTCGTGAGATGTTGGGTTAAGTCCCGCAACGAGCGCAACCCTTATTGTTAGTTGCTACCATTTAGTTGAGCACTCTAGCGAGACTGCCGTGGTTAACGCGGAGGAAGGTGGGGATGACGTCAAATCATCATGCCCCTTATGTCTAGGGCTACACACGTGCTACAATGGCTGGTACAAAGAGATGCAATACCGCGAGGTGGAGCTAAACTATAAAACCAGTCTCAGTTCGGATTGTAGGCTGAAACTCGCCTACATGAAGCTGGAGTTGCTAGTAATCGCGAATCAGAATGTCGCGGTGAATACGTTCCCGGGCCTTGTACACACCGCCCGTCACACCATGAGAGTTGGCAATACCCAAAGTTCGTGAGCTAACCCGTAAGGGAGGCAGCGACCTAAGGTAGGGTCAGCGATTGGGGTGAAGTCGTAACAAGGT
1,610F,phaC,1966,Clinical,Salmon,HC,47.4438753,-120.8452161,USA,Columbia	GROUP2_cbot_ATCC9564_L37592	2163679	1463	1463	1460	99.79	2	1	781331	782793	reversed to plus	ATCCTGGCTCAGGACGAACGCTGGCGGCGTGCCTAACACATGCAAGTCGAGCGATGAAGCTTCTTCGGAAGTGGATTAGCGGCGGACGGGTGAGTAACACGTGGGCAACCTGCCTCATAGAGAGGGATAGCCTTTCGAAAGGAAGATTAATACCTCATAAGATTGTAGTTTCGCATGAAACGGCAATAAAAGGAGTAATCCGCTATGAGATGGGCCCGCGTCGCATTAGCTAGTTGGTAAGGTAATGGCTTACCAAGGCGACGATGCGTAGCCGACCTGAGAGGGTGATCGGCCACATTGGGACTGAGACACGGCCCAGACTCCTACGGGAGGCAGCAGTGGGGAATATTGCACAATGGGGGAAACCCTGATGCAGCAACGCCGCGTGAGTGATGAAGGTCTTCGGATTGTAAAACTCTGTCTTTGGGGACGATAATGACGGTACCCAAGGAGGAAGCCACGGCTAACTACGTGCCAGCAGCCGCGGTAATACGTAGGTGGCAAGCGTTGTCCGGATTTACTGGGCGTAAAGGGAGCGTAGGTGGATATTTAAGTGGGATGTGAAATACTCGGGCTTAACCTGAGTGCTGCATTCCAAACTGGATATCTAGAGTGCAGGAGAGGAAAGTGGAATTCCTAGTGTAGCGGTGAAATGCGTAGATATTAGGAAGAACACCAGTGGCGAAGGCGACTTTCTGGACTGTAACTGACACTGAGGCTCGAAAGCGTGGGGAGCGAACAGGATTAGATACCCTGGTAGTCCACGCCGTAAACGATGAATACTAGGTGTAGGAGCTGTCATGGCTTCTGTGCCGCCGCTAACGCATTAAGTATTCCGCCTGGGGAGTACGGTCGCAAGATTAAAACTCAAAGGAATTGACGGGGGCCCGCACAAGCAGCGGAGCATGTGGTTTAATTCGAAGCAACGCGAAGAACCTTACCTAGACTTGACATCTCCTGAATTACTCTTAATCGAGGAAGTCGCTTCGGCGACAGGAAGACAGGTGGTGCATGGTTGTCGTCAGCTCGTGTCGTGAGATGTTGGGTTAAGTCCCGCAACGAGCGCAACCCTTATTGTTAGTTGCTACCATTTAGTTGAGCACTCTAGCGAGACTGCCGTGGTTAACGCGGAGGAAGGTGGGGATGACGTCAAATCATCATGCCCCTTATGTCTAGGGCTACACACGTGCTACAATGGCTGGTACAAAGAGATGCAATACCGCGAGGTGGAGCTAAACTATAAAACCAGTCTCAGTTCGGATTGTAGGCTGAAACTCGCCTACATGAAGCTGGAGTTGCTAGTAATCGCGAATCAGAATGTCGCGGTGAATACGTTCCCGGGCCTTGTACACACCGCCCGTCACACCATGAGAGTTGGCAATACCCAAAGTTCGTGAGCTAACCCGTAAGGGAGGCAGCGACCTAAGGTAGGGTCAGCGATTGGGGTGAAGTCGTAACAAGGT
1,610F,phaC,1966,Clinical,Salmon,HC,47.4438753,-120.8452161,USA,Columbia	GROUP2_cbot_ATCC9564_L37592	2163679	1463	1463	1460	99.79	2	1	715449	716911	reversed to plus	ATCCTGGCTCAGGACGAACGCTGGCGGCGTGCCTAACACATGCAAGTCGAGCGATGAAGCTTCTTCGGAAGTGGATTAGCGGCGGACGGGTGAGTAACACGTGGGCAACCTGCCTCATAGAGAGGGATAGCCTTTCGAAAGGAAGATTAATACCTCATAAGATTGTAGTTTCGCATGAAACGGCAATAAAAGGAGCAATCCGCTATGAGATGGGCCCGCGTCGCATTAGCTAGTTGGTAAGGTAATGGCTTACCAAGGCGACGATGCGTAGCCGACCTGAGAGGGTGATCGGCCACATTGGGACTGAGACACGGCCCAGACTCCTACGGGAGGCAGCAGTGGGGAATATTGCACAATGGGGGAAACCCTGATGCAGCAACGCCGCGTGAGTGATGAAGGTCTTCGGATTGTAAAACTCTGTCTTTGGGGACGATAATGACGGTACCCAAGGAGGAAGCCACGGCTAACTACGTGCCAGCAGCCGCGGTAATACGTAGGTGGCAAGCGTTGTCCGGATTTACTGGGCGTAAAGGGAGCGTAGGTGGATATTTAAGTGGGATGTGAAATACTCGGGCTTAACCTGAGTGCTGCATTCCAAACTGGATATCTAGAGTGCAGGAGAGGAAAGTGGAATTCCTAGTGTAGCGGTGAAATGCGTAGATATTAGGAAGAACACCAGTGGCGAAGGCGACTTTCTGGACTGTAACTGACACTGAGGCTCGAAAGCGTGGGGAGCGAACAGGATTAGATACCCTGGTAGTCCACGCCGTAAACGATGAATACTAGGTGTAGGAGCTGTCATGGCTTCTGTGCCGCCGCTAACGCATTAAGTATTCCGCCTGGGGAGTACGGTCGCAAGATTAAAACTCAAAGGAATTGACGGGGGCCCGCACAAGCAGCGGAGCATGTGGTTTAATTCGAAGCAACGCGAAGAACCTTACCTAGACTTGACATCTCCTGAATTACTCTTAATCGAGGAAGTCACTTCGGTGACAGGAAGACAGGTGGTGCATGGTTGTCGTCAGCTCGTGTCGTGAGATGTTGGGTTAAGTCCCGCAACGAGCGCAACCCTTATTGTTAGTTGCTACCATTTAGTTGAGCACTCTAGCGAGACTGCCGTGGTTAACGCGGAGGAAGGTGGGGATGACGTCAAATCATCATGCCCCTTATGTCTAGGGCTACACACGTGCTACAATGGCTGGTACAAAGAGATGCAATACCGCGAGGTGGAGCTAAACTATAAAACCAGTCTCAGTTCGGATTGTAGGCTGAAACTCGCCTACATGAAGCTGGAGTTGCTAGTAATCGCGAATCAGAATGTCGCGGTGAATACGTTCCCGGGCCTTGTACACACCGCCCGTCACACCATGAGAGTTGGCAATACCCAAAGTTCGTGAGCTAACCCGTAAGGGAGGCAGCGACCTAAGGTAGGGTCAGCGATTGGGGTGAAGTCGTAACAAGGT
1,610F,phaC,1966,Clinical,Salmon,HC,47.4438753,-120.8452161,USA,Columbia	GROUP2_cbot_ATCC9564_L37592	2163679	1463	1463	1460	99.79	2	1	698568	700030	reversed to plus	ATCCTGGCTCAGGACGAACGCTGGCGGCGTGCCTAACACATGCAAGTCGAGCGATGAAGCTTCTTCGGAAGTGGATTAGCGGCGGACGGGTGAGTAACACGTGGGCAACCTGCCTCATAGAGAGGGATAGCCTTTCGAAAGGAAGATTAATACCTCATAAGATTGTAGTTTCGCATGAAACGGCAATAAAAGGAGCAATCCGCTATGAGATGGGCCCGCGTCGCATTAGCTAGTTGGTAAGGTAATGGCTTACCAAGGCGACGATGCGTAGCCGACCTGAGAGGGTGATCGGCCACATTGGGACTGAGACACGGCCCAGACTCCTACGGGAGGCAGCAGTGGGGAATATTGCACAATGGGGGAAACCCTGATGCAGCAACGCCGCGTGAGTGATGAAGGTCTTCGGATTGTAAAACTCTGTCTTTGGGGACGATAATGACGGTACCCAAGGAGGAAGCCACGGCTAACTACGTGCCAGCAGCCGCGGTAATACGTAGGTGGCAAGCGTTGTCCGGATTTACTGGGCGTAAAGGGAGCGTAGGTGGATATTTAAGTGGGATGTGAAATACTCGGGCTTAACCTGAGTGCTGCATTCCAAACTGGATATCTAGAGTGCAGGAGAGGAAAGTGGAATTCCTAGTGTAGCGGTGAAATGCGTAGATATTAGGAAGAACACCAGTGGCGAAGGCGACTTTCTGGACTGTAACTGACACTGAGGCTCGAAAGCGTGGGGAGCGAACAGGATTAGATACCCTGGTAGTCCACGCCGTAAACGATGAATACTAGGTGTAGGAGCTGTCATGGCTTCTGTGCCGCCGCTAACGCATTAAGTATTCCGCCTGGGGAGTACGGTCGCAAGATTAAAACTCAAAGGAATTGACGGGGGCCCGCACAAGCAGCGGAGCATGTGGTTTAATTCGAAGCAACGCGAAGAACCTTACCTAGACTTGACATCTCCTGAATTACTCTTAATCGAGGAAGTCACTTCGGTGACAGGAAGACAGGTGGTGCATGGTTGTCGTCAGCTCGTGTCGTGAGATGTTGGGTTAAGTCCCGCAACGAGCGCAACCCTTATTGTTAGTTGCTACCATTTAGTTGAGCACTCTAGCGAGACTGCCGTGGTTAACGCGGAGGAAGGTGGGGATGACGTCAAATCATCATGCCCCTTATGTCTAGGGCTACACACGTGCTACAATGGCTGGTACAAAGAGATGCAATACCGCGAGGTGGAGCTAAACTATAAAACCAGTCTCAGTTCGGATTGTAGGCTGAAACTCGCCTACATGAAGCTGGAGTTGCTAGTAATCGCGAATCAGAATGTCGCGGTGAATACGTTCCCGGGCCTTGTACACACCGCCCGTCACACCATGAGAGTTGGCAATACCCAAAGTTCGTGAGCTAACCCGTAAGGGAGGCAGCGACCTAAGGTAGGGTCAGCGATTGGGGTGAAGTCGTAACAAGGT
1,610F,phaC,1966,Clinical,Salmon,HC,47.4438753,-120.8452161,USA,Columbia	GROUP2_cbot_ATCC9564_L37592	2163679	1463	1463	1459	99.73	3	1	806666	808128	reversed to plus	ATCCTGGCTCAGGACGAACGCTGGCGGCGTGCCTAACACATGCAAGTCGAGCGATGAAGCTTCTTCGGAAGTGGATTAGCGGCGGACGGGTGAGTAACACGTGGGCAACCTGCCTCATAGAGAGGGATAGCCTTTCGAAAGGAAGATTAATACCTCATAAGATTGTAGTTTCGCATGAAACGGCAATAAAAGGAGTAATCCGCTATGAGATGGGCCCGCGTCGCATTAGCTAGTTGGTAAGGTAATGGCTTACCAAGGCGACGATGCGTAGCCGACCTGAGAGGGTGATCGGCCACATTGGGACTGAGACACGGCCCAGACTCCTACGGGAGGCAGCAGTGGGGAATATTGCACAATGGGGGAAACCCTGATGCAGCAACGCCGCGTGAGTGATGAAGGTCTTCGGATTGTAAAACTCTGTCTTTGGGGACGATAATGACGGTACCCAAGGAGGAAGCCACGGCTAACTACGTGCCAGCAGCCGCGGTAATACGTAGGTGGCAAGCGTTGTCCGGATTTACTGGGCGTAAAGGGAGCGTAGGTGGATATTTAAGTGGGATGTGAAATACTCGGGCTTAACCTGAGTGCTGCATTCCAAACTGGATATCTAGAGTGCAGGAGAGGAAAGTGGAATTCCTAGTGTAGCGGTGAAATGCGTAGATATTAGGAAGAACACCAGTGGCGAAGGCGACTTTCTGGACTGTAACTGACACTGAGGCTCGAAAGCGTGGGGAGCGAACAGGATTAGATACCCTGGTAGTCCACGCCGTAAACGATGAATACTAGGTGTAGGAGCTGTCATGGCTTCTGTGCCGCCGCTAACGCATTAAGTATTCCGCCTGGGGAGTACGGTCGCAAGATTAAAACTCAAAGGAATTGACGGGGGCCCGCACAAGCAGCGGAGCATGTGGTTTAATTCGAAGCAACGCGAAGAACCTTACCTAGACTTGACATCTCCTGAATTACTCTTAATCGAGGAAGTCGCTTCGGCGACAGGAAGACAGGTGGTGCATGGTTGTCGTCAGCTCGTGTCGTGAGATGTTGGGTTAAGTCCCGCAACGAGCGCAACCCTTATTGTTAGTTGCTACCATTTAGTTGAGCACTCTAGCGAGACTGCCGTGGTTAACGCGGAGGAAGGTGGGGATGACGTCAAATCATCATGCCCCTTATGTCTAGGGCTACACACGTGCTACAATGGCTGGTACAAAGAGATGCAATACCGTGAGGTGGAGCTAAACTATAAAACCAGTCTCAGTTCGGATTGTAGGCTGAAACTCGCCTACATGAAGCTGGAGTTGCTAGTAATCGCGAATCAGAATGTCGCGGTGAATACGTTCCCGGGCCTTGTACACACCGCCCGTCACACCATGAGAGTTGGCAATACCCAAAGTTCGTGAGCTAACCCGTAAGGGAGGCAGCGACCTAAGGTAGGGTCAGCGATTGGGGTGAAGTCGTAACAAGGT
1,610F,phaC,1966,Clinical,Salmon,HC,47.4438753,-120.8452161,USA,Columbia	GROUP2_cbot_ATCC9564_L37592	2163679	1463	1463	1458	99.66	4	1	1102717	1104179	plus	ATCCTGGCTCAGGACGAACGCTGGCGGCGTGCCTAACACATGCAAGTCGAGCGATGAAGCTTTTTCGGAAGCGGATTAGCGGCGGACGGGTGAGTAACACGTGGGCAACCTGCCTCATAGAGAGGGATAGCCTTTCGAAAGGAAGATTAATACCTCATAAGATTGTAGTTTCGCATGAAACGGCAATAAAAGGAGCAATCCGCTATGAGATGGGCCCGCGTCGCATTAGCTAGTTGGTAAGGTAATGGCTTACCAAGGCGACGATGCGTAGCCGACCTGAGAGGGTGATCGGCCACATTGGGACTGAGACACGGCCCAGACTCCTACGGGAGGCAGCAGTGGGGAATATTGCACAATGGGGGAAACCCTGATGCAGCAACGCCGCGTGAGTGATGAAGGTCTTCGGATTGTAAAACTCTGTCTTTGGGGACGATAATGACGGTACCCAAGGAGGAAGCCACGGCTAACTACGTGCCAGCAGCCGCGGTAATACGTAGGTGGCAAGCGTTGTCCGGATTTACTGGGCGTAAAGGGAGCGTAGGTGGATATTTAAGTGGGATGTGAAATACTCGGGCTTAACCTGAGTGCTGCATTCCAAACTGGATATCTAGAGTGCAGGAGAGGAAAGTGGAATTCCTAGTGTAGCGGTGAAATGCGTAGATATTAGGAAGAACACCAGTGGCGAAGGCGACTTTCTGGACTGTAACTGACACTGAGGCTCGAAAGCGTGGGGAGCGAACAGGATTAGATACCCTGGTAGTCCACGCCGTAAACGATGAATACTAGGTGTAGGAGCTGTCATGGCTTCTGTGCCGCCGCTAACGCATTAAGTATTCCGCCTGGGGAGTACGGTCGCAAGATTAAAACTCAAAGGAATTGACGGGGGCCCGCACAAGCAGCGGAGCATGTGGTTTAATTCGAAGCAACGCGAAGAACCTTACCTAGACTTGACATCTCCTGAATTACTCTTAATCGAGGAAGTCGCTTCGGCGACAGGAAGACAGGTGGTGCATGGTTGTCGTCAGCTCGTGTCGTGAGATGTTGGGTTAAGTCCCGCAACGAGCGCAACCCTTATTGTTAGTTGCTACCATTTAGTTGAGCACTCTAGCGAGACTGCCGTGGTTAACGCGGAGGAAGGTGGGGATGACGTCAAATCATCATGCCCCTTATGTCTAGGGCTACACACGTGCTACAATGGCTGGTACAAAGAGATGCAATACCGCGAGGTGGAGCTAAACTATAAAACCAGTCTCAGTTCGGATTGTAGGCTGAAACTCGCCTACATGAAGCTGGAGTTGCTAGTAATCGCGAATCAGAATGTCGCGGTGAATACGTTCCCGGGCCTTGTACACACCGCCCGTCACACCATGAGAGTTGGCAATACCCAAAGTTCGTGAGCTAACCCGTAAGGGAGGCAGCGACCTAAGGTAGGGTCAGCAATTGGGGTGAAGTCGTAACAAGGT

1,610F,phaC,1966,Clinical,Salmon,HC,47.4438753,-120.8452161,USA,Columbia	GROUP2_cbot_E538_JN617079	2163679	1356	1356	1356	100.00	0	0	912371	913726	plus	GTCGAGCGATGAAGCTTCTTCGGAAGTGGATTAGCGGCGGACGGGTGAGTAACACGTGGGCAACCTGCCTCATAGAGAGGGATAGCCTTTCGAAAGGAAGATTAATACCTCATAAGATTGTAGTTTCGCATGAAACGGCAATAAAAGGAGCAATCCGCTATGAGATGGGCCCGCGTCGCATTAGCTAGTTGGTAAGGTAATGGCTTACCAAGGCGACGATGCGTAGCCGACCTGAGAGGGTGATCGGCCACATTGGGACTGAGACACGGCCCAGACTCCTACGGGAGGCAGCAGTGGGGAATATTGCACAATGGGGGAAACCCTGATGCAGCAACGCCGCGTGAGTGATGAAGGTCTTCGGATTGTAAAACTCTGTCTTTGGGGACGATAATGACGGTACCCAAGGAGGAAGCCACGGCTAACTACGTGCCAGCAGCCGCGGTAATACGTAGGTGGCAAGCGTTGTCCGGATTTACTGGGCGTAAAGGGAGCGTAGGTGGATATTTAAGTGGGATGTGAAATACTCGGGCTTAACCTGAGTGCTGCATTCCAAACTGGATATCTAGAGTGCAGGAGAGGAAAGTGGAATTCCTAGTGTAGCGGTGAAATGCGTAGATATTAGGAAGAACACCAGTGGCGAAGGCGACTTTCTGGACTGTAACTGACACTGAGGCTCGAAAGCGTGGGGAGCGAACAGGATTAGATACCCTGGTAGTCCACGCCGTAAACGATGAATACTAGGTGTAGGAGCTGTCATGGCTTCTGTGCCGCCGCTAACGCATTAAGTATTCCGCCTGGGGAGTACGGTCGCAAGATTAAAACTCAAAGGAATTGACGGGGGCCCGCACAAGCAGCGGAGCATGTGGTTTAATTCGAAGCAACGCGAAGAACCTTACCTAGACTTGACATCTCCTGAATTACTCTTAATCGAGGAAGTCGCTTCGGCGACAGGAAGACAGGTGGTGCATGGTTGTCGTCAGCTCGTGTCGTGAGATGTTGGGTTAAGTCCCGCAACGAGCGCAACCCTTATTGTTAGTTGCTACCATTTAGTTGAGCACTCTAGCGAGACTGCCGTGGTTAACGCGGAGGAAGGTGGGGATGACGTCAAATCATCATGCCCCTTATGTCTAGGGCTACACACGTGCTACAATGGCTGGTACAAAGAGATGCAATACCGCGAGGTGGAGCTAAACTATAAAACCAGTCTCAGTTCGGATTGTAGGCTGAAACTCGCCTACATGAAGCTGGAGTTGCTAGTAATCGCGAATCAGAATGTCGCGGTGAATACGTTCCCGGGCCTTGTACACACCGCCCGTCACACCATGAGAGTTGGCAATACCCAAAGTTCGTGAGCTA

1,610F,phaC,1966,Clinical,Salmon,HC,47.4438753,-120.8452161,USA,Columbia	GROUP2_cbot_E538_JN617079	2163679	1356	1356	1356	100.00	0	0	794357	795712	reversed to plus	GTCGAGCGATGAAGCTTCTTCGGAAGTGGATTAGCGGCGGACGGGTGAGTAACACGTGGGCAACCTGCCTCATAGAGAGGGATAGCCTTTCGAAAGGAAGATTAATACCTCATAAGATTGTAGTTTCGCATGAAACGGCAATAAAAGGAGCAATCCGCTATGAGATGGGCCCGCGTCGCATTAGCTAGTTGGTAAGGTAATGGCTTACCAAGGCGACGATGCGTAGCCGACCTGAGAGGGTGATCGGCCACATTGGGACTGAGACACGGCCCAGACTCCTACGGGAGGCAGCAGTGGGGAATATTGCACAATGGGGGAAACCCTGATGCAGCAACGCCGCGTGAGTGATGAAGGTCTTCGGATTGTAAAACTCTGTCTTTGGGGACGATAATGACGGTACCCAAGGAGGAAGCCACGGCTAACTACGTGCCAGCAGCCGCGGTAATACGTAGGTGGCAAGCGTTGTCCGGATTTACTGGGCGTAAAGGGAGCGTAGGTGGATATTTAAGTGGGATGTGAAATACTCGGGCTTAACCTGAGTGCTGCATTCCAAACTGGATATCTAGAGTGCAGGAGAGGAAAGTGGAATTCCTAGTGTAGCGGTGAAATGCGTAGATATTAGGAAGAACACCAGTGGCGAAGGCGACTTTCTGGACTGTAACTGACACTGAGGCTCGAAAGCGTGGGGAGCGAACAGGATTAGATACCCTGGTAGTCCACGCCGTAAACGATGAATACTAGGTGTAGGAGCTGTCATGGCTTCTGTGCCGCCGCTAACGCATTAAGTATTCCGCCTGGGGAGTACGGTCGCAAGATTAAAACTCAAAGGAATTGACGGGGGCCCGCACAAGCAGCGGAGCATGTGGTTTAATTCGAAGCAACGCGAAGAACCTTACCTAGACTTGACATCTCCTGAATTACTCTTAATCGAGGAAGTCGCTTCGGCGACAGGAAGACAGGTGGTGCATGGTTGTCGTCAGCTCGTGTCGTGAGATGTTGGGTTAAGTCCCGCAACGAGCGCAACCCTTATTGTTAGTTGCTACCATTTAGTTGAGCACTCTAGCGAGACTGCCGTGGTTAACGCGGAGGAAGGTGGGGATGACGTCAAATCATCATGCCCCTTATGTCTAGGGCTACACACGTGCTACAATGGCTGGTACAAAGAGATGCAATACCGCGAGGTGGAGCTAAACTATAAAACCAGTCTCAGTTCGGATTGTAGGCTGAAACTCGCCTACATGAAGCTGGAGTTGCTAGTAATCGCGAATCAGAATGTCGCGGTGAATACGTTCCCGGGCCTTGTACACACCGCCCGTCACACCATGAGAGTTGGCAATACCCAAAGTTCGTGAGCTA
1,610F,phaC,1966,Clinical,Salmon,HC,47.4438753,-120.8452161,USA,Columbia	GROUP2_cbot_E538_JN617079	2163679	1356	1356	1355	99.93	1	0	1341721	1343076	plus	GTCGAGCGATGAAGCTTCTTCGGAAGTGGATTAGCGGCGGACGGGTGAGTAACACGTGGGCAACCTGCCTCATAGAGAGGGATAGCCTTTCGAAAGGAAGATTAATACCTCATAAGATTGTAGTTTCGCATGAAACGGCAATAAAAGGAGCAATCCGCTATGAGATGGGCCCGCGTCGCATTAGCTAGTTGGTAAGGTAATGGCTTACCAAGGCGACGATGCGTAGCCGACCTGAGAGGGTGATCGGCCACATTGGGACTGAGACACGGCCCAGACTCCTACGGGAGGCAGCAGTGGGGAATATTGCACAATGGGGGAAACCCTGATGCAGCAACGCCGCGTGAGTGATGAAGGTCTTCGGATTGTAAAACTCTGTCTTTGGGGACGATAATGACGGTACCCAAGGAGGAAGCCACGGCTAACTACGTGCCAGCAGCCGCGGTAATACGTAGGTGGCAAGCGTTGTCCGGATTTACTGGGCGTAAAGGGAGCGTAGGTGGATATTTAAGTGGGATGTGAAATACTCGGGCTTAACCTGAGTGCTGCATTCCAAACTGGATATCTAGAGTGCAGGAGAGGAAAGTGGAATTCCTAGTGTAGCGGTGAAATGCGTAGATATTAGGAAGAACACCAGTGGCGAAGGCGACTTTCTGGACTGTAACTGACACTGAGGCTCGAAAGCGTGGGGAGCGAACAGGATTAGATACCCTGGTAGTCCACGCCGTAAACGATGAATACTAGGTGTAGGAGCTGTCATGGCTTCTGTGCCGCCGCTAACGCATTAAGTATTCCGCCTGGGGAGTACGGTCGCAAGATTAAAACTCAAAGGAATTGACGGGGGCCCGCACAAGCAGCGGAGCATGTGGTTTAATTCGAAGCAACGCGAAGAACCTTACCTAGACTTGACATCTCCTGAATTACTCTTAATCGAGGAAGTCGCTTCGGCGACAGGAAGACAGGTGGTGCATGGTTGTCGTCAGCTCGTGTCGTGAGATGTTGGGTTAAGTCCCGCAACGAGCGCAACCCTTATTGTTAGTTGCTACCATTTAGTTGAGCACTCTAGCGAGACTGCCGTGGTTAACGCGGAGGAAGGTGGGGATGACGTCAAATCATCATGCCCCTTATGTCTAGGGCTACACACGTGCTACAATGGCTGGTACAAAGAGGTGCAATACCGCGAGGTGGAGCTAAACTATAAAACCAGTCTCAGTTCGGATTGTAGGCTGAAACTCGCCTACATGAAGCTGGAGTTGCTAGTAATCGCGAATCAGAATGTCGCGGTGAATACGTTCCCGGGCCTTGTACACACCGCCCGTCACACCATGAGAGTTGGCAATACCCAAAGTTCGTGAGCTA

1,610F,phaC,1966,Clinical,Salmon,HC,47.4438753,-120.8452161,USA,Columbia	GROUP2_cbot_E538_JN617079	2163679	1356	1356	1355	99.93	1	0	800563	801918	reversed to plus	GTCGAGCGATGAAGCTTCTTCGGAAGTGGATTAGCGGCGGACGGGTGAGTAACACGTGGGCAACCTGCCTCATAGAGAGGGATAGCCTTTCGAAAGGAAGATTAATACCTCATAAGATTGTAGTTTCGCATGAAACGGCAATAAAAGGAGTAATCCGCTATGAGATGGGCCCGCGTCGCATTAGCTAGTTGGTAAGGTAATGGCTTACCAAGGCGACGATGCGTAGCCGACCTGAGAGGGTGATCGGCCACATTGGGACTGAGACACGGCCCAGACTCCTACGGGAGGCAGCAGTGGGGAATATTGCACAATGGGGGAAACCCTGATGCAGCAACGCCGCGTGAGTGATGAAGGTCTTCGGATTGTAAAACTCTGTCTTTGGGGACGATAATGACGGTACCCAAGGAGGAAGCCACGGCTAACTACGTGCCAGCAGCCGCGGTAATACGTAGGTGGCAAGCGTTGTCCGGATTTACTGGGCGTAAAGGGAGCGTAGGTGGATATTTAAGTGGGATGTGAAATACTCGGGCTTAACCTGAGTGCTGCATTCCAAACTGGATATCTAGAGTGCAGGAGAGGAAAGTGGAATTCCTAGTGTAGCGGTGAAATGCGTAGATATTAGGAAGAACACCAGTGGCGAAGGCGACTTTCTGGACTGTAACTGACACTGAGGCTCGAAAGCGTGGGGAGCGAACAGGATTAGATACCCTGGTAGTCCACGCCGTAAACGATGAATACTAGGTGTAGGAGCTGTCATGGCTTCTGTGCCGCCGCTAACGCATTAAGTATTCCGCCTGGGGAGTACGGTCGCAAGATTAAAACTCAAAGGAATTGACGGGGGCCCGCACAAGCAGCGGAGCATGTGGTTTAATTCGAAGCAACGCGAAGAACCTTACCTAGACTTGACATCTCCTGAATTACTCTTAATCGAGGAAGTCGCTTCGGCGACAGGAAGACAGGTGGTGCATGGTTGTCGTCAGCTCGTGTCGTGAGATGTTGGGTTAAGTCCCGCAACGAGCGCAACCCTTATTGTTAGTTGCTACCATTTAGTTGAGCACTCTAGCGAGACTGCCGTGGTTAACGCGGAGGAAGGTGGGGATGACGTCAAATCATCATGCCCCTTATGTCTAGGGCTACACACGTGCTACAATGGCTGGTACAAAGAGATGCAATACCGCGAGGTGGAGCTAAACTATAAAACCAGTCTCAGTTCGGATTGTAGGCTGAAACTCGCCTACATGAAGCTGGAGTTGCTAGTAATCGCGAATCAGAATGTCGCGGTGAATACGTTCCCGGGCCTTGTACACACCGCCCGTCACACCATGAGAGTTGGCAATACCCAAAGTTCGTGAGCTA
1,610F,phaC,1966,Clinical,Salmon,HC,47.4438753,-120.8452161,USA,Columbia	GROUP2_cbot_E538_JN617079	2163679	1356	1356	1355	99.93	1	0	787461	788816	reversed to plus	GTCGAGCGATGAAGCTTCTTCGGAAGTGGATTAGCGGCGGACGGGTGAGTAACACGTGGGCAACCTGCCTCATAGAGAGGGATAGCCTTTCGAAAGGAAGATTAATACCTCATAAGATTGTAGTTTCGCATGAAACGGCAATAAAAGGAGCAATCCGCTATGAGATGGGCCCGCGTCGCATTAGCTAGTTGGTAAGGTAATGGCTTACCAAGGCGACGATGCGTAGCCGACCTGAGAGGGTGATCGGCCACATTGGGACTGAGACACGGCCCAGACTCCTACGGGAGGCAGCAGTGGGGAATATTGCACAATGGGGGAAACCCTGATGCAGCAACGCCGCGTGAGTGATGAAGGTCTTCGGATTGTAAAACTCTGTCTTTGGGGACGATAATGACGGTACCCAAGGAGGAAGCCACGGCTAACTACGTGCCAGCAGCCGCGGTAATACGTAGGTGGCAAGCGTTGTCCGGATTTACTGGGCGTAAAGGGAGCGTAGGTGGATATTTAAGTGGGATGTGAAATACTTGGGCTTAACCTGAGTGCTGCATTCCAAACTGGATATCTAGAGTGCAGGAGAGGAAAGTGGAATTCCTAGTGTAGCGGTGAAATGCGTAGATATTAGGAAGAACACCAGTGGCGAAGGCGACTTTCTGGACTGTAACTGACACTGAGGCTCGAAAGCGTGGGGAGCGAACAGGATTAGATACCCTGGTAGTCCACGCCGTAAACGATGAATACTAGGTGTAGGAGCTGTCATGGCTTCTGTGCCGCCGCTAACGCATTAAGTATTCCGCCTGGGGAGTACGGTCGCAAGATTAAAACTCAAAGGAATTGACGGGGGCCCGCACAAGCAGCGGAGCATGTGGTTTAATTCGAAGCAACGCGAAGAACCTTACCTAGACTTGACATCTCCTGAATTACTCTTAATCGAGGAAGTCGCTTCGGCGACAGGAAGACAGGTGGTGCATGGTTGTCGTCAGCTCGTGTCGTGAGATGTTGGGTTAAGTCCCGCAACGAGCGCAACCCTTATTGTTAGTTGCTACCATTTAGTTGAGCACTCTAGCGAGACTGCCGTGGTTAACGCGGAGGAAGGTGGGGATGACGTCAAATCATCATGCCCCTTATGTCTAGGGCTACACACGTGCTACAATGGCTGGTACAAAGAGATGCAATACCGCGAGGTGGAGCTAAACTATAAAACCAGTCTCAGTTCGGATTGTAGGCTGAAACTCGCCTACATGAAGCTGGAGTTGCTAGTAATCGCGAATCAGAATGTCGCGGTGAATACGTTCCCGGGCCTTGTACACACCGCCCGTCACACCATGAGAGTTGGCAATACCCAAAGTTCGTGAGCTA
1,610F,phaC,1966,Clinical,Salmon,HC,47.4438753,-120.8452161,USA,Columbia	GROUP2_cbot_E538_JN617079	2163679	1356	1356	1355	99.93	1	0	781393	782748	reversed to plus	GTCGAGCGATGAAGCTTCTTCGGAAGTGGATTAGCGGCGGACGGGTGAGTAACACGTGGGCAACCTGCCTCATAGAGAGGGATAGCCTTTCGAAAGGAAGATTAATACCTCATAAGATTGTAGTTTCGCATGAAACGGCAATAAAAGGAGTAATCCGCTATGAGATGGGCCCGCGTCGCATTAGCTAGTTGGTAAGGTAATGGCTTACCAAGGCGACGATGCGTAGCCGACCTGAGAGGGTGATCGGCCACATTGGGACTGAGACACGGCCCAGACTCCTACGGGAGGCAGCAGTGGGGAATATTGCACAATGGGGGAAACCCTGATGCAGCAACGCCGCGTGAGTGATGAAGGTCTTCGGATTGTAAAACTCTGTCTTTGGGGACGATAATGACGGTACCCAAGGAGGAAGCCACGGCTAACTACGTGCCAGCAGCCGCGGTAATACGTAGGTGGCAAGCGTTGTCCGGATTTACTGGGCGTAAAGGGAGCGTAGGTGGATATTTAAGTGGGATGTGAAATACTCGGGCTTAACCTGAGTGCTGCATTCCAAACTGGATATCTAGAGTGCAGGAGAGGAAAGTGGAATTCCTAGTGTAGCGGTGAAATGCGTAGATATTAGGAAGAACACCAGTGGCGAAGGCGACTTTCTGGACTGTAACTGACACTGAGGCTCGAAAGCGTGGGGAGCGAACAGGATTAGATACCCTGGTAGTCCACGCCGTAAACGATGAATACTAGGTGTAGGAGCTGTCATGGCTTCTGTGCCGCCGCTAACGCATTAAGTATTCCGCCTGGGGAGTACGGTCGCAAGATTAAAACTCAAAGGAATTGACGGGGGCCCGCACAAGCAGCGGAGCATGTGGTTTAATTCGAAGCAACGCGAAGAACCTTACCTAGACTTGACATCTCCTGAATTACTCTTAATCGAGGAAGTCGCTTCGGCGACAGGAAGACAGGTGGTGCATGGTTGTCGTCAGCTCGTGTCGTGAGATGTTGGGTTAAGTCCCGCAACGAGCGCAACCCTTATTGTTAGTTGCTACCATTTAGTTGAGCACTCTAGCGAGACTGCCGTGGTTAACGCGGAGGAAGGTGGGGATGACGTCAAATCATCATGCCCCTTATGTCTAGGGCTACACACGTGCTACAATGGCTGGTACAAAGAGATGCAATACCGCGAGGTGGAGCTAAACTATAAAACCAGTCTCAGTTCGGATTGTAGGCTGAAACTCGCCTACATGAAGCTGGAGTTGCTAGTAATCGCGAATCAGAATGTCGCGGTGAATACGTTCCCGGGCCTTGTACACACCGCCCGTCACACCATGAGAGTTGGCAATACCCAAAGTTCGTGAGCTA
1,610F,phaC,1966,Clinical,Salmon,HC,47.4438753,-120.8452161,USA,Columbia	GROUP2_cbot_E538_JN617079	2163679	1356	1356	1354	99.85	2	0	1102762	1104117	plus	GTCGAGCGATGAAGCTTTTTCGGAAGCGGATTAGCGGCGGACGGGTGAGTAACACGTGGGCAACCTGCCTCATAGAGAGGGATAGCCTTTCGAAAGGAAGATTAATACCTCATAAGATTGTAGTTTCGCATGAAACGGCAATAAAAGGAGCAATCCGCTATGAGATGGGCCCGCGTCGCATTAGCTAGTTGGTAAGGTAATGGCTTACCAAGGCGACGATGCGTAGCCGACCTGAGAGGGTGATCGGCCACATTGGGACTGAGACACGGCCCAGACTCCTACGGGAGGCAGCAGTGGGGAATATTGCACAATGGGGGAAACCCTGATGCAGCAACGCCGCGTGAGTGATGAAGGTCTTCGGATTGTAAAACTCTGTCTTTGGGGACGATAATGACGGTACCCAAGGAGGAAGCCACGGCTAACTACGTGCCAGCAGCCGCGGTAATACGTAGGTGGCAAGCGTTGTCCGGATTTACTGGGCGTAAAGGGAGCGTAGGTGGATATTTAAGTGGGATGTGAAATACTCGGGCTTAACCTGAGTGCTGCATTCCAAACTGGATATCTAGAGTGCAGGAGAGGAAAGTGGAATTCCTAGTGTAGCGGTGAAATGCGTAGATATTAGGAAGAACACCAGTGGCGAAGGCGACTTTCTGGACTGTAACTGACACTGAGGCTCGAAAGCGTGGGGAGCGAACAGGATTAGATACCCTGGTAGTCCACGCCGTAAACGATGAATACTAGGTGTAGGAGCTGTCATGGCTTCTGTGCCGCCGCTAACGCATTAAGTATTCCGCCTGGGGAGTACGGTCGCAAGATTAAAACTCAAAGGAATTGACGGGGGCCCGCACAAGCAGCGGAGCATGTGGTTTAATTCGAAGCAACGCGAAGAACCTTACCTAGACTTGACATCTCCTGAATTACTCTTAATCGAGGAAGTCGCTTCGGCGACAGGAAGACAGGTGGTGCATGGTTGTCGTCAGCTCGTGTCGTGAGATGTTGGGTTAAGTCCCGCAACGAGCGCAACCCTTATTGTTAGTTGCTACCATTTAGTTGAGCACTCTAGCGAGACTGCCGTGGTTAACGCGGAGGAAGGTGGGGATGACGTCAAATCATCATGCCCCTTATGTCTAGGGCTACACACGTGCTACAATGGCTGGTACAAAGAGATGCAATACCGCGAGGTGGAGCTAAACTATAAAACCAGTCTCAGTTCGGATTGTAGGCTGAAACTCGCCTACATGAAGCTGGAGTTGCTAGTAATCGCGAATCAGAATGTCGCGGTGAATACGTTCCCGGGCCTTGTACACACCGCCCGTCACACCATGAGAGTTGGCAATACCCAAAGTTCGTGAGCTA

1,610F,phaC,1966,Clinical,Salmon,HC,47.4438753,-120.8452161,USA,Columbia	GROUP2_cbot_E538_JN617079	2163679	1356	1356	1354	99.85	2	0	820293	821648	reversed to plus	GTCGAGCGATGAAGCTTCTTCGGAAGTGGATTAGCGGCGGACGGGTGAGTAACACGTGGGCAACCTGCCTCATAGAGAGGGATAGCCTTTCGAAAGGAAGATTAATACCTCATAAGATTGTAGTTTCGCATGAAACGGCAATAAAAGGAGCAATCCGCTATGAGATGGGCCCGCGTCGCATTAGCTAGTTGGTAAGGTAATGGCTTACCAAGGCGACGATGCGTAGCCGACCTGAGAGGGTGATCGGCCACATTGGGACTGAGACACGGCCCAGACTCCTACGGGAGGCAGCAGTGGGGAATATTGCACAATGGGGGAAACCCTGATGCAGCAACGCCGCGTGAGTGATGAAGGTCTTCGGATTGTAAAACTCTGTCTTTGGGGACGATAATGACGGTACCCAAGGAGGAAGCCACGGCTAACTACGTGCCAGCAGCCGCGGTAATACGTAGGTGGCAAGCGTTGTCCGGATTTACTGGGCGTAAAGGGAGCGTAGGTGGATATTTAAGTGGGATGTGAAATACTCGGGCTTAACCTGAGTGCTGCATTCCAAACTGGATATCTAGAGTGCAGGAGAGGAAAGTGGAATTCCTAGTGTAGCGGTGAAATGCGTAGATATTAGGAAGAACACCAGTGGCGAAGGCGACTTTCTGGACTGTAACTGACACTGAGGCTCGAAAGCGTGGGGAGCGAACAGGATTAGATACCCTGGTAGTCCACGCCGTAAACGATGAATACTAGGTGTAGGAGCTGTCATGGCTTCTGTGCCGCCGCTAACGCATTAAGTATTCCGCCTGGGGAGTACGGTCGCAAGATTAAAACTCAAAGGAATTGACGGGGGCCCGCACAAGCAGCGGAGCATGTGGTTTAATTCGAAGCAACGCGAAGAACCTTACCTAGACTTGACATCTCCTGAATTACTCTTAATCGAGGAAGTCACTTCGGTGACAGGAAGACAGGTGGTGCATGGTTGTCGTCAGCTCGTGTCGTGAGATGTTGGGTTAAGTCCCGCAACGAGCGCAACCCTTATTGTTAGTTGCTACCATTTAGTTGAGCACTCTAGCGAGACTGCCGTGGTTAACGCGGAGGAAGGTGGGGATGACGTCAAATCATCATGCCCCTTATGTCTAGGGCTACACACGTGCTACAATGGCTGGTACAAAGAGATGCAATACCGCGAGGTGGAGCTAAACTATAAAACCAGTCTCAGTTCGGATTGTAGGCTGAAACTCGCCTACATGAAGCTGGAGTTGCTAGTAATCGCGAATCAGAATGTCGCGGTGAATACGTTCCCGGGCCTTGTACACACCGCCCGTCACACCATGAGAGTTGGCAATACCCAAAGTTCGTGAGCTA
1,610F,phaC,1966,Clinical,Salmon,HC,47.4438753,-120.8452161,USA,Columbia	GROUP2_cbot_E538_JN617079	2163679	1356	1356	1354	99.85	2	0	806728	808083	reversed to plus	GTCGAGCGATGAAGCTTCTTCGGAAGTGGATTAGCGGCGGACGGGTGAGTAACACGTGGGCAACCTGCCTCATAGAGAGGGATAGCCTTTCGAAAGGAAGATTAATACCTCATAAGATTGTAGTTTCGCATGAAACGGCAATAAAAGGAGTAATCCGCTATGAGATGGGCCCGCGTCGCATTAGCTAGTTGGTAAGGTAATGGCTTACCAAGGCGACGATGCGTAGCCGACCTGAGAGGGTGATCGGCCACATTGGGACTGAGACACGGCCCAGACTCCTACGGGAGGCAGCAGTGGGGAATATTGCACAATGGGGGAAACCCTGATGCAGCAACGCCGCGTGAGTGATGAAGGTCTTCGGATTGTAAAACTCTGTCTTTGGGGACGATAATGACGGTACCCAAGGAGGAAGCCACGGCTAACTACGTGCCAGCAGCCGCGGTAATACGTAGGTGGCAAGCGTTGTCCGGATTTACTGGGCGTAAAGGGAGCGTAGGTGGATATTTAAGTGGGATGTGAAATACTCGGGCTTAACCTGAGTGCTGCATTCCAAACTGGATATCTAGAGTGCAGGAGAGGAAAGTGGAATTCCTAGTGTAGCGGTGAAATGCGTAGATATTAGGAAGAACACCAGTGGCGAAGGCGACTTTCTGGACTGTAACTGACACTGAGGCTCGAAAGCGTGGGGAGCGAACAGGATTAGATACCCTGGTAGTCCACGCCGTAAACGATGAATACTAGGTGTAGGAGCTGTCATGGCTTCTGTGCCGCCGCTAACGCATTAAGTATTCCGCCTGGGGAGTACGGTCGCAAGATTAAAACTCAAAGGAATTGACGGGGGCCCGCACAAGCAGCGGAGCATGTGGTTTAATTCGAAGCAACGCGAAGAACCTTACCTAGACTTGACATCTCCTGAATTACTCTTAATCGAGGAAGTCGCTTCGGCGACAGGAAGACAGGTGGTGCATGGTTGTCGTCAGCTCGTGTCGTGAGATGTTGGGTTAAGTCCCGCAACGAGCGCAACCCTTATTGTTAGTTGCTACCATTTAGTTGAGCACTCTAGCGAGACTGCCGTGGTTAACGCGGAGGAAGGTGGGGATGACGTCAAATCATCATGCCCCTTATGTCTAGGGCTACACACGTGCTACAATGGCTGGTACAAAGAGATGCAATACCGTGAGGTGGAGCTAAACTATAAAACCAGTCTCAGTTCGGATTGTAGGCTGAAACTCGCCTACATGAAGCTGGAGTTGCTAGTAATCGCGAATCAGAATGTCGCGGTGAATACGTTCCCGGGCCTTGTACACACCGCCCGTCACACCATGAGAGTTGGCAATACCCAAAGTTCGTGAGCTA
1,610F,phaC,1966,Clinical,Salmon,HC,47.4438753,-120.8452161,USA,Columbia	GROUP2_cbot_E538_JN617079	2163679	1356	1356	1354	99.85	2	0	715511	716866	reversed to plus	GTCGAGCGATGAAGCTTCTTCGGAAGTGGATTAGCGGCGGACGGGTGAGTAACACGTGGGCAACCTGCCTCATAGAGAGGGATAGCCTTTCGAAAGGAAGATTAATACCTCATAAGATTGTAGTTTCGCATGAAACGGCAATAAAAGGAGCAATCCGCTATGAGATGGGCCCGCGTCGCATTAGCTAGTTGGTAAGGTAATGGCTTACCAAGGCGACGATGCGTAGCCGACCTGAGAGGGTGATCGGCCACATTGGGACTGAGACACGGCCCAGACTCCTACGGGAGGCAGCAGTGGGGAATATTGCACAATGGGGGAAACCCTGATGCAGCAACGCCGCGTGAGTGATGAAGGTCTTCGGATTGTAAAACTCTGTCTTTGGGGACGATAATGACGGTACCCAAGGAGGAAGCCACGGCTAACTACGTGCCAGCAGCCGCGGTAATACGTAGGTGGCAAGCGTTGTCCGGATTTACTGGGCGTAAAGGGAGCGTAGGTGGATATTTAAGTGGGATGTGAAATACTCGGGCTTAACCTGAGTGCTGCATTCCAAACTGGATATCTAGAGTGCAGGAGAGGAAAGTGGAATTCCTAGTGTAGCGGTGAAATGCGTAGATATTAGGAAGAACACCAGTGGCGAAGGCGACTTTCTGGACTGTAACTGACACTGAGGCTCGAAAGCGTGGGGAGCGAACAGGATTAGATACCCTGGTAGTCCACGCCGTAAACGATGAATACTAGGTGTAGGAGCTGTCATGGCTTCTGTGCCGCCGCTAACGCATTAAGTATTCCGCCTGGGGAGTACGGTCGCAAGATTAAAACTCAAAGGAATTGACGGGGGCCCGCACAAGCAGCGGAGCATGTGGTTTAATTCGAAGCAACGCGAAGAACCTTACCTAGACTTGACATCTCCTGAATTACTCTTAATCGAGGAAGTCACTTCGGTGACAGGAAGACAGGTGGTGCATGGTTGTCGTCAGCTCGTGTCGTGAGATGTTGGGTTAAGTCCCGCAACGAGCGCAACCCTTATTGTTAGTTGCTACCATTTAGTTGAGCACTCTAGCGAGACTGCCGTGGTTAACGCGGAGGAAGGTGGGGATGACGTCAAATCATCATGCCCCTTATGTCTAGGGCTACACACGTGCTACAATGGCTGGTACAAAGAGATGCAATACCGCGAGGTGGAGCTAAACTATAAAACCAGTCTCAGTTCGGATTGTAGGCTGAAACTCGCCTACATGAAGCTGGAGTTGCTAGTAATCGCGAATCAGAATGTCGCGGTGAATACGTTCCCGGGCCTTGTACACACCGCCCGTCACACCATGAGAGTTGGCAATACCCAAAGTTCGTGAGCTA
1,610F,phaC,1966,Clinical,Salmon,HC,47.4438753,-120.8452161,USA,Columbia	GROUP2_cbot_E538_JN617079	2163679	1356	1356	1354	99.85	2	0	698630	699985	reversed to plus	GTCGAGCGATGAAGCTTCTTCGGAAGTGGATTAGCGGCGGACGGGTGAGTAACACGTGGGCAACCTGCCTCATAGAGAGGGATAGCCTTTCGAAAGGAAGATTAATACCTCATAAGATTGTAGTTTCGCATGAAACGGCAATAAAAGGAGCAATCCGCTATGAGATGGGCCCGCGTCGCATTAGCTAGTTGGTAAGGTAATGGCTTACCAAGGCGACGATGCGTAGCCGACCTGAGAGGGTGATCGGCCACATTGGGACTGAGACACGGCCCAGACTCCTACGGGAGGCAGCAGTGGGGAATATTGCACAATGGGGGAAACCCTGATGCAGCAACGCCGCGTGAGTGATGAAGGTCTTCGGATTGTAAAACTCTGTCTTTGGGGACGATAATGACGGTACCCAAGGAGGAAGCCACGGCTAACTACGTGCCAGCAGCCGCGGTAATACGTAGGTGGCAAGCGTTGTCCGGATTTACTGGGCGTAAAGGGAGCGTAGGTGGATATTTAAGTGGGATGTGAAATACTCGGGCTTAACCTGAGTGCTGCATTCCAAACTGGATATCTAGAGTGCAGGAGAGGAAAGTGGAATTCCTAGTGTAGCGGTGAAATGCGTAGATATTAGGAAGAACACCAGTGGCGAAGGCGACTTTCTGGACTGTAACTGACACTGAGGCTCGAAAGCGTGGGGAGCGAACAGGATTAGATACCCTGGTAGTCCACGCCGTAAACGATGAATACTAGGTGTAGGAGCTGTCATGGCTTCTGTGCCGCCGCTAACGCATTAAGTATTCCGCCTGGGGAGTACGGTCGCAAGATTAAAACTCAAAGGAATTGACGGGGGCCCGCACAAGCAGCGGAGCATGTGGTTTAATTCGAAGCAACGCGAAGAACCTTACCTAGACTTGACATCTCCTGAATTACTCTTAATCGAGGAAGTCACTTCGGTGACAGGAAGACAGGTGGTGCATGGTTGTCGTCAGCTCGTGTCGTGAGATGTTGGGTTAAGTCCCGCAACGAGCGCAACCCTTATTGTTAGTTGCTACCATTTAGTTGAGCACTCTAGCGAGACTGCCGTGGTTAACGCGGAGGAAGGTGGGGATGACGTCAAATCATCATGCCCCTTATGTCTAGGGCTACACACGTGCTACAATGGCTGGTACAAAGAGATGCAATACCGCGAGGTGGAGCTAAACTATAAAACCAGTCTCAGTTCGGATTGTAGGCTGAAACTCGCCTACATGAAGCTGGAGTTGCTAGTAATCGCGAATCAGAATGTCGCGGTGAATACGTTCCCGGGCCTTGTACACACCGCCCGTCACACCATGAGAGTTGGCAATACCCAAAGTTCGTGAGCTA
