51,ATCC-17786,cBio	GROUP2_cbot_Eklund202F_X68171	1453	1515	1430	1428	99.86	2	0	1	1430	plus	AAGTGGATTAGCGGCGGACGGGTGAGTAACACGTGGGCAACCTGCCTCATAGAGAGGGATAGCCTTTCGAAAGGAAGATTAATACCTCATAAGATTGTAGTTTCGCATGAAACGGCAATAAAAGGAGTAATCCGCTATGAGATGGGCCCGCGTCGCATTAGCTAGTTGGTAAGGTAATGGCTTACCAAGGCGACGATGCGTAGCCGACCTGAGAGGGTGATCGGCCACATTGGGACTGAGACACGGCCCAGACTCCTACGGGAGGCAGCAGTGGGGAATATTGCACAATGGGGGAAACCCTGATGCAGCAACGCCGCGTGAGTGATGAAGGTCTTCGGATTGTAAAACTCTGTCTTTGGGGACGATAATGACGGTACCCAAGGAGGAAGCCACGGCTAACTACGTGCCAGCAGCCGCGGTAATACGTAGGTGGCAAGCGTTGTCCGGATTTACTGGGCGTAAAGGGAGCGTAGGTGGATATTTAAGTGGGATGTGAAATACTCGGGCTTAACCTGAGTGCTGCATTCCAAACTGGATATCTAGAGTGCAGGAGAGGAAAGTGGAATTCCTAGTGTAGCGGTGAAATGCGTAGATATTAGGAAGAACACCAGTGGCGAAGGCGACTTTCTGGACTGTAACTGACACTGAGGCTCGAAAGCGTGGGGAGCGAACAGGATTAGATACCCTGGTAGTCCACGCCGTAAACGATGAATACTAGGTGTAGGAGCTGTCATGGCTTCTGTGCCGCCGCTAACGCATTAAGTATTCCGCCTGGGGAGTACGGTCGCAAGATTAAAACTCAAAGGAATTGACGGGGGCCCGCACAAGCAGCGGAGCATGTGGTTTAATTCGAAGCAACGCGAAGAACCTTACCTAGACTTGACATCTCCTGAATTACTCTTAATCGAGGAAGTCGCTTCGGCGACAGGAAGACAGGTGGTGCATGGTTGTCGTCAGCTCGTGTCGTGAGATGTTGGGTTAAGTCCCGCAACGAGCGCAACCCTTATTGTTAGTTGCTACCATTTAGTTGAGCACTCTAGCGAGACTGCCGTGGTTAACGCGGAGGAAGGTGGGGATGACGTCAAATCATCATGCCCCTTATGTCTAGGGCTACACACGTGCTACAATGGCTGGTACAAAGAGATGCAATACCGCGAGGTGGAGCTAAACTATAAAACCAGTCTCAGTTCGGATTGTAGGCTGAAACTCGCCTACATGAAGCTGGAGTTGCGAGTAATCGCGAATCAGAATGTCGCGGTGAATACGTTCCCGGGCCTTGTACACACCGCCCGTCACACCATGAGAGTTGGCAATACCCAAAGTTCGTGAGCTAACCCGTAAGGGAGGCAGCGACCTAAGGTAGGGTCAGCGATTGGGGTGAAGTCGTAACAAGGTAGCCGTAGGAGAACCTGCGGCTGGATCACCTCCTT
51,ATCC-17786,cBio	GROUP2_cbot_Iwanai_X68170	1453	1512	1430	1427	99.79	1	2	1	1430	plus	AAGTGGATTAGCGGCGGACGGGTGAGTAACACGTGGGCAACCTGCCTCATAGAGAGGGATAGCCTTTCGAAAGGAAGATTAATACCTCATAAGATTGTAGTTTCGCATGAAACGGCAATAAAAGGAGTAATCCGCTATGAGATGGGCCCGCGTCGCATTAGCTAGTTGGTAAGGTAATGGCTTACCAAGGCGACGATGCGTAGCCGACCTGAGAGGGTGATCGGCCACATTGGGACTGAGACACGGCCCAGACTCCTACGGGAGGCAGCAGTGGGGAATATTGCACAATGGGGGAAACCCTGATGCAGCAACGCCGCGTGAGTGATGAAGGTCTTCGGATTGTAAAACTCTGTCTTTGGGGACGATAATGACGGTACCCAAGGAGGAAGCCACGGCTAACTACGTGCCAGCAGCCGCGGTAATACGTAGGTGGCAAGCGTTGTCCGGATTTACTGGGCGTAAAGGGAGCGTAGGTGGATATTTAAGTGGGATGTGAAATACTCGGGCTTAACCTGAGTGCTGCATTCCAAACTGGATATCTAGAGTGCAGGAGAGGAAAGTGGAATTCCTAGTGTAGCGGTGAAATGCGTAGATATTAGGAAGAACACCAGTGGCGAAGGCGACTTTCTGGACTGTAACTGACACTGAGGCTCGAAAGCGTGGGGAGCGAACAGGATTAGATACCCTGGTAGTCCACGCCGTAAACGATGAATACTAGGTGTAGGAGCTGTCATGGCTTCTGTGCCGCCGCTAACGCATTAAGTATTCCGCCTGGGGAGTACGGTCGCAAGATTAAAACTCAAAGGAATTGACGGGGGCCCGCACAAGCAGCGGAGCATGTGGTTTAATTCGAAGCAACGCGAAGAACCTTACCTAGACTTGACATCTCCTGAATTACTCTTAATCGAGGAAGTCGCTTCGGCGACAGGAAGACAGGTGGTGCATGGTTGTCGTCAGCTCGTGTCGTGAGATGTTGGGTTAAGTCCCGCAACGAGCGCAACCCTTATTGTTAGTTGCTACCATTTAGTTGAGCACTCTAGCGAGACTGCCGTGGTTAACGCGGAGGAAGGTGGGGATGACGTCAAATCATCATGCCCCTTATGTCTAGGGCTACACACGTGCTACAATGGCTGGTACAAAGAGATGCAATACCGCGAGGTGGAGCTAAACTATAAAACCAGTCTCAGTTCGGATTGTAGGCTGAAACTCGCCTACATGAAGCTGGAGTTGCGAGTAATCGCGAATCAGAATGTCGCGGTGAATACGTTCCCGGGCCTTGTACACACCGCCCGTCACACCATGAGAGTTGGCAATACCCAAAGTTCGTGAGCTAACCCGTAAGGGAGGCAGCGACCTAAGGTAGGGTCAGCGATTGGGGTGAAGTCGTAACAAGGTAGCCGTAGGAGAACCTGCGGCTGGATCACCTCCTT
51,ATCC-17786,cBio	GROUP2_cbot_Eklund17B_X68173	1453	1513	1429	1425	99.72	3	1	1	1428	plus	AAGTGGATTAGCGGCGGACGGGTGAGTAACACGTGGGCAACCTGCCTCATAGAGAGGGATAGCCTTTCGAAAGGAAGATTAATACCTCATAAGATTGTAGTTTCGCATGAAACGGC-AATAAAAGGAGTAATCCGCTATGAGATGGGCCCGCGTCGCATTAGCTAGTTGGTAAGGTAATGGCTTACCAAGGCGACGATGCGTAGCCGACCTGAGAGGGTGATCGGCCACATTGGGACTGAGACACGGCCCAGACTCCTACGGGAGGCAGCAGTGGGGAATATTGCACAATGGGGGAAACCCTGATGCAGCAACGCCGCGTGAGTGATGAAGGTCTTCGGATTGTAAAACTCTGTCTTTGGGGACGATAATGACGGTACCCAAGGAGGAAGCCACGGCTAACTACGTGCCAGCAGCCGCGGTAATACGTAGGTGGCAAGCGTTGTCCGGATTTACTGGGCGTAAAGGGAGCGTAGGTGGATATTTAAGTGGGATGTGAAATACTCGGGCTTAACCTGAGTGCTGCATTCCAAACTGGATATCTAGAGTGCAGGAGAGGAAAGTGGAATTCCTAGTGTAGCGGTGAAATGCGTAGATATTAGGAAGAACACCAGTGGCGAAGGCGACTTTCTGGACTGTAACTGACACTGAGGCTCGAAAGCGTGGGGAGCGAACAGGATTAGATACCCTGGTAGTCCACGCCGTAAACGATGAATACTAGGTGTAGGAGCTGTCATGGCTTCTGTGCCGCCGCTAACGCATTAAGTATTCCGCCTGGGGAGTACGGTCGCAAGATTAAAACTCAAAGGAATTGACGGGGGCCCGCACAAGCAGCGGAGCATGTGGTTTAATTCGAAGCAACGCGAAGAACCTTACCTAGACTTGACATCTCCTGAATTACTCTTAATCGAGGAAGTCGCTTCGGCGACAGGAAGACAGGTGGTGCATGGTTGTCGTCAGCTCGTGTCGTGAGATGTTGGGTTAAGTCCCGCAACGAGCGCAACCCTTATTGTTAGTTGCTACCATTTAGTTGAGCACTCTAGCGAGACTGCCGTGGTTAACGCGGAGGAAGGTGGGGATGACGTCAAATCATCATGCCCCTTATGTCTAGGGCTACACACGTGCTACAATGGCTGGTACAAAGAGATGCAATACCGCGAGGTGGAGCTAAACTATAAAACCAGTCTCAGTTCGGATTGTAGGCTGAAACTCGCCTACATGAAGCTGGAGTTGCGAGTAATCGCGAATCAGAATGTCGCGGTGAATACGTTCCCGGGCCTTGTACACACCGCCCGTCACACCATGAGAGTTGGCAATACCCAAAGTTCGTGAGCTAACCCGTAAGGGAGGCAGCGACCTAAGGTAGGGTCAGCGATTGGGGTGAAGTCGTAACAAGGTAGCCGTAGGAGAACCTGCGGCTGGATCACCTCC
51,ATCC-17786,cBio	GROUP2_cbot_ATCC9564_L37592	1453	1463	1395	1391	99.71	3	1	1	1395	plus	AAGTGGATTAGCGGCGGACGGGTGAGTAACACGTGGGCAACCTGCCTCATAGAGAGGGATAGCCTTTCGAAAGGAAGATTAATACCTCATAAGATTGTAGTTTCGCATGAAACGGCAATAAAAGGAGTAATCCGCTATGAGATGGGCCCGCGTCGCATTAGCTAGTTGGTAAGGTAATGGCTTACCAAGGCGACGATGCGTAGCCGACCTGAGAGGGTGATCGGCCACATTGGGACTGAGACACGGCCCAGACTCCTACGGGAGGCAGCAGTGGGGAATATTGCACAATGGGGGAAACCCTGATGCAGCAACGCCGCGTGAGTGATGAAGGTCTTCGGATTGTAAAACTCTGTCTTTGGGGACGATAATGACGGTACCCAAGGAGGAAGCCACGGCTAACTACGTGCCAGCAGCCGCGGTAATACGTAGGTGGCAAGCGTTGTCCGGATTTACTGGGCGTAAAGGGAGCGTAGGTGGATATTTAAGTGGGATGTGAAATACTCGGGCTTAACCTGAGTGCTGCATTCCAAACTGGATATCTAGAGTGCAGGAGAGGAAAGTGGAATTCCTAGTGTAGCGGTGAAATGCGTAGATATTAGGAAGAACACCAGTGGCGAAGGCGACTTTCTGGACTGTAACTGACACTGAGGCTCGAAAGCGTGGGGAGCGAACAGGATTAGATACCCTGGTAGTCCACGCCGTAAACGATGAATACTAGGTGTAGGAGCTGTCATGGCTTCTGTGCCGCCGCTAACGCATTAAGTATTCCGCCTGGGGAGTACGGTCGCAAGATTAAAACTCAAAGGAATTGACGGGGGCCCGCACAAGCAGCGGAGCATGTGGTTTAATTCGAAGCAACGCGAAGAACCTTACCTAGACTTGACATCTCCTGAATTACTCTTAATCGAGGAAGTCGCTTCGGCGACAGGAAGACAGGTGGTGCATGGTTGTCGTCAGCTCGTGTCGTGAGATGTTGGGTTAAGTCCCGCAACGAGCGCAACCCTTATTGTTAGTTGCTACCATTTAGTTGAGCACTCTAGCGAGACTGCCGTGGTTAACGCGGAGGAAGGTGGGGATGACGTCAAATCATCATGCCCCTTATGTCTAGGGCTACACACGTGCTACAATGGCTGGTACAAAGAGATGCAATACCGCGAGGTGGAGCTAAACTATAAAACCAGTCTCAGTTCGGATTGTAGGCTGAAACTCGCCTACATGAAGCTGGAGTTGCGAGTAATCGCGAATCAGAATGTCGCGGTGAATACGTTCCCGGGCCTTGTACACACCGCCCGTCACACCATGAGAGTTGGCAATACCCAAAGTTCGTGAGCTAACCCGTAAGGGAGGCAGCGACCTAAGGTAGGGTCAGCGATTGGGGTGAAGTCGTAACAAGGT
51,ATCC-17786,cBio	GROUP2_cbot_K3_JN617064	1453	1356	1333	1332	99.92	1	0	1	1333	plus	AAGTGGATTAGCGGCGGACGGGTGAGTAACACGTGGGCAACCTGCCTCATAGAGAGGGATAGCCTTTCGAAAGGAAGATTAATACCTCATAAGATTGTAGTTTCGCATGAAACGGCAATAAAAGGAGTAATCCGCTATGAGATGGGCCCGCGTCGCATTAGCTAGTTGGTAAGGTAATGGCTTACCAAGGCGACGATGCGTAGCCGACCTGAGAGGGTGATCGGCCACATTGGGACTGAGACACGGCCCAGACTCCTACGGGAGGCAGCAGTGGGGAATATTGCACAATGGGGGAAACCCTGATGCAGCAACGCCGCGTGAGTGATGAAGGTCTTCGGATTGTAAAACTCTGTCTTTGGGGACGATAATGACGGTACCCAAGGAGGAAGCCACGGCTAACTACGTGCCAGCAGCCGCGGTAATACGTAGGTGGCAAGCGTTGTCCGGATTTACTGGGCGTAAAGGGAGCGTAGGTGGATATTTAAGTGGGATGTGAAATACTCGGGCTTAACCTGAGTGCTGCATTCCAAACTGGATATCTAGAGTGCAGGAGAGGAAAGTGGAATTCCTAGTGTAGCGGTGAAATGCGTAGATATTAGGAAGAACACCAGTGGCGAAGGCGACTTTCTGGACTGTAACTGACACTGAGGCTCGAAAGCGTGGGGAGCGAACAGGATTAGATACCCTGGTAGTCCACGCCGTAAACGATGAATACTAGGTGTAGGAGCTGTCATGGCTTCTGTGCCGCCGCTAACGCATTAAGTATTCCGCCTGGGGAGTACGGTCGCAAGATTAAAACTCAAAGGAATTGACGGGGGCCCGCACAAGCAGCGGAGCATGTGGTTTAATTCGAAGCAACGCGAAGAACCTTACCTAGACTTGACATCTCCTGAATTACTCTTAATCGAGGAAGTCGCTTCGGCGACAGGAAGACAGGTGGTGCATGGTTGTCGTCAGCTCGTGTCGTGAGATGTTGGGTTAAGTCCCGCAACGAGCGCAACCCTTATTGTTAGTTGCTACCATTTAGTTGAGCACTCTAGCGAGACTGCCGTGGTTAACGCGGAGGAAGGTGGGGATGACGTCAAATCATCATGCCCCTTATGTCTAGGGCTACACACGTGCTACAATGGCTGGTACAAAGAGATGCAATACCGCGAGGTGGAGCTAAACTATAAAACCAGTCTCAGTTCGGATTGTAGGCTGAAACTCGCCTACATGAAGCTGGAGTTGCGAGTAATCGCGAATCAGAATGTCGCGGTGAATACGTTCCCGGGCCTTGTACACACCGCCCGTCACACCATGAGAGTTGGCAATACCCAAAGTTCGTGAGCTA
52,ATCC-17786,cBio	GROUP2_cbot_Eklund202F_X68171	1453	1515	1430	1429	99.93	1	0	1	1430	plus	AAGTGGATTAGCGGCGGACGGGTGAGTAACACGTGGGCAACCTGCCTCATAGAGAGGGATAGCCTTTCGAAAGGAAGATTAATACCTCATAAGATTGTAGTTTCGCATGAAACGGCAATAAAAGGAGCAATCCGCTATGAGATGGGCCCGCGTCGCATTAGCTAGTTGGTAAGGTAATGGCTTACCAAGGCGACGATGCGTAGCCGACCTGAGAGGGTGATCGGCCACATTGGGACTGAGACACGGCCCAGACCCCTACGGGAGGCAGCAGTGGGGAATATTGCACAATGGGGGAAACCCTGATGCAGCAACGCCGCGTGAGTGATGAAGGTCTTCGGATTGTAAAACTCTGTCTTTGGGGACGATAATGACGGTACCCAAGGAGGAAGCCACGGCTAACTACGTGCCAGCAGCCGCGGTAATACGTAGGTGGCAAGCGTTGTCCGGATTTACTGGGCGTAAAGGGAGCGTAGGTGGATATTTAAGTGGGATGTGAAATACTCGGGCTTAACCTGAGTGCTGCATTCCAAACTGGATATCTAGAGTGCAGGAGAGGAAAGTGGAATTCCTAGTGTAGCGGTGAAATGCGTAGATATTAGGAAGAACACCAGTGGCGAAGGCGACTTTCTGGACTGTAACTGACACTGAGGCTCGAAAGCGTGGGGAGCGAACAGGATTAGATACCCTGGTAGTCCACGCCGTAAACGATGAATACTAGGTGTAGGAGCTGTCATGGCTTCTGTGCCGCCGCTAACGCATTAAGTATTCCGCCTGGGGAGTACGGTCGCAAGATTAAAACTCAAAGGAATTGACGGGGGCCCGCACAAGCAGCGGAGCATGTGGTTTAATTCGAAGCAACGCGAAGAACCTTACCTAGACTTGACATCTCCTGAATTACTCTTAATCGAGGAAGTCGCTTCGGCGACAGGAAGACAGGTGGTGCATGGTTGTCGTCAGCTCGTGTCGTGAGATGTTGGGTTAAGTCCCGCAACGAGCGCAACCCTTATTGTTAGTTGCTACCATTTAGTTGAGCACTCTAGCGAGACTGCCGTGGTTAACGCGGAGGAAGGTGGGGATGACGTCAAATCATCATGCCCCTTATGTCTAGGGCTACACACGTGCTACAATGGCTGGTACAAAGAGATGCAATACCGCGAGGTGGAGCTAAACTATAAAACCAGTCTCAGTTCGGATTGTAGGCTGAAACTCGCCTACATGAAGCTGGAGTTGCTAGTAATCGCGAATCAGAATGTCGCGGTGAATACGTTCCCGGGCCTTGTACACACCGCCCGTCACACCATGAGAGTTGGCAATACCCAAAGTTCGTGAGCTAACCCGTAAGGGAGGCAGCGACCTAAGGTAGGGTCAGCGATTGGGGTGAAGTCGTAACAAGGTAGCCGTAGGAGAACCTGCGGCTGGATCACCTCCTT
52,ATCC-17786,cBio	GROUP2_cbot_Iwanai_X68170	1453	1512	1430	1426	99.72	2	2	1	1430	plus	AAGTGGATTAGCGGCGGACGGGTGAGTAACACGTGGGCAACCTGCCTCATAGAGAGGGATAGCCTTTCGAAAGGAAGATTAATACCTCATAAGATTGTAGTTTCGCATGAAACGGCAATAAAAGGAGCAATCCGCTATGAGATGGGCCCGCGTCGCATTAGCTAGTTGGTAAGGTAATGGCTTACCAAGGCGACGATGCGTAGCCGACCTGAGAGGGTGATCGGCCACATTGGGACTGAGACACGGCCCAGACCCCTACGGGAGGCAGCAGTGGGGAATATTGCACAATGGGGGAAACCCTGATGCAGCAACGCCGCGTGAGTGATGAAGGTCTTCGGATTGTAAAACTCTGTCTTTGGGGACGATAATGACGGTACCCAAGGAGGAAGCCACGGCTAACTACGTGCCAGCAGCCGCGGTAATACGTAGGTGGCAAGCGTTGTCCGGATTTACTGGGCGTAAAGGGAGCGTAGGTGGATATTTAAGTGGGATGTGAAATACTCGGGCTTAACCTGAGTGCTGCATTCCAAACTGGATATCTAGAGTGCAGGAGAGGAAAGTGGAATTCCTAGTGTAGCGGTGAAATGCGTAGATATTAGGAAGAACACCAGTGGCGAAGGCGACTTTCTGGACTGTAACTGACACTGAGGCTCGAAAGCGTGGGGAGCGAACAGGATTAGATACCCTGGTAGTCCACGCCGTAAACGATGAATACTAGGTGTAGGAGCTGTCATGGCTTCTGTGCCGCCGCTAACGCATTAAGTATTCCGCCTGGGGAGTACGGTCGCAAGATTAAAACTCAAAGGAATTGACGGGGGCCCGCACAAGCAGCGGAGCATGTGGTTTAATTCGAAGCAACGCGAAGAACCTTACCTAGACTTGACATCTCCTGAATTACTCTTAATCGAGGAAGTCGCTTCGGCGACAGGAAGACAGGTGGTGCATGGTTGTCGTCAGCTCGTGTCGTGAGATGTTGGGTTAAGTCCCGCAACGAGCGCAACCCTTATTGTTAGTTGCTACCATTTAGTTGAGCACTCTAGCGAGACTGCCGTGGTTAACGCGGAGGAAGGTGGGGATGACGTCAAATCATCATGCCCCTTATGTCTAGGGCTACACACGTGCTACAATGGCTGGTACAAAGAGATGCAATACCGCGAGGTGGAGCTAAACTATAAAACCAGTCTCAGTTCGGATTGTAGGCTGAAACTCGCCTACATGAAGCTGGAGTTGCTAGTAATCGCGAATCAGAATGTCGCGGTGAATACGTTCCCGGGCCTTGTACACACCGCCCGTCACACCATGAGAGTTGGCAATACCCAAAGTTCGTGAGCTAACCCGTAAGGGAGGCAGCGACCTAAGGTAGGGTCAGCGATTGGGGTGAAGTCGTAACAAGGTAGCCGTAGGAGAACCTGCGGCTGGATCACCTCCTT
52,ATCC-17786,cBio	GROUP2_cbot_Eklund17B_X68173	1453	1513	1429	1424	99.65	4	1	1	1428	plus	AAGTGGATTAGCGGCGGACGGGTGAGTAACACGTGGGCAACCTGCCTCATAGAGAGGGATAGCCTTTCGAAAGGAAGATTAATACCTCATAAGATTGTAGTTTCGCATGAAACGGC-AATAAAAGGAGCAATCCGCTATGAGATGGGCCCGCGTCGCATTAGCTAGTTGGTAAGGTAATGGCTTACCAAGGCGACGATGCGTAGCCGACCTGAGAGGGTGATCGGCCACATTGGGACTGAGACACGGCCCAGACCCCTACGGGAGGCAGCAGTGGGGAATATTGCACAATGGGGGAAACCCTGATGCAGCAACGCCGCGTGAGTGATGAAGGTCTTCGGATTGTAAAACTCTGTCTTTGGGGACGATAATGACGGTACCCAAGGAGGAAGCCACGGCTAACTACGTGCCAGCAGCCGCGGTAATACGTAGGTGGCAAGCGTTGTCCGGATTTACTGGGCGTAAAGGGAGCGTAGGTGGATATTTAAGTGGGATGTGAAATACTCGGGCTTAACCTGAGTGCTGCATTCCAAACTGGATATCTAGAGTGCAGGAGAGGAAAGTGGAATTCCTAGTGTAGCGGTGAAATGCGTAGATATTAGGAAGAACACCAGTGGCGAAGGCGACTTTCTGGACTGTAACTGACACTGAGGCTCGAAAGCGTGGGGAGCGAACAGGATTAGATACCCTGGTAGTCCACGCCGTAAACGATGAATACTAGGTGTAGGAGCTGTCATGGCTTCTGTGCCGCCGCTAACGCATTAAGTATTCCGCCTGGGGAGTACGGTCGCAAGATTAAAACTCAAAGGAATTGACGGGGGCCCGCACAAGCAGCGGAGCATGTGGTTTAATTCGAAGCAACGCGAAGAACCTTACCTAGACTTGACATCTCCTGAATTACTCTTAATCGAGGAAGTCGCTTCGGCGACAGGAAGACAGGTGGTGCATGGTTGTCGTCAGCTCGTGTCGTGAGATGTTGGGTTAAGTCCCGCAACGAGCGCAACCCTTATTGTTAGTTGCTACCATTTAGTTGAGCACTCTAGCGAGACTGCCGTGGTTAACGCGGAGGAAGGTGGGGATGACGTCAAATCATCATGCCCCTTATGTCTAGGGCTACACACGTGCTACAATGGCTGGTACAAAGAGATGCAATACCGCGAGGTGGAGCTAAACTATAAAACCAGTCTCAGTTCGGATTGTAGGCTGAAACTCGCCTACATGAAGCTGGAGTTGCTAGTAATCGCGAATCAGAATGTCGCGGTGAATACGTTCCCGGGCCTTGTACACACCGCCCGTCACACCATGAGAGTTGGCAATACCCAAAGTTCGTGAGCTAACCCGTAAGGGAGGCAGCGACCTAAGGTAGGGTCAGCGATTGGGGTGAAGTCGTAACAAGGTAGCCGTAGGAGAACCTGCGGCTGGATCACCTCC
52,ATCC-17786,cBio	GROUP2_cbot_ATCC9564_L37592	1453	1463	1395	1392	99.78	2	1	1	1395	plus	AAGTGGATTAGCGGCGGACGGGTGAGTAACACGTGGGCAACCTGCCTCATAGAGAGGGATAGCCTTTCGAAAGGAAGATTAATACCTCATAAGATTGTAGTTTCGCATGAAACGGCAATAAAAGGAGCAATCCGCTATGAGATGGGCCCGCGTCGCATTAGCTAGTTGGTAAGGTAATGGCTTACCAAGGCGACGATGCGTAGCCGACCTGAGAGGGTGATCGGCCACATTGGGACTGAGACACGGCCCAGACCCCTACGGGAGGCAGCAGTGGGGAATATTGCACAATGGGGGAAACCCTGATGCAGCAACGCCGCGTGAGTGATGAAGGTCTTCGGATTGTAAAACTCTGTCTTTGGGGACGATAATGACGGTACCCAAGGAGGAAGCCACGGCTAACTACGTGCCAGCAGCCGCGGTAATACGTAGGTGGCAAGCGTTGTCCGGATTTACTGGGCGTAAAGGGAGCGTAGGTGGATATTTAAGTGGGATGTGAAATACTCGGGCTTAACCTGAGTGCTGCATTCCAAACTGGATATCTAGAGTGCAGGAGAGGAAAGTGGAATTCCTAGTGTAGCGGTGAAATGCGTAGATATTAGGAAGAACACCAGTGGCGAAGGCGACTTTCTGGACTGTAACTGACACTGAGGCTCGAAAGCGTGGGGAGCGAACAGGATTAGATACCCTGGTAGTCCACGCCGTAAACGATGAATACTAGGTGTAGGAGCTGTCATGGCTTCTGTGCCGCCGCTAACGCATTAAGTATTCCGCCTGGGGAGTACGGTCGCAAGATTAAAACTCAAAGGAATTGACGGGGGCCCGCACAAGCAGCGGAGCATGTGGTTTAATTCGAAGCAACGCGAAGAACCTTACCTAGACTTGACATCTCCTGAATTACTCTTAATCGAGGAAGTCGCTTCGGCGACAGGAAGACAGGTGGTGCATGGTTGTCGTCAGCTCGTGTCGTGAGATGTTGGGTTAAGTCCCGCAACGAGCGCAACCCTTATTGTTAGTTGCTACCATTTAGTTGAGCACTCTAGCGAGACTGCCGTGGTTAACGCGGAGGAAGGTGGGGATGACGTCAAATCATCATGCCCCTTATGTCTAGGGCTACACACGTGCTACAATGGCTGGTACAAAGAGATGCAATACCGCGAGGTGGAGCTAAACTATAAAACCAGTCTCAGTTCGGATTGTAGGCTGAAACTCGCCTACATGAAGCTGGAGTTGCTAGTAATCGCGAATCAGAATGTCGCGGTGAATACGTTCCCGGGCCTTGTACACACCGCCCGTCACACCATGAGAGTTGGCAATACCCAAAGTTCGTGAGCTAACCCGTAAGGGAGGCAGCGACCTAAGGTAGGGTCAGCGATTGGGGTGAAGTCGTAACAAGGT
52,ATCC-17786,cBio	GROUP2_cbot_E538_JN617079	1453	1356	1333	1332	99.92	1	0	1	1333	plus	AAGTGGATTAGCGGCGGACGGGTGAGTAACACGTGGGCAACCTGCCTCATAGAGAGGGATAGCCTTTCGAAAGGAAGATTAATACCTCATAAGATTGTAGTTTCGCATGAAACGGCAATAAAAGGAGCAATCCGCTATGAGATGGGCCCGCGTCGCATTAGCTAGTTGGTAAGGTAATGGCTTACCAAGGCGACGATGCGTAGCCGACCTGAGAGGGTGATCGGCCACATTGGGACTGAGACACGGCCCAGACCCCTACGGGAGGCAGCAGTGGGGAATATTGCACAATGGGGGAAACCCTGATGCAGCAACGCCGCGTGAGTGATGAAGGTCTTCGGATTGTAAAACTCTGTCTTTGGGGACGATAATGACGGTACCCAAGGAGGAAGCCACGGCTAACTACGTGCCAGCAGCCGCGGTAATACGTAGGTGGCAAGCGTTGTCCGGATTTACTGGGCGTAAAGGGAGCGTAGGTGGATATTTAAGTGGGATGTGAAATACTCGGGCTTAACCTGAGTGCTGCATTCCAAACTGGATATCTAGAGTGCAGGAGAGGAAAGTGGAATTCCTAGTGTAGCGGTGAAATGCGTAGATATTAGGAAGAACACCAGTGGCGAAGGCGACTTTCTGGACTGTAACTGACACTGAGGCTCGAAAGCGTGGGGAGCGAACAGGATTAGATACCCTGGTAGTCCACGCCGTAAACGATGAATACTAGGTGTAGGAGCTGTCATGGCTTCTGTGCCGCCGCTAACGCATTAAGTATTCCGCCTGGGGAGTACGGTCGCAAGATTAAAACTCAAAGGAATTGACGGGGGCCCGCACAAGCAGCGGAGCATGTGGTTTAATTCGAAGCAACGCGAAGAACCTTACCTAGACTTGACATCTCCTGAATTACTCTTAATCGAGGAAGTCGCTTCGGCGACAGGAAGACAGGTGGTGCATGGTTGTCGTCAGCTCGTGTCGTGAGATGTTGGGTTAAGTCCCGCAACGAGCGCAACCCTTATTGTTAGTTGCTACCATTTAGTTGAGCACTCTAGCGAGACTGCCGTGGTTAACGCGGAGGAAGGTGGGGATGACGTCAAATCATCATGCCCCTTATGTCTAGGGCTACACACGTGCTACAATGGCTGGTACAAAGAGATGCAATACCGCGAGGTGGAGCTAAACTATAAAACCAGTCTCAGTTCGGATTGTAGGCTGAAACTCGCCTACATGAAGCTGGAGTTGCTAGTAATCGCGAATCAGAATGTCGCGGTGAATACGTTCCCGGGCCTTGTACACACCGCCCGTCACACCATGAGAGTTGGCAATACCCAAAGTTCGTGAGCTA
54,ATCC-17786,cBio	GROUP2_cbot_Eklund202F_X68171	1325	1515	1302	1301	99.92	1	0	24	1325	minus	AAGGAGGTGATCCAGCCGCAGGTTCTCCTACGGCTACCTTGTTACGACTTCACCCCAATCGCTGACCCTACCTTAGGTCGCTGCCTCCCTTACGGGTTAGCTCACGAACTTTGGGTATTGCCAACTCTCATGGTGTGACGGGCGGTGTGTACAAGGCCCGGGAACGTATTCACCGCGACATTCTGATTCGCGATTACTAGCAACTCCAGCTTCATGTAGGCGAGTTTCAGCCTACAATCCGAACTGAGACTGGTTTTATAGTTTAGCTCCACCTCGCGGTATTGCATCTCTTTGTACCAGCCATTGTAGCACGTGTGTAGCCCTAGACATAAGGGGCATGATGATTTGACGTCATCCCCACCTTCCTCCGCGTTAACCACGGCAGTCTCGCTAGAGTGCTCAACTAAATGGTAGCAACTAACAATAAGGGTTGCGCTCGTTGCGGGACTTAACCCAACATCTCACGACACGAGCTGACGACAACCATGCACCACCTGTCTTCCTGTCGCCGAAGCGACTTCCTCGATTAAGAGTAATTCAGGAGATGTCAAGTCTAGGTAAGGTTCTTCGCGTTGCTTCGAATTAAACCACATGCTCCGCTGCTTGTGCGGGCCCCCGTCAATTCCTTTGAGTTTTAATCTTGCGACCGTACTCCCCAGGCGGAATACTTAATGCGTTAGCGGCGGCACAGAAGCCATGACAGCTCCTACACCTAGTATTCATCGTTTACGGCGTGGACTACCAGGGTATCTAATCCTGTTCGCTCCCCACGCTTTCGAGCCTCAGTGTCAGTTACAGTCCAGAAAGTCGCCTTCGCCACTGGTGTTCTTCCTAATATCTACGCATTTCACCGCTACACTAGGAATTCCACTTTCCTCTCCTGCACTCTAGATATCCAGTTTGGAATGCAGCACTCAGGTTAAGCCCGAGTATTTCACATCCCACTTAAATATCCACCTACGCTCCCTTTACGCCCAGTAAATCCGGACAACGCTTGCCACCTACGTATTACCGCGGCTGCTGGCACGTAGTTAGCCGTGGCTTCCTCCTTGGGTACCGTCATTATCGTCCCCAAAGACAGAGTTTTACAATCCGAAGACCTTCATCACTCACGCGGCGTTGCTGCATCAGGGTTTCCCCCATTGTGCAATATTCCCCACTGCTGCCTCCCGTAGGGGTCTGGGCCGTGTCTCAGTCCCAATGTGGCCGATCACCCTCTCAGGTCGGCTACGCATCGTCGCCTTGGTAAGCCATTACCTTACCAACTAGCTAATGCGACGCGGGCCCATCTCATAGCGGATT
54,ATCC-17786,cBio	GROUP2_cbot_Iwanai_X68170	1325	1512	1302	1299	99.77	1	2	24	1325	minus	AAGGAGGTGATCCAGCCGCAGGTTCTCCTACGGCTACCTTGTTACGACTTCACCCCAATCGCTGACCCTACCTTAGGTCGCTGCCTCCCTTACGGGTTAGCTCACGAACTTTGGGTATTGCCAACTCTCATGGTGTGACGGGCGGTGTGTACAAGGCCCGGGAACGTATTCACCGCGACATTCTGATTCGCGATTACTAGCAACTCCAGCTTCATGTAGGCGAGTTTCAGCCTACAATCCGAACTGAGACTGGTTTTATAGTTTAGCTCCACCTCGCGGTATTGCATCTCTTTGTACCAGCCATTGTAGCACGTGTGTAGCCCTAGACATAAGGGGCATGATGATTTGACGTCATCCCCACCTTCCTCCGCGTTAACCACGGCAGTCTCGCTAGAGTGCTCAACTAAATGGTAGCAACTAACAATAAGGGTTGCGCTCGTTGCGGGACTTAACCCAACATCTCACGACACGAGCTGACGACAACCATGCACCACCTGTCTTCCTGTCGCCGAAGCGACTTCCTCGATTAAGAGTAATTCAGGAGATGTCAAGTCTAGGTAAGGTTCTTCGCGTTGCTTCGAATTAAACCACATGCTCCGCTGCTTGTGCGGGCCCCCGTCAATTCCTTTGAGTTTTAATCTTGCGACCGTACTCCCCAGGCGGAATACTTAATGCGTTAGCGGCGGCACAGAAGCCATGACAGCTCCTACACCTAGTATTCATCGTTTACGGCGTGGACTACCAGGGTATCTAATCCTGTTCGCTCCCCACGCTTTCGAGCCTCAGTGTCAGTTACAGTCCAGAAAGTCGCCTTCGCCACTGGTGTTCTTCCTAATATCTACGCATTTCACCGCTACACTAGGAATTCCACTTTCCTCTCCTGCACTCTAGATATCCAGTTTGGAATGCAGCACTCAGGTTAAGCCCGAGTATTTCACATCCCACTTAAATATCCACCTACGCTCCCTTTACGCCCAGTAAATCCGGACAACGCTTGCCACCTACGTATTACCGCGGCTGCTGGCACGTAGTTAGCCGTGGCTTCCTCCTTGGGTACCGTCATTATCGTCCCCAAAGACAGAGTTTTACAATCCGAAGACCTTCATCACTCACGCGGCGTTGCTGCATCAGGGTTTCCCCCATTGTGCAATATTCCCCACTGCTGCCTCCCGTAGGGGTCTGGGCCGTGTCTCAGTCCCAATGTGGCCGATCACCCTCTCAGGTCGGCTACGCATCGTCGCCTTGGTAAGCCATTACCTTACCAACTAGCTAATGCGACGCGGGCCCATCTCATAGCGGATT
54,ATCC-17786,cBio	GROUP2_cbot_Eklund17B_X68173	1325	1513	1300	1297	99.77	3	0	26	1325	minus	GGAGGTGATCCAGCCGCAGGTTCTCCTACGGCTACCTTGTTACGACTTCACCCCAATCGCTGACCCTACCTTAGGTCGCTGCCTCCCTTACGGGTTAGCTCACGAACTTTGGGTATTGCCAACTCTCATGGTGTGACGGGCGGTGTGTACAAGGCCCGGGAACGTATTCACCGCGACATTCTGATTCGCGATTACTAGCAACTCCAGCTTCATGTAGGCGAGTTTCAGCCTACAATCCGAACTGAGACTGGTTTTATAGTTTAGCTCCACCTCGCGGTATTGCATCTCTTTGTACCAGCCATTGTAGCACGTGTGTAGCCCTAGACATAAGGGGCATGATGATTTGACGTCATCCCCACCTTCCTCCGCGTTAACCACGGCAGTCTCGCTAGAGTGCTCAACTAAATGGTAGCAACTAACAATAAGGGTTGCGCTCGTTGCGGGACTTAACCCAACATCTCACGACACGAGCTGACGACAACCATGCACCACCTGTCTTCCTGTCGCCGAAGCGACTTCCTCGATTAAGAGTAATTCAGGAGATGTCAAGTCTAGGTAAGGTTCTTCGCGTTGCTTCGAATTAAACCACATGCTCCGCTGCTTGTGCGGGCCCCCGTCAATTCCTTTGAGTTTTAATCTTGCGACCGTACTCCCCAGGCGGAATACTTAATGCGTTAGCGGCGGCACAGAAGCCATGACAGCTCCTACACCTAGTATTCATCGTTTACGGCGTGGACTACCAGGGTATCTAATCCTGTTCGCTCCCCACGCTTTCGAGCCTCAGTGTCAGTTACAGTCCAGAAAGTCGCCTTCGCCACTGGTGTTCTTCCTAATATCTACGCATTTCACCGCTACACTAGGAATTCCACTTTCCTCTCCTGCACTCTAGATATCCAGTTTGGAATGCAGCACTCAGGTTAAGCCCGAGTATTTCACATCCCACTTAAATATCCACCTACGCTCCCTTTACGCCCAGTAAATCCGGACAACGCTTGCCACCTACGTATTACCGCGGCTGCTGGCACGTAGTTAGCCGTGGCTTCCTCCTTGGGTACCGTCATTATCGTCCCCAAAGACAGAGTTTTACAATCCGAAGACCTTCATCACTCACGCGGCGTTGCTGCATCAGGGTTTCCCCCATTGTGCAATATTCCCCACTGCTGCCTCCCGTAGGGGTCTGGGCCGTGTCTCAGTCCCAATGTGGCCGATCACCCTCTCAGGTCGGCTACGCATCGTCGCCTTGGTAAGCCATTACCTTACCAACTAGCTAATGCGACGCGGGCCCATCTCATAGCGGATT
54,ATCC-17786,cBio	GROUP2_cbot_ATCC9564_L37592	1325	1463	1267	1264	99.76	2	1	59	1325	minus	ACCTTGTTACGACTTCACCCCAATCGCTGACCCTACCTTAGGTCGCTGCCTCCCTTACGGGTTAGCTCACGAACTTTGGGTATTGCCAACTCTCATGGTGTGACGGGCGGTGTGTACAAGGCCCGGGAACGTATTCACCGCGACATTCTGATTCGCGATTACTAGCAACTCCAGCTTCATGTAGGCGAGTTTCAGCCTACAATCCGAACTGAGACTGGTTTTATAGTTTAGCTCCACCTCGCGGTATTGCATCTCTTTGTACCAGCCATTGTAGCACGTGTGTAGCCCTAGACATAAGGGGCATGATGATTTGACGTCATCCCCACCTTCCTCCGCGTTAACCACGGCAGTCTCGCTAGAGTGCTCAACTAAATGGTAGCAACTAACAATAAGGGTTGCGCTCGTTGCGGGACTTAACCCAACATCTCACGACACGAGCTGACGACAACCATGCACCACCTGTCTTCCTGTCGCCGAAGCGACTTCCTCGATTAAGAGTAATTCAGGAGATGTCAAGTCTAGGTAAGGTTCTTCGCGTTGCTTCGAATTAAACCACATGCTCCGCTGCTTGTGCGGGCCCCCGTCAATTCCTTTGAGTTTTAATCTTGCGACCGTACTCCCCAGGCGGAATACTTAATGCGTTAGCGGCGGCACAGAAGCCATGACAGCTCCTACACCTAGTATTCATCGTTTACGGCGTGGACTACCAGGGTATCTAATCCTGTTCGCTCCCCACGCTTTCGAGCCTCAGTGTCAGTTACAGTCCAGAAAGTCGCCTTCGCCACTGGTGTTCTTCCTAATATCTACGCATTTCACCGCTACACTAGGAATTCCACTTTCCTCTCCTGCACTCTAGATATCCAGTTTGGAATGCAGCACTCAGGTTAAGCCCGAGTATTTCACATCCCACTTAAATATCCACCTACGCTCCCTTTACGCCCAGTAAATCCGGACAACGCTTGCCACCTACGTATTACCGCGGCTGCTGGCACGTAGTTAGCCGTGGCTTCCTCCTTGGGTACCGTCATTATCGTCCCCAAAGACAGAGTTTTACAATCCGAAGACCTTCATCACTCACGCGGCGTTGCTGCATCAGGGTTTCCCCCATTGTGCAATATTCCCCACTGCTGCCTCCCGTAGGGGTCTGGGCCGTGTCTCAGTCCCAATGTGGCCGATCACCCTCTCAGGTCGGCTACGCATCGTCGCCTTGGTAAGCCATTACCTTACCAACTAGCTAATGCGACGCGGGCCCATCTCATAGCGGATT
54,ATCC-17786,cBio	GROUP2_cbot_E538_JN617079	1325	1356	1205	1204	99.92	1	0	121	1325	minus	TAGCTCACGAACTTTGGGTATTGCCAACTCTCATGGTGTGACGGGCGGTGTGTACAAGGCCCGGGAACGTATTCACCGCGACATTCTGATTCGCGATTACTAGCAACTCCAGCTTCATGTAGGCGAGTTTCAGCCTACAATCCGAACTGAGACTGGTTTTATAGTTTAGCTCCACCTCGCGGTATTGCATCTCTTTGTACCAGCCATTGTAGCACGTGTGTAGCCCTAGACATAAGGGGCATGATGATTTGACGTCATCCCCACCTTCCTCCGCGTTAACCACGGCAGTCTCGCTAGAGTGCTCAACTAAATGGTAGCAACTAACAATAAGGGTTGCGCTCGTTGCGGGACTTAACCCAACATCTCACGACACGAGCTGACGACAACCATGCACCACCTGTCTTCCTGTCGCCGAAGCGACTTCCTCGATTAAGAGTAATTCAGGAGATGTCAAGTCTAGGTAAGGTTCTTCGCGTTGCTTCGAATTAAACCACATGCTCCGCTGCTTGTGCGGGCCCCCGTCAATTCCTTTGAGTTTTAATCTTGCGACCGTACTCCCCAGGCGGAATACTTAATGCGTTAGCGGCGGCACAGAAGCCATGACAGCTCCTACACCTAGTATTCATCGTTTACGGCGTGGACTACCAGGGTATCTAATCCTGTTCGCTCCCCACGCTTTCGAGCCTCAGTGTCAGTTACAGTCCAGAAAGTCGCCTTCGCCACTGGTGTTCTTCCTAATATCTACGCATTTCACCGCTACACTAGGAATTCCACTTTCCTCTCCTGCACTCTAGATATCCAGTTTGGAATGCAGCACTCAGGTTAAGCCCGAGTATTTCACATCCCACTTAAATATCCACCTACGCTCCCTTTACGCCCAGTAAATCCGGACAACGCTTGCCACCTACGTATTACCGCGGCTGCTGGCACGTAGTTAGCCGTGGCTTCCTCCTTGGGTACCGTCATTATCGTCCCCAAAGACAGAGTTTTACAATCCGAAGACCTTCATCACTCACGCGGCGTTGCTGCATCAGGGTTTCCCCCATTGTGCAATATTCCCCACTGCTGCCTCCCGTAGGGGTCTGGGCCGTGTCTCAGTCCCAATGTGGCCGATCACCCTCTCAGGTCGGCTACGCATCGTCGCCTTGGTAAGCCATTACCTTACCAACTAGCTAATGCGACGCGGGCCCATCTCATAGCGGATT
