9,Hall-80,NAU,1918,Clinical,beans	GROUP1_cbot_ATCC449_NZLFOO01000064	134347	1519	1519	1513	99.61	6	0	114961	116479	reversed to plus	CTTTTAAATTTAGAGTTTGATCCTGGCTCAGGACGAACGCTGGCGGCGTGCTTAACACATGCAAGTCGAGCGATGAAACTTCCTTCGGGAAGTGGATTAGCGGCGGACGGGTGAGTAACACGTGGGTAACCTGCCTCAAAGTGGGGGATAGCCTTCCGAAAGGAAGATTAATACCGCATAATATGAGAGAATCGCATGATTTTCTTATCAAAGATTTATCGCTTTGAGATGGACCCGCGGCGCATTAGCTAGTTGGTAAGGTAACGGCTTACCAAGGCAACGATGCGTAGCCGACCTGAGAGGGTGATCGGCCACATTGGAACTGAGACACGGTCCAGACTCCTACGGGAGGCAGCAGTGGGGAATATTGCGCAATGGGGGAAACCCTGACGCAGCAACGCCGCGTGGGTGATGAAGGTCTTCGGATTGTAAAGCCCTGTTTTCTGGGACGATAATGACGGTACCAGAGGAGGAAGCCACGGCTAACTACGTGCCAGCAGCCGCGGTAATACGTAGGTGGCGAGCGTTGTCCGGATTTACTGGGCGTAAAGGGTGCGTAGGCGGATGTTTAAGTGGGATGTGAAATCCCCGGGCTTAACCTGGGGGCTGCATTCCAAACTGGATATCTAGAGTGCAGGAGAGGAAAGCGGAATTCCTAGTGTAGCGGTGAAATGCGTAGAGATTAGGAAGAACACCAGTGGCGAAGGCGGCTTTCTGGACTGTAACTGACGCTGAGGCACGAAAGCGTGGGTAGCAAACAGGATTAGATACCCTGGTAGTCCACGCCGTAAACGATGGATACTAGGTGTAGGGGGTATCAACTCCCCCTGTGCCGCAGTTAACACAATAAGTATCCCGCCTGGGGAGTACGGTCGCAAGATTAAAACTCAAAGGAATTGACGGGGGCCCGCACAAGCAGCGGAGCATGTGGTTTAATTCGAAGCAACGCGAAGAACCTTACCTGGACTTGACATCCCTTGCATAGCCTAGAGATAGGTGAAGCCCTTCGGGGCAAGGAGACAGGTGGTGCATGGTTGTCGTCAGCTCGTGTCGTGAGATGTTAGGTTAAGTCCTGCAACGAGCGCAACCCTTGTTATTAGTTGCTACCATTAAGTTGAGCACTCTAATGAGACTGCCTGGGTAACCAGGAGGAAGGTGGGGATGACGTCAAATCATCATGCCCCTTATGTCCAGGGCTACACACGTGCTACAATGGTAGGTACAATAAGACGCAAGACCGTGAGGTGGAGCAAAACTTATAAAACCTATCTCAGTTCGGATTGTAGGCTGCAACTCGCCTACATGAAGCTGGAGTTGCTAGTAATCGCGAATCAGAATGTCGCGGTGAATACGTTCCCGGGCCTTGTACACACCGCCCGTCACACCATGAGAGCTGGTAACACCCGAAGTCCGTGAGGTAACCGTAAGGAGCCAGCGGCCGAAGGTGGGATTAGTGATTGGGGTGAAGTCGTAACAAGGTAGCCGTAGGAGAACCTGCGGCTGGATCACCTCCTTTCTA
9,Hall-80,NAU,1918,Clinical,beans	GROUP1_cbot_ATCC449_NZLFOO01000064	134347	1519	1519	1511	99.47	8	0	107098	108616	reversed to plus	CTTTTAAATTTAGAGTTTGATCCTGGCTCAGGACGAACGCTGGCGGCGTGCTTAACACATGCAAGTCGAGCGATGAAGCTTCCTTCGGGAAGTGGATTAGCGGCGGACGGGTGAGTAACACGTGGGTAACCTACCTCAAAGTGGGGGATAGCCTTCCGAAAGGAAGATTAATACCGCATAATATGAGAGAATCGCATGATTTTCTTATCAAAGATTTATCGCTTTGAGATGGACCCGCGGCGCATTAGCTAGTTGGTAAGGTAACGGCTTACCAAGGCAACGATGCGTAGCCGACCTGAGAGGGTGATCGGCCACATTGGAACTGAGACACGGTCCAGACTCCTACGGGAGGCAGCAGTGGGGAATATTGCGCAATGGGGGAAACCCTGACGCAGCAACGCCGCGTGGGTGATGAAGGTCTTCGGATTGTAAAGCCCTGTTTTCTGGGACGATAATGACGGTACCAGAGGAGGAAGCCACGGCTAACTACGTGCCAGCAGCCGCGGTAATACGTAGGTGGCGAGCGTTGTCCGGATTTACTGGGCGTAAAGGGTGCGTAGGCGGATGTTTAAGTGGGATGTGAAATCCCCGGGCTTAACCTGGGGGCTGCATTCCAAACTGGATATCTAGAGTGCAGGAGAGGAAAGCGGAATTCCTAGTGTAGCGGTGAAATGCGTAGAGATTAGGAAGAACACCAGTGGCGAAGGCGGCTTTCTGGACTGTAACTGACGCTGAGGCACGAAAGCGTGGGTAGCAAACAGGATTAGATACCCTGGTAGTCCACGCCGTAAACGATGGATACTAGGTGTAGGGGGTATCAACTCCCCCTGTGCCGCAGTTAACACAATAAGTATCCCGCCTGGGGAGTACGGTCGCAAGATTAAAACTCAAAGGAATTGACGGGGGCCCGCACAAGCAGCGGAGCATGTGGTTTAATTCGAAGCAACGCGAAGAACCTTACCTGGACTTGACATCCCTTGCATAGCCTAGAGATAGGTGAAGCCCTTCGGGGCAAGGAGACAGGTGGTGCATGGTTGTCGTCAGCTCGTGTCGTGAGATGTTAGGTTAAGTCCTGCAACGAGCGCAACCCTTGTTATTAGTTGCTACCATTAAGTTGAGCACTCTAATGAGACTGCCTGGGTAACCAGGAGGAAGGTGGGGATGACGTCAAATCATCATGCCCCTTATGTCCAGGGCTACACACGTGCTACAATGGTAGGTACAATAAGACGCAAGACCGTGAGGTGGAGCAAAACTTATAAAACCTATCTCAGTTCGGATTGTAGGCTGCAACTCGCCTACATGAAGCTGGAGTTGCTAGTAATCGCGAATCAGAATGTCGCGGTGAATACGTTCCCGGGCCTTGTACACACCGCCCGTCACACCATGAGAGCTGGTAACACCCGAAGTCCGTGAGGTAACCGTAAGGAGCCAGCGGCCGAAGGTGGGATTAGTGATTGGGGTGAAGTCGTAACAAGGTAGCCGTAGGAGAACCTGCGGCTGGATCACCTCCTTTCTA
9,Hall-80,NAU,1918,Clinical,beans	GROUP1_cbot_LangelandNCTC10281_X68172	134347	1515	1507	1499	99.47	5	3	114965	116468	reversed to plus	AGAGTTTGATCCTGGCTCAGGACGAACGCTGGCGGCGTGCTTAACACATGCAAGTCGAGCGATGAAACTTCCTTCGGGAAGTGGATTAGCGGCGGACGGGTGAGTAACACGTGGGTAACCTGCCTCAAAGTGGGGGATAGCCTTCCGAAAGGAAGATTAATACCGCATAATATGAGAGAATCGCATGATTTTCTTAT-CAAAGATTTATCGCTTTGAGATGGACCCGCGGCGCATTAGCTAGTTGGTAAGGTAACGGCTTACCAAGGCAACGATGCGTAGCCGACCTGAGAGGGTGATCGGCCACATTGGAACTGAGACACGGTCCAGACTCCTACGGGAGGCAGCAGTGGGGAATATTGCGCAATGGGGGAAACCCTGACGCAGCAACGCCGCGTGGGTGATGAAGGTCTTCGGATTGTAAAGCCCTGTTTTCTGGGACGATAATGACGGTACCAGAGGAGGAAGCCACGGCTAACTACGTGCCAGCAGCCGCGGTAATACGTAGGTGGCGAGCGTTGTCCGGATTTACTGGGCGTAAAGGGTGCGTAGGCGGATGTTTAAGTGGGATGTGAAATCCCCGGGCTTAACCTGGGGGCTGCATTCCAAACTGGATATCTAGAGTGCAGGAGAGGAAAGCGGAATTCCTAGTGTAGCGGTGAAATGCGTAGAGATTAGGAAGAACACCAGTGGCGAAGGCGGCTTTCTGGACTGTAACTGACGCTGAGGCACGAAAGCGTGGGTAGCAAACAGGATTAGATACCCTGGTAGTCCACGCCGTAAACGATGGATACTAGGTGTAGGGGGTATCAACTCCCCCTGTGCCGCAGTTAACACAATAAGTATCCCGCCTGGGGAGTACGGTCGCAAGATTAAAACTCAAAGGAATTGACGGGGGCCCGCACAAGCAGCGGAGCATGTGGTTTAATTCGAAGCAACGCGAAGAACCTTACCTGGACTTGACATCCCTTGCATAGCCTAGAGATAGGTGAAGCCCTTCGGGGCAAGGAGACAGGTGGTGCATGGTTGTCGTCAGCTCGTGTCGTGAGATGTTAGGTTAAGTCCTGCAACGAGCGCAACCCTTGTTATTAGTTGCTACCATTAAGTTGAGCACTCTAATGAGACTGCCTGGGTAACCAGGAGGAAGGTGGGGATGACGTCAAATCATCATGCCCCTTATGTCCAGGGCTACACACGTGCTACAATGGTAGGTACAATAAGACGCAAGACCGTGAGGTGGAGCAAAACTTATAAAACCTATCTCAGTTCGGATTGTAGGCTGCAACTCGCCTACATGAAGCTGGAGTTGCTAGTAATCGCGAATCAGAATGTCGCGGTGAATACGTTCCCGGGCCTTGTACACACCGCCCGTCACACCATGAGAG--CTGGTAACACCCGAAGTCCGTGAGGTAACCGTAAGGAGCCAGCGGCCGAAGGTGGGATTAGTGATTGGGGTGAAGTCGTAACAAGGTAGCCGTAGGAGAACCTGCGGCTGGATCACCTCCTT
9,Hall-80,NAU,1918,Clinical,beans	GROUP1_cbot_LangelandNCTC10281_X68172	134347	1515	1507	1499	99.47	5	3	107102	108605	reversed to plus	AGAGTTTGATCCTGGCTCAGGACGAACGCTGGCGGCGTGCTTAACACATGCAAGTCGAGCGATGAAGCTTCCTTCGGGAAGTGGATTAGCGGCGGACGGGTGAGTAACACGTGGGTAACCTACCTCAAAGTGGGGGATAGCCTTCCGAAAGGAAGATTAATACCGCATAATATGAGAGAATCGCATGATTTTCTTAT-CAAAGATTTATCGCTTTGAGATGGACCCGCGGCGCATTAGCTAGTTGGTAAGGTAACGGCTTACCAAGGCAACGATGCGTAGCCGACCTGAGAGGGTGATCGGCCACATTGGAACTGAGACACGGTCCAGACTCCTACGGGAGGCAGCAGTGGGGAATATTGCGCAATGGGGGAAACCCTGACGCAGCAACGCCGCGTGGGTGATGAAGGTCTTCGGATTGTAAAGCCCTGTTTTCTGGGACGATAATGACGGTACCAGAGGAGGAAGCCACGGCTAACTACGTGCCAGCAGCCGCGGTAATACGTAGGTGGCGAGCGTTGTCCGGATTTACTGGGCGTAAAGGGTGCGTAGGCGGATGTTTAAGTGGGATGTGAAATCCCCGGGCTTAACCTGGGGGCTGCATTCCAAACTGGATATCTAGAGTGCAGGAGAGGAAAGCGGAATTCCTAGTGTAGCGGTGAAATGCGTAGAGATTAGGAAGAACACCAGTGGCGAAGGCGGCTTTCTGGACTGTAACTGACGCTGAGGCACGAAAGCGTGGGTAGCAAACAGGATTAGATACCCTGGTAGTCCACGCCGTAAACGATGGATACTAGGTGTAGGGGGTATCAACTCCCCCTGTGCCGCAGTTAACACAATAAGTATCCCGCCTGGGGAGTACGGTCGCAAGATTAAAACTCAAAGGAATTGACGGGGGCCCGCACAAGCAGCGGAGCATGTGGTTTAATTCGAAGCAACGCGAAGAACCTTACCTGGACTTGACATCCCTTGCATAGCCTAGAGATAGGTGAAGCCCTTCGGGGCAAGGAGACAGGTGGTGCATGGTTGTCGTCAGCTCGTGTCGTGAGATGTTAGGTTAAGTCCTGCAACGAGCGCAACCCTTGTTATTAGTTGCTACCATTAAGTTGAGCACTCTAATGAGACTGCCTGGGTAACCAGGAGGAAGGTGGGGATGACGTCAAATCATCATGCCCCTTATGTCCAGGGCTACACACGTGCTACAATGGTAGGTACAATAAGACGCAAGACCGTGAGGTGGAGCAAAACTTATAAAACCTATCTCAGTTCGGATTGTAGGCTGCAACTCGCCTACATGAAGCTGGAGTTGCTAGTAATCGCGAATCAGAATGTCGCGGTGAATACGTTCCCGGGCCTTGTACACACCGCCCGTCACACCATGAGAG--CTGGTAACACCCGAAGTCCGTGAGGTAACCGTAAGGAGCCAGCGGCCGAAGGTGGGATTAGTGATTGGGGTGAAGTCGTAACAAGGTAGCCGTAGGAGAACCTGCGGCTGGATCACCTCCTT
9,Hall-80,NAU,1918,Clinical,beans	GROUP1_cbot_NCTC7272_X68185	134347	1511	1503	1496	99.53	6	1	114967	116468	reversed to plus	AGAGTTTGATCCTGGCTCAGGACGAACGCTGGCGGCGTGCTTAACACATGCAAGTCGAGCGATGAAACTTCCTTCGGGAAGTGGATTAGCGGCGGACGGGTGAGTAACACGTGGGTAACCTGCCTCAAAGTGGGGGATAGCCTTCCGAAAGGAAGATTAATACCGCATAATATGAGAGAATCGCATGATTTTCTTATCAAAGATTTATCGCTTTGAGATGGACCCGCGGCGCATTAGCTAGTTGGTAAGGTAACGGCTTACCAAGGCAACGATGCGTAGCCGACCTGAGAGGGTGATCGGCCACATTGGAACTGAGACACGGTCCAGACTCCTACGGGAGGCAGCAGTGGGGAATATTGCGCAATGGGGGAAACCCTGACGCAGCAACGCCGCGTGGGTGATGAAGGTCTTCGGATTGTAAAGCCCTGTTTTCTGGGACGATAATGACGGTACCAGAGGAGGAAGCCACGGCTAACTACGTGCCAGCAGCCGCGGTAATACGTAGGTGGCGAGCGTTGTCCGGATTTACTGGGCGTAAAGGGTGCGTAGGCGGATGTTTAAGTGGGATGTGAAATCCCCGGGCTTAACCTGGGGGCTGCATTCCAAACTGGATATCTAGAGTGCAGGAGAGGAAAGCGGAATTCCTAGTGTAGCGGTGAAATGCGTAGAGATTAGGAAGAACACCAGTGGCGAAGGCGGCTTTCTGGACTGTAACTGACGCTGAGGCACGAAAGCGTGGGTAGCAAACAGGATTAGATACCCTGGTAGTCCACGCCGTAAACGATGGATACTAGGTGTAGGGGGTATCAACTCCCCCTGTGCCGCAGTTAACACAATAAGTATCCCGCCTGGGGAGTACGGTCGCAAGATTAAAACTCAAAGGAATTGACGGGGGCCCGCACAAGCAGCGGAGCATGTGGTTTAATTCGAAGCAACGCGAAGAACCTTACCTGGACTTGACATCCCTTGCATAGCCTAGAGATAGGTGAAGCCCTTCGGGGCAAGGAGACAGGTGGTGCATGGTTGTCGTCAGCTCGTGTCGTGAGATGTTAGGTTAAGTCCTGCAACGAGCGCAACCCTTGTTATTAGTTGCTACCATTAAGTTGAGCACTCTAATGAGACTGCCTGGGTAACCAGGAGGAAGGTGGGGATGACGTCAAATCATCATGCCCCTTATGTCCAGGGCTACACACGTGCTACAATGGTAGGTACAATAAGACGCAAGACCGTGAGGTGGAGCAAAACTTATAAAACCTATCTCAGTTCGGATTGTAGGCTGCAACTCGCCTACATGAAGCTGGAGTTGCTAGTAATCGCGAATCAGAATGTCGCGGTGAATACGTTCCCGGGCCTTGTACACACCGCCC-GTCACACCATGAGAGCTGGTAACACCCGAAGTCCGTGAGGTAACCGTAAGGAGCCAGCGGCCGAAGGTGGGATTAGTGATTGGGGTGAAGTCGTAACAAGGTAGCCGTAGGAGAACCTGCGGCTGGATCACCTCC
9,Hall-80,NAU,1918,Clinical,beans	GROUP1_cbot_NCTC7272_X68185	134347	1511	1503	1496	99.53	6	1	107104	108605	reversed to plus	AGAGTTTGATCCTGGCTCAGGACGAACGCTGGCGGCGTGCTTAACACATGCAAGTCGAGCGATGAAGCTTCCTTCGGGAAGTGGATTAGCGGCGGACGGGTGAGTAACACGTGGGTAACCTACCTCAAAGTGGGGGATAGCCTTCCGAAAGGAAGATTAATACCGCATAATATGAGAGAATCGCATGATTTTCTTATCAAAGATTTATCGCTTTGAGATGGACCCGCGGCGCATTAGCTAGTTGGTAAGGTAACGGCTTACCAAGGCAACGATGCGTAGCCGACCTGAGAGGGTGATCGGCCACATTGGAACTGAGACACGGTCCAGACTCCTACGGGAGGCAGCAGTGGGGAATATTGCGCAATGGGGGAAACCCTGACGCAGCAACGCCGCGTGGGTGATGAAGGTCTTCGGATTGTAAAGCCCTGTTTTCTGGGACGATAATGACGGTACCAGAGGAGGAAGCCACGGCTAACTACGTGCCAGCAGCCGCGGTAATACGTAGGTGGCGAGCGTTGTCCGGATTTACTGGGCGTAAAGGGTGCGTAGGCGGATGTTTAAGTGGGATGTGAAATCCCCGGGCTTAACCTGGGGGCTGCATTCCAAACTGGATATCTAGAGTGCAGGAGAGGAAAGCGGAATTCCTAGTGTAGCGGTGAAATGCGTAGAGATTAGGAAGAACACCAGTGGCGAAGGCGGCTTTCTGGACTGTAACTGACGCTGAGGCACGAAAGCGTGGGTAGCAAACAGGATTAGATACCCTGGTAGTCCACGCCGTAAACGATGGATACTAGGTGTAGGGGGTATCAACTCCCCCTGTGCCGCAGTTAACACAATAAGTATCCCGCCTGGGGAGTACGGTCGCAAGATTAAAACTCAAAGGAATTGACGGGGGCCCGCACAAGCAGCGGAGCATGTGGTTTAATTCGAAGCAACGCGAAGAACCTTACCTGGACTTGACATCCCTTGCATAGCCTAGAGATAGGTGAAGCCCTTCGGGGCAAGGAGACAGGTGGTGCATGGTTGTCGTCAGCTCGTGTCGTGAGATGTTAGGTTAAGTCCTGCAACGAGCGCAACCCTTGTTATTAGTTGCTACCATTAAGTTGAGCACTCTAATGAGACTGCCTGGGTAACCAGGAGGAAGGTGGGGATGACGTCAAATCATCATGCCCCTTATGTCCAGGGCTACACACGTGCTACAATGGTAGGTACAATAAGACGCAAGACCGTGAGGTGGAGCAAAACTTATAAAACCTATCTCAGTTCGGATTGTAGGCTGCAACTCGCCTACATGAAGCTGGAGTTGCTAGTAATCGCGAATCAGAATGTCGCGGTGAATACGTTCCCGGGCCTTGTACACACCGCCC-GTCACACCATGAGAGCTGGTAACACCCGAAGTCCGTGAGGTAACCGTAAGGAGCCAGCGGCCGAAGGTGGGATTAGTGATTGGGGTGAAGTCGTAACAAGGTAGCCGTAGGAGAACCTGCGGCTGGATCACCTCC
9,Hall-80,NAU,1918,Clinical,beans	GROUP1_cbot_NCTC7273_X68186	134347	1510	1502	1495	99.53	7	0	114967	116468	reversed to plus	AGAGTTTGATCCTGGCTCAGGACGAACGCTGGCGGCGTGCTTAACACATGCAAGTCGAGCGATGAAACTTCCTTCGGGAAGTGGATTAGCGGCGGACGGGTGAGTAACACGTGGGTAACCTGCCTCAAAGTGGGGGATAGCCTTCCGAAAGGAAGATTAATACCGCATAATATGAGAGAATCGCATGATTTTCTTATCAAAGATTTATCGCTTTGAGATGGACCCGCGGCGCATTAGCTAGTTGGTAAGGTAACGGCTTACCAAGGCAACGATGCGTAGCCGACCTGAGAGGGTGATCGGCCACATTGGAACTGAGACACGGTCCAGACTCCTACGGGAGGCAGCAGTGGGGAATATTGCGCAATGGGGGAAACCCTGACGCAGCAACGCCGCGTGGGTGATGAAGGTCTTCGGATTGTAAAGCCCTGTTTTCTGGGACGATAATGACGGTACCAGAGGAGGAAGCCACGGCTAACTACGTGCCAGCAGCCGCGGTAATACGTAGGTGGCGAGCGTTGTCCGGATTTACTGGGCGTAAAGGGTGCGTAGGCGGATGTTTAAGTGGGATGTGAAATCCCCGGGCTTAACCTGGGGGCTGCATTCCAAACTGGATATCTAGAGTGCAGGAGAGGAAAGCGGAATTCCTAGTGTAGCGGTGAAATGCGTAGAGATTAGGAAGAACACCAGTGGCGAAGGCGGCTTTCTGGACTGTAACTGACGCTGAGGCACGAAAGCGTGGGTAGCAAACAGGATTAGATACCCTGGTAGTCCACGCCGTAAACGATGGATACTAGGTGTAGGGGGTATCAACTCCCCCTGTGCCGCAGTTAACACAATAAGTATCCCGCCTGGGGAGTACGGTCGCAAGATTAAAACTCAAAGGAATTGACGGGGGCCCGCACAAGCAGCGGAGCATGTGGTTTAATTCGAAGCAACGCGAAGAACCTTACCTGGACTTGACATCCCTTGCATAGCCTAGAGATAGGTGAAGCCCTTCGGGGCAAGGAGACAGGTGGTGCATGGTTGTCGTCAGCTCGTGTCGTGAGATGTTAGGTTAAGTCCTGCAACGAGCGCAACCCTTGTTATTAGTTGCTACCATTAAGTTGAGCACTCTAATGAGACTGCCTGGGTAACCAGGAGGAAGGTGGGGATGACGTCAAATCATCATGCCCCTTATGTCCAGGGCTACACACGTGCTACAATGGTAGGTACAATAAGACGCAAGACCGTGAGGTGGAGCAAAACTTATAAAACCTATCTCAGTTCGGATTGTAGGCTGCAACTCGCCTACATGAAGCTGGAGTTGCTAGTAATCGCGAATCAGAATGTCGCGGTGAATACGTTCCCGGGCCTTGTACACACCGCCCGTCACACCATGAGAGCTGGTAACACCCGAAGTCCGTGAGGTAACCGTAAGGAGCCAGCGGCCGAAGGTGGGATTAGTGATTGGGGTGAAGTCGTAACAAGGTAGCCGTAGGAGAACCTGCGGCTGGATCACCTCC
9,Hall-80,NAU,1918,Clinical,beans	GROUP1_cbot_NCTC7273_X68186	134347	1510	1502	1495	99.53	7	0	107104	108605	reversed to plus	AGAGTTTGATCCTGGCTCAGGACGAACGCTGGCGGCGTGCTTAACACATGCAAGTCGAGCGATGAAGCTTCCTTCGGGAAGTGGATTAGCGGCGGACGGGTGAGTAACACGTGGGTAACCTACCTCAAAGTGGGGGATAGCCTTCCGAAAGGAAGATTAATACCGCATAATATGAGAGAATCGCATGATTTTCTTATCAAAGATTTATCGCTTTGAGATGGACCCGCGGCGCATTAGCTAGTTGGTAAGGTAACGGCTTACCAAGGCAACGATGCGTAGCCGACCTGAGAGGGTGATCGGCCACATTGGAACTGAGACACGGTCCAGACTCCTACGGGAGGCAGCAGTGGGGAATATTGCGCAATGGGGGAAACCCTGACGCAGCAACGCCGCGTGGGTGATGAAGGTCTTCGGATTGTAAAGCCCTGTTTTCTGGGACGATAATGACGGTACCAGAGGAGGAAGCCACGGCTAACTACGTGCCAGCAGCCGCGGTAATACGTAGGTGGCGAGCGTTGTCCGGATTTACTGGGCGTAAAGGGTGCGTAGGCGGATGTTTAAGTGGGATGTGAAATCCCCGGGCTTAACCTGGGGGCTGCATTCCAAACTGGATATCTAGAGTGCAGGAGAGGAAAGCGGAATTCCTAGTGTAGCGGTGAAATGCGTAGAGATTAGGAAGAACACCAGTGGCGAAGGCGGCTTTCTGGACTGTAACTGACGCTGAGGCACGAAAGCGTGGGTAGCAAACAGGATTAGATACCCTGGTAGTCCACGCCGTAAACGATGGATACTAGGTGTAGGGGGTATCAACTCCCCCTGTGCCGCAGTTAACACAATAAGTATCCCGCCTGGGGAGTACGGTCGCAAGATTAAAACTCAAAGGAATTGACGGGGGCCCGCACAAGCAGCGGAGCATGTGGTTTAATTCGAAGCAACGCGAAGAACCTTACCTGGACTTGACATCCCTTGCATAGCCTAGAGATAGGTGAAGCCCTTCGGGGCAAGGAGACAGGTGGTGCATGGTTGTCGTCAGCTCGTGTCGTGAGATGTTAGGTTAAGTCCTGCAACGAGCGCAACCCTTGTTATTAGTTGCTACCATTAAGTTGAGCACTCTAATGAGACTGCCTGGGTAACCAGGAGGAAGGTGGGGATGACGTCAAATCATCATGCCCCTTATGTCCAGGGCTACACACGTGCTACAATGGTAGGTACAATAAGACGCAAGACCGTGAGGTGGAGCAAAACTTATAAAACCTATCTCAGTTCGGATTGTAGGCTGCAACTCGCCTACATGAAGCTGGAGTTGCTAGTAATCGCGAATCAGAATGTCGCGGTGAATACGTTCCCGGGCCTTGTACACACCGCCCGTCACACCATGAGAGCTGGTAACACCCGAAGTCCGTGAGGTAACCGTAAGGAGCCAGCGGCCGAAGGTGGGATTAGTGATTGGGGTGAAGTCGTAACAAGGTAGCCGTAGGAGAACCTGCGGCTGGATCACCTCC
9,Hall-80,NAU,1918,Clinical,beans	GROUP1_cbot_ELTDK103_NR_036786	134347	1507	1509	1495	99.07	6	8	114965	116468	reversed to plus	AGAGTTTGATCCTGGCTCAGGACGAACGCTGGCGGCGTGCTTAACACATGCAAGTCGAGCGATGAAACTTCCTTCGGGAAGTGGATTAGCGGCGGACGGGTGAGTAACACGTGGGTAACCTGCCTCAAAGTGGGGGATAGCCTTCCGAAAGGAAGATTAATACCGCATAATATGAGAGAATCGCATGATTTTCTTATCAAAGATTTATCGCTTTGAGATGGACCCGCGGCGCATTAGCTAGTTGGTAAGGTAACGGCTTACCAAGGCAACGATGCGTAGCCGACCTGAGAGGGTGATCGGCCACATTGGAACTGAGACACGGTCCAGACTCCTACGGGAGGCAGCAGTGGGGAATATTGCGCAATGGGGGAAACCCTGACGCAGCAACGCCGCGTGGGTGATGAAGGTCTTCGGATTGTAAAGCCCTGTTTTCTGGGACGATAATGACGGTACCAGAGGAGGAAGCCACGGCTAACTACGTGCCAGCAGCCGCGGTAATACGTAGGTGGCGAGCGTTGTCCGGATTTACTGGGCGTAAAGGGTGCGTAGGCGGATGTTTAAGTGGGATGTGAAATCCCCGGGCTTAACCTGGGGGCTGCATTCC-AAACTGGATATCTAGAGTGCAGGAGAGGAAAGCGGAATTCCTAGTGTAGCGGTGAAATGCGTAGAGATTAGGAAGAACACCAGTGGCGAAGGCGGCTTTCTGGACTGTAACTGACGCTGAGGCACGAAAGCGTGGGTAGCAAACAGGATTAGATACCCTGGTAGTCCACGCCGTAAACGATGGATACTAGGTGTAGGGGGTATCAACTCCCCCTGTGCCGCAGTTAACACAATAAGTATCCCGCCTGGGGAGTACGGTCGCAAGATTAAAACTCAAAGGAATTGACGGGGGCCCGCACAAGCAGCGGAGCA-TGTGGTTTAATTCGAAGCAACGCGAAGAACCTTACCTGGACTTGACATCCCTTGCATAGCCTAGAGATAGGTGAAGCCCTTCGGGGCAAGGAGACAGGTGGTGCATGGTTGTCGTCAGCTCGTGTCGTGAGATGTTAGGTTAAGTCCTGCAACGAGCGCAACCCTTGTTATTAGTTGCTACCATTAAGTTGAGCACTCTAATGAGACTGCCTGGGTAACCAGGAGGAAGGTGGGGATGACGTCAAATCATCATGCCCCTTATGTCCAGGGCTACACACGTGCTACAATGGTAGGTACAATAAGACGCAAGACCGTGAGGTGGAGCAAAACTTATAAAACCTATCTCAGTTCGGATTGTAGGCTGCAACTCGCCTACATGAAGCTGGAGTTGCTAGTAATCGCGAATCAGAATGTCGCGGTGAATACGTTCCCGGGCCTTGTACACACCGCCCGTCACACCATGAGAGCTGGTAACACCCGAAGTCCGTGAGGTAACCGTAAGG-AGCCAGCGGCCGAAGGTGGGATTA-GTGATTGGGGTGAA-GTCGTAACAAGGTAGCCGTAGGAGAACCTGCGGCTGGATCACCTCCTT
9,Hall-80,NAU,1918,Clinical,beans	GROUP1_cbot_ELTDK103_NR_036786	134347	1507	1509	1495	99.07	6	8	107102	108605	reversed to plus	AGAGTTTGATCCTGGCTCAGGACGAACGCTGGCGGCGTGCTTAACACATGCAAGTCGAGCGATGAAGCTTCCTTCGGGAAGTGGATTAGCGGCGGACGGGTGAGTAACACGTGGGTAACCTACCTCAAAGTGGGGGATAGCCTTCCGAAAGGAAGATTAATACCGCATAATATGAGAGAATCGCATGATTTTCTTATCAAAGATTTATCGCTTTGAGATGGACCCGCGGCGCATTAGCTAGTTGGTAAGGTAACGGCTTACCAAGGCAACGATGCGTAGCCGACCTGAGAGGGTGATCGGCCACATTGGAACTGAGACACGGTCCAGACTCCTACGGGAGGCAGCAGTGGGGAATATTGCGCAATGGGGGAAACCCTGACGCAGCAACGCCGCGTGGGTGATGAAGGTCTTCGGATTGTAAAGCCCTGTTTTCTGGGACGATAATGACGGTACCAGAGGAGGAAGCCACGGCTAACTACGTGCCAGCAGCCGCGGTAATACGTAGGTGGCGAGCGTTGTCCGGATTTACTGGGCGTAAAGGGTGCGTAGGCGGATGTTTAAGTGGGATGTGAAATCCCCGGGCTTAACCTGGGGGCTGCATTCC-AAACTGGATATCTAGAGTGCAGGAGAGGAAAGCGGAATTCCTAGTGTAGCGGTGAAATGCGTAGAGATTAGGAAGAACACCAGTGGCGAAGGCGGCTTTCTGGACTGTAACTGACGCTGAGGCACGAAAGCGTGGGTAGCAAACAGGATTAGATACCCTGGTAGTCCACGCCGTAAACGATGGATACTAGGTGTAGGGGGTATCAACTCCCCCTGTGCCGCAGTTAACACAATAAGTATCCCGCCTGGGGAGTACGGTCGCAAGATTAAAACTCAAAGGAATTGACGGGGGCCCGCACAAGCAGCGGAGCA-TGTGGTTTAATTCGAAGCAACGCGAAGAACCTTACCTGGACTTGACATCCCTTGCATAGCCTAGAGATAGGTGAAGCCCTTCGGGGCAAGGAGACAGGTGGTGCATGGTTGTCGTCAGCTCGTGTCGTGAGATGTTAGGTTAAGTCCTGCAACGAGCGCAACCCTTGTTATTAGTTGCTACCATTAAGTTGAGCACTCTAATGAGACTGCCTGGGTAACCAGGAGGAAGGTGGGGATGACGTCAAATCATCATGCCCCTTATGTCCAGGGCTACACACGTGCTACAATGGTAGGTACAATAAGACGCAAGACCGTGAGGTGGAGCAAAACTTATAAAACCTATCTCAGTTCGGATTGTAGGCTGCAACTCGCCTACATGAAGCTGGAGTTGCTAGTAATCGCGAATCAGAATGTCGCGGTGAATACGTTCCCGGGCCTTGTACACACCGCCCGTCACACCATGAGAGCTGGTAACACCCGAAGTCCGTGAGGTAACCGTAAGG-AGCCAGCGGCCGAAGGTGGGATTA-GTGATTGGGGTGAA-GTCGTAACAAGGTAGCCGTAGGAGAACCTGCGGCTGGATCACCTCCTT
