2,Prevot-697B,NAU,1952,Clinical,cat	GROUP1_cbot_ATCC449_NZLFOO01000064	357599	1519	1519	1511	99.47	8	0	133	1651	plus	CTTTTAAATTTAGAGTTTGATCCTGGCTCAGGACGAACGCTGGCGGCGTGCTTAACACATGCAAGTCGAGCGATGAAGCTTCCTTCGGGGAGTGGATTAGCGGCGGACGGGTGAGTAACACGTGGGTAACCTGCCTCAAAGTGGGGGATAGCCTTCCGAAAGGAAGATTAATACCGCATAATATAAGAGAATCGCATGATTTTCTTATCAAAGATTTATTGCTTTGAGATGGACCCGCGGCGCATTAGCTAGTTGGTAAGGTAACGGCTTACCAAGGCAACGATGCGTAGCCGACCTGAGAGGGTGATCGGCCACATTGGAACTGAGACACGGTCCAGACTCCTACGGGAGGCAGCAGTGGGGAATATTGCGCAATGGGGGAAACCCTGACGCAGCAACGCCGCGTGGGTGATGAAGGTCTTCGGATTGTAAAGCCCTGTTTTCTAGGACGATAATGACGGTACTAGAGGAGGAAGCCACGGCTAACTACGTGCCAGCAGCCGCGGTAATACGTAGGTGGCGAGCGTTGTCCGGATTTACTGGGCGTAAAGGGTGCGTAGGCGGATGTTTAAGTGGGATGTGAAATCCCCGGGCTTAACCTGGGGGCTGCATTCCAAACTGGATATCTAGAGTGCAGGAGAGGAAAGCGGAATTCCTAGTGTAGCGGTNANATNCGTAGAGATTAGGAAGAACACCAGTGGCGAAGGCGGCTTTCTGGACTGTAACTGACGCTGAGGCACGAAAGCGTGGGTAGCAAACAGGATTAGATACCCTGGTAGTCCACGCCGTAAACGATGGATACTAGGTGTAGGGGGTATCAACTCCCCCTGTGCCGCAGTTAACACAATAAGTATCCCGCCTGGGGAGTACGGTCGCAAGATTAAAACTCAAAGGAATTGACGGGGGCCCGCACAAGCAGCGGAGCATGTGGTTTAATTCGAAGCAACGCGAAGAACCTTACCTGGACTTGACATCCCTTGCATAGCCTAGAGATAGGTGAAGCCCTTCGGGGCAAGGAGACAGGTGGTGCATGGTTGTCGTCAGCTCGTGTCGTGAGATGTTAGGTTAAGTCCTGCAACGAGCGCAACCCTTGTTATTAGTTGCTACCATTAAGTTGAGCACTCTAATGAGACTGCCTGGGTAACCAGGAGGAAGGTGGGGATGACGTCAAATCATCATGCCCCTTATGTCCAGGGCTACACACGTGCTACAATGGTAGGTACAATAAGATGCAAGACCGTGAGGTGGAGCAAAACTTATAAAACCTATCTCAGTTCGGATTGTAGGCTGCAACTCGCCTACATGAAGCTGGAGTTGCTAGTAATCGCGAATCAGAATGTCGCGGTGAATACGTTCCCGGGCCTTGTACACACCGCCCGTCACACCATGAGAGCTGGTAACACCCGAAGTCCGTGAGGTAACCGTAAGGAGCCAGCGGCCGAAGGTGGGATTAGTGATTGGGGTGAAGTCGTAACAAGGTAGCCGTAGGAGAACCTGCGGCTGGATCACCTCCTTTCTA

2,Prevot-697B,NAU,1952,Clinical,cat	GROUP1_cbot_NCTC7272_X68185	357599	1511	1503	1496	99.53	6	1	144	1645	plus	AGAGTTTGATCCTGGCTCAGGACGAACGCTGGCGGCGTGCTTAACACATGCAAGTCGAGCGATGAAGCTTCCTTCGGGGAGTGGATTAGCGGCGGACGGGTGAGTAACACGTGGGTAACCTGCCTCAAAGTGGGGGATAGCCTTCCGAAAGGAAGATTAATACCGCATAATATAAGAGAATCGCATGATTTTCTTATCAAAGATTTATTGCTTTGAGATGGACCCGCGGCGCATTAGCTAGTTGGTAAGGTAACGGCTTACCAAGGCAACGATGCGTAGCCGACCTGAGAGGGTGATCGGCCACATTGGAACTGAGACACGGTCCAGACTCCTACGGGAGGCAGCAGTGGGGAATATTGCGCAATGGGGGAAACCCTGACGCAGCAACGCCGCGTGGGTGATGAAGGTCTTCGGATTGTAAAGCCCTGTTTTCTAGGACGATAATGACGGTACTAGAGGAGGAAGCCACGGCTAACTACGTGCCAGCAGCCGCGGTAATACGTAGGTGGCGAGCGTTGTCCGGATTTACTGGGCGTAAAGGGTGCGTAGGCGGATGTTTAAGTGGGATGTGAAATCCCCGGGCTTAACCTGGGGGCTGCATTCCAAACTGGATATCTAGAGTGCAGGAGAGGAAAGCGGAATTCCTAGTGTAGCGGTNANATNCGTAGAGATTAGGAAGAACACCAGTGGCGAAGGCGGCTTTCTGGACTGTAACTGACGCTGAGGCACGAAAGCGTGGGTAGCAAACAGGATTAGATACCCTGGTAGTCCACGCCGTAAACGATGGATACTAGGTGTAGGGGGTATCAACTCCCCCTGTGCCGCAGTTAACACAATAAGTATCCCGCCTGGGGAGTACGGTCGCAAGATTAAAACTCAAAGGAATTGACGGGGGCCCGCACAAGCAGCGGAGCATGTGGTTTAATTCGAAGCAACGCGAAGAACCTTACCTGGACTTGACATCCCTTGCATAGCCTAGAGATAGGTGAAGCCCTTCGGGGCAAGGAGACAGGTGGTGCATGGTTGTCGTCAGCTCGTGTCGTGAGATGTTAGGTTAAGTCCTGCAACGAGCGCAACCCTTGTTATTAGTTGCTACCATTAAGTTGAGCACTCTAATGAGACTGCCTGGGTAACCAGGAGGAAGGTGGGGATGACGTCAAATCATCATGCCCCTTATGTCCAGGGCTACACACGTGCTACAATGGTAGGTACAATAAGATGCAAGACCGTGAGGTGGAGCAAAACTTATAAAACCTATCTCAGTTCGGATTGTAGGCTGCAACTCGCCTACATGAAGCTGGAGTTGCTAGTAATCGCGAATCAGAATGTCGCGGTGAATACGTTCCCGGGCCTTGTACACACCGCCC-GTCACACCATGAGAGCTGGTAACACCCGAAGTCCGTGAGGTAACCGTAAGGAGCCAGCGGCCGAAGGTGGGATTAGTGATTGGGGTGAAGTCGTAACAAGGTAGCCGTAGGAGAACCTGCGGCTGGATCACCTCC

2,Prevot-697B,NAU,1952,Clinical,cat	GROUP1_cbot_NCTC7273_X68186	357599	1510	1502	1495	99.53	7	0	144	1645	plus	AGAGTTTGATCCTGGCTCAGGACGAACGCTGGCGGCGTGCTTAACACATGCAAGTCGAGCGATGAAGCTTCCTTCGGGGAGTGGATTAGCGGCGGACGGGTGAGTAACACGTGGGTAACCTGCCTCAAAGTGGGGGATAGCCTTCCGAAAGGAAGATTAATACCGCATAATATAAGAGAATCGCATGATTTTCTTATCAAAGATTTATTGCTTTGAGATGGACCCGCGGCGCATTAGCTAGTTGGTAAGGTAACGGCTTACCAAGGCAACGATGCGTAGCCGACCTGAGAGGGTGATCGGCCACATTGGAACTGAGACACGGTCCAGACTCCTACGGGAGGCAGCAGTGGGGAATATTGCGCAATGGGGGAAACCCTGACGCAGCAACGCCGCGTGGGTGATGAAGGTCTTCGGATTGTAAAGCCCTGTTTTCTAGGACGATAATGACGGTACTAGAGGAGGAAGCCACGGCTAACTACGTGCCAGCAGCCGCGGTAATACGTAGGTGGCGAGCGTTGTCCGGATTTACTGGGCGTAAAGGGTGCGTAGGCGGATGTTTAAGTGGGATGTGAAATCCCCGGGCTTAACCTGGGGGCTGCATTCCAAACTGGATATCTAGAGTGCAGGAGAGGAAAGCGGAATTCCTAGTGTAGCGGTNANATNCGTAGAGATTAGGAAGAACACCAGTGGCGAAGGCGGCTTTCTGGACTGTAACTGACGCTGAGGCACGAAAGCGTGGGTAGCAAACAGGATTAGATACCCTGGTAGTCCACGCCGTAAACGATGGATACTAGGTGTAGGGGGTATCAACTCCCCCTGTGCCGCAGTTAACACAATAAGTATCCCGCCTGGGGAGTACGGTCGCAAGATTAAAACTCAAAGGAATTGACGGGGGCCCGCACAAGCAGCGGAGCATGTGGTTTAATTCGAAGCAACGCGAAGAACCTTACCTGGACTTGACATCCCTTGCATAGCCTAGAGATAGGTGAAGCCCTTCGGGGCAAGGAGACAGGTGGTGCATGGTTGTCGTCAGCTCGTGTCGTGAGATGTTAGGTTAAGTCCTGCAACGAGCGCAACCCTTGTTATTAGTTGCTACCATTAAGTTGAGCACTCTAATGAGACTGCCTGGGTAACCAGGAGGAAGGTGGGGATGACGTCAAATCATCATGCCCCTTATGTCCAGGGCTACACACGTGCTACAATGGTAGGTACAATAAGATGCAAGACCGTGAGGTGGAGCAAAACTTATAAAACCTATCTCAGTTCGGATTGTAGGCTGCAACTCGCCTACATGAAGCTGGAGTTGCTAGTAATCGCGAATCAGAATGTCGCGGTGAATACGTTCCCGGGCCTTGTACACACCGCCCGTCACACCATGAGAGCTGGTAACACCCGAAGTCCGTGAGGTAACCGTAAGGAGCCAGCGGCCGAAGGTGGGATTAGTGATTGGGGTGAAGTCGTAACAAGGTAGCCGTAGGAGAACCTGCGGCTGGATCACCTCC

2,Prevot-697B,NAU,1952,Clinical,cat	GROUP1_cbot_LangelandNCTC10281_X68172	357599	1515	1507	1498	99.40	6	3	144	1647	plus	AGAGTTTGATCCTGGCTCAGGACGAACGCTGGCGGCGTGCTTAACACATGCAAGTCGAGCGATGAAGCTTCCTTCGGGGAGTGGATTAGCGGCGGACGGGTGAGTAACACGTGGGTAACCTGCCTCAAAGTGGGGGATAGCCTTCCGAAAGGAAGATTAATACCGCATAATATAAGAGAATCGCATGATTTTCTTAT-CAAAGATTTATTGCTTTGAGATGGACCCGCGGCGCATTAGCTAGTTGGTAAGGTAACGGCTTACCAAGGCAACGATGCGTAGCCGACCTGAGAGGGTGATCGGCCACATTGGAACTGAGACACGGTCCAGACTCCTACGGGAGGCAGCAGTGGGGAATATTGCGCAATGGGGGAAACCCTGACGCAGCAACGCCGCGTGGGTGATGAAGGTCTTCGGATTGTAAAGCCCTGTTTTCTAGGACGATAATGACGGTACTAGAGGAGGAAGCCACGGCTAACTACGTGCCAGCAGCCGCGGTAATACGTAGGTGGCGAGCGTTGTCCGGATTTACTGGGCGTAAAGGGTGCGTAGGCGGATGTTTAAGTGGGATGTGAAATCCCCGGGCTTAACCTGGGGGCTGCATTCCAAACTGGATATCTAGAGTGCAGGAGAGGAAAGCGGAATTCCTAGTGTAGCGGTNANATNCGTAGAGATTAGGAAGAACACCAGTGGCGAAGGCGGCTTTCTGGACTGTAACTGACGCTGAGGCACGAAAGCGTGGGTAGCAAACAGGATTAGATACCCTGGTAGTCCACGCCGTAAACGATGGATACTAGGTGTAGGGGGTATCAACTCCCCCTGTGCCGCAGTTAACACAATAAGTATCCCGCCTGGGGAGTACGGTCGCAAGATTAAAACTCAAAGGAATTGACGGGGGCCCGCACAAGCAGCGGAGCATGTGGTTTAATTCGAAGCAACGCGAAGAACCTTACCTGGACTTGACATCCCTTGCATAGCCTAGAGATAGGTGAAGCCCTTCGGGGCAAGGAGACAGGTGGTGCATGGTTGTCGTCAGCTCGTGTCGTGAGATGTTAGGTTAAGTCCTGCAACGAGCGCAACCCTTGTTATTAGTTGCTACCATTAAGTTGAGCACTCTAATGAGACTGCCTGGGTAACCAGGAGGAAGGTGGGGATGACGTCAAATCATCATGCCCCTTATGTCCAGGGCTACACACGTGCTACAATGGTAGGTACAATAAGATGCAAGACCGTGAGGTGGAGCAAAACTTATAAAACCTATCTCAGTTCGGATTGTAGGCTGCAACTCGCCTACATGAAGCTGGAGTTGCTAGTAATCGCGAATCAGAATGTCGCGGTGAATACGTTCCCGGGCCTTGTACACACCGCCCGTCACACCATGAGAG--CTGGTAACACCCGAAGTCCGTGAGGTAACCGTAAGGAGCCAGCGGCCGAAGGTGGGATTAGTGATTGGGGTGAAGTCGTAACAAGGTAGCCGTAGGAGAACCTGCGGCTGGATCACCTCCTT

2,Prevot-697B,NAU,1952,Clinical,cat	GROUP1_cbot_ELTDK103_NR_036786	357599	1507	1509	1491	98.81	10	8	144	1647	plus	AGAGTTTGATCCTGGCTCAGGACGAACGCTGGCGGCGTGCTTAACACATGCAAGTCGAGCGATGAAGCTTCCTTCGGGGAGTGGATTAGCGGCGGACGGGTGAGTAACACGTGGGTAACCTGCCTCAAAGTGGGGGATAGCCTTCCGAAAGGAAGATTAATACCGCATAATATAAGAGAATCGCATGATTTTCTTATCAAAGATTTATTGCTTTGAGATGGACCCGCGGCGCATTAGCTAGTTGGTAAGGTAACGGCTTACCAAGGCAACGATGCGTAGCCGACCTGAGAGGGTGATCGGCCACATTGGAACTGAGACACGGTCCAGACTCCTACGGGAGGCAGCAGTGGGGAATATTGCGCAATGGGGGAAACCCTGACGCAGCAACGCCGCGTGGGTGATGAAGGTCTTCGGATTGTAAAGCCCTGTTTTCTAGGACGATAATGACGGTACTAGAGGAGGAAGCCACGGCTAACTACGTGCCAGCAGCCGCGGTAATACGTAGGTGGCGAGCGTTGTCCGGATTTACTGGGCGTAAAGGGTGCGTAGGCGGATGTTTAAGTGGGATGTGAAATCCCCGGGCTTAACCTGGGGGCTGCATTCC-AAACTGGATATCTAGAGTGCAGGAGAGGAAAGCGGAATTCCTAGTGTAGCGGTNANATNCGTAGAGATTAGGAAGAACACCAGTGGCGAAGGCGGCTTTCTGGACTGTAACTGACGCTGAGGCACGAAAGCGTGGGTAGCAAACAGGATTAGATACCCTGGTAGTCCACGCCGTAAACGATGGATACTAGGTGTAGGGGGTATCAACTCCCCCTGTGCCGCAGTTAACACAATAAGTATCCCGCCTGGGGAGTACGGTCGCAAGATTAAAACTCAAAGGAATTGACGGGGGCCCGCACAAGCAGCGGAGCA-TGTGGTTTAATTCGAAGCAACGCGAAGAACCTTACCTGGACTTGACATCCCTTGCATAGCCTAGAGATAGGTGAAGCCCTTCGGGGCAAGGAGACAGGTGGTGCATGGTTGTCGTCAGCTCGTGTCGTGAGATGTTAGGTTAAGTCCTGCAACGAGCGCAACCCTTGTTATTAGTTGCTACCATTAAGTTGAGCACTCTAATGAGACTGCCTGGGTAACCAGGAGGAAGGTGGGGATGACGTCAAATCATCATGCCCCTTATGTCCAGGGCTACACACGTGCTACAATGGTAGGTACAATAAGATGCAAGACCGTGAGGTGGAGCAAAACTTATAAAACCTATCTCAGTTCGGATTGTAGGCTGCAACTCGCCTACATGAAGCTGGAGTTGCTAGTAATCGCGAATCAGAATGTCGCGGTGAATACGTTCCCGGGCCTTGTACACACCGCCCGTCACACCATGAGAGCTGGTAACACCCGAAGTCCGTGAGGTAACCGTAAGG-AGCCAGCGGCCGAAGGTGGGATTA-GTGATTGGGGTGAA-GTCGTAACAAGGTAGCCGTAGGAGAACCTGCGGCTGGATCACCTCCTT

40,Prevot-697B,NAU,1952,Clinical,cat	GROUP1_cbot_ATCC449_NZLFOO01000064	4965	1519	1519	1515	99.74	4	0	3315	4833	reversed to plus	CTTTTAAATTTAGAGTTTGATCCTGGCTCAGGACGAACGCTGGCGGCGTGCTTAACACATGCAAGTCGAGCGATGAAGCTTCCTTCGGGGAGTGGATTAGCGGCGGACGGGTGAGTAACACGTGGGTAACCTGCCTCAAAGTGGGGGATAGCCTTCCGAAAGGAAGATTAATACCGCATAATATAAGAGAATCGCATGATTTTCTTATCAAAGATTTATTGCTTTGAGATGGACCCGCGGCGCATTAGCTAGTTGGTAAGGTAACGGCTTACCAAGGCAACGATGCGTAGCCGACCTGAGAGGGTGATCGGCCACATTGGAACTGAGACACGGTCCAGACTCCTACGGGAGGCAGCAGTGGGGAATATTGCGCAATGGGGGAAACCCTGACGCAGCAACGCCGCGTGGGTGATGAAGGTCTTCGGATTGTAAAGCCCTGTTTTCTAGGACGATAATGACGGTACTAGAGGAGGAAGCCACGGCTAACTACGTGCCAGCAGCCGCGGTAATACGTAGGTGGCGAGCGTTGTCCGGATTTACTGGGCGTAAAGGGTGCGTAGGCGGATGTTTAAGTGGGATGTGAAATCCCCGGGCTTAACCTGGGGGCTGCATTCCAAACTGGATATCTAGAGTGCAGGAGAGGAAAGCGGAATTCCTAGTGTAGCGGTGAAATGCGTAGAGATTAGGAAGAACACCAGTGGCGAAGGCGGCTTTCTGGACTGTAACTGACGCTGAGGCACGAAAGCGTGGGTAGCAAACAGGATTAGATACCCTGGTAGTCCACGCCGTAAACGATGGATACTAGGTGTAGGGGGTATCAACTCCCCCTGTGCCGCAGTTAACACAATAAGTATCCCGCCTGGGGAGTACGGTCGCAAGATTAAAACTCAAAGGAATTGACGGGGGCCCGCACAAGCAGCGGAGCATGTGGTTTAATTCGAAGCAACGCGAAGAACCTTACCTGGACTTGACATCCCTTGCATAGCCTAGAGATAGGTGAAGCCCTTCGGGGCAAGGAGACAGGTGGTGCATGGTTGTCGTCAGCTCGTGTCGTGAGATGTTAGGTTAAGTCCTGCAACGAGCGCAACCCTTGTTATTAGTTGCTACCATTAAGTTGAGCACTCTAATGAGACTGCCTGGGTAACCAGGAGGAAGGTGGGGATGACGTCAAATCATCATGCCCCTTATGTCCAGGGCTACACACGTGCTACAATGGTAGGTACAATAAGACGCAAGACCGTGAGGTGGAGCAAAACTTATAAAACCTATCTCAGTTCGGATTGTAGGCTGCAACTCGCCTACATGAAGCTGGAGTTGCTAGTAATCGCGAATCAGAATGTCGCGGTGAATACGTTCCCGGGCCTTGTACACACCGCCCGTCACACCATGAGAGCTGGTAACACCCGAAGTCCGTGAGGTAACCGTAAGGAGCCAGCGGCCGAAGGTGGGATTAGTGATTGGGGTGAAGTCGTAACAAGGTAGCCGTAGGAGAACCTGCGGCTGGATCACCTCCTTTCTA
40,Prevot-697B,NAU,1952,Clinical,cat	GROUP1_cbot_NCTC7272_X68185	4965	1511	1503	1500	99.80	2	1	3321	4822	reversed to plus	AGAGTTTGATCCTGGCTCAGGACGAACGCTGGCGGCGTGCTTAACACATGCAAGTCGAGCGATGAAGCTTCCTTCGGGGAGTGGATTAGCGGCGGACGGGTGAGTAACACGTGGGTAACCTGCCTCAAAGTGGGGGATAGCCTTCCGAAAGGAAGATTAATACCGCATAATATAAGAGAATCGCATGATTTTCTTATCAAAGATTTATTGCTTTGAGATGGACCCGCGGCGCATTAGCTAGTTGGTAAGGTAACGGCTTACCAAGGCAACGATGCGTAGCCGACCTGAGAGGGTGATCGGCCACATTGGAACTGAGACACGGTCCAGACTCCTACGGGAGGCAGCAGTGGGGAATATTGCGCAATGGGGGAAACCCTGACGCAGCAACGCCGCGTGGGTGATGAAGGTCTTCGGATTGTAAAGCCCTGTTTTCTAGGACGATAATGACGGTACTAGAGGAGGAAGCCACGGCTAACTACGTGCCAGCAGCCGCGGTAATACGTAGGTGGCGAGCGTTGTCCGGATTTACTGGGCGTAAAGGGTGCGTAGGCGGATGTTTAAGTGGGATGTGAAATCCCCGGGCTTAACCTGGGGGCTGCATTCCAAACTGGATATCTAGAGTGCAGGAGAGGAAAGCGGAATTCCTAGTGTAGCGGTGAAATGCGTAGAGATTAGGAAGAACACCAGTGGCGAAGGCGGCTTTCTGGACTGTAACTGACGCTGAGGCACGAAAGCGTGGGTAGCAAACAGGATTAGATACCCTGGTAGTCCACGCCGTAAACGATGGATACTAGGTGTAGGGGGTATCAACTCCCCCTGTGCCGCAGTTAACACAATAAGTATCCCGCCTGGGGAGTACGGTCGCAAGATTAAAACTCAAAGGAATTGACGGGGGCCCGCACAAGCAGCGGAGCATGTGGTTTAATTCGAAGCAACGCGAAGAACCTTACCTGGACTTGACATCCCTTGCATAGCCTAGAGATAGGTGAAGCCCTTCGGGGCAAGGAGACAGGTGGTGCATGGTTGTCGTCAGCTCGTGTCGTGAGATGTTAGGTTAAGTCCTGCAACGAGCGCAACCCTTGTTATTAGTTGCTACCATTAAGTTGAGCACTCTAATGAGACTGCCTGGGTAACCAGGAGGAAGGTGGGGATGACGTCAAATCATCATGCCCCTTATGTCCAGGGCTACACACGTGCTACAATGGTAGGTACAATAAGACGCAAGACCGTGAGGTGGAGCAAAACTTATAAAACCTATCTCAGTTCGGATTGTAGGCTGCAACTCGCCTACATGAAGCTGGAGTTGCTAGTAATCGCGAATCAGAATGTCGCGGTGAATACGTTCCCGGGCCTTGTACACACCGCCC-GTCACACCATGAGAGCTGGTAACACCCGAAGTCCGTGAGGTAACCGTAAGGAGCCAGCGGCCGAAGGTGGGATTAGTGATTGGGGTGAAGTCGTAACAAGGTAGCCGTAGGAGAACCTGCGGCTGGATCACCTCC
40,Prevot-697B,NAU,1952,Clinical,cat	GROUP1_cbot_NCTC7273_X68186	4965	1510	1502	1499	99.80	3	0	3321	4822	reversed to plus	AGAGTTTGATCCTGGCTCAGGACGAACGCTGGCGGCGTGCTTAACACATGCAAGTCGAGCGATGAAGCTTCCTTCGGGGAGTGGATTAGCGGCGGACGGGTGAGTAACACGTGGGTAACCTGCCTCAAAGTGGGGGATAGCCTTCCGAAAGGAAGATTAATACCGCATAATATAAGAGAATCGCATGATTTTCTTATCAAAGATTTATTGCTTTGAGATGGACCCGCGGCGCATTAGCTAGTTGGTAAGGTAACGGCTTACCAAGGCAACGATGCGTAGCCGACCTGAGAGGGTGATCGGCCACATTGGAACTGAGACACGGTCCAGACTCCTACGGGAGGCAGCAGTGGGGAATATTGCGCAATGGGGGAAACCCTGACGCAGCAACGCCGCGTGGGTGATGAAGGTCTTCGGATTGTAAAGCCCTGTTTTCTAGGACGATAATGACGGTACTAGAGGAGGAAGCCACGGCTAACTACGTGCCAGCAGCCGCGGTAATACGTAGGTGGCGAGCGTTGTCCGGATTTACTGGGCGTAAAGGGTGCGTAGGCGGATGTTTAAGTGGGATGTGAAATCCCCGGGCTTAACCTGGGGGCTGCATTCCAAACTGGATATCTAGAGTGCAGGAGAGGAAAGCGGAATTCCTAGTGTAGCGGTGAAATGCGTAGAGATTAGGAAGAACACCAGTGGCGAAGGCGGCTTTCTGGACTGTAACTGACGCTGAGGCACGAAAGCGTGGGTAGCAAACAGGATTAGATACCCTGGTAGTCCACGCCGTAAACGATGGATACTAGGTGTAGGGGGTATCAACTCCCCCTGTGCCGCAGTTAACACAATAAGTATCCCGCCTGGGGAGTACGGTCGCAAGATTAAAACTCAAAGGAATTGACGGGGGCCCGCACAAGCAGCGGAGCATGTGGTTTAATTCGAAGCAACGCGAAGAACCTTACCTGGACTTGACATCCCTTGCATAGCCTAGAGATAGGTGAAGCCCTTCGGGGCAAGGAGACAGGTGGTGCATGGTTGTCGTCAGCTCGTGTCGTGAGATGTTAGGTTAAGTCCTGCAACGAGCGCAACCCTTGTTATTAGTTGCTACCATTAAGTTGAGCACTCTAATGAGACTGCCTGGGTAACCAGGAGGAAGGTGGGGATGACGTCAAATCATCATGCCCCTTATGTCCAGGGCTACACACGTGCTACAATGGTAGGTACAATAAGACGCAAGACCGTGAGGTGGAGCAAAACTTATAAAACCTATCTCAGTTCGGATTGTAGGCTGCAACTCGCCTACATGAAGCTGGAGTTGCTAGTAATCGCGAATCAGAATGTCGCGGTGAATACGTTCCCGGGCCTTGTACACACCGCCCGTCACACCATGAGAGCTGGTAACACCCGAAGTCCGTGAGGTAACCGTAAGGAGCCAGCGGCCGAAGGTGGGATTAGTGATTGGGGTGAAGTCGTAACAAGGTAGCCGTAGGAGAACCTGCGGCTGGATCACCTCC
40,Prevot-697B,NAU,1952,Clinical,cat	GROUP1_cbot_LangelandNCTC10281_X68172	4965	1515	1507	1502	99.67	2	3	3319	4822	reversed to plus	AGAGTTTGATCCTGGCTCAGGACGAACGCTGGCGGCGTGCTTAACACATGCAAGTCGAGCGATGAAGCTTCCTTCGGGGAGTGGATTAGCGGCGGACGGGTGAGTAACACGTGGGTAACCTGCCTCAAAGTGGGGGATAGCCTTCCGAAAGGAAGATTAATACCGCATAATATAAGAGAATCGCATGATTTTCTTAT-CAAAGATTTATTGCTTTGAGATGGACCCGCGGCGCATTAGCTAGTTGGTAAGGTAACGGCTTACCAAGGCAACGATGCGTAGCCGACCTGAGAGGGTGATCGGCCACATTGGAACTGAGACACGGTCCAGACTCCTACGGGAGGCAGCAGTGGGGAATATTGCGCAATGGGGGAAACCCTGACGCAGCAACGCCGCGTGGGTGATGAAGGTCTTCGGATTGTAAAGCCCTGTTTTCTAGGACGATAATGACGGTACTAGAGGAGGAAGCCACGGCTAACTACGTGCCAGCAGCCGCGGTAATACGTAGGTGGCGAGCGTTGTCCGGATTTACTGGGCGTAAAGGGTGCGTAGGCGGATGTTTAAGTGGGATGTGAAATCCCCGGGCTTAACCTGGGGGCTGCATTCCAAACTGGATATCTAGAGTGCAGGAGAGGAAAGCGGAATTCCTAGTGTAGCGGTGAAATGCGTAGAGATTAGGAAGAACACCAGTGGCGAAGGCGGCTTTCTGGACTGTAACTGACGCTGAGGCACGAAAGCGTGGGTAGCAAACAGGATTAGATACCCTGGTAGTCCACGCCGTAAACGATGGATACTAGGTGTAGGGGGTATCAACTCCCCCTGTGCCGCAGTTAACACAATAAGTATCCCGCCTGGGGAGTACGGTCGCAAGATTAAAACTCAAAGGAATTGACGGGGGCCCGCACAAGCAGCGGAGCATGTGGTTTAATTCGAAGCAACGCGAAGAACCTTACCTGGACTTGACATCCCTTGCATAGCCTAGAGATAGGTGAAGCCCTTCGGGGCAAGGAGACAGGTGGTGCATGGTTGTCGTCAGCTCGTGTCGTGAGATGTTAGGTTAAGTCCTGCAACGAGCGCAACCCTTGTTATTAGTTGCTACCATTAAGTTGAGCACTCTAATGAGACTGCCTGGGTAACCAGGAGGAAGGTGGGGATGACGTCAAATCATCATGCCCCTTATGTCCAGGGCTACACACGTGCTACAATGGTAGGTACAATAAGACGCAAGACCGTGAGGTGGAGCAAAACTTATAAAACCTATCTCAGTTCGGATTGTAGGCTGCAACTCGCCTACATGAAGCTGGAGTTGCTAGTAATCGCGAATCAGAATGTCGCGGTGAATACGTTCCCGGGCCTTGTACACACCGCCCGTCACACCATGAGAG--CTGGTAACACCCGAAGTCCGTGAGGTAACCGTAAGGAGCCAGCGGCCGAAGGTGGGATTAGTGATTGGGGTGAAGTCGTAACAAGGTAGCCGTAGGAGAACCTGCGGCTGGATCACCTCCTT
40,Prevot-697B,NAU,1952,Clinical,cat	GROUP1_cbot_ELTDK103_NR_036786	4965	1507	1509	1495	99.07	6	8	3319	4822	reversed to plus	AGAGTTTGATCCTGGCTCAGGACGAACGCTGGCGGCGTGCTTAACACATGCAAGTCGAGCGATGAAGCTTCCTTCGGGGAGTGGATTAGCGGCGGACGGGTGAGTAACACGTGGGTAACCTGCCTCAAAGTGGGGGATAGCCTTCCGAAAGGAAGATTAATACCGCATAATATAAGAGAATCGCATGATTTTCTTATCAAAGATTTATTGCTTTGAGATGGACCCGCGGCGCATTAGCTAGTTGGTAAGGTAACGGCTTACCAAGGCAACGATGCGTAGCCGACCTGAGAGGGTGATCGGCCACATTGGAACTGAGACACGGTCCAGACTCCTACGGGAGGCAGCAGTGGGGAATATTGCGCAATGGGGGAAACCCTGACGCAGCAACGCCGCGTGGGTGATGAAGGTCTTCGGATTGTAAAGCCCTGTTTTCTAGGACGATAATGACGGTACTAGAGGAGGAAGCCACGGCTAACTACGTGCCAGCAGCCGCGGTAATACGTAGGTGGCGAGCGTTGTCCGGATTTACTGGGCGTAAAGGGTGCGTAGGCGGATGTTTAAGTGGGATGTGAAATCCCCGGGCTTAACCTGGGGGCTGCATTCC-AAACTGGATATCTAGAGTGCAGGAGAGGAAAGCGGAATTCCTAGTGTAGCGGTGAAATGCGTAGAGATTAGGAAGAACACCAGTGGCGAAGGCGGCTTTCTGGACTGTAACTGACGCTGAGGCACGAAAGCGTGGGTAGCAAACAGGATTAGATACCCTGGTAGTCCACGCCGTAAACGATGGATACTAGGTGTAGGGGGTATCAACTCCCCCTGTGCCGCAGTTAACACAATAAGTATCCCGCCTGGGGAGTACGGTCGCAAGATTAAAACTCAAAGGAATTGACGGGGGCCCGCACAAGCAGCGGAGCA-TGTGGTTTAATTCGAAGCAACGCGAAGAACCTTACCTGGACTTGACATCCCTTGCATAGCCTAGAGATAGGTGAAGCCCTTCGGGGCAAGGAGACAGGTGGTGCATGGTTGTCGTCAGCTCGTGTCGTGAGATGTTAGGTTAAGTCCTGCAACGAGCGCAACCCTTGTTATTAGTTGCTACCATTAAGTTGAGCACTCTAATGAGACTGCCTGGGTAACCAGGAGGAAGGTGGGGATGACGTCAAATCATCATGCCCCTTATGTCCAGGGCTACACACGTGCTACAATGGTAGGTACAATAAGACGCAAGACCGTGAGGTGGAGCAAAACTTATAAAACCTATCTCAGTTCGGATTGTAGGCTGCAACTCGCCTACATGAAGCTGGAGTTGCTAGTAATCGCGAATCAGAATGTCGCGGTGAATACGTTCCCGGGCCTTGTACACACCGCCCGTCACACCATGAGAGCTGGTAACACCCGAAGTCCGTGAGGTAACCGTAAGG-AGCCAGCGGCCGAAGGTGGGATTA-GTGATTGGGGTGAA-GTCGTAACAAGGTAGCCGTAGGAGAACCTGCGGCTGGATCACCTCCTT
