PROKKA_00001	tr|C1FUH8|C1FUH8_CLOBJ Botulinum neurotoxin type A2, nontoxic-nonhemagglutinin component, NTNH OS=Clostridium botulinum (strain Kyoto / Type A2) GN=ntnH PE=4 SV=1 !!!ntnH	116	1159	94	21	22.34	61	12	9	91	VIVTGSNKELLNQAKEKAIELFTENMVT-----------NTAKSLINQYESFMVCSSGSKGGWEEDTEHKQKIEKYVKYLDSKAFSEKKHDNSL
PROKKA_00001	tr|A7GBG2|A7GBG2_CLOBL Botulinum neurotoxin type F, nontoxic-nonhemagglutinin component, NTNH OS=Clostridium botulinum (strain Langeland / NCTC 10281 / Type F) GN=ntnH PE=4 SV=1 !!!ntnH	116	1163	34	9	26.47	24	1	19	51	LNQAKEKAIELFTENMVTN-TAKSLINQYESFMV
PROKKA_00001	tr|A5HZZ8|A5HZZ8_CLOBH Type A progenitor toxin nontoxic-nonha OS=Clostridium botulinum (strain Hall / ATCC 3502 / NCTC 13319 / Type A) GN=ntnH PE=4 SV=1 !!!ntnH	116	1193	95	22	23.16	59	14	9	91	VIVTGSNKELLNQAKEKAIELFTE------------NMVTNTAKSLINQYESFMVCSSGSKGGWEEDTEHKQKIEKYVKYLDSKAFSEKKHDNSL
PROKKA_00002	tr|C4IHM0|C4IHM0_CLOBU Botulinum neurotoxin type E, nontoxic-nonhemagglutinin component, NTNH OS=Clostridium butyricum E4 str. BoNT E BL5262 GN=ntnH PE=4 SV=1 !!!ntnH	130	1163	75	22	29.33	44	9	37	111	YVAETKDGRKINLLSSQIDEKHYRNQELEKVTKEMGADIGDKVIILETGSGSYSRDWETKGVHTITKIDFTGHVT
PROKKA_00002	tr|C5UY14|C5UY14_CLOBO Botulinum neurotoxin type E1, nontoxic-nonhemagglutinin component, NTNH OS=Clostridium botulinum E1 str. 'BoNT E Beluga' GN=ntnH PE=4 SV=1 !!!ntnH	130	1163	75	22	29.33	44	9	37	111	YVAETKDGRKINLLSSQIDEKHYRNQELEKVTKEMGADIGDKVIILETGSGSYSRDWETKGVHTITKIDFTGHVT
PROKKA_00002	tr|A0A0X1KH90|A0A0X1KH90_CLOBA Botulinum neurotoxin type E, nontoxic-nonhemagglutinin component, NTNH OS=Clostridium botulinum (strain Alaska E43 / Type E3) PE=1 SV=1 !!!ntnH	130	1163	75	22	29.33	44	9	37	111	YVAETKDGRKINLLSSQIDEKHYRNQELEKVTKEMGADIGDKVIILETGSGSYSRDWETKGVHTITKIDFTGHVT
PROKKA_00002	tr|M1ZUL7|M1ZUL7_CLOBO P-47 protein OS=Clostridium botulinum CFSAN001627 GN=CFSAN001627_20700 PE=4 SV=1 !!!P-47	130	416	23	10	43.48	12	1	54	75	IDEKHY-RNQELEKVTKEMGADI
PROKKA_00002	tr|A7GBG1|A7GBG1_CLOBL P-47 protein OS=Clostridium botulinum (strain Langeland / NCTC 10281 / Type F) GN=p47 PE=4 SV=1 !!!P-47	130	416	23	10	43.48	12	1	54	75	IDEKHY-RNQELEKVTKEMGADI
PROKKA_00002	tr|A7GBF7|A7GBF7_CLOBL Toxin complex component ORF-X3 OS=Clostridium botulinum (strain Langeland / NCTC 10281 / Type F) GN=CLI_0845 PE=4 SV=1 !!!ORF-X3	130	490	13	7	53.85	6	0	37	49	YVAETKDGRKINL
PROKKA_00002	tr|C1FUH3|C1FUH3_CLOBJ Toxin complex component ORF-X3 OS=Clostridium botulinum (strain Kyoto / Type A2) GN=CLM_0891 PE=4 SV=1 !!!ORF-X3	130	490	13	7	53.85	6	0	37	49	YVAETKDGRKINL
PROKKA_00002	tr|B1L2F9|B1L2F9_CLOBM Toxin complex component ORF-X3 OS=Clostridium botulinum (strain Loch Maree / Type A3) GN=CLK_A0070 PE=4 SV=1 !!!ORF-X3	130	490	13	7	53.85	6	0	37	49	YVAETKDGRKINL
PROKKA_00002	tr|A7GBF8|A7GBF8_CLOBL Toxin complex component ORF-X2 OS=Clostridium botulinum (strain Langeland / NCTC 10281 / Type F) GN=CLI_0846 PE=4 SV=1 !!!ORF-X2	130	750	30	11	36.67	17	2	89	118	YSRDWETKGVHTITKIDFTGHVTFDNGNAT
PROKKA_00002	tr|B1BE43|B1BE43_CLOBO Botulinum neurotoxin type C, nontoxic-nonhemagglutinin component NTNH OS=Clostridium botulinum C str. Eklund GN=CBC_A0166 PE=4 SV=1 !!!ntnH	130	1196	68	17	25.00	40	11	8	75	DPKNEFYGQILKGSCFYYDIRHTGDSDDLYVAETKDGRKINLLSSQIDEKHYRNQELEKVTKEMGADI
PROKKA_00002	tr|B1INP8|B1INP8_CLOBK Hemagglutinin component HA33 OS=Clostridium botulinum (strain Okra / Type B1) GN=ha33 PE=1 SV=1 !!!ha33	130	294	18	8	44.44	10	0	35	52	DLYVAETKDGRKINLLSS
PROKKA_00002	tr|A0A060N6G5|A0A060N6G5_CLOBO Nontoxic-nonhemagglutinin component, NTNH OS=Clostridium botulinum B str. Osaka05 GN=CBO05P2_175 PE=4 SV=1 !!!ntnH	130	1197	54	16	29.63	35	3	2	55	FDIRVTDPKNEFYGQILKGSCFYYDIRHTGDSDDLYVAETKDGRKINLLSSQID
PROKKA_00002	tr|B2TSC3|B2TSC3_CLOBB Botulinum neurotoxin type B OS=Clostridium botulinum (strain Eklund 17B / Type B) GN=ntnH PE=4 SV=1 !!!ntnH	130	1197	54	16	29.63	35	3	2	55	FDIRVTDPKNEFYGQILKGSCFYYDIRHTGDSDDLYVAETKDGRKINLLSSQID
PROKKA_00002	tr|A5HZZ8|A5HZZ8_CLOBH Type A progenitor toxin nontoxic-nonha OS=Clostridium botulinum (strain Hall / ATCC 3502 / NCTC 13319 / Type A) GN=ntnH PE=4 SV=1 !!!ntnH	130	1193	54	15	27.78	36	3	2	55	FDIRVTDPKNEFYGQILKGSCFYYDIRHTGDSDDLYVAETKDGRKINLLSSQID
PROKKA_00002	tr|B1INP6|B1INP6_CLOBK Botulinum neurotoxin type B1, nontoxic-nonhemagglutinin component, NTNH OS=Clostridium botulinum (strain Okra / Type B1) GN=ntnH PE=4 SV=1 !!!ntnH	130	1197	54	15	27.78	36	3	2	55	FDIRVTDPKNEFYGQILKGSCFYYDIRHTGDSDDLYVAETKDGRKINLLSSQID
PROKKA_00003	tr|B1L2G1|B1L2G1_CLOBM Toxin complex component ORF-X1 OS=Clostridium botulinum (strain Loch Maree / Type A3) GN=CLK_A0072 PE=4 SV=1 !!!ORF-X1	94	142	59	21	35.59	33	5	19	73	DKMKKYKLETAIMMLEVLVDYDFTIVVNPKAAENIFNLPKNKLIEN----FIITTDINK
PROKKA_00003	tr|A7GBF9|A7GBF9_CLOBL Toxin complex component ORF-X1 OS=Clostridium botulinum (strain Langeland / NCTC 10281 / Type F) GN=CLI_0847 PE=4 SV=1 !!!ORF-X1	94	142	66	22	33.33	23	21	19	72	DKMKKYKLETAIMMLEVLVDY------------DFTIVVNPKAAENIFNLPKNKLIENFIITTDIN
PROKKA_00003	tr|C1FUH5|C1FUH5_CLOBJ Toxin complex component ORF-X1 OS=Clostridium botulinum (strain Kyoto / Type A2) GN=CLM_0893 PE=4 SV=1 !!!ORF-X1	94	142	58	19	32.76	34	5	19	72	DKMKKYKLETAIMMLEVLVDYDFTIVVNPKAAENIFNLPKNKLIEN----FIITTDIN
PROKKA_00003	tr|C5UY11|C5UY11_CLOBO Toxin complex component ORF-X2 OS=Clostridium botulinum E1 str. 'BoNT E Beluga' GN=CLO_2648 PE=4 SV=1 !!!ORF-X2	94	748	39	16	41.03	19	4	43	81	IVVNPKAAENIFNLPKNKLIENFIITTDINKAEKLEIKK
PROKKA_00003	tr|A0A073CND8|A0A073CND8_CLOBO P-47 protein OS=Clostridium botulinum A2B3 87 GN=N496_18585 PE=4 SV=1 !!!P-47	94	415	55	16	29.09	36	3	32	86	MLEVLVDYDFTIVVNPKAAENIFNLPKNKLIENFIITTDINKAEKLEIKKPCYYQ
PROKKA_00003	tr|B1L2G3|B1L2G3_CLOBM P-47 protein OS=Clostridium botulinum (strain Loch Maree / Type A3) GN=p47 PE=4 SV=1 !!!P-47	94	416	55	16	29.09	36	3	32	86	MLEVLVDYDFTIVVNPKAAENIFNLPKNKLIENFIITTDINKAEKLEIKKPCYYQ
PROKKA_00003	tr|C1FUH7|C1FUH7_CLOBJ P-47 protein OS=Clostridium botulinum (strain Kyoto / Type A2) GN=p47 PE=4 SV=1 !!!P-47	94	416	41	13	31.71	27	1	32	72	MLEVLVDYDFTIVVNPKAAENIFNLPKNKLIENFIITTDIN
PROKKA_00003	tr|A0A059PYE4|A0A059PYE4_9CLOT Toxin OS=Clostridium baratii GN=UC77_04385 PE=4 SV=1 !!! 	94	140	11	7	63.64	4	0	55	65	NLPKNKLIENF
PROKKA_00003	tr|A0A0A7FVW8|A0A0A7FVW8_9CLOT Putative oRF-X1 OS=Clostridium baratii str. Sullivan GN=U729_698 PE=4 SV=1 !!!ORF-X1	94	140	11	7	63.64	4	0	55	65	NLPKNKLIENF
PROKKA_00004	tr|B1INP6|B1INP6_CLOBK Botulinum neurotoxin type B1, nontoxic-nonhemagglutinin component, NTNH OS=Clostridium botulinum (strain Okra / Type B1) GN=ntnH PE=4 SV=1 !!!ntnH	59	1197	38	10	26.32	26	2	18	55	INETVWLNNHVAKEKIVVTEKDSKSIENAFKLIKAKRN
PROKKA_00004	tr|B2TSC3|B2TSC3_CLOBB Botulinum neurotoxin type B OS=Clostridium botulinum (strain Eklund 17B / Type B) GN=ntnH PE=4 SV=1 !!!ntnH	59	1197	33	11	33.33	21	1	18	49	INETVWLNNHV-AKEKIVVTEKDSKSIENAFKL
PROKKA_00004	tr|A5HZZ8|A5HZZ8_CLOBH Type A progenitor toxin nontoxic-nonha OS=Clostridium botulinum (strain Hall / ATCC 3502 / NCTC 13319 / Type A) GN=ntnH PE=4 SV=1 !!!ntnH	59	1193	38	10	26.32	26	2	18	55	INETVWLNNHVAKEKIVVTEKDSKSIENAFKLIKAKRN
PROKKA_00004	tr|A0A060N6G5|A0A060N6G5_CLOBO Nontoxic-nonhemagglutinin component, NTNH OS=Clostridium botulinum B str. Osaka05 GN=CBO05P2_175 PE=4 SV=1 !!!ntnH	59	1197	38	10	26.32	26	2	18	55	INETVWLNNHVAKEKIVVTEKDSKSIENAFKLIKAKRN
PROKKA_00005	tr|C5VU79|C5VU79_CLOBO Hemagglutinin component HA33 OS=Clostridium botulinum D str. 1873 GN=ha33 PE=4 SV=1 !!!ha33	218	285	21	8	38.10	13	0	40	60	ENKYKQLQEHFKGRNAIITTY
PROKKA_00005	tr|B1BE43|B1BE43_CLOBO Botulinum neurotoxin type C, nontoxic-nonhemagglutinin component NTNH OS=Clostridium botulinum C str. Eklund GN=CBC_A0166 PE=4 SV=1 !!!ntnH	218	1196	85	20	23.53	62	3	133	215	TEIINQDKSRP--FLRNIVDSYKNITSGKKRVILIRSQDGKPLATFVGDNVSYFATDIPKSTGILIDGKYLLIYRCDYTIYDMDL
PROKKA_00006	tr|B2TSC3|B2TSC3_CLOBB Botulinum neurotoxin type B OS=Clostridium botulinum (strain Eklund 17B / Type B) GN=ntnH PE=4 SV=1 !!!ntnH	255	1197	49	15	30.61	31	3	59	107	DNASIALMAAGVFTSELVVSNKKYYWYSWIWKPKEKSNFLNANRMPLRQ
PROKKA_00006	tr|A5HZZ8|A5HZZ8_CLOBH Type A progenitor toxin nontoxic-nonha OS=Clostridium botulinum (strain Hall / ATCC 3502 / NCTC 13319 / Type A) GN=ntnH PE=4 SV=1 !!!ntnH	255	1193	49	15	30.61	31	3	59	107	DNASIALMAAGVFTSELVVSNKKYYWYSWIWKPKEKSNFLNANRMPLRQ
PROKKA_00006	tr|M1ZUL7|M1ZUL7_CLOBO P-47 protein OS=Clostridium botulinum CFSAN001627 GN=CFSAN001627_20700 PE=4 SV=1 !!!P-47	255	416	25	10	40.00	15	0	17	41	KKIDDKSIDMILSDLPFGITNNEWD
PROKKA_00006	tr|A7GBG1|A7GBG1_CLOBL P-47 protein OS=Clostridium botulinum (strain Langeland / NCTC 10281 / Type F) GN=p47 PE=4 SV=1 !!!P-47	255	416	25	10	40.00	15	0	17	41	KKIDDKSIDMILSDLPFGITNNEWD
PROKKA_00006	tr|B1INP6|B1INP6_CLOBK Botulinum neurotoxin type B1, nontoxic-nonhemagglutinin component, NTNH OS=Clostridium botulinum (strain Okra / Type B1) GN=ntnH PE=4 SV=1 !!!ntnH	255	1197	49	15	30.61	31	3	59	107	DNASIALMAAGVFTSELVVSNKKYYWYSWIWKPKEKSNFLNANRMPLRQ
PROKKA_00007	tr|B1INP8|B1INP8_CLOBK Hemagglutinin component HA33 OS=Clostridium botulinum (strain Okra / Type B1) GN=ha33 PE=1 SV=1 !!!ha33	140	294	14	7	50.00	7	0	28	41	KLIIEPDILGDFRN
PROKKA_00007	tr|C5VU80|C5VU80_CLOBO Botulinum neurotoxin type D, nontoxic-nonhemagglutinin component, NTNH OS=Clostridium botulinum D str. 1873 GN=ntnH PE=4 SV=1 !!!ntnH	140	1196	63	14	22.22	46	3	43	102	PYKDNTFKLVVFDPPHLI-KVGENSWLAKKY--GKLNSDWPIDIRQGFNECMRVLDKHGILIF
PROKKA_00007	tr|B2TSC1|B2TSC1_CLOBB Haemagglutinin component OS=Clostridium botulinum (strain Eklund 17B / Type B) GN=ha33 PE=4 SV=1  !!!ha33	140	292	18	8	44.44	10	0	28	45	KLIIEPDILGDFRNIPYK
PROKKA_00008	tr|A7GBF8|A7GBF8_CLOBL Toxin complex component ORF-X2 OS=Clostridium botulinum (strain Langeland / NCTC 10281 / Type F) GN=CLI_0846 PE=4 SV=1 !!!ORF-X2	119	750	53	17	32.08	25	11	13	63	DAFILDKEENKIIALCNTKRPDLGF--NELKNLIEKANKNRKQLFQLGDIAYM
PROKKA_00009	tr|B1L2G3|B1L2G3_CLOBM P-47 protein OS=Clostridium botulinum (strain Loch Maree / Type A3) GN=p47 PE=4 SV=1 !!!P-47	62	416	39	14	35.90	24	1	12	50	EVQFSNKKEGNLINQLKFFGAVPTKESSLYTYFQFNGDI
PROKKA_00009	tr|C1FUH7|C1FUH7_CLOBJ P-47 protein OS=Clostridium botulinum (strain Kyoto / Type A2) GN=p47 PE=4 SV=1 !!!P-47	62	416	39	14	35.90	24	1	12	50	EVQFSNKKEGNLINQLKFFGAVPTKESSLYTYFQFNGDI
PROKKA_00009	tr|A0A0B4W4X0|A0A0B4W4X0_CLOBO Hemagglutinin components HA-22/23/53 OS=Clostridium botulinum Prevot_594 GN=ha-70 PE=4 SV=1 !!!ha70	62	626	39	11	28.21	28	0	8	46	ENKTEVQFSNKKEGNLINQLKFFGAVPTKESSLYTYFQF
PROKKA_00009	tr|A0A060NA10|A0A060NA10_CLOBO Haemagglutinin component HA70 OS=Clostridium botulinum B str. Osaka05 GN=CBO05P2_179 PE=4 SV=1 !!!ha70	62	626	39	11	28.21	28	0	8	46	ENKTEVQFSNKKEGNLINQLKFFGAVPTKESSLYTYFQF
PROKKA_00009	tr|A0A0E1L2H2|A0A0E1L2H2_CLOBO Hemagglutinin components HA-22/23/53 OS=Clostridium botulinum CDC_1436 GN=ha-70 PE=4 SV=1 !!!ha70	62	626	39	11	28.21	28	0	8	46	ENKTEVQFSNKKEGNLINQLKFFGAVPTKESSLYTYFQF
PROKKA_00009	tr|M1ZPH7|M1ZPH7_CLOBO Hemagglutinin component HA70 OS=Clostridium botulinum CFSAN001627 GN=CFSAN001627_19663 PE=4 SV=1 !!!ha70	62	626	39	11	28.21	28	0	8	46	ENKTEVQFSNKKEGNLINQLKFFGAVPTKESSLYTYFQF
PROKKA_00009	tr|B1INQ0|B1INQ0_CLOBK Hemagglutinin component HA70 OS=Clostridium botulinum (strain Okra / Type B1) GN=ha70 PE=4 SV=1 !!!ha70	62	626	39	11	28.21	28	0	8	46	ENKTEVQFSNKKEGNLINQLKFFGAVPTKESSLYTYFQF
PROKKA_00009	tr|A5HZZ4|A5HZZ4_CLOBH Hemagglutinin component of the neurotoxin complex OS=Clostridium botulinum (strain Hall / ATCC 3502 / NCTC 13319 / Type A) GN=ha70 PE=1 SV=1 !!!ha70	62	626	39	11	28.21	28	0	8	46	ENKTEVQFSNKKEGNLINQLKFFGAVPTKESSLYTYFQF
PROKKA_00009	tr|B2TSB9|B2TSB9_CLOBB Heamagglutinin components HA-70 OS=Clostridium botulinum (strain Eklund 17B / Type B) GN=ha70 PE=4 SV=1 !!!ha70	62	626	39	11	28.21	28	0	8	46	ENKTEVQFSNKKEGNLINQLKFFGAVPTKESSLYTYFQF
PROKKA_00009	tr|B1BE46|B1BE46_CLOBO Non-toxin haemagglutinin HA-70 OS=Clostridium botulinum C str. Eklund GN=CBC_A0169 PE=4 SV=1 !!!ha70	62	623	17	6	35.29	11	0	30	46	FGAVPTKESSLYTYFQF
PROKKA_00010	tr|C1FUH7|C1FUH7_CLOBJ P-47 protein OS=Clostridium botulinum (strain Kyoto / Type A2) GN=p47 PE=4 SV=1 !!!P-47	56	416	8	8	100.00	0	0	10	17	LTGLEAVY
PROKKA_00010	tr|B1L2G3|B1L2G3_CLOBM P-47 protein OS=Clostridium botulinum (strain Loch Maree / Type A3) GN=p47 PE=4 SV=1 !!!P-47	56	416	8	8	100.00	0	0	10	17	LTGLEAVY
PROKKA_00010	tr|B1BE43|B1BE43_CLOBO Botulinum neurotoxin type C, nontoxic-nonhemagglutinin component NTNH OS=Clostridium botulinum C str. Eklund GN=CBC_A0166 PE=4 SV=1 !!!ntnH	56	1196	11	7	63.64	4	0	30	40	EIISVNILKDN
PROKKA_00010	tr|C5VU80|C5VU80_CLOBO Botulinum neurotoxin type D, nontoxic-nonhemagglutinin component, NTNH OS=Clostridium botulinum D str. 1873 GN=ntnH PE=4 SV=1 !!!ntnH	56	1196	11	7	63.64	4	0	30	40	EIISVNILKDN
PROKKA_00010	tr|A0A0X1KH90|A0A0X1KH90_CLOBA Botulinum neurotoxin type E, nontoxic-nonhemagglutinin component, NTNH OS=Clostridium botulinum (strain Alaska E43 / Type E3) PE=1 SV=1 !!!ntnH	56	1163	26	10	38.46	14	2	31	54	IISVNILKDNFVLLTYK--TSKEDIK
PROKKA_00010	tr|C5UY14|C5UY14_CLOBO Botulinum neurotoxin type E1, nontoxic-nonhemagglutinin component, NTNH OS=Clostridium botulinum E1 str. 'BoNT E Beluga' GN=ntnH PE=4 SV=1 !!!ntnH	56	1163	26	10	38.46	14	2	31	54	IISVNILKDNFVLLTYK--TSKEDIK
PROKKA_00010	tr|C4IHM0|C4IHM0_CLOBU Botulinum neurotoxin type E, nontoxic-nonhemagglutinin component, NTNH OS=Clostridium butyricum E4 str. BoNT E BL5262 GN=ntnH PE=4 SV=1 !!!ntnH	56	1163	26	10	38.46	14	2	31	54	IISVNILKDNFVLLTYK--TSKEDIK
PROKKA_00011	tr|A0A059PY44|A0A059PY44_9CLOT Toxin complex component ORF-X3 OS=Clostridium baratii PE=4 SV=1 !!!ORF-X3	73	491	54	11	20.37	36	7	15	66	YAEPCLLDF--NTLNTEELSFAIGIIISAGSRNSFKKNHFNKEQLKFLQKVFKE
PROKKA_00011	tr|A0A0A7FV57|A0A0A7FV57_9CLOT Clostridium P-47 family protein OS=Clostridium baratii str. Sullivan GN=U729_696 PE=4 SV=1 !!!P-47	73	491	54	11	20.37	36	7	15	66	YAEPCLLDF--NTLNTEELSFAIGIIISAGSRNSFKKNHFNKEQLKFLQKVFKE
PROKKA_00012	tr|C5UY13|C5UY13_CLOBO P-47 protein OS=Clostridium botulinum E1 str. 'BoNT E Beluga' GN=p47 PE=4 SV=1 !!!P-47	41	416	22	8	36.36	12	2	11	32	GYSKYDYKNKTLQIVGVVVVLK
PROKKA_00012	tr|C5UY13|C5UY13_CLOBO P-47 protein OS=Clostridium botulinum E1 str. 'BoNT E Beluga' GN=p47 PE=4 SV=1 !!!P-47	41	416	36	12	33.33	17	7	1	29	MLEAKLD-------NHLGYSKYDYKNKTLQIVGVVV
PROKKA_00012	tr|A0A073CP83|A0A073CP83_CLOBO Transcriptional regulator OS=Clostridium botulinum A2B3 87 GN=N496_19575 PE=4 SV=1 !!! 	41	178	20	7	35.00	13	0	17	36	YKNKTLQIVGVVVVLKSIVG
PROKKA_00012	tr|A0A0D1AER2|A0A0D1AER2_CLOBO Transcriptional regulator OS=Clostridium botulinum B2 450 GN=N495_19875 PE=4 SV=1 !!! 	41	178	20	7	35.00	13	0	17	36	YKNKTLQIVGVVVVLKSIVG
PROKKA_00012	tr|A0A060N3U8|A0A060N3U8_CLOBO Transcriptional regulator botR OS=Clostridium botulinum B str. Osaka05 GN=CBO05P2_176 PE=4 SV=1 !!!BotR	41	178	20	7	35.00	13	0	17	36	YKNKTLQIVGVVVVLKSIVG
PROKKA_00012	tr|M1ZWZ6|M1ZWZ6_CLOBO Transcriptional regulator BotR, P-21 OS=Clostridium botulinum CFSAN001627 GN=CFSAN001627_10483 PE=4 SV=1 !!!BotR	41	178	20	6	30.00	14	0	17	36	YKNKTLQIVGVVVVLKSIVG
PROKKA_00012	tr|A5HZZ7|A5HZZ7_CLOBH RNA polymerase ECF-type sigma factor OS=Clostridium botulinum (strain Hall / ATCC 3502 / NCTC 13319 / Type A) GN=botR PE=4 SV=1 !!!BotR	41	178	20	6	30.00	14	0	17	36	YKNKTLQIVGVVVVLKSIVG
PROKKA_00012	tr|S8CEF4|S8CEF4_CLOBO Transcriptional regulator BotR, P-21 OS=Clostridium botulinum CFSAN002367 GN=CFSAN002367_15806 PE=4 SV=1 !!!BotR	41	178	20	6	30.00	14	0	17	36	YKNKTLQIVGVVVVLKSIVG
PROKKA_00012	tr|A0A073CMR9|A0A073CMR9_CLOBO Transcriptional regulator OS=Clostridium botulinum A2B3 87 GN=N496_18580 PE=4 SV=1 !!! 	41	178	19	7	36.84	12	0	17	35	YKNKTLQIVGVVVVLKSIV
PROKKA_00012	tr|A7GBG0|A7GBG0_CLOBL Transcriptional regulator BotR, P-21 OS=Clostridium botulinum (strain Langeland / NCTC 10281 / Type F) GN=botR PE=4 SV=1 !!!BotR	41	178	19	7	36.84	12	0	17	35	YKNKTLQIVGVVVVLKSIV
PROKKA_00012	tr|A0A0C1QVR0|A0A0C1QVR0_9CLOT Transcriptional regulator BotR, P-21 OS=Clostridium argentinense CDC 2741 GN=botR PE=4 SV=1 !!!BotR	41	178	20	6	30.00	14	0	17	36	YKNKTLQIVGVVVVLKSIVG
PROKKA_00013	tr|A0A060N6G5|A0A060N6G5_CLOBO Nontoxic-nonhemagglutinin component, NTNH OS=Clostridium botulinum B str. Osaka05 GN=CBO05P2_175 PE=4 SV=1 !!!ntnH	1292	1197	1165	266	22.83	721	178	6	1102	NNFNYNDPIDNNNIIMMEPPFARGTGRYYKAFKITDRIWIIPERYTFGYK---PEDFNKSSGIFNRDVCEYYDPDYLNTNDKKNIFLQTMIKLFNRIKSKPLGEKLLEMIINGIPY----------------LGDRRVPLEEFNTNIASVT----VNKLISNPGEVERKKGIFA-NLIIFGPGPVLNENETIDIGIQNHFASREGFGGIMQMKFCPEYVSVFNNVQENKGASIFNRRGYFSDPALILMHELIHVLHGLYGIKVDDLPIVPNEKKFFMQSTDAIQAE--ELYTFGGQDPSIITPSTDKSIY-DKVLQNFRGIV-DRLNKVLVCISDPNININIYKNKFKDKYKFVEDSEGKYSIDVESFDKLYKSLMFGFTETNIAENYKIKTRASYFSDSLPP-VKIKNLLDNEIYTIEEGFNISDKNMEKEYRGQNKAINKQAYEEISKEHLAVYKIQMCKSVRAPGICIDVDNEDLFFIADKNSFSDDLSKNERIEYDTQSNYI---ENRSSIDEL----------ILDTNLISKIELPSENTESLTDFNVDVPVYEKQPAIKKIFTDENTIFQYLYSQT-----FPLDIRDISLTSSFDDALLFSNKVYSFFSMDYIKTANKVVEAGLFAGWVKQIVDDFVIEANKSSTMDKIADISLIVPYIGLALNVGNETAKGNFENAFEIAGASILLEFIPELLIPVVGAFLLESYIDN--KNKIIKTIDNALTKRDEKWIDMYGLIVAQWLSTVNTQFYTIKEGMYKALNYQAQALEEIIKYKYNIYSEKEKSNINIDFNDINSK-----LNEGINQAVDNINNFINECSVSYLMKKMIPLAVEKLLDFDNTLKKNLLNYIDENKLYLIGSAEYEKSKVDKHLKTIIPFDLSMY---------TNNTILIEIFNKYNSEILNNIILNLRYRDNNLI--DLSGYGANVEVYDGVELNDKNQFKLTSSTNSEIRVTQNQNIIFNSMFLDFSVSFWIRIPKYKNDGIQNYIHNEYTIINCIKNNSGWKISIRGNRIIWTLTDINGKTKSVFFEYSIREDISDYINR-WFFVTITNNS--DNAKIYINGKLESNIDIKDIGEVIANGEIIFKLDGDIDRTQFIWMKYFSIFNTELSQSNIKEIYKIQSYSEYLKDFWGNPLMYNKEYYMFN
PROKKA_00013	tr|B2TSC3|B2TSC3_CLOBB Botulinum neurotoxin type B OS=Clostridium botulinum (strain Eklund 17B / Type B) GN=ntnH PE=4 SV=1 !!!ntnH	1292	1197	301	87	28.90	159	55	6	280	NNFNYNDPIDNNNIIMMEPPFARGTGRYYKAFKITDRIWIIPERYTFGYK---PEDFNKSSGIFNRDVCEYYDPDYLNTNDKKNIFLQTMIKLFNRIKSKPLGEKLLEMIINGIPY----------------LGDRRVPLEEFNTNIASVT----VNKLISNPGEVERKKGIFA-NLIIFGPGPVLNENETIDIGIQNHFASREGFGGIMQMKFCPEYVSVFNNVQENKGASIFNRRGYFSDPALILMHELIHVLHGLYGIKVDDLPIVPNEKKFFMQSTDAIQAE--ELYTFGGQDPSII
PROKKA_00013	tr|B2TSC3|B2TSC3_CLOBB Botulinum neurotoxin type B OS=Clostridium botulinum (strain Eklund 17B / Type B) GN=ntnH PE=4 SV=1 !!!ntnH	1292	1197	613	134	21.86	414	65	519	1102	PVYEKQPAIKKIFTDENTIFQYLYSQT-----FPLDIRDISLTSSFDDALLFSNKVYSFFSMDYIKTANKVVEAGLFAGWVKQIVDDFVIEANKSSTMDKIADISLIVPYIGLALNVGNETAKGNFENAFEIAGASILLEFIPELLIPVVGAFLLESYIDN--KNKIIKTIDNALTKRDEKWIDMYGLIVAQWLSTVNTQFYTIKEGMYKALNYQAQALEEIIKYKYNIYSEKEKSNINIDFNDINS-----KLNEGINQAVDNINNFINECSVSYLMKKMIPLAVEKLLDFDNTLKKNLLNYIDENKLYLIGSAEYEKSKVDKHLKTIIPFDLSMY---------TNNTILIEIFNKYNSEILNNIILNLRYRDNNLI--DLSGYGANVEVYDGVEL---NDKNQFKLTSSTNSEIRVTQNQNIIFNSMFLDFSVSFWIRIPKYKNDGIQNYIHNEYTIINCIKNNSGWKISIRGNRIIWTLTDINGKTKSVFFEYSIREDISDYINR-WFFVTITNN--SDNAKIYINGKLESNIDIKDIGEVIANGEIIFKLDGDIDRTQFIWMKYFSIFNTELSQSNIKEIYKIQSYSEYLKDFWGNPLMYNKEYYMFN
PROKKA_00013	tr|A5HZZ8|A5HZZ8_CLOBH Type A progenitor toxin nontoxic-nonha OS=Clostridium botulinum (strain Hall / ATCC 3502 / NCTC 13319 / Type A) GN=ntnH PE=4 SV=1 !!!ntnH	1292	1193	301	85	28.24	161	55	6	280	NNFNYNDPIDNNNIIMMEPPFARGTGRYYKAFKITDRIWIIPERYTFGYK---PEDFNKSSGIFNRDVCEYYDPDYLNTNDKKNIFLQTMIKLFNRIKSKPLGEKLLEMIINGIPY----------------LGDRRVPLEEFNTNIASVT----VNKLISNPGEVERKKGIFA-NLIIFGPGPVLNENETIDIGIQNHFASREGFGGIMQMKFCPEYVSVFNNVQENKGASIFNRRGYFSDPALILMHELIHVLHGLYGIKVDDLPIVPNEKKFFMQSTDAIQAE--ELYTFGGQDPSII
PROKKA_00013	tr|A5HZZ8|A5HZZ8_CLOBH Type A progenitor toxin nontoxic-nonha OS=Clostridium botulinum (strain Hall / ATCC 3502 / NCTC 13319 / Type A) GN=ntnH PE=4 SV=1 !!!ntnH	1292	1193	618	123	19.90	421	74	519	1102	PVYEKQPAIKKIFTDENTIFQYLYSQT-----FPLDIRDISLTSSFDDALLFSNKVYSFFSMDYIKTANKVVEAGLFAGWVKQIVDDFVIEANKSSTMDKIADISLIVPYIGLALNVGNETAKGNFENAFEIAGASILLEFIPELLIPVVGAFLLESYIDN--KNKIIKTIDNALTKRDEKWIDMYGLIVAQWLSTVNTQFYTIKEGMYKALNYQAQALEEIIKYKYNIY------SEKEKSNINIDFNDINSKLNEGINQAVDNINNFINECSVSYLMKKMIPLAV---EKLLDFDNTLKKNLL----NYIDENKLYLIGSAEYEKSKVDKHLKTIIPFDLSMYTNNTILIEIFNKYNSEILNNIILNLRYRDNNLI-DLSGYGANVE-------VY----DGVELNDKNQFKLTSSTNSEIRVTQNQNIIFNSMFLDFSVSFWIRIPKYKNDGIQNYIHNEYTIINCIKNNSGWKISIRGNRIIWTLTDINGKTKSVFFEYSIREDISDYINRWFFVTITNN--SDNAKIYINGKLESNIDIKDIGEVIANGEIIFKLDGDIDRTQFIWMKYFSIFNTELSQSNIKEIYKIQSYSEYLKDFWGNPLMYNKEYYMFN
PROKKA_00013	tr|B1INP6|B1INP6_CLOBK Botulinum neurotoxin type B1, nontoxic-nonhemagglutinin component, NTNH OS=Clostridium botulinum (strain Okra / Type B1) GN=ntnH PE=4 SV=1 !!!ntnH	1292	1197	301	85	28.24	161	55	6	280	NNFNYNDPIDNNNIIMMEPPFARGTGRYYKAFKITDRIWIIPERYTFGYK---PEDFNKSSGIFNRDVCEYYDPDYLNTNDKKNIFLQTMIKLFNRIKSKPLGEKLLEMIINGIPY----------------LGDRRVPLEEFNTNIASVT----VNKLISNPGEVERKKGIFA-NLIIFGPGPVLNENETIDIGIQNHFASREGFGGIMQMKFCPEYVSVFNNVQENKGASIFNRRGYFSDPALILMHELIHVLHGLYGIKVDDLPIVPNEKKFFMQSTDAIQAE--ELYTFGGQDPSII
PROKKA_00013	tr|B1L2G4|B1L2G4_CLOBM Botulinum neurotoxin type A3, nontoxic-nonhemagglutinin component, NTNH OS=Clostridium botulinum (strain Loch Maree / Type A3) GN=ntnH PE=4 SV=1 !!!ntnH	1292	1159	253	80	31.62	118	55	6	249	NNFNYNDPIDNNNIIMMEPPFARGTGRYYKAFKITDRIWIIPERYTFGYK---PEDFNKSSGIFNRDVCEYYDPDYLNTNDKKNIFLQTMIKLFNRIKSKPLGEKLLEMIINGIPY-----LGDRRVPLEEFNTNIASVTVNKLISNPGEVERKKGIFANLIIFGPGPVLNENETIDIGIQNHFASREGFGGIMQMKFCPEYVSVFNNVQENKGASIFNRRGYFSDPALILMHELIHVLHGLYGIK-VDDLPI
PROKKA_00013	tr|B1L2G4|B1L2G4_CLOBM Botulinum neurotoxin type A3, nontoxic-nonhemagglutinin component, NTNH OS=Clostridium botulinum (strain Loch Maree / Type A3) GN=ntnH PE=4 SV=1 !!!ntnH	1292	1159	626	129	20.61	409	88	518	1102	VPVYEKQPAIKKIFTDENTIFQYLYSQTFPLDIRDISLTSSFDDALLFSNK--VYSFFS-----MDYIKTANKVVEAGLFAGWVKQIVDDFVIEANKSSTMDKIADISLIVPYIGLALNVGNETAKGNFENAFEIAGASILLEFIPELLIPVVG------AFLLESYIDNKNKIIKTIDNALTKRDEKWIDMYGLIVAQWLSTVNTQFYTIKEGMYKALNYQAQALEEIIKYKYNIY------SEKEKSNINIDFNDINSKLNEGINQAVDNINNFINECSVSYLMKKMIPLAVEKLLDFDNTLKKNLLNYIDENKLYLIGSAEYEKSK-VDKHLKTIIPFDL-------SMYTNNTILIEIFNKYNSEILNNIILNLRYRDNNLI-DLSGYGANVE-------VY----DGVELNDKNQFKLTSSTNSEIRVTQNQNIIFNSMFLDFSVSFWIRIPKYKNDGIQNYIHNEYTIINCIKNNSGWKISIRGNRIIWTLTDINGKTKSVFFEYSIREDISDYINRWFFVTITNN--SDNAKIYINGKLESNIDIKDIGEVIANGEIIFKLDGDIDRTQFIWMKYFSIFNTELSQSNIKEIYKIQSYSEYLKDFWGNPLMYNKEYYMFN
PROKKA_00013	tr|C1FUH8|C1FUH8_CLOBJ Botulinum neurotoxin type A2, nontoxic-nonhemagglutinin component, NTNH OS=Clostridium botulinum (strain Kyoto / Type A2) GN=ntnH PE=4 SV=1 !!!ntnH	1292	1159	253	82	32.41	116	55	6	249	NNFNYNDPIDNNNIIMMEPPFARGTGRYYKAFKITDRIWIIPERYTFGYK---PEDFNKSSGIFNRDVCEYYDPDYLNTNDKKNIFLQTMIKLFNRIKSKPLGEKLLEMIINGIPY-----LGDRRVPLEEFNTNIASVTVNKLISNPGEVERKKGIFANLIIFGPGPVLNENETIDIGIQNHFASREGFGGIMQMKFCPEYVSVFNNVQENKGASIFNRRGYFSDPALILMHELIHVLHGLYGIK-VDDLPI
PROKKA_00013	tr|A7GBG2|A7GBG2_CLOBL Botulinum neurotoxin type F, nontoxic-nonhemagglutinin component, NTNH OS=Clostridium botulinum (strain Langeland / NCTC 10281 / Type F) GN=ntnH PE=4 SV=1 !!!ntnH	1292	1163	253	80	31.62	118	55	6	249	NNFNYNDPIDNNNIIMMEPPFARGTGRYYKAFKITDRIWIIPERYTFGYK---PEDFNKSSGIFNRDVCEYYDPDYLNTNDKKNIFLQTMIKLFNRIKSKPLGEKLLEMIINGIPY-----LGDRRVPLEEFNTNIASVTVNKLISNPGEVERKKGIFANLIIFGPGPVLNENETIDIGIQNHFASREGFGGIMQMKFCPEYVSVFNNVQENKGASIFNRRGYFSDPALILMHELIHVLHGLYGIK-VDDLPI
PROKKA_00013	tr|C5UY14|C5UY14_CLOBO Botulinum neurotoxin type E1, nontoxic-nonhemagglutinin component, NTNH OS=Clostridium botulinum E1 str. 'BoNT E Beluga' GN=ntnH PE=4 SV=1 !!!ntnH	1292	1163	248	81	32.66	123	44	7	251	NFNYNDPIDNNNIIMMEPPFARGTGRYYKAFKITDRIWIIPERYTFGYK---PEDFNKSSGIFNRDVCEYYDPDYLNTNDKKNIFLQTMIKLFNRIKSKPLGEKLLEMIINGIPYLGDRRVPLEEFNTNIASVTVNKLISNPGEVERKKGIFANLIIFGPGPVLNENETIDIGIQNHFASREGFGGIMQMKFCPEYVSVFNNVQENKGASIFNRRGYFSDPALILMHELIHVLHGLYGIKVDDLPIVP
PROKKA_00013	tr|A0A0X1KH90|A0A0X1KH90_CLOBA Botulinum neurotoxin type E, nontoxic-nonhemagglutinin component, NTNH OS=Clostridium botulinum (strain Alaska E43 / Type E3) PE=1 SV=1 !!!ntnH	1292	1163	248	81	32.66	123	44	7	251	NFNYNDPIDNNNIIMMEPPFARGTGRYYKAFKITDRIWIIPERYTFGYK---PEDFNKSSGIFNRDVCEYYDPDYLNTNDKKNIFLQTMIKLFNRIKSKPLGEKLLEMIINGIPYLGDRRVPLEEFNTNIASVTVNKLISNPGEVERKKGIFANLIIFGPGPVLNENETIDIGIQNHFASREGFGGIMQMKFCPEYVSVFNNVQENKGASIFNRRGYFSDPALILMHELIHVLHGLYGIKVDDLPIVP
PROKKA_00013	tr|C4IHM0|C4IHM0_CLOBU Botulinum neurotoxin type E, nontoxic-nonhemagglutinin component, NTNH OS=Clostridium butyricum E4 str. BoNT E BL5262 GN=ntnH PE=4 SV=1 !!!ntnH	1292	1163	248	81	32.66	123	44	7	251	NFNYNDPIDNNNIIMMEPPFARGTGRYYKAFKITDRIWIIPERYTFGYK---PEDFNKSSGIFNRDVCEYYDPDYLNTNDKKNIFLQTMIKLFNRIKSKPLGEKLLEMIINGIPYLGDRRVPLEEFNTNIASVTVNKLISNPGEVERKKGIFANLIIFGPGPVLNENETIDIGIQNHFASREGFGGIMQMKFCPEYVSVFNNVQENKGASIFNRRGYFSDPALILMHELIHVLHGLYGIKVDDLPIVP
PROKKA_00013	tr|C5VU80|C5VU80_CLOBO Botulinum neurotoxin type D, nontoxic-nonhemagglutinin component, NTNH OS=Clostridium botulinum D str. 1873 GN=ntnH PE=4 SV=1 !!!ntnH	1292	1196	270	78	28.89	139	53	6	251	NNFNYNDPIDNNNIIMMEPPFARGTGRYYKAFKITDRIWIIPERYTFGYK---PEDFNKSSGIFNRDVCEYYDPDYLNTNDKKNIFLQTMIKLFNRIKSKPLGEKLLEMIINGIP----YLGDRRVPLEEFN---TNIASVTVNKLI-------------SNPGEVERKKGIFA-NLIIFGPGPVLNENETIDIGIQNHFASREGFGGIMQMKFCPEYVSVFNNVQENKGASIFNRRGYFSDPALILMHELIHVLHGLYGIKVDDLPIVP
PROKKA_00013	tr|C5VU80|C5VU80_CLOBO Botulinum neurotoxin type D, nontoxic-nonhemagglutinin component, NTNH OS=Clostridium botulinum D str. 1873 GN=ntnH PE=4 SV=1 !!!ntnH	1292	1196	603	122	20.23	375	106	551	1102	RDISLTSSFDDALLFSNK--VYSFFS-----MDYIKTANKVVEAGLFAGWVKQIVDDFVIEANKSSTMDKIADISLIVPYIGLALNVGNETAKGNFENAFEIAGASILLEFIPELLIP------VVGAFLLESYIDNKNKIIKTIDNALTKRDEKWIDMYGLIVAQWLSTVNTQFYTIKEGMYKALNYQAQALEEIIKYKYNIYSEKEKSNINID------------FNDINSKLNEGINQAVDNINNFINECSVSYLMKKMIPLAVEKLLDFDNTLK-------KNLLNYIDENKLYLIGSAEYEK----------------SKVDKHLKTII-PFDLSMYTNNTILIEIFNKYNSEILNNIILNLRYRDNNLIDLSGYGANVEVYDGVELNDKNQFKLTSSTNSEIRVTQNQNIIFNSMFLDFSVSFWIRIPKYKNDGIQNYIHNEYTIINCIKNNSGWKISIRGNRIIWTLTDINGKTKSVFFEYSIREDISDYINRWFFVTITNN--SDNAKIYINGKLESNIDIKDIGEVIANGEIIFKLDGDIDRTQFIWMKYFSIFNTELSQSNIKEIYKIQSYSEYLKDFWGNPLMYNKEYYMFN
PROKKA_00013	tr|B1BE43|B1BE43_CLOBO Botulinum neurotoxin type C, nontoxic-nonhemagglutinin component NTNH OS=Clostridium botulinum C str. Eklund GN=CBC_A0166 PE=4 SV=1 !!!ntnH	1292	1196	270	77	28.52	140	53	6	251	NNFNYNDPIDNNNIIMMEPPFARGTGRYYKAFKITDRIWIIPERYTFGYK---PEDFNKSSGIFNRDVCEYYDPDYLNTNDKKNIFLQTMIKLFNRIKSKPLGEKLLEMIINGIP----YLGDRRVPLEEFN---TNIASVTVNKLI-------------SNPGEVERKKGIFA-NLIIFGPGPVLNENETIDIGIQNHFASREGFGGIMQMKFCPEYVSVFNNVQENKGASIFNRRGYFSDPALILMHELIHVLHGLYGIKVDDLPIVP
PROKKA_00013	tr|B1BE46|B1BE46_CLOBO Non-toxin haemagglutinin HA-70 OS=Clostridium botulinum C str. Eklund GN=CBC_A0169 PE=4 SV=1 !!!ha70	1292	623	51	13	25.49	32	6	328	378	YKFVEDSEGKYSIDVESFDKLYKSLMFGFTETNIAENYKIKTRASYFSDSL
PROKKA_00013	tr|C5UY13|C5UY13_CLOBO P-47 protein OS=Clostridium botulinum E1 str. 'BoNT E Beluga' GN=p47 PE=4 SV=1 !!!P-47	1292	416	84	26	30.95	38	20	801	880	TLKKNLLNYIDENKLYLIGSAEYEKSKVDKHLKTIIPFD----LSMYTNNTILIEIFNKYNSEILNNIILNLRYRDNNLIDLSG
PROKKA_00013	tr|C5UY13|C5UY13_CLOBO P-47 protein OS=Clostridium botulinum E1 str. 'BoNT E Beluga' GN=p47 PE=4 SV=1 !!!P-47	1292	416	50	12	24.00	38	0	654	703	FIPELLIPVVGAFLLESYIDNKNKIIKTIDNALTKRDEKWIDMYGLIVAQ
PROKKA_00014	tr|A0A060N6G5|A0A060N6G5_CLOBO Nontoxic-nonhemagglutinin component, NTNH OS=Clostridium botulinum B str. Osaka05 GN=CBO05P2_175 PE=4 SV=1 !!!ntnH	1210	1197	1197	1189	99.33	8	0	13	1209	MNINDNLSINSPVDNKNVVVVRARKTDTFFKAFKVAPNIWVAPERYYGESLSIDEEYKVDGGIYDSNFLSQDSEKDKFLKAIITLLKRINSTNAGEKLLSLISTAIPFPYGYIGGGYYAPNMITFGSAPKSNKKLNSLISSTIPFPYAGYRETNYLSSEDNKSFYASNIVIFGPGANIVENNTVFYKKEDAENGMGTMTEIWFQPFLTYKYDQFYIDPAIELMKCLIKSLYFLYGIKPSDDLVVPYRLRNELENIEYSQLNIVDLLVSGGIDPKFINTDPYWFIDNYFSNAKKMFEDHRNIYETEIEGNNAIGNDIKLRLKQKFRININDIWELNLNYFSKEFNIMMPDRFNNALKHFYRKQYYKIDYPENYSINGFVNGQINAQLSLSDRNQDIINKPEEIINLLNENNVLLMRSNIYGDGLKSTVDDFYSNYKIPYNRAYEYHFNNSNDSSLDNVNVGVIDNIPEIIDVNPYRKNCDPFTPVYNITETKEINTTIPFPVNYLQAQNANNEKFSLSSDFVEVVSSKDKSLAYSFLSNVMFYLDSIKDNSPIDTDKEYYLWLREIFRNYSFDITATQAINTNCGINKVVTWLGKALNILNTSDSFVEEFQNLGPISLINKKENLSMPIIEIYEIPNDMLGLPLNDLNEKLFNIYLKNILYFKKVYFNFLDQWWTEYYSQYFDLICMAKQSILAQEKLIKQIIQNKLQDLSKADISMDKLNLMNLATEKTFIDLSNESQIAINNINDFLNKSAICVFDTNIYPKFISFMEQCINSVNSNVTAFIQKCTNITEDEKLQLIKLNTFMNIDFEFFDIQSIKDLITSETDLIKEEKESDYNLFLFTLQENNNKVIEDISGKNTLVKYSDSISLVYGVNGDALYLKERDESVSFSNKAFENGLTNSFSICFWLRNLGEDIITSKLIENKADNCGWEIYFQNNGLVFSIVDCNGNEENIYLSDVISKNWYYISISIDRLRNQLLIFINDKLIANQSIEQILNIYSSNTISLVNGNNSIYVEGLSILNRSITSEEVVNNYFSYLNNSYIRDISGERLEYNKTYELYNYVFPENSLYEVTENNNIYLSIKDTNNLNIQGAKFKLINIDTNKQYVQKWDEGVVCLLGDEEKYVDISSENNRIQLVSSKDTAKRIIFNNDIFRPNCLTFAYNNKYLSLSFRDRNYNWMICNNNDNIPKAAHLWALKGI
PROKKA_00014	tr|B1INP6|B1INP6_CLOBK Botulinum neurotoxin type B1, nontoxic-nonhemagglutinin component, NTNH OS=Clostridium botulinum (strain Okra / Type B1) GN=ntnH PE=4 SV=1 !!!ntnH	1210	1197	1197	1154	96.41	43	0	13	1209	MNINDNLSINSPVDNKNVVVVRARKTDTFFKAFKVAPNIWVAPERYYGESLSIDEEYKVDGGIYDSNFLSQDSEKDKFLKAIITLLKRINSTNAGEKLLSLISTAIPFPYGYIGGGYYAPNMITFGSAPKSNKKLNSLISSTIPFPYAGYRETNYLSSEDNKSFYASNIVIFGPGANIVENNTVFYKKEDAENGMGTMTEIWFQPFLTYKYDQFYIDPAIELMKCLIKSLYFLYGIKPSDDLVVPYRLRNELENIEYSQLNIVDLLVSGGIDPKFINTDPYWFIDNYFSNAKKMFEDHRNIYETEIEGNNAIGNDIKLRLKQKFRININDIWELNLNYFSKEFNIMMPDRFNNALKHFYRKQYYKIDYPENYSINGFVNGQINAQLSLSDRNQDIINKPEEIINLLNENNVLLMRSNIYGDGLKSTVDDFYSNYKIPYNRAYEYHFNNSNDSSLDNVNVGVIDNIPEIIDVNPYRKNCDPFTPVYNITETKEINTTIPFPVNYLQAQNANNEKFSLSSDFVEVVSSKDKSLAYSFLSNVMFYLDSIKDNSPIDTDKEYYLWLREIFRNYSFDITATQAINTNCGINKVVTWLGKALNILNTSDSFVEEFQNLGPISLINKKENLSMPIIEIYEIPNDMLGLPLNDLNEKLFNIYLKNILYFKKVYFNFLDQWWTEYYSQYFDLICMAKQSILAQEKLIKQIIQNKLQDLSKADISMDKLNLMNLATEKTFIDLSNESQIAINNINDFLNKSAICVFDTNIYPKFISFMEQCINSVNSNVTAFIQKCTNITEDEKLQLIKLNTFMNIDFEFFDIQSIKDLITSETDLIKEEKESDYNLFLFTLQENNNKVIEDISGKNTLVKYSDSISLVYGVNGDALYLKERDESVSFSNKAFENGLTNSFSICFWLRNLGEDIITSKLIENKADNCGWEIYFQNNGLVFSIVDCNGNEENIYLSDVISKNWYYISISIDRLRNQLLIFINDKLIANQSIEQILNIYSSNTISLVNGNNSIYVEGLSILNRSITSEEVVNNYFSYLNNSYIRDISGERLEYNKTYELYNYVFPENSLYEVTENNNIYLSIKDTNNLNIQGAKFKLINIDTNKQYVQKWDEGVVCLLGDEEKYVDISSENNRIQLVSSKDTAKRIIFNNDIFRPNCLTFAYNNKYLSLSFRDRNYNWMICNNNDNIPKAAHLWALKGI
PROKKA_00014	tr|B2TSC3|B2TSC3_CLOBB Botulinum neurotoxin type B OS=Clostridium botulinum (strain Eklund 17B / Type B) GN=ntnH PE=4 SV=1 !!!ntnH	1210	1197	1197	1143	95.49	54	0	13	1209	MNINDNLSINSPVDNKNVVVVRARKTDTFFKAFKVAPNIWVAPERYYGESLSIDEEYKVDGGIYDSNFLSQDSEKDKFLKAIITLLKRINSTNAGEKLLSLISTAIPFPYGYIGGGYYAPNMITFGSAPKSNKKLNSLISSTIPFPYAGYRETNYLSSEDNKSFYASNIVIFGPGANIVENNTVFYKKEDAENGMGTMTEIWFQPFLTYKYDQFYIDPAIELMKCLIKSLYFLYGIKPSDDLVVPYRLRNELENIEYSQLNIVDLLVSGGIDPKFINTDPYWFIDNYFSNAKKMFEDHRNIYETEIEGNNAIGNDIKLRLKQKFRININDIWELNLNYFSKEFNIMMPDRFNNALKHFYRKQYYKIDYPENYSINGFVNGQINAQLSLSDRNQDIINKPEEIINLLNENNVLLMRSNIYGDGLKSTVDDFYSNYKIPYNRAYEYHFNNSNDSSLDNVNVGVIDNIPEIIDVNPYRKNCDPFTPVYNITETKEINTTIPFPVNYLQAQNANNEKFSLSSDFVEVVSSKDKSLAYSFLSNVMFYLDSIKDNSPIDTDKEYYLWLREIFRNYSFDITATQAINTNCGINKVVTWLGKALNILNTSDSFVEEFQNLGPISLINKKENLSMPIIEIYEIPNDMLGLPLNDLNEKLFNIYLKNILYFKKVYFNFLDQWWTEYYSQYFDLICMAKQSILAQEKLIKQIIQNKLQDLSKADISMDKLNLMNLATEKTFIDLSNESQIAINNINDFLNKSAICVFDTNIYPKFISFMEQCINSVNSNVTAFIQKCTNITEDEKLQLIKLNTFMNIDFEFFDIQSIKDLITSETDLIKEEKESDYNLFLFTLQENNNKVIEDISGKNTLVKYSDSISLVYGVNGDALYLKERDESVSFSNKAFENGLTNSFSICFWLRNLGEDIITSKLIENKADNCGWEIYFQNNGLVFSIVDCNGNEENIYLSDVISKNWYYISISIDRLRNQLLIFINDKLIANQSIEQILNIYSSNTISLVNGNNSIYVEGLSILNRSITSEEVVNNYFSYLNNSYIRDISGERLEYNKTYELYNYVFPENSLYEVTENNNIYLSIKDTNNLNIQGAKFKLINIDTNKQYVQKWDEGVVCLLGDEEKYVDISSENNRIQLVSSKDTAKRIIFNNDIFRPNCLTFAYNNKYLSLSFRDRNYNWMICNNNDNIPKAAHLWALKGI
PROKKA_00014	tr|A5HZZ8|A5HZZ8_CLOBH Type A progenitor toxin nontoxic-nonha OS=Clostridium botulinum (strain Hall / ATCC 3502 / NCTC 13319 / Type A) GN=ntnH PE=4 SV=1 !!!ntnH	1210	1193	1196	965	80.69	227	4	13	1207	MNINDNLSINSPVDNKNVVVVRARKTDTFFKAFKVAPNIWVAPERYYGESLSIDEEYKVDGGIYDSNFLSQDSEKDKFLKAIITLLKRINSTNAGEKLLSLISTAIPFPYGYIGGGYYAPNMITFGSAPKSNKKLNSLISSTIPFPYAGYRETNYLSSEDNKSFYASNIVIFGPGANIVENNTVFYKKEDAENGMGTMTEIWFQPFLTYKYDQFYIDPAIELMKCLIKSLYFLYGIKPSDDLVVPYRLRNELENIEYSQLNIVDLLVSGGIDPKFINTDPYWFIDNYFSNAKKMFEDHRNIYETEIEGNNAIGNDIKLRLKQKFRININDIWELNLNYFSKEFNIMMPDRFNNALKHFYRKQYYKIDYPENYSINGFVNGQINAQLSLSDRNQDIINKPEEIINLLNENNVLLMRSNIYGDGLKSTVDDFYSNYKIPYNRAYEYHFNNSNDSSLDNVNVGVIDNIPEIIDVNPYRKNCDPFTPVYNITETKEINTTIPFPVNYLQAQNANNEKFSLSSDFVEVVSSKDKSLAYSFLSNVMFYLDSIKDNSPIDTDKEYYLWLREIFRNYSFDITATQAINTNCGINKVVTWLGKALNILNTSDSFVEEFQNLGPISLINKKENLSMPIIEIYEIPNDMLGLPLNDLNEKLFNIYLKNILYFKKVYFNFLDQWWTEYYSQYFDLICMAKQSILAQEKLIKQIIQNKLQDL-SKADISMDKLNLMNLATEKTFIDLSNESQIAINNINDFLNKSAICVFDTNIYPKFISFMEQCINSVNSNVTAFIQKCTNITEDEKLQLIKLNTFMNIDFEFFDIQSIKDLITSETDLIKEEKESDYNLFLFTLQENNNKVIEDISGKNTLVKYSDSISLVYGVNGDALYLKERDESVSFSNKAFENGLTNSFSICFWLRNLGEDIITSKLIENKADNCGWEIYFQNNGLVFSIVDCNGNEENIYLSDVISKNWYYISISIDRLRNQLLIFINDKLIANQSIEQILNIYSSNTISLVNGNNSIYVEGLSILNRSITSEEVVNNYFSYLNNSYIRDISGERLEYNKTYELYNYVFPENSLYEVTENNNIYLSIKDTNNLNIQGAKFKLINIDTNKQYVQKWDEGVVCLLGDEEKYVDISSENNRIQLVSSKDTAKRIIFNNDIFRPNCLTFAYNNKYLSLSFRDRNYNWMICNNNDNIPKAAHLWALK
PROKKA_00014	tr|B1BE43|B1BE43_CLOBO Botulinum neurotoxin type C, nontoxic-nonhemagglutinin component NTNH OS=Clostridium botulinum C str. Eklund GN=CBC_A0166 PE=4 SV=1 !!!ntnH	1210	1196	1198	819	68.36	375	4	13	1208	MNINDNLSINSPVDNKNVVVVRARKTDTFFKAFKVAPNIWVAPERYYGESLSIDEEYKVDGGIYDSNFLSQDSEKDKFLKAIITLLKRINSTNAGEKLLSLISTAIPFPYGYIGGGYYAPNMITFGSAPKSNKKLNSLISSTIPFPYAGYRETNYLSSEDNKSFYASNIVIFGPGANIVENNTVFYKKEDAENGMGTMTEIWFQPFLTYKYDQFYIDPAIELMKCLIKSLYFLYGIKPSDDLVVPYRLRNELENIEYSQLNIVDLLVSGGIDPKFINTDPYWFIDNYFSNAKKMFEDHRNIYETEIEGNNAIGNDIKLRLKQKFRININDIWELNLNYFSKEFNIMMPDRFNNALKHFYRKQYYKIDYPENYSINGFVNGQINAQLSLSDRNQDIINKPEEIINLLNENNVLLMRSNIYGDGLKSTVDDFYSNYKIPYNRAYEYHFNNSNDSSLDNVNVGVIDNIPEIIDVNPYRKNCD--PFTPVYNITETKEINTTIPFPVNYLQAQNANNEKFSLSSDFVEVVSSKDKSLAYSFLSNVMFYLDSIKDNSPIDTDKEYYLWLREIFRNYSFDITATQAINTNCGINKVVTWLGKALNILNTSDSFVEEFQNLGPISLINKKENLSMPIIEIYEIPNDMLGLPLNDLNEKLFNIYLKNILYFKKVYFNFLDQWWTEYYSQYFDLICMAKQSILAQEKLIKQIIQNKLQDLSKADISMDKLNLMNLATEKTFIDLSNESQIAINNINDFLNKSAICVFDTNIYPKFISFMEQCINSVNSNVTAFIQKCTNITEDEKLQLIKLNTFMNIDFEFFDIQSIKDLITSETDLIKEEKESDYNLFLFTLQENNNKVIEDISGKNTLVKYSDSISLVYGVNGDALYLKERDESVSFSNKAFENGLTNSFSICFWLRNLGEDIITSKLIENKADNCGWEIYFQNNGLVFSIVDCNGNEENIYLSDVISKNWYYISISIDRLRNQLLIFINDKLIANQSIEQILNIYSSNTISLVNGNNSIYVEGLSILNRSITSEEVVNNYFSYLNNSYIRDISGERLEYNKTYELYNYVFPENSLYEVTENNNIYLSIKDTNNLNIQGAKFKLINIDTNKQYVQKWDEGVVCLLGDEEKYVDISSENNRIQLVSSKDTAKRIIFNNDIFRPNCLTFAYNNKYLSLSFRDRNYNWMICNNNDNIPKAAHLWALKG
PROKKA_00014	tr|C5VU80|C5VU80_CLOBO Botulinum neurotoxin type D, nontoxic-nonhemagglutinin component, NTNH OS=Clostridium botulinum D str. 1873 GN=ntnH PE=4 SV=1 !!!ntnH	1210	1196	1198	817	68.20	377	4	13	1208	MNINDNLSINSPVDNKNVVVVRARKTDTFFKAFKVAPNIWVAPERYYGESLSIDEEYKVDGGIYDSNFLSQDSEKDKFLKAIITLLKRINSTNAGEKLLSLISTAIPFPYGYIGGGYYAPNMITFGSAPKSNKKLNSLISSTIPFPYAGYRETNYLSSEDNKSFYASNIVIFGPGANIVENNTVFYKKEDAENGMGTMTEIWFQPFLTYKYDQFYIDPAIELMKCLIKSLYFLYGIKPSDDLVVPYRLRNELENIEYSQLNIVDLLVSGGIDPKFINTDPYWFIDNYFSNAKKMFEDHRNIYETEIEGNNAIGNDIKLRLKQKFRININDIWELNLNYFSKEFNIMMPDRFNNALKHFYRKQYYKIDYPENYSINGFVNGQINAQLSLSDRNQDIINKPEEIINLLNENNVLLMRSNIYGDGLKSTVDDFYSNYKIPYNRAYEYHFNNSNDSSLDNVNVGVIDNIPEIIDVNPYRKNCD--PFTPVYNITETKEINTTIPFPVNYLQAQNANNEKFSLSSDFVEVVSSKDKSLAYSFLSNVMFYLDSIKDNSPIDTDKEYYLWLREIFRNYSFDITATQAINTNCGINKVVTWLGKALNILNTSDSFVEEFQNLGPISLINKKENLSMPIIEIYEIPNDMLGLPLNDLNEKLFNIYLKNILYFKKVYFNFLDQWWTEYYSQYFDLICMAKQSILAQEKLIKQIIQNKLQDLSKADISMDKLNLMNLATEKTFIDLSNESQIAINNINDFLNKSAICVFDTNIYPKFISFMEQCINSVNSNVTAFIQKCTNITEDEKLQLIKLNTFMNIDFEFFDIQSIKDLITSETDLIKEEKESDYNLFLFTLQENNNKVIEDISGKNTLVKYSDSISLVYGVNGDALYLKERDESVSFSNKAFENGLTNSFSICFWLRNLGEDIITSKLIENKADNCGWEIYFQNNGLVFSIVDCNGNEENIYLSDVISKNWYYISISIDRLRNQLLIFINDKLIANQSIEQILNIYSSNTISLVNGNNSIYVEGLSILNRSITSEEVVNNYFSYLNNSYIRDISGERLEYNKTYELYNYVFPENSLYEVTENNNIYLSIKDTNNLNIQGAKFKLINIDTNKQYVQKWDEGVVCLLGDEEKYVDISSENNRIQLVSSKDTAKRIIFNNDIFRPNCLTFAYNNKYLSLSFRDRNYNWMICNNNDNIPKAAHLWALKG
PROKKA_00014	tr|B1L2G4|B1L2G4_CLOBM Botulinum neurotoxin type A3, nontoxic-nonhemagglutinin component, NTNH OS=Clostridium botulinum (strain Loch Maree / Type A3) GN=ntnH PE=4 SV=1 !!!ntnH	1210	1159	1202	760	63.23	392	50	13	1207	MNINDNLSINSPVDNKNVVVVRARKTDTFFKAFKVAPNIWVAPERYYGESLSIDEEYKVDGGIYDSNFLSQDSEKDKFLKAIITLLKRINSTNAGEKLLSLISTAIPFPYGYIGGGYYAPNMITFGSAPKSNKKLNSLISSTIPFPY----AGYRETNYLSSEDNKSFYASNIVIFGPGANIVENNTVFYKKEDAENGMGTMTEIWFQPFLTYKYDQFYIDPAIELMKCLIKSLYFLYGIKPSDDLVVPYRLRNELENIEYSQLNIVDLLVSGGIDPKFINTDPYWFIDNYFSNAKKMFEDHRNIYETEIEGNNAIGNDIKLRLKQKFRININDIWELNLNYFSKEFNIMMPDRFNNALKHFYRKQYYKIDYPENYSINGFVNGQINAQLSLSDRNQDIINKPEEIINLLNENNVLLMRSNIYGDGLKSTVDDFYSNYKIPYNRAYEYHFNNSNDSSLDNVNVGVIDNIPEI--IDVNPYRKNCDPFTPVYNITETKEINTTIPFPVNYLQAQNANNEKFSLSSDFVEVVSSKDKSLAYSFLSNVMFYLDSIKDNSPIDTDKEYYLWLREIFRNYSFDITATQAINTNCGINKVVTWLGKALNILNTSDSFVEEFQNLGPISLINKKENLSMPIIEIYEIPNDMLGLPLNDLNEKLFNIYLKNILYFKKVYFNFLDQWWTEYYSQYFDLICMAKQSILAQEKLIKQIIQNKLQDL-SKADISMDKLNLMNLATEKTFIDLSNESQIAINNINDFLNKSAICVFDTNIYPKFISFMEQCINSVNSNVTAFIQKCTNITEDEKLQLIKLNTFMNIDFEFFDIQSIKDLITSETDLIKEEKESDYNLFLFTLQENNNKVIEDISGKNTLVKYSDSISLVYGVNGDALYLKERDESVSFSNKAFENGLTNSFSICFWLRNLGEDIITSKLIENKADNCGWEIYFQNNGLVFSIVDCNGNEENIYLSDVISKNWYYISISIDRLRNQLLIFINDKLIANQSIEQILNIYSSNTISLVNGNNSIYVEGLSILNRSITSEEVVNNYFSYLNNSYIRDISGERLEYNKTYELYNYVFPENSLYEVTENNNIYLSIKDTNNLNIQGAKFKLINIDTNKQYVQKWDEGVVCLLGDEEKYVDISSENNRIQLVSSKDTAKRIIFNNDIFRPNCLTFAYNNKYLSLSFRDRNYNWMICNNNDNIPKAAHLWALK
PROKKA_00014	tr|A7GBG2|A7GBG2_CLOBL Botulinum neurotoxin type F, nontoxic-nonhemagglutinin component, NTNH OS=Clostridium botulinum (strain Langeland / NCTC 10281 / Type F) GN=ntnH PE=4 SV=1 !!!ntnH	1210	1163	1204	760	63.12	396	48	13	1209	MNINDNLSINSPVDNKNVVVVRARKTDTFFKAFKVAPNIWVAPERYYGESLSIDEEYKVDGGIYDSNFLSQDSEKDKFLKAIITLLKRINSTNAGEKLLSLISTAIPFPYGYIGGGYYAPNMITFGSAPKSNKKLNSLISSTIPFPY----AGYRETNYLSSEDNKSFYASNIVIFGPGANIVENNTVFYKKEDAENGMGTMTEIWFQPFLTYKYDQFYIDPAIELMKCLIKSLYFLYGIKPSDDLVVPYRLRNELENIEYSQLNIVDLLVSGGIDPKFINTDPYWFIDNYFSNAKKMFEDHRNIYETEIEGNNAIGNDIKLRLKQKFRININDIWELNLNYFSKEFNIMMPDRFNNALKHFYRKQYYKIDYPENYSINGFVNGQINAQLSLSDRNQDIINKPEEIINLLNENNVLLMRSNIYGDGLKSTVDDFYSNYKIPYNRAYEYHFNNSNDSSLDNVNVGVIDNIPEI--IDVNPYRKNCDPFTPVYNITETKEINTTIPFPVNYLQAQNANNEKFSLSSDFVEVVSSKDKSLAYSFLSNVMFYLDSIKDNSPIDTDKEYYLWLREIFRNYSFDITATQAINTNCGINKVVTWLGKALNILNTSDSFVEEFQNLGPISLINKKENLSMPIIEIYEIPNDMLGLPLNDLNEKLFNIYLKNILYFKKVYFNFLDQWWTEYYSQYFDLICMAKQSILAQEKLIKQIIQNKLQDL-SKADISMDKLNLMNLATEKTFIDLSNESQIAINNINDFLNKSAICVFDTNIYPKFISFMEQCINSVNSNVTAFIQKCTNITEDEKLQLIKLNTFMNIDFEFFDIQSIKDLITSETDLIKEEKESDYNLFLFTLQENNNKVIEDISGKNTLVKYSDSISLVYGVNGDALYLKERDESVSFSNKAFENGLTNSFSICFWLRNLGEDIITSKLIENKADNCGWEIYFQNNGLVFSIVDCNGNEENIYLSDVISKNWYYISISIDRLRNQLLIFINDKLIANQSIEQILNIYSSNTISLVNGNNSIYVEGLSILNRSITSEEVVNNYFSYLNNSYIRDISGERLEYNKTYELYNYVFPENSLYEVTENNNIYLSIKDTNNLNIQGAKFKLINIDTNKQYVQKWDEGVVCLLGDEEKYVDISSENNRIQLVSSKDTAKRIIFNNDIFRPNCLTFAYNNKYLSLSFRDRNYNWMICNNNDNIPKAAHLWALKGI
PROKKA_00014	tr|C1FUH8|C1FUH8_CLOBJ Botulinum neurotoxin type A2, nontoxic-nonhemagglutinin component, NTNH OS=Clostridium botulinum (strain Kyoto / Type A2) GN=ntnH PE=4 SV=1 !!!ntnH	1210	1159	1202	755	62.81	397	50	13	1207	MNINDNLSINSPVDNKNVVVVRARKTDTFFKAFKVAPNIWVAPERYYGESLSIDEEYKVDGGIYDSNFLSQDSEKDKFLKAIITLLKRINSTNAGEKLLSLISTAIPFPYGYIGGGYYAPNMITFGSAPKSNKKLNSLISSTIPFPY----AGYRETNYLSSEDNKSFYASNIVIFGPGANIVENNTVFYKKEDAENGMGTMTEIWFQPFLTYKYDQFYIDPAIELMKCLIKSLYFLYGIKPSDDLVVPYRLRNELENIEYSQLNIVDLLVSGGIDPKFINTDPYWFIDNYFSNAKKMFEDHRNIYETEIEGNNAIGNDIKLRLKQKFRININDIWELNLNYFSKEFNIMMPDRFNNALKHFYRKQYYKIDYPENYSINGFVNGQINAQLSLSDRNQDIINKPEEIINLLNENNVLLMRSNIYGDGLKSTVDDFYSNYKIPYNRAYEYHFNNSNDSSLDNVNVGVIDNIPEI--IDVNPYRKNCDPFTPVYNITETKEINTTIPFPVNYLQAQNANNEKFSLSSDFVEVVSSKDKSLAYSFLSNVMFYLDSIKDNSPIDTDKEYYLWLREIFRNYSFDITATQAINTNCGINKVVTWLGKALNILNTSDSFVEEFQNLGPISLINKKENLSMPIIEIYEIPNDMLGLPLNDLNEKLFNIYLKNILYFKKVYFNFLDQWWTEYYSQYFDLICMAKQSILAQEKLIKQIIQNKLQDL-SKADISMDKLNLMNLATEKTFIDLSNESQIAINNINDFLNKSAICVFDTNIYPKFISFMEQCINSVNSNVTAFIQKCTNITEDEKLQLIKLNTFMNIDFEFFDIQSIKDLITSETDLIKEEKESDYNLFLFTLQENNNKVIEDISGKNTLVKYSDSISLVYGVNGDALYLKERDESVSFSNKAFENGLTNSFSICFWLRNLGEDIITSKLIENKADNCGWEIYFQNNGLVFSIVDCNGNEENIYLSDVISKNWYYISISIDRLRNQLLIFINDKLIANQSIEQILNIYSSNTISLVNGNNSIYVEGLSILNRSITSEEVVNNYFSYLNNSYIRDISGERLEYNKTYELYNYVFPENSLYEVTENNNIYLSIKDTNNLNIQGAKFKLINIDTNKQYVQKWDEGVVCLLGDEEKYVDISSENNRIQLVSSKDTAKRIIFNNDIFRPNCLTFAYNNKYLSLSFRDRNYNWMICNNNDNIPKAAHLWALK
PROKKA_00014	tr|A0A0X1KH90|A0A0X1KH90_CLOBA Botulinum neurotoxin type E, nontoxic-nonhemagglutinin component, NTNH OS=Clostridium botulinum (strain Alaska E43 / Type E3) PE=1 SV=1 !!!ntnH	1210	1163	1204	721	59.88	435	48	13	1209	MNINDNLSINSPVDNKNVVVVRARKTDTFFKAFKVAPNIWVAPERYYGESLSIDEEYKVDGGIYDSNFLSQDSEKDKFLKAIITLLKRINSTNAGEKLLSLISTAIPFPYGYIGGGYYAPNMITFGSAPKSNKKLNSLISSTIPFPYAG----YRETNYLSSEDNKSFYASNIVIFGPGANIVENNTVFYKKEDAENGMGTMTEIWFQPFLTYKYDQFYIDPAIELMKCLIKSLYFLYGIKPSDDLVVPYRLRNELENIEYSQLNIVDLLVSGGIDPKFINTDPYWFIDNYFSNAKKMFEDHRNIYETEIEGNNAIGNDIKLRLKQKFRININDIWELNLNYFSKEFNIMMPDRFNNALKHFYRKQYYKIDYPENYSINGFVNGQINAQLSLSDRNQDIINKPEEIINLLNENNVLLMRSNIYGDGLKSTVDDFYSNYKIPYNRAYEYHFNNSNDSSLDNVNVGVIDNIPEI--IDVNPYRKNCDPFTPVYNITETKEINTTIPFPVNYLQAQNANNEKFSLSSDFVEVVSSKDKSLAYSFLSNVMFYLDSIKDNSPIDTDKEYYLWLREIFRNYSFDITATQAINTNCGINKVVTWLGKALNILNTSDSFVEEFQNLGPISLINKKENLSMPIIEIYEIPNDMLGLPLNDLNEKLFNIYLKNILYFKKVYFNFLDQWWTEYYSQYFDLICMAKQSILAQEKLIKQIIQNKLQDLSK-ADISMDKLNLMNLATEKTFIDLSNESQIAINNINDFLNKSAICVFDTNIYPKFISFMEQCINSVNSNVTAFIQKCTNITEDEKLQLIKLNTFMNIDFEFFDIQSIKDLITSETDLIKEEKESDYNLFLFTLQENNNKVIEDISGKNTLVKYSDSISLVYGVNGDALYLKERDESVSFSNKAFENGLTNSFSICFWLRNLGEDIITSKLIENKADNCGWEIYFQNNGLVFSIVDCNGNEENIYLSDVISKNWYYISISIDRLRNQLLIFINDKLIANQSIEQILNIYSSNTISLVNGNNSIYVEGLSILNRSITSEEVVNNYFSYLNNSYIRDISGERLEYNKTYELYNYVFPENSLYEVTENNNIYLSIKDTNNLNIQGAKFKLINIDTNKQYVQKWDEGVVCLLGDEEKYVDISSENNRIQLVSSKDTAKRIIFNNDIFRPNCLTFAYNNKYLSLSFRDRNYNWMICNNNDNIPKAAHLWALKGI
PROKKA_00014	tr|C5UY14|C5UY14_CLOBO Botulinum neurotoxin type E1, nontoxic-nonhemagglutinin component, NTNH OS=Clostridium botulinum E1 str. 'BoNT E Beluga' GN=ntnH PE=4 SV=1 !!!ntnH	1210	1163	1204	721	59.88	435	48	13	1209	MNINDNLSINSPVDNKNVVVVRARKTDTFFKAFKVAPNIWVAPERYYGESLSIDEEYKVDGGIYDSNFLSQDSEKDKFLKAIITLLKRINSTNAGEKLLSLISTAIPFPYGYIGGGYYAPNMITFGSAPKSNKKLNSLISSTIPFPYAG----YRETNYLSSEDNKSFYASNIVIFGPGANIVENNTVFYKKEDAENGMGTMTEIWFQPFLTYKYDQFYIDPAIELMKCLIKSLYFLYGIKPSDDLVVPYRLRNELENIEYSQLNIVDLLVSGGIDPKFINTDPYWFIDNYFSNAKKMFEDHRNIYETEIEGNNAIGNDIKLRLKQKFRININDIWELNLNYFSKEFNIMMPDRFNNALKHFYRKQYYKIDYPENYSINGFVNGQINAQLSLSDRNQDIINKPEEIINLLNENNVLLMRSNIYGDGLKSTVDDFYSNYKIPYNRAYEYHFNNSNDSSLDNVNVGVIDNIPEI--IDVNPYRKNCDPFTPVYNITETKEINTTIPFPVNYLQAQNANNEKFSLSSDFVEVVSSKDKSLAYSFLSNVMFYLDSIKDNSPIDTDKEYYLWLREIFRNYSFDITATQAINTNCGINKVVTWLGKALNILNTSDSFVEEFQNLGPISLINKKENLSMPIIEIYEIPNDMLGLPLNDLNEKLFNIYLKNILYFKKVYFNFLDQWWTEYYSQYFDLICMAKQSILAQEKLIKQIIQNKLQDLSK-ADISMDKLNLMNLATEKTFIDLSNESQIAINNINDFLNKSAICVFDTNIYPKFISFMEQCINSVNSNVTAFIQKCTNITEDEKLQLIKLNTFMNIDFEFFDIQSIKDLITSETDLIKEEKESDYNLFLFTLQENNNKVIEDISGKNTLVKYSDSISLVYGVNGDALYLKERDESVSFSNKAFENGLTNSFSICFWLRNLGEDIITSKLIENKADNCGWEIYFQNNGLVFSIVDCNGNEENIYLSDVISKNWYYISISIDRLRNQLLIFINDKLIANQSIEQILNIYSSNTISLVNGNNSIYVEGLSILNRSITSEEVVNNYFSYLNNSYIRDISGERLEYNKTYELYNYVFPENSLYEVTENNNIYLSIKDTNNLNIQGAKFKLINIDTNKQYVQKWDEGVVCLLGDEEKYVDISSENNRIQLVSSKDTAKRIIFNNDIFRPNCLTFAYNNKYLSLSFRDRNYNWMICNNNDNIPKAAHLWALKGI
PROKKA_00014	tr|C4IHM0|C4IHM0_CLOBU Botulinum neurotoxin type E, nontoxic-nonhemagglutinin component, NTNH OS=Clostridium butyricum E4 str. BoNT E BL5262 GN=ntnH PE=4 SV=1 !!!ntnH	1210	1163	1204	724	60.13	432	48	13	1209	MNINDNLSINSPVDNKNVVVVRARKTDTFFKAFKVAPNIWVAPERYYGESLSIDEEYKVDGGIYDSNFLSQDSEKDKFLKAIITLLKRINSTNAGEKLLSLISTAIPFPYGYIGGGYYAPNMITFGSAPKSNKKLNSLISSTIPFPYAG----YRETNYLSSEDNKSFYASNIVIFGPGANIVENNTVFYKKEDAENGMGTMTEIWFQPFLTYKYDQFYIDPAIELMKCLIKSLYFLYGIKPSDDLVVPYRLRNELENIEYSQLNIVDLLVSGGIDPKFINTDPYWFIDNYFSNAKKMFEDHRNIYETEIEGNNAIGNDIKLRLKQKFRININDIWELNLNYFSKEFNIMMPDRFNNALKHFYRKQYYKIDYPENYSINGFVNGQINAQLSLSDRNQDIINKPEEIINLLNENNVLLMRSNIYGDGLKSTVDDFYSNYKIPYNRAYEYHFNNSNDSSLDNVNVGVIDNIPEI--IDVNPYRKNCDPFTPVYNITETKEINTTIPFPVNYLQAQNANNEKFSLSSDFVEVVSSKDKSLAYSFLSNVMFYLDSIKDNSPIDTDKEYYLWLREIFRNYSFDITATQAINTNCGINKVVTWLGKALNILNTSDSFVEEFQNLGPISLINKKENLSMPIIEIYEIPNDMLGLPLNDLNEKLFNIYLKNILYFKKVYFNFLDQWWTEYYSQYFDLICMAKQSILAQEKLIKQIIQNKLQDLSK-ADISMDKLNLMNLATEKTFIDLSNESQIAINNINDFLNKSAICVFDTNIYPKFISFMEQCINSVNSNVTAFIQKCTNITEDEKLQLIKLNTFMNIDFEFFDIQSIKDLITSETDLIKEEKESDYNLFLFTLQENNNKVIEDISGKNTLVKYSDSISLVYGVNGDALYLKERDESVSFSNKAFENGLTNSFSICFWLRNLGEDIITSKLIENKADNCGWEIYFQNNGLVFSIVDCNGNEENIYLSDVISKNWYYISISIDRLRNQLLIFINDKLIANQSIEQILNIYSSNTISLVNGNNSIYVEGLSILNRSITSEEVVNNYFSYLNNSYIRDISGERLEYNKTYELYNYVFPENSLYEVTENNNIYLSIKDTNNLNIQGAKFKLINIDTNKQYVQKWDEGVVCLLGDEEKYVDISSENNRIQLVSSKDTAKRIIFNNDIFRPNCLTFAYNNKYLSLSFRDRNYNWMICNNNDNIPKAAHLWALKGI
PROKKA_00014	tr|A0A059PYE4|A0A059PYE4_9CLOT Toxin OS=Clostridium baratii GN=UC77_04385 PE=4 SV=1 !!! 	1210	140	40	16	40.00	23	1	601	639	VTWLGKALNILNTSDSFVEEFQNLGPISLIN-KKENLSMP
PROKKA_00014	tr|A0A0A7FVW8|A0A0A7FVW8_9CLOT Putative oRF-X1 OS=Clostridium baratii str. Sullivan GN=U729_698 PE=4 SV=1 !!!ORF-X1	1210	140	40	16	40.00	23	1	601	639	VTWLGKALNILNTSDSFVEEFQNLGPISLIN-KKENLSMP
PROKKA_00014	tr|A7GBF8|A7GBF8_CLOBL Toxin complex component ORF-X2 OS=Clostridium botulinum (strain Langeland / NCTC 10281 / Type F) GN=CLI_0846 PE=4 SV=1 !!!ORF-X2	1210	750	19	9	47.37	10	0	769	787	DTNIYPKFISFMEQCINSV
PROKKA_00014	tr|A7GBG0|A7GBG0_CLOBL Transcriptional regulator BotR, P-21 OS=Clostridium botulinum (strain Langeland / NCTC 10281 / Type F) GN=botR PE=4 SV=1 !!!BotR	1210	178	22	12	54.55	10	0	807	828	LQLIKLNTFMNIDFEFFDIQSI
PROKKA_00014	tr|A0A073CMR9|A0A073CMR9_CLOBO Transcriptional regulator OS=Clostridium botulinum A2B3 87 GN=N496_18580 PE=4 SV=1 !!! 	1210	178	22	12	54.55	10	0	807	828	LQLIKLNTFMNIDFEFFDIQSI
PROKKA_00014	tr|C5VU79|C5VU79_CLOBO Hemagglutinin component HA33 OS=Clostridium botulinum D str. 1873 GN=ha33 PE=4 SV=1 !!!ha33	1210	285	19	10	52.63	8	1	289	307	NTDPYWFIDNYFSNAKKMF
PROKKA_00015	tr|A0A0D1AER2|A0A0D1AER2_CLOBO Transcriptional regulator OS=Clostridium botulinum B2 450 GN=N495_19875 PE=4 SV=1 !!! 	179	178	178	178	100.00	0	0	1	178	MNKLFLQIKMLKNNNREFQEIFKHFEKTINIFTRKYNIYDNYNDILYHLWYTLKKVDLSNFNTQNDLERYISRTLKRYCLDICNKRKIDKKIIYNSEIVDKKLSLIANSYSSYLEFEFNDLISILPDDQKKIIYMKFVEDIKEIDIAKKLNISRQSVYKNKILALERLEPILKKLINM
PROKKA_00015	tr|A0A073CP83|A0A073CP83_CLOBO Transcriptional regulator OS=Clostridium botulinum A2B3 87 GN=N496_19575 PE=4 SV=1 !!! 	179	178	178	177	99.44	1	0	1	178	MNKLFLQIKMLKNNNREFQEIFKHFEKTINIFTRKYNIYDNYNDILYHLWYTLKKVDLSNFNTQNDLERYISRTLKRYCLDICNKRKIDKKIIYNSEIVDKKLSLIANSYSSYLEFEFNDLISILPDDQKKIIYMKFVEDIKEIDIAKKLNISRQSVYKNKILALERLEPILKKLINM
PROKKA_00015	tr|A5HZZ7|A5HZZ7_CLOBH RNA polymerase ECF-type sigma factor OS=Clostridium botulinum (strain Hall / ATCC 3502 / NCTC 13319 / Type A) GN=botR PE=4 SV=1 !!!BotR	179	178	178	176	98.88	2	0	1	178	MNKLFLQIKMLKNNNREFQEIFKHFEKTINIFTRKYNIYDNYNDILYHLWYTLKKVDLSNFNTQNDLERYISRTLKRYCLDICNKRKIDKKIIYNSEIVDKKLSLIANSYSSYLEFEFNDLISILPDDQKKIIYMKFVEDIKEIDIAKKLNISRQSVYKNKILALERLEPILKKLINM
PROKKA_00015	tr|S8CEF4|S8CEF4_CLOBO Transcriptional regulator BotR, P-21 OS=Clostridium botulinum CFSAN002367 GN=CFSAN002367_15806 PE=4 SV=1 !!!BotR	179	178	178	176	98.88	2	0	1	178	MNKLFLQIKMLKNNNREFQEIFKHFEKTINIFTRKYNIYDNYNDILYHLWYTLKKVDLSNFNTQNDLERYISRTLKRYCLDICNKRKIDKKIIYNSEIVDKKLSLIANSYSSYLEFEFNDLISILPDDQKKIIYMKFVEDIKEIDIAKKLNISRQSVYKNKILALERLEPILKKLINM
PROKKA_00015	tr|A0A060N3U8|A0A060N3U8_CLOBO Transcriptional regulator botR OS=Clostridium botulinum B str. Osaka05 GN=CBO05P2_176 PE=4 SV=1 !!!BotR	179	178	178	176	98.88	2	0	1	178	MNKLFLQIKMLKNNNREFQEIFKHFEKTINIFTRKYNIYDNYNDILYHLWYTLKKVDLSNFNTQNDLERYISRTLKRYCLDICNKRKIDKKIIYNSEIVDKKLSLIANSYSSYLEFEFNDLISILPDDQKKIIYMKFVEDIKEIDIAKKLNISRQSVYKNKILALERLEPILKKLINM
PROKKA_00015	tr|M1ZWZ6|M1ZWZ6_CLOBO Transcriptional regulator BotR, P-21 OS=Clostridium botulinum CFSAN001627 GN=CFSAN001627_10483 PE=4 SV=1 !!!BotR	179	178	178	173	97.19	5	0	1	178	MNKLFLQIKMLKNNNREFQEIFKHFEKTINIFTRKYNIYDNYNDILYHLWYTLKKVDLSNFNTQNDLERYISRTLKRYCLDICNKRKIDKKIIYNSEIVDKKLSLIANSYSSYLEFEFNDLISILPDDQKKIIYMKFVEDIKEIDIAKKLNISRQSVYKNKILALERLEPILKKLINM
PROKKA_00015	tr|B2TSC2|B2TSC2_CLOBB Putative RNA polymerase sigma factor OS=Clostridium botulinum (strain Eklund 17B / Type B) GN=botR PE=4 SV=1 !!!BotR	179	179	172	160	93.02	12	0	1	172	MNKLFLQIKMLKNNNREFQEIFKHFEKTINIFTRKYNIYDNYNDILYHLWYTLKKVDLSNFNTQNDLERYISRTLKRYCLDICNKRKIDKKIIYNSEIVDKKLSLIANSYSSYLEFEFNDLISILPDDQKKIIYMKFVEDIKEIDIAKKLNISRQSVYKNKILALERLEPIL
PROKKA_00015	tr|A0A0C1QVR0|A0A0C1QVR0_9CLOT Transcriptional regulator BotR, P-21 OS=Clostridium argentinense CDC 2741 GN=botR PE=4 SV=1 !!!BotR	179	178	178	108	60.67	70	0	1	178	MNKLFLQIKMLKNNNREFQEIFKHFEKTINIFTRKYNIYDNYNDILYHLWYTLKKVDLSNFNTQNDLERYISRTLKRYCLDICNKRKIDKKIIYNSEIVDKKLSLIANSYSSYLEFEFNDLISILPDDQKKIIYMKFVEDIKEIDIAKKLNISRQSVYKNKILALERLEPILKKLINM
PROKKA_00015	tr|A7GBG0|A7GBG0_CLOBL Transcriptional regulator BotR, P-21 OS=Clostridium botulinum (strain Langeland / NCTC 10281 / Type F) GN=botR PE=4 SV=1 !!!BotR	179	178	178	109	61.24	69	0	1	178	MNKLFLQIKMLKNNNREFQEIFKHFEKTINIFTRKYNIYDNYNDILYHLWYTLKKVDLSNFNTQNDLERYISRTLKRYCLDICNKRKIDKKIIYNSEIVDKKLSLIANSYSSYLEFEFNDLISILPDDQKKIIYMKFVEDIKEIDIAKKLNISRQSVYKNKILALERLEPILKKLINM
PROKKA_00015	tr|B1L2G2|B1L2G2_CLOBM Transcriptional regulator BotR, P-21 OS=Clostridium botulinum (strain Loch Maree / Type A3) GN=botR PE=4 SV=1 !!!BotR	179	184	175	108	61.71	67	0	4	178	LFLQIKMLKNNNREFQEIFKHFEKTINIFTRKYNIYDNYNDILYHLWYTLKKVDLSNFNTQNDLERYISRTLKRYCLDICNKRKIDKKIIYNSEIVDKKLSLIANSYSSYLEFEFNDLISILPDDQKKIIYMKFVEDIKEIDIAKKLNISRQSVYKNKILALERLEPILKKLINM
PROKKA_00015	tr|A0A073CMR9|A0A073CMR9_CLOBO Transcriptional regulator OS=Clostridium botulinum A2B3 87 GN=N496_18580 PE=4 SV=1 !!! 	179	178	178	106	59.55	72	0	1	178	MNKLFLQIKMLKNNNREFQEIFKHFEKTINIFTRKYNIYDNYNDILYHLWYTLKKVDLSNFNTQNDLERYISRTLKRYCLDICNKRKIDKKIIYNSEIVDKKLSLIANSYSSYLEFEFNDLISILPDDQKKIIYMKFVEDIKEIDIAKKLNISRQSVYKNKILALERLEPILKKLINM
PROKKA_00015	tr|B1BE47|B1BE47_CLOBO Clostridium toxin-associated regulator BotR OS=Clostridium botulinum C str. Eklund GN=botR PE=4 SV=1 !!!BotR	179	179	179	84	46.93	94	1	1	178	MNKLFLQIKMLKNNNREFQEIFKHFEKTIN-IFTRKYNIYDNYNDILYHLWYTLKKVDLSNFNTQNDLERYISRTLKRYCLDICNKRKIDKKIIYNSEIVDKKLSLIANSYSSYLEFEFNDLISILPDDQKKIIYMKFVEDIKEIDIAKKLNISRQSVYKNKILALERLEPILKKLINM
PROKKA_00015	tr|B2TSC3|B2TSC3_CLOBB Botulinum neurotoxin type B OS=Clostridium botulinum (strain Eklund 17B / Type B) GN=ntnH PE=4 SV=1 !!!ntnH	179	1197	57	16	28.07	38	3	65	120	NDLERYISRTLKRYCLDICNKRKIDKKIIYNSEIVDKKLSLIANSYSS-YLEFEFND
PROKKA_00015	tr|B1INP6|B1INP6_CLOBK Botulinum neurotoxin type B1, nontoxic-nonhemagglutinin component, NTNH OS=Clostridium botulinum (strain Okra / Type B1) GN=ntnH PE=4 SV=1 !!!ntnH	179	1197	34	9	26.47	25	0	65	98	NDLERYISRTLKRYCLDICNKRKIDKKIIYNSEI
PROKKA_00015	tr|M1ZPH7|M1ZPH7_CLOBO Hemagglutinin component HA70 OS=Clostridium botulinum CFSAN001627 GN=CFSAN001627_19663 PE=4 SV=1 !!!ha70	179	626	33	10	30.30	23	0	36	68	YNIYDNYNDILYHLWYTLKKVDLSNFNTQNDLE
PROKKA_00015	tr|A0A0A7FV57|A0A0A7FV57_9CLOT Clostridium P-47 family protein OS=Clostridium baratii str. Sullivan GN=U729_696 PE=4 SV=1 !!!P-47	179	491	37	12	32.43	25	0	84	120	NKRKIDKKIIYNSEIVDKKLSLIANSYSSYLEFEFND
PROKKA_00015	tr|A0A059PY44|A0A059PY44_9CLOT Toxin complex component ORF-X3 OS=Clostridium baratii PE=4 SV=1 !!!ORF-X3	179	491	37	12	32.43	25	0	84	120	NKRKIDKKIIYNSEIVDKKLSLIANSYSSYLEFEFND
PROKKA_00015	tr|A0A060N6G5|A0A060N6G5_CLOBO Nontoxic-nonhemagglutinin component, NTNH OS=Clostridium botulinum B str. Osaka05 GN=CBO05P2_175 PE=4 SV=1 !!!ntnH	179	1197	28	9	32.14	17	2	25	50	FEKTINIFTRKYNIY--DNYNDILYHLW
PROKKA_00015	tr|A0A060N6G5|A0A060N6G5_CLOBO Nontoxic-nonhemagglutinin component, NTNH OS=Clostridium botulinum B str. Osaka05 GN=CBO05P2_175 PE=4 SV=1 !!!ntnH	179	1197	34	8	23.53	26	0	65	98	NDLERYISRTLKRYCLDICNKRKIDKKIIYNSEI
PROKKA_00015	tr|C5VU78|C5VU78_CLOBO Hemagglutinin component HA17 OS=Clostridium botulinum D str. 1873 GN=ha17 PE=4 SV=1 !!!ha17	179	146	34	11	32.35	23	0	29	62	INIFTRKYNIYDNYNDILYHLWYTLKKVDLSNFN
PROKKA_00015	tr|A0A0E1L2H2|A0A0E1L2H2_CLOBO Hemagglutinin components HA-22/23/53 OS=Clostridium botulinum CDC_1436 GN=ha-70 PE=4 SV=1 !!!ha70	179	626	33	9	27.27	24	0	36	68	YNIYDNYNDILYHLWYTLKKVDLSNFNTQNDLE
PROKKA_00016	tr|A5HZZ6|A5HZZ6_CLOBH Hemagglutinin component of the neurotoxin complex OS=Clostridium botulinum (strain Hall / ATCC 3502 / NCTC 13319 / Type A) GN=ha33 PE=1 SV=1 !!!ha33	293	293	293	267	91.13	25	1	1	292	MEHHSVIQNSLNDKIVTISCKADTDLFFYQTIGKVSLFQQTRNYFERWRLIYDSNKAAYKIKSMDIHNTNLVLTWNAPTHNISAQQDLNADNQYWLLLKDIGNNSFIIASYKNPNLVLYADTVARNLKLSTLNNSNYIKFIIEDYIISDLNNFTCKISPILASNKVVQQVAMTDLNVNLYTWNNDRNQKWTIRYNEEKAAYQFFNKILSNGVLTWIFSNGNTVRV-YSNDQNNDAQYWLINPVPDTYETYTITNLRDKTKALDLYNSQTANGTDIQVFNYHGDDNQKWYIRNP
PROKKA_00016	tr|B2TSC1|B2TSC1_CLOBB Haemagglutinin component OS=Clostridium botulinum (strain Eklund 17B / Type B) GN=ha33 PE=4 SV=1  !!!ha33	293	292	292	258	88.36	34	0	1	292	MEHHSVIQNSLNDKIVTISCKADTDLFFYQTIGKVSLFQQTRNYFERWRLIYDSNKAAYKIKSMDIHNTNLVLTWNAPTHNISAQQDLNADNQYWLLLKDIGNNSFIIASYKNPNLVLYADTVARNLKLSTLNNSNYIKFIIEDYIISDLNNFTCKISPILASNKVVQQVAMTDLNVNLYTWNNDRNQKWTIRYNEEKAAYQFFNKILSNGVLTWIFSNGNTVRVYSNDQNNDAQYWLINPVPDTYETYTITNLRDKTKALDLYNSQTANGTDIQVFNYHGDDNQKWYIRNP
PROKKA_00016	tr|B1INP8|B1INP8_CLOBK Hemagglutinin component HA33 OS=Clostridium botulinum (strain Okra / Type B1) GN=ha33 PE=1 SV=1 !!!ha33	293	294	294	248	84.35	44	2	1	292	MEHHSVIQNSLNDKIVTISCKADTDLFFYQTIGK--VSLFQQTRNYFERWRLIYDSNKAAYKIKSMDIHNTNLVLTWNAPTHNISAQQDLNADNQYWLLLKDIGNNSFIIASYKNPNLVLYADTVARNLKLSTLNNSNYIKFIIEDYIISDLNNFTCKISPILASNKVVQQVAMTDLNVNLYTWNNDRNQKWTIRYNEEKAAYQFFNKILSNGVLTWIFSNGNTVRVYSNDQNNDAQYWLINPVPDTYETYTITNLRDKTKALDLYNSQTANGTDIQVFNYHGDDNQKWYIRNP
PROKKA_00016	tr|C5VU79|C5VU79_CLOBO Hemagglutinin component HA33 OS=Clostridium botulinum D str. 1873 GN=ha33 PE=4 SV=1 !!!ha33	293	285	257	112	43.58	138	7	33	289	GKVSLFQQTRNYFERWRLIYDSNKAAYKIKSMDIHNTNLVLTWNAPTHNISAQQDLNADNQYWLLLKDIGNNSFIIASYKNPNLVLYADTVARNLKLSTLNNSNYIKFIIEDYIISDLNNFTCKISPILASNKVVQQVAMTDLNVNLYTWNNDRNQKWTIRYNEEKAAYQFFNKILSNGVLTWIFSNGNTVRVYSNDQNNDAQYWLINPVPDTYETYTITNLRDKTKALDLYNSQTANGTDIQVFNYHGDDNQKWYI
PROKKA_00016	tr|C5VU79|C5VU79_CLOBO Hemagglutinin component HA33 OS=Clostridium botulinum D str. 1873 GN=ha33 PE=4 SV=1 !!!ha33	293	285	87	29	33.33	46	12	157	239	ISPILASNKVVQQVAMTDLNVNLYTWN--NDRNQKWTIRYNEEKAAYQFFNKILSNG--VLTWIFSNGNTVRVYSNDQNNDAQYWLI
PROKKA_00016	tr|A0A0C1TY77|A0A0C1TY77_9CLOT Main hemagglutinin component OS=Clostridium argentinense CDC 2741 GN=ha-33 PE=4 SV=1 !!!ha33	293	285	281	118	41.99	153	10	11	289	LNDKIVTISCKADTDLFFYQ-TIGKVSLFQQTRNYFERWRLIYDSNKAAYKIKSMDIHNTNLVLTWNAPTHNISAQQDLNADNQYWLLLKDIGNNSFIIASYKNPNLVL-YADTVARNLKLSTLNNSNYIKFIIEDYIISDLNNFTCKISPILASNKVVQQVAMTDLNVNLYTWNNDRNQKWTIRYNEEKAAYQFFNKILSNGVLTWIFSNGNTVRVYSNDQNNDAQYWLINPVPDTYETYTITNLRDKTKALDLYNSQTANGTDIQVFNYHGDDNQKWYI
PROKKA_00016	tr|A0A0C1QVX2|A0A0C1QVX2_9CLOT Hemagglutinin component HA-17 OS=Clostridium argentinense CDC 2741 GN=ha-17 PE=4 SV=1 !!!ha17	293	147	85	30	35.29	48	7	183	265	NNDRNQKWTIRYNEEKAAYQFFNKILSNGVLTWIFSNGNTVRVYSNDQNNDA--QYWLINPVPDTYETYTITNLRDKTKALDLYN
PROKKA_00016	tr|A0A0C1QVX2|A0A0C1QVX2_9CLOT Hemagglutinin component HA-17 OS=Clostridium argentinense CDC 2741 GN=ha-17 PE=4 SV=1 !!!ha17	293	147	68	22	32.35	42	4	46	112	ERWRLIYDSNKAAYKIKSMDIHNTNLVLTWNAPTHNISAQ-QDLNADNQYWLLLKDIGNNSFIIASYK
PROKKA_00016	tr|B2TSC0|B2TSC0_CLOBB Hemagglutinin component HA-17 OS=Clostridium botulinum (strain Eklund 17B / Type B) GN=ha17 PE=4 SV=1 !!!ha17	293	146	96	29	30.21	59	8	59	151	YKIKSMDIHNTNLVLTWNAPTHNISAQQDLNADNQYWLLLKDIGNNSFIIASYKNPNLVLYADTVARNLKLSTLNNSNY---IKFIIEDYIISDLN
PROKKA_00016	tr|B2TSC0|B2TSC0_CLOBB Hemagglutinin component HA-17 OS=Clostridium botulinum (strain Eklund 17B / Type B) GN=ha17 PE=4 SV=1 !!!ha17	293	146	76	20	26.32	48	8	187	262	NQKWTIRYNEEKAAYQFFNKILSNGVLTWIFSNGNTVRVYSNDQNNDAQYWLINPVPDTYETYTITNLRDKTKALD
PROKKA_00016	tr|A0A073CN83|A0A073CN83_CLOBO Hemagglutinin OS=Clostridium botulinum A2B3 87 GN=N496_19565 PE=4 SV=1 !!! 	293	146	76	21	27.63	47	8	187	262	NQKWTIRYNEEKAAYQFFNKILSNGVLTWIFSNGNTVRVYSNDQNNDAQYWLINPVPDTYETYTITNLRDKTKALD
PROKKA_00016	tr|A0A073CN83|A0A073CN83_CLOBO Hemagglutinin OS=Clostridium botulinum A2B3 87 GN=N496_19565 PE=4 SV=1 !!! 	293	146	96	28	29.17	60	8	59	151	YKIKSMDIHNTNLVLTWNAPTHNISAQQDLNADNQYWLLLKDIGNNSFIIASYKNPNLVLYADTVARNLKLSTLNNSNY---IKFIIEDYIISDLN
PROKKA_00016	tr|A5HZZ5|A5HZZ5_CLOBH Hemagglutinin component of the neurotoxin complex OS=Clostridium botulinum (strain Hall / ATCC 3502 / NCTC 13319 / Type A) GN=ha17 PE=1 SV=1 !!!ha17	293	146	96	29	30.21	59	8	59	151	YKIKSMDIHNTNLVLTWNAPTHNISAQQDLNADNQYWLLLKDIGNNSFIIASYKNPNLVLYADTVARNLKLSTLNNSNY---IKFIIEDYIISDLN
PROKKA_00016	tr|A5HZZ5|A5HZZ5_CLOBH Hemagglutinin component of the neurotoxin complex OS=Clostridium botulinum (strain Hall / ATCC 3502 / NCTC 13319 / Type A) GN=ha17 PE=1 SV=1 !!!ha17	293	146	76	20	26.32	48	8	187	262	NQKWTIRYNEEKAAYQFFNKILSNGVLTWIFSNGNTVRVYSNDQNNDAQYWLINPVPDTYETYTITNLRDKTKALD
PROKKA_00016	tr|A0A0B4W498|A0A0B4W498_CLOBO Hemagglutinin component HA-17 OS=Clostridium botulinum Prevot_594 GN=ha-17 PE=4 SV=1 !!!ha17	293	146	96	29	30.21	59	8	59	151	YKIKSMDIHNTNLVLTWNAPTHNISAQQDLNADNQYWLLLKDIGNNSFIIASYKNPNLVLYADTVARNLKLSTLNNSNY---IKFIIEDYIISDLN
PROKKA_00016	tr|A0A0B4W498|A0A0B4W498_CLOBO Hemagglutinin component HA-17 OS=Clostridium botulinum Prevot_594 GN=ha-17 PE=4 SV=1 !!!ha17	293	146	81	19	23.46	56	6	187	266	NQKWTIRYNEEKAAYQFFNKILSNGVLTWIFSNGNTVRVYSNDQNNDAQYWL-INPVPDTYETYTITNLRDKTKALDLYNS
PROKKA_00016	tr|A0A0D1BS75|A0A0D1BS75_CLOBO Hemagglutinin OS=Clostridium botulinum B2 450 GN=N495_19885 PE=4 SV=1 !!! 	293	146	96	29	30.21	59	8	59	151	YKIKSMDIHNTNLVLTWNAPTHNISAQQDLNADNQYWLLLKDIGNNSFIIASYKNPNLVLYADTVARNLKLSTLNNSNY---IKFIIEDYIISDLN
PROKKA_00016	tr|A0A0D1BS75|A0A0D1BS75_CLOBO Hemagglutinin OS=Clostridium botulinum B2 450 GN=N495_19885 PE=4 SV=1 !!! 	293	146	76	20	26.32	48	8	187	262	NQKWTIRYNEEKAAYQFFNKILSNGVLTWIFSNGNTVRVYSNDQNNDAQYWLINPVPDTYETYTITNLRDKTKALD
PROKKA_00016	tr|A0A060N976|A0A060N976_CLOBO Hemagglutinin component HA17 OS=Clostridium botulinum B str. Osaka05 GN=CBO05P2_178 PE=4 SV=1 !!!ha17	293	146	96	29	30.21	59	8	59	151	YKIKSMDIHNTNLVLTWNAPTHNISAQQDLNADNQYWLLLKDIGNNSFIIASYKNPNLVLYADTVARNLKLSTLNNSNY---IKFIIEDYIISDLN
PROKKA_00016	tr|A0A060N976|A0A060N976_CLOBO Hemagglutinin component HA17 OS=Clostridium botulinum B str. Osaka05 GN=CBO05P2_178 PE=4 SV=1 !!!ha17	293	146	76	20	26.32	48	8	187	262	NQKWTIRYNEEKAAYQFFNKILSNGVLTWIFSNGNTVRVYSNDQNNDAQYWLINPVPDTYETYTITNLRDKTKALD
PROKKA_00016	tr|A0A0E1L447|A0A0E1L447_CLOBO Hemagglutinin component HA-17 OS=Clostridium botulinum CDC_1436 GN=ha-17 PE=4 SV=1 !!!ha17	293	146	96	29	30.21	59	8	59	151	YKIKSMDIHNTNLVLTWNAPTHNISAQQDLNADNQYWLLLKDIGNNSFIIASYKNPNLVLYADTVARNLKLSTLNNSNY---IKFIIEDYIISDLN
PROKKA_00016	tr|A0A0E1L447|A0A0E1L447_CLOBO Hemagglutinin component HA-17 OS=Clostridium botulinum CDC_1436 GN=ha-17 PE=4 SV=1 !!!ha17	293	146	76	20	26.32	48	8	187	262	NQKWTIRYNEEKAAYQFFNKILSNGVLTWIFSNGNTVRVYSNDQNNDAQYWLINPVPDTYETYTITNLRDKTKALD
PROKKA_00016	tr|B1INP9|B1INP9_CLOBK Hemagglutinin component HA17 OS=Clostridium botulinum (strain Okra / Type B1) GN=ha17 PE=4 SV=1 !!!ha17	293	146	96	28	29.17	60	8	59	151	YKIKSMDIHNTNLVLTWNAPTHNISAQQDLNADNQYWLLLKDIGNNSFIIASYKNPNLVLYADTVARNLKLSTLNNSNY---IKFIIEDYIISDLN
PROKKA_00016	tr|B1INP9|B1INP9_CLOBK Hemagglutinin component HA17 OS=Clostridium botulinum (strain Okra / Type B1) GN=ha17 PE=4 SV=1 !!!ha17	293	146	76	20	26.32	48	8	187	262	NQKWTIRYNEEKAAYQFFNKILSNGVLTWIFSNGNTVRVYSNDQNNDAQYWLINPVPDTYETYTITNLRDKTKALD
PROKKA_00016	tr|C5VU78|C5VU78_CLOBO Hemagglutinin component HA17 OS=Clostridium botulinum D str. 1873 GN=ha17 PE=4 SV=1 !!!ha17	293	146	60	20	33.33	36	4	59	118	YKIKSMDIHNTNLVLTWNAPTHNISAQQDLNADNQYWLLLKDIGNNSFIIASYKNPNLVL
PROKKA_00016	tr|C5VU78|C5VU78_CLOBO Hemagglutinin component HA17 OS=Clostridium botulinum D str. 1873 GN=ha17 PE=4 SV=1 !!!ha17	293	146	29	9	31.03	20	0	187	215	NQKWTIRYNEEKAAYQFFNKILSNGVLTW
PROKKA_00016	tr|B1BE45|B1BE45_CLOBO Non-toxin haemagglutinin HA-17 OS=Clostridium botulinum C str. Eklund GN=CBC_A0168 PE=4 SV=1 !!!ha17	293	146	29	10	34.48	19	0	187	215	NQKWTIRYNEEKAAYQFFNKILSNGVLTW
PROKKA_00016	tr|A7GBG2|A7GBG2_CLOBL Botulinum neurotoxin type F, nontoxic-nonhemagglutinin component, NTNH OS=Clostridium botulinum (strain Langeland / NCTC 10281 / Type F) GN=ntnH PE=4 SV=1 !!!ntnH	293	1163	23	9	39.13	14	0	82	104	ISAQQDLNADNQYWLLLKDIGNN
PROKKA_00016	tr|A7GBF8|A7GBF8_CLOBL Toxin complex component ORF-X2 OS=Clostridium botulinum (strain Langeland / NCTC 10281 / Type F) GN=CLI_0846 PE=4 SV=1 !!!ORF-X2	293	750	36	10	27.78	26	0	237	272	WLINPVPDTYETYTITNLRDKTKALDLYNSQTANGT
PROKKA_00017	tr|A0A0D1BS75|A0A0D1BS75_CLOBO Hemagglutinin OS=Clostridium botulinum B2 450 GN=N495_19885 PE=4 SV=1 !!! 	147	146	146	146	100.00	0	0	1	146	MSVERTFLPNGNYNIKSIFSDSLYLNPVSGSLTFSNESSANNQKWNVEYMAENRCFKISNVAEPNKYLSYDNFGFISLDSLSNRCYWFPIKIAVNTYIMLSLNKVNELDYAWDIYDTNENILSQPLLLLPNFDIYNSNQMFKLEKI
PROKKA_00017	tr|A0A060N976|A0A060N976_CLOBO Hemagglutinin component HA17 OS=Clostridium botulinum B str. Osaka05 GN=CBO05P2_178 PE=4 SV=1 !!!ha17	147	146	146	146	100.00	0	0	1	146	MSVERTFLPNGNYNIKSIFSDSLYLNPVSGSLTFSNESSANNQKWNVEYMAENRCFKISNVAEPNKYLSYDNFGFISLDSLSNRCYWFPIKIAVNTYIMLSLNKVNELDYAWDIYDTNENILSQPLLLLPNFDIYNSNQMFKLEKI
PROKKA_00017	tr|A0A0E1L447|A0A0E1L447_CLOBO Hemagglutinin component HA-17 OS=Clostridium botulinum CDC_1436 GN=ha-17 PE=4 SV=1 !!!ha17	147	146	146	146	100.00	0	0	1	146	MSVERTFLPNGNYNIKSIFSDSLYLNPVSGSLTFSNESSANNQKWNVEYMAENRCFKISNVAEPNKYLSYDNFGFISLDSLSNRCYWFPIKIAVNTYIMLSLNKVNELDYAWDIYDTNENILSQPLLLLPNFDIYNSNQMFKLEKI
PROKKA_00017	tr|A0A073CN83|A0A073CN83_CLOBO Hemagglutinin OS=Clostridium botulinum A2B3 87 GN=N496_19565 PE=4 SV=1 !!! 	147	146	146	145	99.32	1	0	1	146	MSVERTFLPNGNYNIKSIFSDSLYLNPVSGSLTFSNESSANNQKWNVEYMAENRCFKISNVAEPNKYLSYDNFGFISLDSLSNRCYWFPIKIAVNTYIMLSLNKVNELDYAWDIYDTNENILSQPLLLLPNFDIYNSNQMFKLEKI
PROKKA_00017	tr|A5HZZ5|A5HZZ5_CLOBH Hemagglutinin component of the neurotoxin complex OS=Clostridium botulinum (strain Hall / ATCC 3502 / NCTC 13319 / Type A) GN=ha17 PE=1 SV=1 !!!ha17	147	146	146	144	98.63	2	0	1	146	MSVERTFLPNGNYNIKSIFSDSLYLNPVSGSLTFSNESSANNQKWNVEYMAENRCFKISNVAEPNKYLSYDNFGFISLDSLSNRCYWFPIKIAVNTYIMLSLNKVNELDYAWDIYDTNENILSQPLLLLPNFDIYNSNQMFKLEKI
PROKKA_00017	tr|B1INP9|B1INP9_CLOBK Hemagglutinin component HA17 OS=Clostridium botulinum (strain Okra / Type B1) GN=ha17 PE=4 SV=1 !!!ha17	147	146	146	143	97.95	3	0	1	146	MSVERTFLPNGNYNIKSIFSDSLYLNPVSGSLTFSNESSANNQKWNVEYMAENRCFKISNVAEPNKYLSYDNFGFISLDSLSNRCYWFPIKIAVNTYIMLSLNKVNELDYAWDIYDTNENILSQPLLLLPNFDIYNSNQMFKLEKI
PROKKA_00017	tr|A0A0B4W498|A0A0B4W498_CLOBO Hemagglutinin component HA-17 OS=Clostridium botulinum Prevot_594 GN=ha-17 PE=4 SV=1 !!!ha17	147	146	146	143	97.95	3	0	1	146	MSVERTFLPNGNYNIKSIFSDSLYLNPVSGSLTFSNESSANNQKWNVEYMAENRCFKISNVAEPNKYLSYDNFGFISLDSLSNRCYWFPIKIAVNTYIMLSLNKVNELDYAWDIYDTNENILSQPLLLLPNFDIYNSNQMFKLEKI
PROKKA_00017	tr|B2TSC0|B2TSC0_CLOBB Hemagglutinin component HA-17 OS=Clostridium botulinum (strain Eklund 17B / Type B) GN=ha17 PE=4 SV=1 !!!ha17	147	146	146	139	95.21	7	0	1	146	MSVERTFLPNGNYNIKSIFSDSLYLNPVSGSLTFSNESSANNQKWNVEYMAENRCFKISNVAEPNKYLSYDNFGFISLDSLSNRCYWFPIKIAVNTYIMLSLNKVNELDYAWDIYDTNENILSQPLLLLPNFDIYNSNQMFKLEKI
PROKKA_00017	tr|C5VU78|C5VU78_CLOBO Hemagglutinin component HA17 OS=Clostridium botulinum D str. 1873 GN=ha17 PE=4 SV=1 !!!ha17	147	146	146	93	63.70	53	0	1	146	MSVERTFLPNGNYNIKSIFSDSLYLNPVSGSLTFSNESSANNQKWNVEYMAENRCFKISNVAEPNKYLSYDNFGFISLDSLSNRCYWFPIKIAVNTYIMLSLNKVNELDYAWDIYDTNENILSQPLLLLPNFDIYNSNQMFKLEKI
PROKKA_00017	tr|B1BE45|B1BE45_CLOBO Non-toxin haemagglutinin HA-17 OS=Clostridium botulinum C str. Eklund GN=CBC_A0168 PE=4 SV=1 !!!ha17	147	146	146	92	63.01	54	0	1	146	MSVERTFLPNGNYNIKSIFSDSLYLNPVSGSLTFSNESSANNQKWNVEYMAENRCFKISNVAEPNKYLSYDNFGFISLDSLSNRCYWFPIKIAVNTYIMLSLNKVNELDYAWDIYDTNENILSQPLLLLPNFDIYNSNQMFKLEKI
PROKKA_00017	tr|A0A0C1QVX2|A0A0C1QVX2_9CLOT Hemagglutinin component HA-17 OS=Clostridium argentinense CDC 2741 GN=ha-17 PE=4 SV=1 !!!ha17	147	147	150	85	56.67	58	7	1	146	MSVERTFLPNGNYNIKSIFSDSLYLNPVSGSLTFSNESSANNQKWNVEYMAENRCFKISNVAEPNKYLSYDNFGFISL----DSLSNRCYWFPIKIAVNTYIMLSLNKVNELDYAWDIYDTNENILSQPLLLLPNFDIYNSNQMFKLEKI
PROKKA_00017	tr|A0A0C1TY77|A0A0C1TY77_9CLOT Main hemagglutinin component OS=Clostridium argentinense CDC 2741 GN=ha-33 PE=4 SV=1 !!!ha33	147	285	36	12	33.33	24	0	36	71	NESSANNQKWNVEYMAENRCFKISNVAEPNKYLSYD
PROKKA_00017	tr|B2TSC1|B2TSC1_CLOBB Haemagglutinin component OS=Clostridium botulinum (strain Eklund 17B / Type B) GN=ha33 PE=4 SV=1  !!!ha33	147	292	85	21	24.71	54	10	40	117	ANNQKWNVEYMAENRCFKISNVAEPNKYLSY--DNFGFISLDSLS---NRCYWF--PIKIAVNTYIMLSLNKVNELDYAWDIYDT
PROKKA_00017	tr|B2TSC1|B2TSC1_CLOBB Haemagglutinin component OS=Clostridium botulinum (strain Eklund 17B / Type B) GN=ha33 PE=4 SV=1  !!!ha33	147	292	96	26	27.08	62	8	13	103	YNIKSIFSDS----LYLNPVSGSLTFSNESSANNQKWNVEYMAENRCFKISNVAEPNKYLSYDNFGF-ISLDSLSNRCYWFPIKIAVNTYIMLSLN
PROKKA_00017	tr|B2TSC1|B2TSC1_CLOBB Haemagglutinin component OS=Clostridium botulinum (strain Eklund 17B / Type B) GN=ha33 PE=4 SV=1  !!!ha33	147	292	76	20	26.32	48	8	43	111	QKWNVEYMAENRCFKISNVAEPNKYL------SYDNFGFISLDSLSNRCYWFPIK-IAVNTYIMLSLNKVNELDYA
PROKKA_00017	tr|A5HZZ6|A5HZZ6_CLOBH Hemagglutinin component of the neurotoxin complex OS=Clostridium botulinum (strain Hall / ATCC 3502 / NCTC 13319 / Type A) GN=ha33 PE=1 SV=1 !!!ha33	147	293	96	30	31.25	58	8	13	103	YNIKS--IFSDSLYL--NPVSGSLTFSNESSANNQKWNVEYMAENRCFKISNVAEPNKYLSYDNFGF-ISLDSLSNRCYWFPIKIAVNTYIMLSLN
PROKKA_00017	tr|A5HZZ6|A5HZZ6_CLOBH Hemagglutinin component of the neurotoxin complex OS=Clostridium botulinum (strain Hall / ATCC 3502 / NCTC 13319 / Type A) GN=ha33 PE=1 SV=1 !!!ha33	147	293	31	9	29.03	22	0	40	70	ANNQKWNVEYMAENRCFKISNVAEPNKYLSY
PROKKA_00017	tr|A5HZZ6|A5HZZ6_CLOBH Hemagglutinin component of the neurotoxin complex OS=Clostridium botulinum (strain Hall / ATCC 3502 / NCTC 13319 / Type A) GN=ha33 PE=1 SV=1 !!!ha33	147	293	95	21	22.11	68	6	23	111	LYLNPVSGSLTFSNESSANNQKWNVEYMAENRCFKIS--NVAEPNKYLSYDNFGF---ISLDSLSNRCYWFPIK-IAVNTYIMLSLNKVNELDYA
PROKKA_00017	tr|B1INP8|B1INP8_CLOBK Hemagglutinin component HA33 OS=Clostridium botulinum (strain Okra / Type B1) GN=ha33 PE=1 SV=1 !!!ha33	147	294	92	27	29.35	57	8	13	99	YNIKS--IFSDSLYL--NPVSGSLTFSNESSANNQKWNVEYMAENRCFKISNVAEPNKYLSYDNFGF-ISLDSLSNRCYWFPIKIAVNTYIM
PROKKA_00017	tr|B1INP8|B1INP8_CLOBK Hemagglutinin component HA33 OS=Clostridium botulinum (strain Okra / Type B1) GN=ha33 PE=1 SV=1 !!!ha33	147	294	95	22	23.16	67	6	23	111	LYLNPVSGSLTFSNESSANNQKWNVEYMAENRCFKIS--NVAEPNKYLSYDNFGF---ISLDSLSNRCYWFPIK-IAVNTYIMLSLNKVNELDYA
PROKKA_00017	tr|B1INP8|B1INP8_CLOBK Hemagglutinin component HA33 OS=Clostridium botulinum (strain Okra / Type B1) GN=ha33 PE=1 SV=1 !!!ha33	147	294	29	9	31.03	20	0	42	70	NQKWNVEYMAENRCFKISNVAEPNKYLSY
PROKKA_00017	tr|C1FUH8|C1FUH8_CLOBJ Botulinum neurotoxin type A2, nontoxic-nonhemagglutinin component, NTNH OS=Clostridium botulinum (strain Kyoto / Type A2) GN=ntnH PE=4 SV=1 !!!ntnH	147	1159	23	11	47.83	12	0	15	37	IKSIFSDSLYLNPVSGSLTFSNE
PROKKA_00017	tr|B1L2G4|B1L2G4_CLOBM Botulinum neurotoxin type A3, nontoxic-nonhemagglutinin component, NTNH OS=Clostridium botulinum (strain Loch Maree / Type A3) GN=ntnH PE=4 SV=1 !!!ntnH	147	1159	23	11	47.83	12	0	15	37	IKSIFSDSLYLNPVSGSLTFSNE
PROKKA_00017	tr|A5HZZ8|A5HZZ8_CLOBH Type A progenitor toxin nontoxic-nonha OS=Clostridium botulinum (strain Hall / ATCC 3502 / NCTC 13319 / Type A) GN=ntnH PE=4 SV=1 !!!ntnH	147	1193	23	11	47.83	12	0	15	37	IKSIFSDSLYLNPVSGSLTFSNE
PROKKA_00017	tr|A7GBG2|A7GBG2_CLOBL Botulinum neurotoxin type F, nontoxic-nonhemagglutinin component, NTNH OS=Clostridium botulinum (strain Langeland / NCTC 10281 / Type F) GN=ntnH PE=4 SV=1 !!!ntnH	147	1163	23	10	43.48	13	0	15	37	IKSIFSDSLYLNPVSGSLTFSNE
PROKKA_00017	tr|C5VU79|C5VU79_CLOBO Hemagglutinin component HA33 OS=Clostridium botulinum D str. 1873 GN=ha33 PE=4 SV=1 !!!ha33	147	285	68	17	25.00	44	7	26	88	NPVSGSLTFSNESSANNQKWNVEYMAENRCFKISNVAEPNKYLSY-----DNFGFISLDSLSNRCYWF
PROKKA_00017	tr|C5VU79|C5VU79_CLOBO Hemagglutinin component HA33 OS=Clostridium botulinum D str. 1873 GN=ha33 PE=4 SV=1 !!!ha33	147	285	23	9	39.13	14	0	36	58	NESSANNQKWNVEYMAENRCFKI
PROKKA_00017	tr|C5VU79|C5VU79_CLOBO Hemagglutinin component HA33 OS=Clostridium botulinum D str. 1873 GN=ha33 PE=4 SV=1 !!!ha33	147	285	65	21	32.31	34	10	13	71	YNIKSIFSDSLYLN---PVSGSLTFSNESSANNQKWNVEYMAEN---RCFKISNVAEPNKYLSYD
PROKKA_00017	tr|C5VU79|C5VU79_CLOBO Hemagglutinin component HA33 OS=Clostridium botulinum D str. 1873 GN=ha33 PE=4 SV=1 !!!ha33	147	285	36	11	30.56	24	1	41	75	NNQKWNVEYMAENRC-FKISNVAEPNKYLSYDNFGF
PROKKA_00017	tr|B1INP6|B1INP6_CLOBK Botulinum neurotoxin type B1, nontoxic-nonhemagglutinin component, NTNH OS=Clostridium botulinum (strain Okra / Type B1) GN=ntnH PE=4 SV=1 !!!ntnH	147	1197	22	9	40.91	13	0	20	41	SDSLYLNPVSGSLTFSNESSAN
PROKKA_00017	tr|A0A060N6G5|A0A060N6G5_CLOBO Nontoxic-nonhemagglutinin component, NTNH OS=Clostridium botulinum B str. Osaka05 GN=CBO05P2_175 PE=4 SV=1 !!!ntnH	147	1197	22	9	40.91	13	0	20	41	SDSLYLNPVSGSLTFSNESSAN
PROKKA_00017	tr|B2TSC3|B2TSC3_CLOBB Botulinum neurotoxin type B OS=Clostridium botulinum (strain Eklund 17B / Type B) GN=ntnH PE=4 SV=1 !!!ntnH	147	1197	27	12	44.44	12	3	95	121	NTYIMLSLNKVNELDYAWDIYDTNENI
PROKKA_00017	tr|B2TSC3|B2TSC3_CLOBB Botulinum neurotoxin type B OS=Clostridium botulinum (strain Eklund 17B / Type B) GN=ntnH PE=4 SV=1 !!!ntnH	147	1197	18	8	44.44	10	0	20	37	SDSLYLNPVSGSLTFSNE
PROKKA_00017	tr|B1BE43|B1BE43_CLOBO Botulinum neurotoxin type C, nontoxic-nonhemagglutinin component NTNH OS=Clostridium botulinum C str. Eklund GN=CBC_A0166 PE=4 SV=1 !!!ntnH	147	1196	12	6	50.00	6	0	114	125	IYDTNENILSQP
PROKKA_00018	tr|A0A0B4W4X0|A0A0B4W4X0_CLOBO Hemagglutinin components HA-22/23/53 OS=Clostridium botulinum Prevot_594 GN=ha-70 PE=4 SV=1 !!!ha70	627	626	626	622	99.36	4	0	1	626	MNSSIKKIYNDIQEKVINYNETIDLADGNYVVRRGDGWILSRQNQILGGSVISNGSTGIVGDLRVNDNAIPYYYPTPSFNEEYIKNNIQTVFANFTEANQIPIGFEFSKTAPSNKNLYMYLQYTYIRYEIIKVLQHEIIERAVLYVPSLGYAKSIEFNPGEKINKDFYFLTNDKCILNEQFLYKKILETTKNIPTNNIFNSKVSSTQRVLPYSNGLYVINKGDGYIRTNDKDLIGTLLIEAGSSGSIIQPRLRNTTRPLFTTSNDAKFSQQYTEERLKDAFNVQLFNTSTSLFKFVEEAPSNKNICIKAYNTYEKYELIDYQNGSIVNKAEYYLPSLGYCEVTNAPSPESEVVKTQVAEDGFIQNGPEEEIVVGVIDPSENIQEINTAISDNYTYNIPGIVNNNPFYILFTVNTTGIYKINAQNNLLPLKIYEVIGSGNRNFQSGNLCDDDIKAINYITGFDSPNAKSYLVVLLNKDKNYYIRVPQTSSNIENQIQFKREEGDLRNLMNSSVNIIDNLNSTGAHYYTRQSPDVHDYISYEFTVPGNFNNKDTSNIRLYTSYNQGIGTLFRVTETIDGYNLINIQQNLNLLNSTQSIRLLNGAIYILKVEVTELNNYNIRLHIDITN
PROKKA_00018	tr|A0A060NA10|A0A060NA10_CLOBO Haemagglutinin component HA70 OS=Clostridium botulinum B str. Osaka05 GN=CBO05P2_179 PE=4 SV=1 !!!ha70	627	626	626	616	98.40	10	0	1	626	MNSSIKKIYNDIQEKVINYNETIDLADGNYVVRRGDGWILSRQNQILGGSVISNGSTGIVGDLRVNDNAIPYYYPTPSFNEEYIKNNIQTVFANFTEANQIPIGFEFSKTAPSNKNLYMYLQYTYIRYEIIKVLQHEIIERAVLYVPSLGYAKSIEFNPGEKINKDFYFLTNDKCILNEQFLYKKILETTKNIPTNNIFNSKVSSTQRVLPYSNGLYVINKGDGYIRTNDKDLIGTLLIEAGSSGSIIQPRLRNTTRPLFTTSNDAKFSQQYTEERLKDAFNVQLFNTSTSLFKFVEEAPSNKNICIKAYNTYEKYELIDYQNGSIVNKAEYYLPSLGYCEVTNAPSPESEVVKTQVAEDGFIQNGPEEEIVVGVIDPSENIQEINTAISDNYTYNIPGIVNNNPFYILFTVNTTGIYKINAQNNLLPLKIYEVIGSGNRNFQSGNLCDDDIKAINYITGFDSPNAKSYLVVLLNKDKNYYIRVPQTSSNIENQIQFKREEGDLRNLMNSSVNIIDNLNSTGAHYYTRQSPDVHDYISYEFTVPGNFNNKDTSNIRLYTSYNQGIGTLFRVTETIDGYNLINIQQNLNLLNSTQSIRLLNGAIYILKVEVTELNNYNIRLHIDITN
PROKKA_00018	tr|B1INQ0|B1INQ0_CLOBK Hemagglutinin component HA70 OS=Clostridium botulinum (strain Okra / Type B1) GN=ha70 PE=4 SV=1 !!!ha70	627	626	626	614	98.08	12	0	1	626	MNSSIKKIYNDIQEKVINYNETIDLADGNYVVRRGDGWILSRQNQILGGSVISNGSTGIVGDLRVNDNAIPYYYPTPSFNEEYIKNNIQTVFANFTEANQIPIGFEFSKTAPSNKNLYMYLQYTYIRYEIIKVLQHEIIERAVLYVPSLGYAKSIEFNPGEKINKDFYFLTNDKCILNEQFLYKKILETTKNIPTNNIFNSKVSSTQRVLPYSNGLYVINKGDGYIRTNDKDLIGTLLIEAGSSGSIIQPRLRNTTRPLFTTSNDAKFSQQYTEERLKDAFNVQLFNTSTSLFKFVEEAPSNKNICIKAYNTYEKYELIDYQNGSIVNKAEYYLPSLGYCEVTNAPSPESEVVKTQVAEDGFIQNGPEEEIVVGVIDPSENIQEINTAISDNYTYNIPGIVNNNPFYILFTVNTTGIYKINAQNNLLPLKIYEVIGSGNRNFQSGNLCDDDIKAINYITGFDSPNAKSYLVVLLNKDKNYYIRVPQTSSNIENQIQFKREEGDLRNLMNSSVNIIDNLNSTGAHYYTRQSPDVHDYISYEFTVPGNFNNKDTSNIRLYTSYNQGIGTLFRVTETIDGYNLINIQQNLNLLNSTQSIRLLNGAIYILKVEVTELNNYNIRLHIDITN
PROKKA_00018	tr|A5HZZ4|A5HZZ4_CLOBH Hemagglutinin component of the neurotoxin complex OS=Clostridium botulinum (strain Hall / ATCC 3502 / NCTC 13319 / Type A) GN=ha70 PE=1 SV=1 !!!ha70	627	626	626	612	97.76	14	0	1	626	MNSSIKKIYNDIQEKVINYNETIDLADGNYVVRRGDGWILSRQNQILGGSVISNGSTGIVGDLRVNDNAIPYYYPTPSFNEEYIKNNIQTVFANFTEANQIPIGFEFSKTAPSNKNLYMYLQYTYIRYEIIKVLQHEIIERAVLYVPSLGYAKSIEFNPGEKINKDFYFLTNDKCILNEQFLYKKILETTKNIPTNNIFNSKVSSTQRVLPYSNGLYVINKGDGYIRTNDKDLIGTLLIEAGSSGSIIQPRLRNTTRPLFTTSNDAKFSQQYTEERLKDAFNVQLFNTSTSLFKFVEEAPSNKNICIKAYNTYEKYELIDYQNGSIVNKAEYYLPSLGYCEVTNAPSPESEVVKTQVAEDGFIQNGPEEEIVVGVIDPSENIQEINTAISDNYTYNIPGIVNNNPFYILFTVNTTGIYKINAQNNLLPLKIYEVIGSGNRNFQSGNLCDDDIKAINYITGFDSPNAKSYLVVLLNKDKNYYIRVPQTSSNIENQIQFKREEGDLRNLMNSSVNIIDNLNSTGAHYYTRQSPDVHDYISYEFTVPGNFNNKDTSNIRLYTSYNQGIGTLFRVTETIDGYNLINIQQNLNLLNSTQSIRLLNGAIYILKVEVTELNNYNIRLHIDITN
PROKKA_00018	tr|A0A0E1L2H2|A0A0E1L2H2_CLOBO Hemagglutinin components HA-22/23/53 OS=Clostridium botulinum CDC_1436 GN=ha-70 PE=4 SV=1 !!!ha70	627	626	626	610	97.44	16	0	1	626	MNSSIKKIYNDIQEKVINYNETIDLADGNYVVRRGDGWILSRQNQILGGSVISNGSTGIVGDLRVNDNAIPYYYPTPSFNEEYIKNNIQTVFANFTEANQIPIGFEFSKTAPSNKNLYMYLQYTYIRYEIIKVLQHEIIERAVLYVPSLGYAKSIEFNPGEKINKDFYFLTNDKCILNEQFLYKKILETTKNIPTNNIFNSKVSSTQRVLPYSNGLYVINKGDGYIRTNDKDLIGTLLIEAGSSGSIIQPRLRNTTRPLFTTSNDAKFSQQYTEERLKDAFNVQLFNTSTSLFKFVEEAPSNKNICIKAYNTYEKYELIDYQNGSIVNKAEYYLPSLGYCEVTNAPSPESEVVKTQVAEDGFIQNGPEEEIVVGVIDPSENIQEINTAISDNYTYNIPGIVNNNPFYILFTVNTTGIYKINAQNNLLPLKIYEVIGSGNRNFQSGNLCDDDIKAINYITGFDSPNAKSYLVVLLNKDKNYYIRVPQTSSNIENQIQFKREEGDLRNLMNSSVNIIDNLNSTGAHYYTRQSPDVHDYISYEFTVPGNFNNKDTSNIRLYTSYNQGIGTLFRVTETIDGYNLINIQQNLNLLNSTQSIRLLNGAIYILKVEVTELNNYNIRLHIDITN
PROKKA_00018	tr|M1ZPH7|M1ZPH7_CLOBO Hemagglutinin component HA70 OS=Clostridium botulinum CFSAN001627 GN=CFSAN001627_19663 PE=4 SV=1 !!!ha70	627	626	626	596	95.21	30	0	1	626	MNSSIKKIYNDIQEKVINYNETIDLADGNYVVRRGDGWILSRQNQILGGSVISNGSTGIVGDLRVNDNAIPYYYPTPSFNEEYIKNNIQTVFANFTEANQIPIGFEFSKTAPSNKNLYMYLQYTYIRYEIIKVLQHEIIERAVLYVPSLGYAKSIEFNPGEKINKDFYFLTNDKCILNEQFLYKKILETTKNIPTNNIFNSKVSSTQRVLPYSNGLYVINKGDGYIRTNDKDLIGTLLIEAGSSGSIIQPRLRNTTRPLFTTSNDAKFSQQYTEERLKDAFNVQLFNTSTSLFKFVEEAPSNKNICIKAYNTYEKYELIDYQNGSIVNKAEYYLPSLGYCEVTNAPSPESEVVKTQVAEDGFIQNGPEEEIVVGVIDPSENIQEINTAISDNYTYNIPGIVNNNPFYILFTVNTTGIYKINAQNNLLPLKIYEVIGSGNRNFQSGNLCDDDIKAINYITGFDSPNAKSYLVVLLNKDKNYYIRVPQTSSNIENQIQFKREEGDLRNLMNSSVNIIDNLNSTGAHYYTRQSPDVHDYISYEFTVPGNFNNKDTSNIRLYTSYNQGIGTLFRVTETIDGYNLINIQQNLNLLNSTQSIRLLNGAIYILKVEVTELNNYNIRLHIDITN
PROKKA_00018	tr|B2TSB9|B2TSB9_CLOBB Heamagglutinin components HA-70 OS=Clostridium botulinum (strain Eklund 17B / Type B) GN=ha70 PE=4 SV=1 !!!ha70	627	626	626	591	94.41	35	0	1	626	MNSSIKKIYNDIQEKVINYNETIDLADGNYVVRRGDGWILSRQNQILGGSVISNGSTGIVGDLRVNDNAIPYYYPTPSFNEEYIKNNIQTVFANFTEANQIPIGFEFSKTAPSNKNLYMYLQYTYIRYEIIKVLQHEIIERAVLYVPSLGYAKSIEFNPGEKINKDFYFLTNDKCILNEQFLYKKILETTKNIPTNNIFNSKVSSTQRVLPYSNGLYVINKGDGYIRTNDKDLIGTLLIEAGSSGSIIQPRLRNTTRPLFTTSNDAKFSQQYTEERLKDAFNVQLFNTSTSLFKFVEEAPSNKNICIKAYNTYEKYELIDYQNGSIVNKAEYYLPSLGYCEVTNAPSPESEVVKTQVAEDGFIQNGPEEEIVVGVIDPSENIQEINTAISDNYTYNIPGIVNNNPFYILFTVNTTGIYKINAQNNLLPLKIYEVIGSGNRNFQSGNLCDDDIKAINYITGFDSPNAKSYLVVLLNKDKNYYIRVPQTSSNIENQIQFKREEGDLRNLMNSSVNIIDNLNSTGAHYYTRQSPDVHDYISYEFTVPGNFNNKDTSNIRLYTSYNQGIGTLFRVTETIDGYNLINIQQNLNLLNSTQSIRLLNGAIYILKVEVTELNNYNIRLHIDITN
PROKKA_00018	tr|S8BA68|S8BA68_CLOBO Hemagglutinin component HA70 OS=Clostridium botulinum CFSAN002367 GN=CFSAN002367_15786 PE=4 SV=1 !!!ha70	627	508	508	497	97.83	11	0	119	626	MYLQYTYIRYEIIKVLQHEIIERAVLYVPSLGYAKSIEFNPGEKINKDFYFLTNDKCILNEQFLYKKILETTKNIPTNNIFNSKVSSTQRVLPYSNGLYVINKGDGYIRTNDKDLIGTLLIEAGSSGSIIQPRLRNTTRPLFTTSNDAKFSQQYTEERLKDAFNVQLFNTSTSLFKFVEEAPSNKNICIKAYNTYEKYELIDYQNGSIVNKAEYYLPSLGYCEVTNAPSPESEVVKTQVAEDGFIQNGPEEEIVVGVIDPSENIQEINTAISDNYTYNIPGIVNNNPFYILFTVNTTGIYKINAQNNLLPLKIYEVIGSGNRNFQSGNLCDDDIKAINYITGFDSPNAKSYLVVLLNKDKNYYIRVPQTSSNIENQIQFKREEGDLRNLMNSSVNIIDNLNSTGAHYYTRQSPDVHDYISYEFTVPGNFNNKDTSNIRLYTSYNQGIGTLFRVTETIDGYNLINIQQNLNLLNSTQSIRLLNGAIYILKVEVTELNNYNIRLHIDITN
PROKKA_00018	tr|S8BA68|S8BA68_CLOBO Hemagglutinin component HA70 OS=Clostridium botulinum CFSAN002367 GN=CFSAN002367_15786 PE=4 SV=1 !!!ha70	627	508	141	41	29.08	97	3	15	153	KVINYNETIDLADGNYVVRRGDGWILSRQNQILGGSVISNGSTGIVGDLRVNDNAIPYYYPT--PSFNEEYIKNNIQTVFANFTEANQIPIGFEFSKTAPSNKNLYMYLQYTYIRYEIIKVLQHEIIERAVLYVPSLGYAK
PROKKA_00018	tr|B1BE46|B1BE46_CLOBO Non-toxin haemagglutinin HA-70 OS=Clostridium botulinum C str. Eklund GN=CBC_A0169 PE=4 SV=1 !!!ha70	627	623	627	438	69.86	184	5	1	626	MNSSIKKIYNDIQEKVINYNETIDLADGNYVVRRGDGWILSRQNQILGGSVISNGSTGIVGDLRVNDNAIPYYYPTPSFNEEYIKNNIQTVFANFTEANQIPIGFEFSKTAPSNKNLYMYLQYTYIRYEIIKVLQHEIIERAVLYVPSLGYAKSIEFNPGEKINKDFYFLTNDKCILNEQFLYKKILETTKNIPTNNIFNSK-VSSTQRVLPYSNGLYVINKGDGYIRTNDKDLIGTLLIEAGSSGSIIQPRLRNTTRPLFTTSNDAKFSQQYTEERLKDAFNVQLFNTSTSLFKFVEEAPSNKNICIKAYNTYEKYELIDYQNGSIVNKAEYYLPSLGYCEVTNAPSPESEVVKTQVAEDGFIQNGPEEEIVVGVIDPSENIQEINTAISDNYTYNIPGIVNNNPFYILFTVNTTGIYKINAQNNLLPLKIYEVIGSGNRNFQSGNLCDDDIKAINYITGFDSPNAKSYLVVLLNKDKNYYIRVPQTSSNIENQIQFKREEGDLRNLMNSSVNIIDNLNSTGAHYYTRQSPDVHDYISYEFTVPGNFNNKDTSNIRLYTSYNQGIGTLFRVTETIDGYNLINIQQNLNLLNSTQSIRLLNGAIYILKVEVTELNNYNIRLHIDITN
PROKKA_00018	tr|A0A0C1TZQ5|A0A0C1TZQ5_9CLOT Hemagglutinin components HA-22/23/53 OS=Clostridium argentinense CDC 2741 GN=ha-70 PE=4 SV=1 !!!ha70	627	629	631	441	69.89	183	7	1	626	MNSSIKKIYNDIQEKVINYNETIDLADGNYVVRRGDGWILSRQNQILGGSVISNGSTGIVGDLRVNDNAIPYYYPTPSFNEEYIKNNIQTVFANFTEANQIPIGFEFSKTAPSNKNLYMYLQYTYIRYEIIKVLQHEIIERAVLYVPSLGYAKSIEFNPGEKINKDFYFLTNDKCILNEQFLYKKI--LETTKNIPTNNI--FNSKVSSTQRVLPYSNGLYVINKGDGYIRTNDKDLIGTLLIEAGSSGSIIQPRLRNTTRPLFTTSNDAKFSQQYTEERLKDAFNVQLFNTSTSLFKFVEEAPSNKNICIKAYNTYEKYELIDYQNGSIVNKAEYYLPSLGYCEVTNAPSPESEVVKTQVAEDGFIQNGPEEEIVVGVIDPSENIQEINTAISDNYTYNIPGIVNNNPFYILFTVNTTGIYKINAQNNLLPLKIYEVIGSGNRNFQSGNLCDDDIKAINYITGFDSPNAKSYLVVLLNKDKNYYIRVPQTSSNIENQIQFKREEGDLRNLM-NSSVNIIDNLNSTGAHYYTRQSPDVHDYISYEFTVPGNFNNKDTSNIRLYTSYNQGIGTLFRVTETIDGYNLINIQQNLNLLNSTQSIRLLNGAIYILKVEVTELNNYNIRLHIDITN
PROKKA_00018	tr|A0A059PYB0|A0A059PYB0_9CLOT Toxin complex component ORF-X2 OS=Clostridium baratii PE=4 SV=1 !!!ORF-X2	627	748	145	35	24.14	90	20	174	315	KCILNEQFLYKKILETTKNIPTNNIFNSKVSSTQRVLPYSNGLYVINKGDGYIRTNDKDLIGTLLIEAGSSGSIIQPRLRNTTRPLFTTSNDAKFSQQYTEERLKDAFNVQLFNTSTSLFKF-VEEAPS--NKNICIKAYNTYEK
PROKKA_00018	tr|C5VU80|C5VU80_CLOBO Botulinum neurotoxin type D, nontoxic-nonhemagglutinin component, NTNH OS=Clostridium botulinum D str. 1873 GN=ntnH PE=4 SV=1 !!!ntnH	627	1196	72	19	26.39	51	2	345	416	APSPESEVVKTQVAEDGFIQNGPEEEIVVGVIDPSENIQEINTAISDNYTYNIPGIVNNNPFYILFTVNTTG
PROKKA_00018	tr|B1BE43|B1BE43_CLOBO Botulinum neurotoxin type C, nontoxic-nonhemagglutinin component NTNH OS=Clostridium botulinum C str. Eklund GN=CBC_A0166 PE=4 SV=1 !!!ntnH	627	1196	69	18	26.09	49	2	348	416	PESEVVKTQVAEDGFIQNGPEEEIVVGVIDPSENIQEINTAISDNYTYNIPGIVNNNPFYILFTVNTTG
PROKKA_00018	tr|B1BE45|B1BE45_CLOBO Non-toxin haemagglutinin HA-17 OS=Clostridium botulinum C str. Eklund GN=CBC_A0168 PE=4 SV=1 !!!ha17	627	146	20	11	55.00	5	4	104	123	GFEFSKTAPSNKNLYMYLQY
PROKKA_00019	tr|A0A060N3U8|A0A060N3U8_CLOBO Transcriptional regulator botR OS=Clostridium botulinum B str. Osaka05 GN=CBO05P2_176 PE=4 SV=1 !!!BotR	43	178	40	11	27.50	26	3	2	38	CDKKYIIEFLIYLSIVI---LVIIISGGVCMYTFNFKQII
PROKKA_00019	tr|A0A073CP83|A0A073CP83_CLOBO Transcriptional regulator OS=Clostridium botulinum A2B3 87 GN=N496_19575 PE=4 SV=1 !!! 	43	178	40	11	27.50	26	3	2	38	CDKKYIIEFLIYLSIVI---LVIIISGGVCMYTFNFKQII
PROKKA_00019	tr|A5HZZ7|A5HZZ7_CLOBH RNA polymerase ECF-type sigma factor OS=Clostridium botulinum (strain Hall / ATCC 3502 / NCTC 13319 / Type A) GN=botR PE=4 SV=1 !!!BotR	43	178	40	11	27.50	26	3	2	38	CDKKYIIEFLIYLSIVI---LVIIISGGVCMYTFNFKQII
PROKKA_00019	tr|S8CEF4|S8CEF4_CLOBO Transcriptional regulator BotR, P-21 OS=Clostridium botulinum CFSAN002367 GN=CFSAN002367_15806 PE=4 SV=1 !!!BotR	43	178	40	11	27.50	26	3	2	38	CDKKYIIEFLIYLSIVI---LVIIISGGVCMYTFNFKQII
PROKKA_00019	tr|A0A0D1AER2|A0A0D1AER2_CLOBO Transcriptional regulator OS=Clostridium botulinum B2 450 GN=N495_19875 PE=4 SV=1 !!! 	43	178	40	11	27.50	26	3	2	38	CDKKYIIEFLIYLSIVI---LVIIISGGVCMYTFNFKQII
PROKKA_00019	tr|M1ZWZ6|M1ZWZ6_CLOBO Transcriptional regulator BotR, P-21 OS=Clostridium botulinum CFSAN001627 GN=CFSAN001627_10483 PE=4 SV=1 !!!BotR	43	178	40	11	27.50	26	3	2	38	CDKKYIIEFLIYLSIVI---LVIIISGGVCMYTFNFKQII
PROKKA_00020	tr|B1BE43|B1BE43_CLOBO Botulinum neurotoxin type C, nontoxic-nonhemagglutinin component NTNH OS=Clostridium botulinum C str. Eklund GN=CBC_A0166 PE=4 SV=1 !!!ntnH	86	1196	41	13	31.71	28	0	35	75	RIEIIEALVSLYEQEYEFDDEIIEDLKLKYRPVFPEELKNI
PROKKA_00020	tr|A5HZZ8|A5HZZ8_CLOBH Type A progenitor toxin nontoxic-nonha OS=Clostridium botulinum (strain Hall / ATCC 3502 / NCTC 13319 / Type A) GN=ntnH PE=4 SV=1 !!!ntnH	86	1193	25	9	36.00	16	0	44	68	SLYEQEYEFDDEIIEDLKLKYRPVF
PROKKA_00020	tr|A0A060N6G5|A0A060N6G5_CLOBO Nontoxic-nonhemagglutinin component, NTNH OS=Clostridium botulinum B str. Osaka05 GN=CBO05P2_175 PE=4 SV=1 !!!ntnH	86	1197	25	9	36.00	16	0	44	68	SLYEQEYEFDDEIIEDLKLKYRPVF
PROKKA_00020	tr|A0A060N6G5|A0A060N6G5_CLOBO Nontoxic-nonhemagglutinin component, NTNH OS=Clostridium botulinum B str. Osaka05 GN=CBO05P2_175 PE=4 SV=1 !!!ntnH	86	1197	12	6	50.00	6	0	8	19	VNEYYNYLKKSF
PROKKA_00020	tr|C5UY10|C5UY10_CLOBO Toxin complex component ORF-X3 OS=Clostridium botulinum E1 str. 'BoNT E Beluga' GN=CLO_2647 PE=4 SV=1 !!!ORF-X3	86	487	12	7	58.33	5	0	60	71	LKLKYRPVFPEE
PROKKA_00020	tr|A7GBF7|A7GBF7_CLOBL Toxin complex component ORF-X3 OS=Clostridium botulinum (strain Langeland / NCTC 10281 / Type F) GN=CLI_0845 PE=4 SV=1 !!!ORF-X3	86	490	12	7	58.33	5	0	60	71	LKLKYRPVFPEE
PROKKA_00020	tr|B1L2F9|B1L2F9_CLOBM Toxin complex component ORF-X3 OS=Clostridium botulinum (strain Loch Maree / Type A3) GN=CLK_A0070 PE=4 SV=1 !!!ORF-X3	86	490	12	7	58.33	5	0	60	71	LKLKYRPVFPEE
PROKKA_00020	tr|B1INP6|B1INP6_CLOBK Botulinum neurotoxin type B1, nontoxic-nonhemagglutinin component, NTNH OS=Clostridium botulinum (strain Okra / Type B1) GN=ntnH PE=4 SV=1 !!!ntnH	86	1197	25	8	32.00	17	0	44	68	SLYEQEYEFDDEIIEDLKLKYRPVF
PROKKA_00020	tr|B1INP6|B1INP6_CLOBK Botulinum neurotoxin type B1, nontoxic-nonhemagglutinin component, NTNH OS=Clostridium botulinum (strain Okra / Type B1) GN=ntnH PE=4 SV=1 !!!ntnH	86	1197	12	6	50.00	6	0	8	19	VNEYYNYLKKSF
PROKKA_00020	tr|C1FUH3|C1FUH3_CLOBJ Toxin complex component ORF-X3 OS=Clostridium botulinum (strain Kyoto / Type A2) GN=CLM_0891 PE=4 SV=1 !!!ORF-X3	86	490	12	7	58.33	5	0	60	71	LKLKYRPVFPEE
PROKKA_00020	tr|B2TSC3|B2TSC3_CLOBB Botulinum neurotoxin type B OS=Clostridium botulinum (strain Eklund 17B / Type B) GN=ntnH PE=4 SV=1 !!!ntnH	86	1197	12	6	50.00	6	0	8	19	VNEYYNYLKKSF
PROKKA_00021	tr|C5UY11|C5UY11_CLOBO Toxin complex component ORF-X2 OS=Clostridium botulinum E1 str. 'BoNT E Beluga' GN=CLO_2648 PE=4 SV=1 !!!ORF-X2	496	748	63	20	31.75	39	4	10	72	LIETIFGNIDQRLKQNFYNFYENLFNMNNKEENLKLLIKDIIQKEFMVAELTKISDMDLHKTK
PROKKA_00021	tr|B2TSB9|B2TSB9_CLOBB Heamagglutinin components HA-70 OS=Clostridium botulinum (strain Eklund 17B / Type B) GN=ha70 PE=4 SV=1 !!!ha70	496	626	63	16	25.40	45	2	430	491	RFRYKKEERNYKIIAQALENMKCN-NIIIRDFKKHMNGFIITFLDTNQFEISDLFSNKNTSDI
PROKKA_00021	tr|A0A0X1KH90|A0A0X1KH90_CLOBA Botulinum neurotoxin type E, nontoxic-nonhemagglutinin component, NTNH OS=Clostridium botulinum (strain Alaska E43 / Type E3) PE=1 SV=1 !!!ntnH	496	1163	18	8	44.44	10	0	267	284	QSRLIDNKDLNILSNILK
PROKKA_00021	tr|C4IHM0|C4IHM0_CLOBU Botulinum neurotoxin type E, nontoxic-nonhemagglutinin component, NTNH OS=Clostridium butyricum E4 str. BoNT E BL5262 GN=ntnH PE=4 SV=1 !!!ntnH	496	1163	18	8	44.44	10	0	267	284	QSRLIDNKDLNILSNILK
PROKKA_00021	tr|C5UY14|C5UY14_CLOBO Botulinum neurotoxin type E1, nontoxic-nonhemagglutinin component, NTNH OS=Clostridium botulinum E1 str. 'BoNT E Beluga' GN=ntnH PE=4 SV=1 !!!ntnH	496	1163	18	8	44.44	10	0	267	284	QSRLIDNKDLNILSNILK
PROKKA_00021	tr|A0A073CND8|A0A073CND8_CLOBO P-47 protein OS=Clostridium botulinum A2B3 87 GN=N496_18585 PE=4 SV=1 !!!P-47	496	415	36	10	27.78	26	0	3	38	IPDIPEYLIETIFGNIDQRLKQNFYNFYENLFNMNN
PROKKA_00022	tr|B1L2G4|B1L2G4_CLOBM Botulinum neurotoxin type A3, nontoxic-nonhemagglutinin component, NTNH OS=Clostridium botulinum (strain Loch Maree / Type A3) GN=ntnH PE=4 SV=1 !!!ntnH	346	1159	117	35	29.91	51	31	230	323	IICRLNSNTITMLFNSSEKLIFVISKNLHGKLLKKEMYY--------------KYKNNFLNYITENNIKLNNLSHSINNIVKLSFEYGY-----DIVQLMLG----EIKDIAPTIFN
PROKKA_00022	tr|B1L2G4|B1L2G4_CLOBM Botulinum neurotoxin type A3, nontoxic-nonhemagglutinin component, NTNH OS=Clostridium botulinum (strain Loch Maree / Type A3) GN=ntnH PE=4 SV=1 !!!ntnH	346	1159	44	14	31.82	26	4	182	223	NVNALRIALQGILKHDINTLLD--RETYFSINNMKTFLPDYINC
PROKKA_00022	tr|C1FUH8|C1FUH8_CLOBJ Botulinum neurotoxin type A2, nontoxic-nonhemagglutinin component, NTNH OS=Clostridium botulinum (strain Kyoto / Type A2) GN=ntnH PE=4 SV=1 !!!ntnH	346	1159	114	33	28.95	50	31	233	323	RLNSNTITMLFNSSEKLIFVISKNLHGKLLKKEMYY--------------KYKNNFLNYITENNIKLNNLSHSINNIVKLSFEYGY-----DIVQLMLG----EIKDIAPTIFN
PROKKA_00022	tr|C1FUH8|C1FUH8_CLOBJ Botulinum neurotoxin type A2, nontoxic-nonhemagglutinin component, NTNH OS=Clostridium botulinum (strain Kyoto / Type A2) GN=ntnH PE=4 SV=1 !!!ntnH	346	1159	36	12	33.33	24	0	247	282	EKLIFVISKNLHGKLLKKEMYYKYKNNFLNYITENN
PROKKA_00022	tr|A7GBG2|A7GBG2_CLOBL Botulinum neurotoxin type F, nontoxic-nonhemagglutinin component, NTNH OS=Clostridium botulinum (strain Langeland / NCTC 10281 / Type F) GN=ntnH PE=4 SV=1 !!!ntnH	346	1163	107	30	28.04	60	17	233	323	RLNSNTITMLFNSSEKLIFVISKNLHGKLLKKEMYYKYKN-------NFLNYITENNIKLNNLSHSINNIVKLSFEYGY-----DIVQLMLG----EIKDIAPTIFN
PROKKA_00022	tr|A0A0D1AER2|A0A0D1AER2_CLOBO Transcriptional regulator OS=Clostridium botulinum B2 450 GN=N495_19875 PE=4 SV=1 !!! 	346	178	93	24	25.81	54	15	68	158	KKYNIYSNINIDKTHIQFSLTQIKQMLIYYYYANSKGFVSLISKKRIAKMIGCCEKT--VDINNKLFSDLGLILISGTINNKFSLIIKDYSEH
PROKKA_00022	tr|A5HZZ7|A5HZZ7_CLOBH RNA polymerase ECF-type sigma factor OS=Clostridium botulinum (strain Hall / ATCC 3502 / NCTC 13319 / Type A) GN=botR PE=4 SV=1 !!!BotR	346	178	93	24	25.81	54	15	68	158	KKYNIYSNINIDKTHIQFSLTQIKQMLIYYYYANSKGFVSLISKKRIAKMIGCCEKT--VDINNKLFSDLGLILISGTINNKFSLIIKDYSEH
PROKKA_00022	tr|S8CEF4|S8CEF4_CLOBO Transcriptional regulator BotR, P-21 OS=Clostridium botulinum CFSAN002367 GN=CFSAN002367_15806 PE=4 SV=1 !!!BotR	346	178	93	24	25.81	54	15	68	158	KKYNIYSNINIDKTHIQFSLTQIKQMLIYYYYANSKGFVSLISKKRIAKMIGCCEKT--VDINNKLFSDLGLILISGTINNKFSLIIKDYSEH
PROKKA_00022	tr|A0A073CP83|A0A073CP83_CLOBO Transcriptional regulator OS=Clostridium botulinum A2B3 87 GN=N496_19575 PE=4 SV=1 !!! 	346	178	93	24	25.81	54	15	68	158	KKYNIYSNINIDKTHIQFSLTQIKQMLIYYYYANSKGFVSLISKKRIAKMIGCCEKT--VDINNKLFSDLGLILISGTINNKFSLIIKDYSEH
PROKKA_00022	tr|A0A060N3U8|A0A060N3U8_CLOBO Transcriptional regulator botR OS=Clostridium botulinum B str. Osaka05 GN=CBO05P2_176 PE=4 SV=1 !!!BotR	346	178	93	24	25.81	54	15	68	158	KKYNIYSNINIDKTHIQFSLTQIKQMLIYYYYANSKGFVSLISKKRIAKMIGCCEKT--VDINNKLFSDLGLILISGTINNKFSLIIKDYSEH
PROKKA_00022	tr|C5UY13|C5UY13_CLOBO P-47 protein OS=Clostridium botulinum E1 str. 'BoNT E Beluga' GN=p47 PE=4 SV=1 !!!P-47	346	416	34	12	35.29	22	0	239	272	ITMLFNSSEKLIFVISKNLHGKLLKKEMYYKYKN
PROKKA_00022	tr|A5HZZ8|A5HZZ8_CLOBH Type A progenitor toxin nontoxic-nonha OS=Clostridium botulinum (strain Hall / ATCC 3502 / NCTC 13319 / Type A) GN=ntnH PE=4 SV=1 !!!ntnH	346	1193	36	12	33.33	24	0	247	282	EKLIFVISKNLHGKLLKKEMYYKYKNNFLNYITENN
PROKKA_00022	tr|B2TSC2|B2TSC2_CLOBB Putative RNA polymerase sigma factor OS=Clostridium botulinum (strain Eklund 17B / Type B) GN=botR PE=4 SV=1 !!!BotR	346	179	23	9	39.13	14	0	68	90	KKYNIYSNINIDKTHIQFSLTQI
PROKKA_00022	tr|B1BE43|B1BE43_CLOBO Botulinum neurotoxin type C, nontoxic-nonhemagglutinin component NTNH OS=Clostridium botulinum C str. Eklund GN=CBC_A0166 PE=4 SV=1 !!!ntnH	346	1196	35	11	31.43	22	2	162	194	NNTGYLNLATNVFKD--LLHINNVNALRIALQGIL
PROKKA_00022	tr|M1ZUL7|M1ZUL7_CLOBO P-47 protein OS=Clostridium botulinum CFSAN001627 GN=CFSAN001627_20700 PE=4 SV=1 !!!P-47	346	416	96	31	32.29	55	10	217	305	LPDYINCKSAIEKIICRLNS-NTITMLFNSSEKLIFVISKNLHGKLLKKEMYYKYKNNFLNYITEN---NIKL---NNLSHSINNIVKLSFEYGYD
PROKKA_00022	tr|M1ZWZ6|M1ZWZ6_CLOBO Transcriptional regulator BotR, P-21 OS=Clostridium botulinum CFSAN001627 GN=CFSAN001627_10483 PE=4 SV=1 !!!BotR	346	178	23	9	39.13	14	0	68	90	KKYNIYSNINIDKTHIQFSLTQI
PROKKA_00022	tr|C1FUH3|C1FUH3_CLOBJ Toxin complex component ORF-X3 OS=Clostridium botulinum (strain Kyoto / Type A2) GN=CLM_0891 PE=4 SV=1 !!!ORF-X3	346	490	36	12	33.33	23	1	135	170	LGLILISGTINNKFSLIIKDYSEHYSKNNTGYLNLA
PROKKA_00022	tr|A7GBG1|A7GBG1_CLOBL P-47 protein OS=Clostridium botulinum (strain Langeland / NCTC 10281 / Type F) GN=p47 PE=4 SV=1 !!!P-47	346	416	96	31	32.29	55	10	217	305	LPDYINCKSAIEKIICRLNS-NTITMLFNSSEKLIFVISKNLHGKLLKKEMYYKYKNNFLNYITEN---NIKL---NNLSHSINNIVKLSFEYGYD
PROKKA_00022	tr|B1L2G3|B1L2G3_CLOBM P-47 protein OS=Clostridium botulinum (strain Loch Maree / Type A3) GN=p47 PE=4 SV=1 !!!P-47	346	416	95	24	25.26	53	18	239	333	ITMLFNSSEKLIFVISKNLHGKLLKKEMYYKYKNNFLNYITENNIKLNNLSHSINNIVKLSFEYGYDIVQLMLGEIKDIAPTIFNVGGYIRDKIK
PROKKA_00022	tr|A0A073CND8|A0A073CND8_CLOBO P-47 protein OS=Clostridium botulinum A2B3 87 GN=N496_18585 PE=4 SV=1 !!!P-47	346	415	122	34	27.87	60	28	217	333	LPDYINCKSAIEKIICRLNSNT-----ITMLFNSSEKLIFVISKNLHGKLLKKEMYYKYKNNFLNYITENNIKLNNLSHSINNIVKLSFEYGYDIVQLMLGEIKDIAPTIFNVGGYIRDKIK
PROKKA_00023	tr|B1L2F9|B1L2F9_CLOBM Toxin complex component ORF-X3 OS=Clostridium botulinum (strain Loch Maree / Type A3) GN=CLK_A0070 PE=4 SV=1 !!!ORF-X3	104	490	119	29	24.37	52	38	5	85	YYVNNETNSLLVTTEEKDHMHYIKINKKDFL--------------------------KYKKVGYAIITSAEMDFD--------LCL---KMFSPTFKEKI-INIIKKAIQNEYIIAEKR
PROKKA_00023	tr|C1FUH3|C1FUH3_CLOBJ Toxin complex component ORF-X3 OS=Clostridium botulinum (strain Kyoto / Type A2) GN=CLM_0891 PE=4 SV=1 !!!ORF-X3	104	490	119	28	23.53	53	38	5	85	YYVNNETNSLLVTTEEKDHMHYIKINKKDFL--------------------------KYKKVGYAIITSAEMDFD--------LCL---KMFSPTFKEKI-INIIKKAIQNEYIIAEKR
PROKKA_00023	tr|A7GBF7|A7GBF7_CLOBL Toxin complex component ORF-X3 OS=Clostridium botulinum (strain Langeland / NCTC 10281 / Type F) GN=CLI_0845 PE=4 SV=1 !!!ORF-X3	104	490	32	10	31.25	22	0	5	36	YYVNNETNSLLVTTEEKDHMHYIKINKKDFLK
PROKKA_00023	tr|C1FUH8|C1FUH8_CLOBJ Botulinum neurotoxin type A2, nontoxic-nonhemagglutinin component, NTNH OS=Clostridium botulinum (strain Kyoto / Type A2) GN=ntnH PE=4 SV=1 !!!ntnH	104	1159	20	7	35.00	13	0	61	80	PTFKEKIINIIKKAIQNEYI
PROKKA_00024	tr|A7GBF8|A7GBF8_CLOBL Toxin complex component ORF-X2 OS=Clostridium botulinum (strain Langeland / NCTC 10281 / Type F) GN=CLI_0846 PE=4 SV=1 !!!ORF-X2	78	750	67	15	22.39	41	11	21	76	NLSIRAYNSLRNMGINTLEDL----SMYSK--KQLYQ-----FKGIGIVSLRKIEKGLDKKNMRMEA
PROKKA_00024	tr|A0A0A7FV57|A0A0A7FV57_9CLOT Clostridium P-47 family protein OS=Clostridium baratii str. Sullivan GN=U729_696 PE=4 SV=1 !!!P-47	78	491	19	7	36.84	12	0	11	29	KNKRDELRELNLSIRAYNS
PROKKA_00024	tr|A0A059PY44|A0A059PY44_9CLOT Toxin complex component ORF-X3 OS=Clostridium baratii PE=4 SV=1 !!!ORF-X3	78	491	19	7	36.84	12	0	11	29	KNKRDELRELNLSIRAYNS
PROKKA_00024	tr|C5VU80|C5VU80_CLOBO Botulinum neurotoxin type D, nontoxic-nonhemagglutinin component, NTNH OS=Clostridium botulinum D str. 1873 GN=ntnH PE=4 SV=1 !!!ntnH	78	1196	52	18	34.62	26	8	13	63	KRDELRELNLSIRAY-NSLRNMGINTLEDLSMYSKKQLYQFKGIGIVSLRKI
PROKKA_00024	tr|B1L2F9|B1L2F9_CLOBM Toxin complex component ORF-X3 OS=Clostridium botulinum (strain Loch Maree / Type A3) GN=CLK_A0070 PE=4 SV=1 !!!ORF-X3	78	490	20	8	40.00	12	0	7	26	KKMRKNKRDELRELNLSIRA
PROKKA_00024	tr|C1FUH3|C1FUH3_CLOBJ Toxin complex component ORF-X3 OS=Clostridium botulinum (strain Kyoto / Type A2) GN=CLM_0891 PE=4 SV=1 !!!ORF-X3	78	490	20	8	40.00	12	0	7	26	KKMRKNKRDELRELNLSIRA
PROKKA_00024	tr|A7GBF7|A7GBF7_CLOBL Toxin complex component ORF-X3 OS=Clostridium botulinum (strain Langeland / NCTC 10281 / Type F) GN=CLI_0845 PE=4 SV=1 !!!ORF-X3	78	490	17	8	47.06	9	0	7	23	KKMRKNKRDELRELNLS
PROKKA_00024	tr|B1BE46|B1BE46_CLOBO Non-toxin haemagglutinin HA-70 OS=Clostridium botulinum C str. Eklund GN=CBC_A0169 PE=4 SV=1 !!!ha70	78	623	30	8	26.67	22	0	21	50	NLSIRAYNSLRNMGINTLEDLSMYSKKQLY
PROKKA_00024	tr|C5UY10|C5UY10_CLOBO Toxin complex component ORF-X3 OS=Clostridium botulinum E1 str. 'BoNT E Beluga' GN=CLO_2647 PE=4 SV=1 !!!ORF-X3	78	487	17	8	47.06	9	0	7	23	KKMRKNKRDELRELNLS
