PROKKA_00002	tr|A0A0X1KH90|A0A0X1KH90_CLOBA Botulinum neurotoxin type E, nontoxic-nonhemagglutinin component, NTNH OS=Clostridium botulinum (strain Alaska E43 / Type E3) PE=1 SV=1 !!!ntnH	60	1163	41	13	31.71	26	2	7	47	QLPSDMTTEEYNILMEICKDIPCKSSKDKKDIKILHNTINQ
PROKKA_00002	tr|C4IHM0|C4IHM0_CLOBU Botulinum neurotoxin type E, nontoxic-nonhemagglutinin component, NTNH OS=Clostridium butyricum E4 str. BoNT E BL5262 GN=ntnH PE=4 SV=1 !!!ntnH	60	1163	41	13	31.71	26	2	7	47	QLPSDMTTEEYNILMEICKDIPCKSSKDKKDIKILHNTINQ
PROKKA_00002	tr|C5UY14|C5UY14_CLOBO Botulinum neurotoxin type E1, nontoxic-nonhemagglutinin component, NTNH OS=Clostridium botulinum E1 str. 'BoNT E Beluga' GN=ntnH PE=4 SV=1 !!!ntnH	60	1163	41	13	31.71	26	2	7	47	QLPSDMTTEEYNILMEICKDIPCKSSKDKKDIKILHNTINQ
PROKKA_00002	tr|C5VU80|C5VU80_CLOBO Botulinum neurotoxin type D, nontoxic-nonhemagglutinin component, NTNH OS=Clostridium botulinum D str. 1873 GN=ntnH PE=4 SV=1 !!!ntnH	60	1196	11	4	36.36	7	0	48	58	IYIDSVINECW
PROKKA_00002	tr|B1BE43|B1BE43_CLOBO Botulinum neurotoxin type C, nontoxic-nonhemagglutinin component NTNH OS=Clostridium botulinum C str. Eklund GN=CBC_A0166 PE=4 SV=1 !!!ntnH	60	1196	11	5	45.45	6	0	48	58	IYIDSVINECW
PROKKA_00003	tr|C5UY11|C5UY11_CLOBO Toxin complex component ORF-X2 OS=Clostridium botulinum E1 str. 'BoNT E Beluga' GN=CLO_2648 PE=4 SV=1 !!!ORF-X2	177	748	9	5	55.56	4	0	23	31	IKNHKNEKP
PROKKA_00003	tr|B2TSC3|B2TSC3_CLOBB Botulinum neurotoxin type B OS=Clostridium botulinum (strain Eklund 17B / Type B) GN=ntnH PE=4 SV=1 !!!ntnH	177	1197	62	17	27.42	29	16	73	134	NSLYNAEFKCCDYKELKPKGSIIYCDPPYKGTTQYDKSIVGKFNTEEFWDIMRKWSKNNKVF
PROKKA_00004	tr|B1BE43|B1BE43_CLOBO Botulinum neurotoxin type C, nontoxic-nonhemagglutinin component NTNH OS=Clostridium botulinum C str. Eklund GN=CBC_A0166 PE=4 SV=1 !!!ntnH	166	1196	16	9	56.25	7	0	34	49	KLINIPISKNKLQRYD
PROKKA_00004	tr|C5VU80|C5VU80_CLOBO Botulinum neurotoxin type D, nontoxic-nonhemagglutinin component, NTNH OS=Clostridium botulinum D str. 1873 GN=ntnH PE=4 SV=1 !!!ntnH	166	1196	16	9	56.25	7	0	34	49	KLINIPISKNKLQRYD
PROKKA_00004	tr|A7GBG0|A7GBG0_CLOBL Transcriptional regulator BotR, P-21 OS=Clostridium botulinum (strain Langeland / NCTC 10281 / Type F) GN=botR PE=4 SV=1 !!!BotR	166	178	19	10	52.63	9	0	71	89	NVKIININLNKIDLNCLQN
PROKKA_00005	tr|B1BE47|B1BE47_CLOBO Clostridium toxin-associated regulator BotR OS=Clostridium botulinum C str. Eklund GN=botR PE=4 SV=1 !!!BotR	180	179	179	166	92.74	13	0	1	179	MNDLFYAIENLKHDNQHFDFIEMSLKKYIEKTSKKYNLYYDYYNDILYHLWKELIEINLKNFNSELDLRKYISTSIKRYCINICKKKNRDKKIIYNLEATYKKLEAVNVYSLYCEDFEFLDLISILNYKERQIIYMKFFECRKDNEIARRLHLSRQSIYKIRIKSLKKLYPIVMQLVNI
PROKKA_00005	tr|M1ZWZ6|M1ZWZ6_CLOBO Transcriptional regulator BotR, P-21 OS=Clostridium botulinum CFSAN001627 GN=CFSAN001627_10483 PE=4 SV=1 !!!BotR	180	178	180	93	51.67	84	3	1	179	MNDLFYAIENLKHDNQHFDFIEMSLKKYIEKTSKKYNLYYDYYNDILYHLWKELIEINLKNFNSELDLRKYISTSIKRYCINICKKKNRDKKIIYNLEATYKKLEAV-NVYSLYCEDFEFLDLISILNYKERQIIYMKFFECRKDNEIARRLHLSRQSIYKIRIKSLKKLYPIVMQLVNI
PROKKA_00005	tr|A5HZZ7|A5HZZ7_CLOBH RNA polymerase ECF-type sigma factor OS=Clostridium botulinum (strain Hall / ATCC 3502 / NCTC 13319 / Type A) GN=botR PE=4 SV=1 !!!BotR	180	178	180	93	51.67	84	3	1	179	MNDLFYAIENLKHDNQHFDFIEMSLKKYIEKTSKKYNLYYDYYNDILYHLWKELIEINLKNFNSELDLRKYISTSIKRYCINICKKKNRDKKIIYNLEATYKKLEAV-NVYSLYCEDFEFLDLISILNYKERQIIYMKFFECRKDNEIARRLHLSRQSIYKIRIKSLKKLYPIVMQLVNI
PROKKA_00005	tr|S8CEF4|S8CEF4_CLOBO Transcriptional regulator BotR, P-21 OS=Clostridium botulinum CFSAN002367 GN=CFSAN002367_15806 PE=4 SV=1 !!!BotR	180	178	180	93	51.67	84	3	1	179	MNDLFYAIENLKHDNQHFDFIEMSLKKYIEKTSKKYNLYYDYYNDILYHLWKELIEINLKNFNSELDLRKYISTSIKRYCINICKKKNRDKKIIYNLEATYKKLEAV-NVYSLYCEDFEFLDLISILNYKERQIIYMKFFECRKDNEIARRLHLSRQSIYKIRIKSLKKLYPIVMQLVNI
PROKKA_00005	tr|A0A073CP83|A0A073CP83_CLOBO Transcriptional regulator OS=Clostridium botulinum A2B3 87 GN=N496_19575 PE=4 SV=1 !!! 	180	178	180	93	51.67	84	3	1	179	MNDLFYAIENLKHDNQHFDFIEMSLKKYIEKTSKKYNLYYDYYNDILYHLWKELIEINLKNFNSELDLRKYISTSIKRYCINICKKKNRDKKIIYNLEATYKKLEAV-NVYSLYCEDFEFLDLISILNYKERQIIYMKFFECRKDNEIARRLHLSRQSIYKIRIKSLKKLYPIVMQLVNI
PROKKA_00005	tr|A0A0D1AER2|A0A0D1AER2_CLOBO Transcriptional regulator OS=Clostridium botulinum B2 450 GN=N495_19875 PE=4 SV=1 !!! 	180	178	180	92	51.11	85	3	1	179	MNDLFYAIENLKHDNQHFDFIEMSLKKYIEKTSKKYNLYYDYYNDILYHLWKELIEINLKNFNSELDLRKYISTSIKRYCINICKKKNRDKKIIYNLEATYKKLEAV-NVYSLYCEDFEFLDLISILNYKERQIIYMKFFECRKDNEIARRLHLSRQSIYKIRIKSLKKLYPIVMQLVNI
PROKKA_00005	tr|A0A060N3U8|A0A060N3U8_CLOBO Transcriptional regulator botR OS=Clostridium botulinum B str. Osaka05 GN=CBO05P2_176 PE=4 SV=1 !!!BotR	180	178	180	92	51.11	85	3	1	179	MNDLFYAIENLKHDNQHFDFIEMSLKKYIEKTSKKYNLYYDYYNDILYHLWKELIEINLKNFNSELDLRKYISTSIKRYCINICKKKNRDKKIIYNLEATYKKLEAV-NVYSLYCEDFEFLDLISILNYKERQIIYMKFFECRKDNEIARRLHLSRQSIYKIRIKSLKKLYPIVMQLVNI
PROKKA_00005	tr|B2TSC2|B2TSC2_CLOBB Putative RNA polymerase sigma factor OS=Clostridium botulinum (strain Eklund 17B / Type B) GN=botR PE=4 SV=1 !!!BotR	180	179	175	89	50.86	83	3	1	174	MNDLFYAIENLKHDNQHFDFIEMSLKKYIEKTSKKYNLYYDYYNDILYHLWKELIEINLKNFNSELDLRKYISTSIKRYCINICKKKNRDKKIIYNLEATYKKLEAV-NVYSLYCEDFEFLDLISILNYKERQIIYMKFFECRKDNEIARRLHLSRQSIYKIRIKSLKKLYPIVM
PROKKA_00005	tr|B1L2G2|B1L2G2_CLOBM Transcriptional regulator BotR, P-21 OS=Clostridium botulinum (strain Loch Maree / Type A3) GN=botR PE=4 SV=1 !!!BotR	180	184	177	92	51.98	84	1	3	179	DLFYAIENLKHDNQHFDFIEMSLKKYIEKTSKKYNLYYDYYNDILYHLWKELIEINLKNFNSELDLRKYISTSIKRYCINICKKKNRDKKIIYNLEATYKKLEAVNVYSLYCEDFEFLDLISILNYKERQIIYMKFFECRKDNEIARRLHLSRQSIYKIRIKSLKKLYPIVMQLVNI
PROKKA_00005	tr|A7GBG0|A7GBG0_CLOBL Transcriptional regulator BotR, P-21 OS=Clostridium botulinum (strain Langeland / NCTC 10281 / Type F) GN=botR PE=4 SV=1 !!!BotR	180	178	179	91	50.84	87	1	1	179	MNDLFYAIENLKHDNQHFDFIEMSLKKYIEKTSKKYNLYYDYYNDILYHLWKELIEINLKNFNSELDLRKYISTSIKRYCINICKKKNRDKKIIYNLEATYKKLEAVNVYSLYCEDFEFLDLISILNYKERQIIYMKFFECRKDNEIARRLHLSRQSIYKIRIKSLKKLYPIVMQLVNI
PROKKA_00005	tr|A0A073CMR9|A0A073CMR9_CLOBO Transcriptional regulator OS=Clostridium botulinum A2B3 87 GN=N496_18580 PE=4 SV=1 !!! 	180	178	179	90	50.28	88	1	1	179	MNDLFYAIENLKHDNQHFDFIEMSLKKYIEKTSKKYNLYYDYYNDILYHLWKELIEINLKNFNSELDLRKYISTSIKRYCINICKKKNRDKKIIYNLEATYKKLEAVNVYSLYCEDFEFLDLISILNYKERQIIYMKFFECRKDNEIARRLHLSRQSIYKIRIKSLKKLYPIVMQLVNI
PROKKA_00005	tr|A0A0C1QVR0|A0A0C1QVR0_9CLOT Transcriptional regulator BotR, P-21 OS=Clostridium argentinense CDC 2741 GN=botR PE=4 SV=1 !!!BotR	180	178	179	80	44.69	98	1	1	179	MNDLFYAIENLKHDNQHFDFIEMSLKKYIEKTSKKYNLYYDYYNDILYHLWKELIEINLKNFNSELDLRKYISTSIKRYCINICKKKNRDKKIIYNLEATYKKLEAVNVYSLYCEDFEFLDLISILNYKERQIIYMKFFECRKDNEIARRLHLSRQSIYKIRIKSLKKLYPIVMQLVNI
PROKKA_00005	tr|C5VU80|C5VU80_CLOBO Botulinum neurotoxin type D, nontoxic-nonhemagglutinin component, NTNH OS=Clostridium botulinum D str. 1873 GN=ntnH PE=4 SV=1 !!!ntnH	180	1196	27	11	40.74	16	0	107	133	VNVYSLYCEDFEFLDLISILNYKERQI
PROKKA_00005	tr|A0A060N6G5|A0A060N6G5_CLOBO Nontoxic-nonhemagglutinin component, NTNH OS=Clostridium botulinum B str. Osaka05 GN=CBO05P2_175 PE=4 SV=1 !!!ntnH	180	1197	87	19	21.84	55	13	67	153	DLRKYISTSIKRYCINICKKKNRDKKIIYNLEATYKKLEAVNVYSLYCEDFEFLDLISILNYKERQIIYMKFFECRKDNEIARRLHL
PROKKA_00005	tr|A0A060N6G5|A0A060N6G5_CLOBO Nontoxic-nonhemagglutinin component, NTNH OS=Clostridium botulinum B str. Osaka05 GN=CBO05P2_175 PE=4 SV=1 !!!ntnH	180	1197	24	9	37.50	15	0	102	125	KKLEAVNVYSLYCEDFEFLDLISI
PROKKA_00005	tr|B1BE43|B1BE43_CLOBO Botulinum neurotoxin type C, nontoxic-nonhemagglutinin component NTNH OS=Clostridium botulinum C str. Eklund GN=CBC_A0166 PE=4 SV=1 !!!ntnH	180	1196	27	9	33.33	18	0	107	133	VNVYSLYCEDFEFLDLISILNYKERQI
PROKKA_00005	tr|B1INP6|B1INP6_CLOBK Botulinum neurotoxin type B1, nontoxic-nonhemagglutinin component, NTNH OS=Clostridium botulinum (strain Okra / Type B1) GN=ntnH PE=4 SV=1 !!!ntnH	180	1197	87	19	21.84	55	13	67	153	DLRKYISTSIKRYCINICKKKNRDKKIIYNLEATYKKLEAVNVYSLYCEDFEFLDLISILNYKERQIIYMKFFECRKDNEIARRLHL
PROKKA_00005	tr|B1INP6|B1INP6_CLOBK Botulinum neurotoxin type B1, nontoxic-nonhemagglutinin component, NTNH OS=Clostridium botulinum (strain Okra / Type B1) GN=ntnH PE=4 SV=1 !!!ntnH	180	1197	24	9	37.50	15	0	102	125	KKLEAVNVYSLYCEDFEFLDLISI
PROKKA_00005	tr|B2TSC3|B2TSC3_CLOBB Botulinum neurotoxin type B OS=Clostridium botulinum (strain Eklund 17B / Type B) GN=ntnH PE=4 SV=1 !!!ntnH	180	1197	30	10	33.33	20	0	67	96	DLRKYISTSIKRYCINICKKKNRDKKIIYN
PROKKA_00006	tr|B1BE46|B1BE46_CLOBO Non-toxin haemagglutinin HA-70 OS=Clostridium botulinum C str. Eklund GN=CBC_A0169 PE=4 SV=1 !!!ha70	624	623	618	546	88.35	72	0	1	618	MSLSIKELYYAKDKSINNVNLADGNYVVNRGDGWILSRQNQNLGGNISNNGCTAIVGDLRIRETATPYYYPTASFNEEYIRNNVQNVFANFTEASEIPIGFEFSKTAPSNKSLYMYLQYTYIRYEIIKVLQNTVIERAVLYVPSLGYVKSIEFNSGEQIDKNFYFTSEDKCILNEKFIYKKIAETTTAKESNDSNNTTNLNTSQTILPYPNGLYVINKGDGYMRTNDKDLIGTLLIETNTSGSIIQPRLRNTTRPLFNTSNPTLFSQEYTEARLNDAFNIQLFNTSTALFKFVEEAPDNKNISMKAYNTYEKYELINYQDGNIADKAEYYLPSLGKCEVSDAPSPQAPVVETPVDQDGFIQTGPNENIIVGVINPSENIEEISTPIPDDYTYNIPTSIQNNACYVLFTVNTTGVYKINAQNNLPPLIIYESIGSDNMNIQSNTLSNNNIKAINYITGTDSANAESYLIVSLIKNKNYYIRIPQISSSTTNQLIFKRELGNISDLANSTVNILDNLNTSGTHYYTRQSPDVGNYISYQLTIPGDFNNIASSIFSFRTRNNQGIGTLYRLTESINGYNLITIKNYSDLLNNVEPISLLNGATYIFRVKVTELNNYNIIFD
PROKKA_00006	tr|B2TSB9|B2TSB9_CLOBB Heamagglutinin components HA-70 OS=Clostridium botulinum (strain Eklund 17B / Type B) GN=ha70 PE=4 SV=1 !!!ha70	624	626	619	435	70.27	179	5	1	615	MSLSIKELY-YAKDKSIN---NVNLADGNYVVNRGDGWILSRQNQNLGGNISNNGCTAIVGDLRIRETATPYYYPTASFNEEYIRNNVQNVFANFTEASEIPIGFEFSKTAPSNKSLYMYLQYTYIRYEIIKVLQNTVIERAVLYVPSLGYVKSIEFNSGEQIDKNFYFTSEDKCILNEKFIYKKIAETTTAKESNDSNNTTNLNTSQTILPYPNGLYVINKGDGYMRTNDKDLIGTLLIETNTSGSIIQPRLRNTTRPLFNTSNPTLFSQEYTEARLNDAFNIQLFNTSTALFKFVEEAPDNKNISMKAYNTYEKYELINYQDGNIADKAEYYLPSLGKCEVSDAPSPQAPVVETPVDQDGFIQTGPNENIIVGVINPSENIEEISTPIPDDYTYNIPTSIQNNACYVLFTVNTTGVYKINAQNNLPPLIIYESIGSDNMNIQSNTLSNNNIKAINYITGTDSANAESYLIVSLIKNKNYYIRIPQISSSTTNQLIFKRELGNISDLANSTVNILDNLNTSGTHYYTRQSPDVGNYISYQLTIPGDFNNIASSIFSFRTRNNQGIGTLYRLTESINGYNLITIKNYSDLLNNVEPISLLNGATYIFRVKVTELNNYNI
PROKKA_00006	tr|B1INQ0|B1INQ0_CLOBK Hemagglutinin component HA70 OS=Clostridium botulinum (strain Okra / Type B1) GN=ha70 PE=4 SV=1 !!!ha70	624	626	619	432	69.79	182	5	1	615	MSLSIKELY-YAKDKSIN---NVNLADGNYVVNRGDGWILSRQNQNLGGNISNNGCTAIVGDLRIRETATPYYYPTASFNEEYIRNNVQNVFANFTEASEIPIGFEFSKTAPSNKSLYMYLQYTYIRYEIIKVLQNTVIERAVLYVPSLGYVKSIEFNSGEQIDKNFYFTSEDKCILNEKFIYKKIAETTTAKESNDSNNTTNLNTSQTILPYPNGLYVINKGDGYMRTNDKDLIGTLLIETNTSGSIIQPRLRNTTRPLFNTSNPTLFSQEYTEARLNDAFNIQLFNTSTALFKFVEEAPDNKNISMKAYNTYEKYELINYQDGNIADKAEYYLPSLGKCEVSDAPSPQAPVVETPVDQDGFIQTGPNENIIVGVINPSENIEEISTPIPDDYTYNIPTSIQNNACYVLFTVNTTGVYKINAQNNLPPLIIYESIGSDNMNIQSNTLSNNNIKAINYITGTDSANAESYLIVSLIKNKNYYIRIPQISSSTTNQLIFKRELGNISDLANSTVNILDNLNTSGTHYYTRQSPDVGNYISYQLTIPGDFNNIASSIFSFRTRNNQGIGTLYRLTESINGYNLITIKNYSDLLNNVEPISLLNGATYIFRVKVTELNNYNI
PROKKA_00006	tr|M1ZPH7|M1ZPH7_CLOBO Hemagglutinin component HA70 OS=Clostridium botulinum CFSAN001627 GN=CFSAN001627_19663 PE=4 SV=1 !!!ha70	624	626	619	430	69.47	184	5	1	615	MSLSIKELYY-AKDKSIN---NVNLADGNYVVNRGDGWILSRQNQNLGGNISNNGCTAIVGDLRIRETATPYYYPTASFNEEYIRNNVQNVFANFTEASEIPIGFEFSKTAPSNKSLYMYLQYTYIRYEIIKVLQNTVIERAVLYVPSLGYVKSIEFNSGEQIDKNFYFTSEDKCILNEKFIYKKIAETTTAKESNDSNNTTNLNTSQTILPYPNGLYVINKGDGYMRTNDKDLIGTLLIETNTSGSIIQPRLRNTTRPLFNTSNPTLFSQEYTEARLNDAFNIQLFNTSTALFKFVEEAPDNKNISMKAYNTYEKYELINYQDGNIADKAEYYLPSLGKCEVSDAPSPQAPVVETPVDQDGFIQTGPNENIIVGVINPSENIEEISTPIPDDYTYNIPTSIQNNACYVLFTVNTTGVYKINAQNNLPPLIIYESIGSDNMNIQSNTLSNNNIKAINYITGTDSANAESYLIVSLIKNKNYYIRIPQISSSTTNQLIFKRELGNISDLANSTVNILDNLNTSGTHYYTRQSPDVGNYISYQLTIPGDFNNIASSIFSFRTRNNQGIGTLYRLTESINGYNLITIKNYSDLLNNVEPISLLNGATYIFRVKVTELNNYNI
PROKKA_00006	tr|A0A060NA10|A0A060NA10_CLOBO Haemagglutinin component HA70 OS=Clostridium botulinum B str. Osaka05 GN=CBO05P2_179 PE=4 SV=1 !!!ha70	624	626	619	430	69.47	184	5	1	615	MSLSIKELYY-AKDKSIN---NVNLADGNYVVNRGDGWILSRQNQNLGGNISNNGCTAIVGDLRIRETATPYYYPTASFNEEYIRNNVQNVFANFTEASEIPIGFEFSKTAPSNKSLYMYLQYTYIRYEIIKVLQNTVIERAVLYVPSLGYVKSIEFNSGEQIDKNFYFTSEDKCILNEKFIYKKIAETTTAKESNDSNNTTNLNTSQTILPYPNGLYVINKGDGYMRTNDKDLIGTLLIETNTSGSIIQPRLRNTTRPLFNTSNPTLFSQEYTEARLNDAFNIQLFNTSTALFKFVEEAPDNKNISMKAYNTYEKYELINYQDGNIADKAEYYLPSLGKCEVSDAPSPQAPVVETPVDQDGFIQTGPNENIIVGVINPSENIEEISTPIPDDYTYNIPTSIQNNACYVLFTVNTTGVYKINAQNNLPPLIIYESIGSDNMNIQSNTLSNNNIKAINYITGTDSANAESYLIVSLIKNKNYYIRIPQISSSTTNQLIFKRELGNISDLANSTVNILDNLNTSGTHYYTRQSPDVGNYISYQLTIPGDFNNIASSIFSFRTRNNQGIGTLYRLTESINGYNLITIKNYSDLLNNVEPISLLNGATYIFRVKVTELNNYNI
PROKKA_00006	tr|A0A0E1L2H2|A0A0E1L2H2_CLOBO Hemagglutinin components HA-22/23/53 OS=Clostridium botulinum CDC_1436 GN=ha-70 PE=4 SV=1 !!!ha70	624	626	619	431	69.63	183	5	1	615	MSLSIKELYY-AKDKSIN---NVNLADGNYVVNRGDGWILSRQNQNLGGNISNNGCTAIVGDLRIRETATPYYYPTASFNEEYIRNNVQNVFANFTEASEIPIGFEFSKTAPSNKSLYMYLQYTYIRYEIIKVLQNTVIERAVLYVPSLGYVKSIEFNSGEQIDKNFYFTSEDKCILNEKFIYKKIAETTTAKESNDSNNTTNLNTSQTILPYPNGLYVINKGDGYMRTNDKDLIGTLLIETNTSGSIIQPRLRNTTRPLFNTSNPTLFSQEYTEARLNDAFNIQLFNTSTALFKFVEEAPDNKNISMKAYNTYEKYELINYQDGNIADKAEYYLPSLGKCEVSDAPSPQAPVVETPVDQDGFIQTGPNENIIVGVINPSENIEEISTPIPDDYTYNIPTSIQNNACYVLFTVNTTGVYKINAQNNLPPLIIYESIGSDNMNIQSNTLSNNNIKAINYITGTDSANAESYLIVSLIKNKNYYIRIPQISSSTTNQLIFKRELGNISDLANSTVNILDNLNTSGTHYYTRQSPDVGNYISYQLTIPGDFNNIASSIFSFRTRNNQGIGTLYRLTESINGYNLITIKNYSDLLNNVEPISLLNGATYIFRVKVTELNNYNI
PROKKA_00006	tr|A0A0B4W4X0|A0A0B4W4X0_CLOBO Hemagglutinin components HA-22/23/53 OS=Clostridium botulinum Prevot_594 GN=ha-70 PE=4 SV=1 !!!ha70	624	626	619	431	69.63	183	5	1	615	MSLSIKELYY-AKDKSIN---NVNLADGNYVVNRGDGWILSRQNQNLGGNISNNGCTAIVGDLRIRETATPYYYPTASFNEEYIRNNVQNVFANFTEASEIPIGFEFSKTAPSNKSLYMYLQYTYIRYEIIKVLQNTVIERAVLYVPSLGYVKSIEFNSGEQIDKNFYFTSEDKCILNEKFIYKKIAETTTAKESNDSNNTTNLNTSQTILPYPNGLYVINKGDGYMRTNDKDLIGTLLIETNTSGSIIQPRLRNTTRPLFNTSNPTLFSQEYTEARLNDAFNIQLFNTSTALFKFVEEAPDNKNISMKAYNTYEKYELINYQDGNIADKAEYYLPSLGKCEVSDAPSPQAPVVETPVDQDGFIQTGPNENIIVGVINPSENIEEISTPIPDDYTYNIPTSIQNNACYVLFTVNTTGVYKINAQNNLPPLIIYESIGSDNMNIQSNTLSNNNIKAINYITGTDSANAESYLIVSLIKNKNYYIRIPQISSSTTNQLIFKRELGNISDLANSTVNILDNLNTSGTHYYTRQSPDVGNYISYQLTIPGDFNNIASSIFSFRTRNNQGIGTLYRLTESINGYNLITIKNYSDLLNNVEPISLLNGATYIFRVKVTELNNYNI
PROKKA_00006	tr|A5HZZ4|A5HZZ4_CLOBH Hemagglutinin component of the neurotoxin complex OS=Clostridium botulinum (strain Hall / ATCC 3502 / NCTC 13319 / Type A) GN=ha70 PE=1 SV=1 !!!ha70	624	626	619	431	69.63	183	5	1	615	MSLSIKELYY-AKDKSIN---NVNLADGNYVVNRGDGWILSRQNQNLGGNISNNGCTAIVGDLRIRETATPYYYPTASFNEEYIRNNVQNVFANFTEASEIPIGFEFSKTAPSNKSLYMYLQYTYIRYEIIKVLQNTVIERAVLYVPSLGYVKSIEFNSGEQIDKNFYFTSEDKCILNEKFIYKKIAETTTAKESNDSNNTTNLNTSQTILPYPNGLYVINKGDGYMRTNDKDLIGTLLIETNTSGSIIQPRLRNTTRPLFNTSNPTLFSQEYTEARLNDAFNIQLFNTSTALFKFVEEAPDNKNISMKAYNTYEKYELINYQDGNIADKAEYYLPSLGKCEVSDAPSPQAPVVETPVDQDGFIQTGPNENIIVGVINPSENIEEISTPIPDDYTYNIPTSIQNNACYVLFTVNTTGVYKINAQNNLPPLIIYESIGSDNMNIQSNTLSNNNIKAINYITGTDSANAESYLIVSLIKNKNYYIRIPQISSSTTNQLIFKRELGNISDLANSTVNILDNLNTSGTHYYTRQSPDVGNYISYQLTIPGDFNNIASSIFSFRTRNNQGIGTLYRLTESINGYNLITIKNYSDLLNNVEPISLLNGATYIFRVKVTELNNYNI
PROKKA_00006	tr|A0A0C1TZQ5|A0A0C1TZQ5_9CLOT Hemagglutinin components HA-22/23/53 OS=Clostridium argentinense CDC 2741 GN=ha-70 PE=4 SV=1 !!!ha70	624	629	600	390	65.00	205	5	20	615	NLADGNYVVNRGDGWILSRQNQNLGGNISNNGCTAIVGDLRIRETATPYYYPTASFNEEYIRNNVQNVFANFTEASEIPIGFEFSKTAPSNKSLYMYLQYTYIRYEIIKVLQNTVIERAVLYVPSLGYVKSIEFNSGEQIDKNFYFTSEDKCILNEKFIYKKIAETTT---AKESNDSNNTTNLNTSQTILPYPNGLYVINKGDGYMRTNDKDLIGTLLIETNTSGSIIQPRLRNTTRPLFNTSNPTLFSQEYTEARLNDAFNIQLFNTSTALFKFVEEAPDNKNISMKAYNTYEKYELINYQDGNIADKAEYYLPSLGKCEVSDAPSPQAPVVETPVDQDGFIQTGPNENIIVGVINPSENIEEISTPIPDDYTYNIPTSIQNNACYVLFTVNTTGVYKINAQNNLPPLIIYESIGSDNMNIQSNTLSNNNIKAINYITGTDSANAESYLIVSLIKNKNYYIRIPQISSSTTNQLIFKRE-LGNISDLANSTVNILDNLNTSGTHYYTRQSPDVGNYISYQLTIPGDFNNIASSIFSFRTRNNQGIGTLYRLTESINGYNLITIKNYSDLLNNVEPISLLNGATYIFRVKVTELNNYNI
PROKKA_00006	tr|S8BA68|S8BA68_CLOBO Hemagglutinin component HA70 OS=Clostridium botulinum CFSAN002367 GN=CFSAN002367_15786 PE=4 SV=1 !!!ha70	624	508	501	350	69.86	150	1	115	615	MYLQYTYIRYEIIKVLQNTVIERAVLYVPSLGYVKSIEFNSGEQIDKNFYFTSEDKCILNEKFIYKKIAETTTAKESNDSNNTTNLNTSQTILPYPNGLYVINKGDGYMRTNDKDLIGTLLIETNTSGSIIQPRLRNTTRPLFNTSNPTLFSQEYTEARLNDAFNIQLFNTSTALFKFVEEAPDNKNISMKAYNTYEKYELINYQDGNIADKAEYYLPSLGKCEVSDAPSPQAPVVETPVDQDGFIQTGPNENIIVGVINPSENIEEISTPIPDDYTYNIPTSIQNNACYVLFTVNTTGVYKINAQNNLPPLIIYESIGSDNMNIQSNTLSNNNIKAINYITGTDSANAESYLIVSLIKNKNYYIRIPQISSSTTNQLIFKRELGNISDLANSTVNILDNLNTSGTHYYTRQSPDVGNYISYQLTIPGDFNNIASSIFSFRTRNNQGIGTLYRLTESINGYNLITIKNYSDLLNNVEPISLLNGATYIFRVKVTELNNYNI
PROKKA_00006	tr|S8BA68|S8BA68_CLOBO Hemagglutinin component HA70 OS=Clostridium botulinum CFSAN002367 GN=CFSAN002367_15786 PE=4 SV=1 !!!ha70	624	508	132	36	27.27	89	7	22	149	ADGNYVVNRGDGWILSRQNQNLGGNISNNGCTAIVGDLRIRETATPYYYPT--ASFNEEYIRNNVQNVF--ANFTEASEIPIGFEFSKTAPSNKSLYMYLQYTYIRYEIIKVLQNTVIERAVLYVPSLGYVK
PROKKA_00006	tr|C1FUH7|C1FUH7_CLOBJ P-47 protein OS=Clostridium botulinum (strain Kyoto / Type A2) GN=p47 PE=4 SV=1 !!!P-47	624	416	50	16	32.00	21	13	35	71	ILSRQNQNLGGNISNNGCTAI-VGDLRIR------------ETATPYYYP
PROKKA_00006	tr|B1BE45|B1BE45_CLOBO Non-toxin haemagglutinin HA-17 OS=Clostridium botulinum C str. Eklund GN=CBC_A0168 PE=4 SV=1 !!!ha17	624	146	14	9	64.29	5	0	100	113	GFEFSKTAPSNKSL
PROKKA_00006	tr|A0A0C1TY77|A0A0C1TY77_9CLOT Main hemagglutinin component OS=Clostridium argentinense CDC 2741 GN=ha-33 PE=4 SV=1 !!!ha33	624	285	59	18	30.51	35	6	281	336	QLFNTSTALFKFVEEAPDNKNISMKAYNTYE---KYELINYQDGNIADKAEYYLPSLGK
PROKKA_00007	tr|C5VU78|C5VU78_CLOBO Hemagglutinin component HA17 OS=Clostridium botulinum D str. 1873 GN=ha17 PE=4 SV=1 !!!ha17	147	146	146	145	99.32	1	0	1	146	MSSERTFLPNGNYKIKSLFSNSLYLTYSSGALSFSNTSSLDNQKWKLEYISSSNGFRFSNVAESNKYLAYNDYGFIYLSSSSNNSLWNPIKIAINSYIICTLSIVNVTDYAWTIYDNNNNITDQPILNLPNFDINNSNQILKLEKL
PROKKA_00007	tr|B1BE45|B1BE45_CLOBO Non-toxin haemagglutinin HA-17 OS=Clostridium botulinum C str. Eklund GN=CBC_A0168 PE=4 SV=1 !!!ha17	147	146	146	142	97.26	4	0	1	146	MSSERTFLPNGNYKIKSLFSNSLYLTYSSGALSFSNTSSLDNQKWKLEYISSSNGFRFSNVAESNKYLAYNDYGFIYLSSSSNNSLWNPIKIAINSYIICTLSIVNVTDYAWTIYDNNNNITDQPILNLPNFDINNSNQILKLEKL
PROKKA_00007	tr|A0A073CN83|A0A073CN83_CLOBO Hemagglutinin OS=Clostridium botulinum A2B3 87 GN=N496_19565 PE=4 SV=1 !!! 	147	146	146	93	63.70	53	0	1	146	MSSERTFLPNGNYKIKSLFSNSLYLTYSSGALSFSNTSSLDNQKWKLEYISSSNGFRFSNVAESNKYLAYNDYGFIYLSSSSNNSLWNPIKIAINSYIICTLSIVNVTDYAWTIYDNNNNITDQPILNLPNFDINNSNQILKLEKL
PROKKA_00007	tr|B1INP9|B1INP9_CLOBK Hemagglutinin component HA17 OS=Clostridium botulinum (strain Okra / Type B1) GN=ha17 PE=4 SV=1 !!!ha17	147	146	146	92	63.01	54	0	1	146	MSSERTFLPNGNYKIKSLFSNSLYLTYSSGALSFSNTSSLDNQKWKLEYISSSNGFRFSNVAESNKYLAYNDYGFIYLSSSSNNSLWNPIKIAINSYIICTLSIVNVTDYAWTIYDNNNNITDQPILNLPNFDINNSNQILKLEKL
PROKKA_00007	tr|A0A0D1BS75|A0A0D1BS75_CLOBO Hemagglutinin OS=Clostridium botulinum B2 450 GN=N495_19885 PE=4 SV=1 !!! 	147	146	146	92	63.01	54	0	1	146	MSSERTFLPNGNYKIKSLFSNSLYLTYSSGALSFSNTSSLDNQKWKLEYISSSNGFRFSNVAESNKYLAYNDYGFIYLSSSSNNSLWNPIKIAINSYIICTLSIVNVTDYAWTIYDNNNNITDQPILNLPNFDINNSNQILKLEKL
PROKKA_00007	tr|A0A060N976|A0A060N976_CLOBO Hemagglutinin component HA17 OS=Clostridium botulinum B str. Osaka05 GN=CBO05P2_178 PE=4 SV=1 !!!ha17	147	146	146	92	63.01	54	0	1	146	MSSERTFLPNGNYKIKSLFSNSLYLTYSSGALSFSNTSSLDNQKWKLEYISSSNGFRFSNVAESNKYLAYNDYGFIYLSSSSNNSLWNPIKIAINSYIICTLSIVNVTDYAWTIYDNNNNITDQPILNLPNFDINNSNQILKLEKL
PROKKA_00007	tr|A0A0E1L447|A0A0E1L447_CLOBO Hemagglutinin component HA-17 OS=Clostridium botulinum CDC_1436 GN=ha-17 PE=4 SV=1 !!!ha17	147	146	146	92	63.01	54	0	1	146	MSSERTFLPNGNYKIKSLFSNSLYLTYSSGALSFSNTSSLDNQKWKLEYISSSNGFRFSNVAESNKYLAYNDYGFIYLSSSSNNSLWNPIKIAINSYIICTLSIVNVTDYAWTIYDNNNNITDQPILNLPNFDINNSNQILKLEKL
PROKKA_00007	tr|B2TSC0|B2TSC0_CLOBB Hemagglutinin component HA-17 OS=Clostridium botulinum (strain Eklund 17B / Type B) GN=ha17 PE=4 SV=1 !!!ha17	147	146	146	91	62.33	55	0	1	146	MSSERTFLPNGNYKIKSLFSNSLYLTYSSGALSFSNTSSLDNQKWKLEYISSSNGFRFSNVAESNKYLAYNDYGFIYLSSSSNNSLWNPIKIAINSYIICTLSIVNVTDYAWTIYDNNNNITDQPILNLPNFDINNSNQILKLEKL
PROKKA_00007	tr|A5HZZ5|A5HZZ5_CLOBH Hemagglutinin component of the neurotoxin complex OS=Clostridium botulinum (strain Hall / ATCC 3502 / NCTC 13319 / Type A) GN=ha17 PE=1 SV=1 !!!ha17	147	146	146	91	62.33	55	0	1	146	MSSERTFLPNGNYKIKSLFSNSLYLTYSSGALSFSNTSSLDNQKWKLEYISSSNGFRFSNVAESNKYLAYNDYGFIYLSSSSNNSLWNPIKIAINSYIICTLSIVNVTDYAWTIYDNNNNITDQPILNLPNFDINNSNQILKLEKL
PROKKA_00007	tr|A0A0B4W498|A0A0B4W498_CLOBO Hemagglutinin component HA-17 OS=Clostridium botulinum Prevot_594 GN=ha-17 PE=4 SV=1 !!!ha17	147	146	146	90	61.64	56	0	1	146	MSSERTFLPNGNYKIKSLFSNSLYLTYSSGALSFSNTSSLDNQKWKLEYISSSNGFRFSNVAESNKYLAYNDYGFIYLSSSSNNSLWNPIKIAINSYIICTLSIVNVTDYAWTIYDNNNNITDQPILNLPNFDINNSNQILKLEKL
PROKKA_00007	tr|A0A0C1QVX2|A0A0C1QVX2_9CLOT Hemagglutinin component HA-17 OS=Clostridium argentinense CDC 2741 GN=ha-17 PE=4 SV=1 !!!ha17	147	147	150	75	50.00	68	7	1	146	MSSERTFLPNGNYKIKSLFSNSLYLTYSSGALSFSNTSSLDNQKWKLEYISSSNGFRFSNVAESNKYLAYNDYGFIYLS----SSSNNSLWNPIKIAINSYIICTLSIVNVTDYAWTIYDNNNNITDQPILNLPNFDINNSNQILKLEKL
PROKKA_00007	tr|B2TSC1|B2TSC1_CLOBB Haemagglutinin component OS=Clostridium botulinum (strain Eklund 17B / Type B) GN=ha33 PE=4 SV=1  !!!ha33	147	292	68	20	29.41	41	7	42	102	NQKWKLEYISSSNGFRFSNVAESNKYLAY--NDYGFIYLSSSSNNS-----LWNPIKIAINSYIICTL
PROKKA_00007	tr|B2TSC1|B2TSC1_CLOBB Haemagglutinin component OS=Clostridium botulinum (strain Eklund 17B / Type B) GN=ha33 PE=4 SV=1  !!!ha33	147	292	91	30	32.97	55	6	13	99	YKIKSLFSNS--LYLTYSSGA--LSFSNTSSLDNQKWKLEYISSSNGFRFSNVAESNKYLAYNDYGFIYLSSSSNNSLWNPIKIAINSYII
PROKKA_00007	tr|A5HZZ6|A5HZZ6_CLOBH Hemagglutinin component of the neurotoxin complex OS=Clostridium botulinum (strain Hall / ATCC 3502 / NCTC 13319 / Type A) GN=ha33 PE=1 SV=1 !!!ha33	147	293	94	31	32.98	57	6	13	102	YKIKSL--FSNSLYLTYSSGA--LSFSNTSSLDNQKWKLEYISSSNGFRFSNVAESNKYLAYNDYGFIYLSSSSNNSLWNPIKIAINSYIICTL
PROKKA_00007	tr|A5HZZ6|A5HZZ6_CLOBH Hemagglutinin component of the neurotoxin complex OS=Clostridium botulinum (strain Hall / ATCC 3502 / NCTC 13319 / Type A) GN=ha33 PE=1 SV=1 !!!ha33	147	293	29	10	34.48	19	0	42	70	NQKWKLEYISSSNGFRFSNVAESNKYLAY
PROKKA_00007	tr|A5HZZ6|A5HZZ6_CLOBH Hemagglutinin component of the neurotoxin complex OS=Clostridium botulinum (strain Hall / ATCC 3502 / NCTC 13319 / Type A) GN=ha33 PE=1 SV=1 !!!ha33	147	293	23	8	34.78	15	0	26	48	TYSSGALSFSNTSSLDNQKWKLE
PROKKA_00007	tr|B1INP8|B1INP8_CLOBK Hemagglutinin component HA33 OS=Clostridium botulinum (strain Okra / Type B1) GN=ha33 PE=1 SV=1 !!!ha33	147	294	68	21	30.88	40	7	42	102	NQKWKLEYISSSNGFRFSNVAESNKYLA--YNDYGFIYLSSSSNNS-----LWNPIKIAINSYIICTL
PROKKA_00007	tr|B1INP8|B1INP8_CLOBK Hemagglutinin component HA33 OS=Clostridium botulinum (strain Okra / Type B1) GN=ha33 PE=1 SV=1 !!!ha33	147	294	91	28	30.77	57	6	13	99	YKIKSL--FSNSLYLTYSSGA--LSFSNTSSLDNQKWKLEYISSSNGFRFSNVAESNKYLAYNDYGFIYLSSSSNNSLWNPIKIAINSYII
PROKKA_00007	tr|A0A0C1TY77|A0A0C1TY77_9CLOT Main hemagglutinin component OS=Clostridium argentinense CDC 2741 GN=ha-33 PE=4 SV=1 !!!ha33	147	285	59	14	23.73	45	0	13	71	YKIKSLFSNSLYLTYSSGALSFSNTSSLDNQKWKLEYISSSNGFRFSNVAESNKYLAYN
PROKKA_00007	tr|A0A0C1TY77|A0A0C1TY77_9CLOT Main hemagglutinin component OS=Clostridium argentinense CDC 2741 GN=ha-33 PE=4 SV=1 !!!ha33	147	285	76	23	30.26	47	6	13	84	YKIKSLFSNSLYLTYSSGALSFSNTSSL--DNQKWKL--EYISSSNGFRFSNVAESNKYLAYNDYGFIYLSSSSNN
PROKKA_00007	tr|C5VU79|C5VU79_CLOBO Hemagglutinin component HA33 OS=Clostridium botulinum D str. 1873 GN=ha33 PE=4 SV=1 !!!ha33	147	285	52	16	30.77	29	7	41	87	DNQKWKLEYISSSNGFRFSNVAESNKYLAY-----NDYGFIYLSSSSNNSLW
PROKKA_00007	tr|C5VU79|C5VU79_CLOBO Hemagglutinin component HA33 OS=Clostridium botulinum D str. 1873 GN=ha33 PE=4 SV=1 !!!ha33	147	285	43	17	39.53	22	4	13	51	YKIKSLFSNSLYLTYSS--GALSFSNTSSLDNQKWKL--EYIS
PROKKA_00007	tr|C5VU79|C5VU79_CLOBO Hemagglutinin component HA33 OS=Clostridium botulinum D str. 1873 GN=ha33 PE=4 SV=1 !!!ha33	147	285	44	11	25.00	33	0	28	71	SSGALSFSNTSSLDNQKWKLEYISSSNGFRFSNVAESNKYLAYN
PROKKA_00007	tr|C5UY14|C5UY14_CLOBO Botulinum neurotoxin type E1, nontoxic-nonhemagglutinin component, NTNH OS=Clostridium botulinum E1 str. 'BoNT E Beluga' GN=ntnH PE=4 SV=1 !!!ntnH	147	1163	59	22	37.29	28	9	38	96	SSLDNQKWKLEYISSSNGFRFSNVAESNKYLAYNDYGFIYLSSSSNNSLWNPIKIAINS
PROKKA_00007	tr|C5UY14|C5UY14_CLOBO Botulinum neurotoxin type E1, nontoxic-nonhemagglutinin component, NTNH OS=Clostridium botulinum E1 str. 'BoNT E Beluga' GN=ntnH PE=4 SV=1 !!!ntnH	147	1163	26	12	46.15	13	1	102	127	LSIVNVTDYAWTIYDNNNNITDQPIL
PROKKA_00007	tr|A0A0X1KH90|A0A0X1KH90_CLOBA Botulinum neurotoxin type E, nontoxic-nonhemagglutinin component, NTNH OS=Clostridium botulinum (strain Alaska E43 / Type E3) PE=1 SV=1 !!!ntnH	147	1163	59	22	37.29	28	9	38	96	SSLDNQKWKLEYISSSNGFRFSNVAESNKYLAYNDYGFIYLSSSSNNSLWNPIKIAINS
PROKKA_00007	tr|A0A0X1KH90|A0A0X1KH90_CLOBA Botulinum neurotoxin type E, nontoxic-nonhemagglutinin component, NTNH OS=Clostridium botulinum (strain Alaska E43 / Type E3) PE=1 SV=1 !!!ntnH	147	1163	26	12	46.15	13	1	102	127	LSIVNVTDYAWTIYDNNNNITDQPIL
PROKKA_00007	tr|B2TSC3|B2TSC3_CLOBB Botulinum neurotoxin type B OS=Clostridium botulinum (strain Eklund 17B / Type B) GN=ntnH PE=4 SV=1 !!!ntnH	147	1197	12	8	66.67	4	0	110	121	YAWTIYDNNNNI
PROKKA_00007	tr|B1BE46|B1BE46_CLOBO Non-toxin haemagglutinin HA-70 OS=Clostridium botulinum C str. Eklund GN=CBC_A0169 PE=4 SV=1 !!!ha70	147	623	23	12	52.17	10	1	55	76	GFRFSNVAESNKYL-AYNDYGFI
PROKKA_00007	tr|C4IHM0|C4IHM0_CLOBU Botulinum neurotoxin type E, nontoxic-nonhemagglutinin component, NTNH OS=Clostridium butyricum E4 str. BoNT E BL5262 GN=ntnH PE=4 SV=1 !!!ntnH	147	1163	59	22	37.29	28	9	38	96	SSLDNQKWKLEYISSSNGFRFSNVAESNKYLAYNDYGFIYLSSSSNNSLWNPIKIAINS
PROKKA_00007	tr|C4IHM0|C4IHM0_CLOBU Botulinum neurotoxin type E, nontoxic-nonhemagglutinin component, NTNH OS=Clostridium butyricum E4 str. BoNT E BL5262 GN=ntnH PE=4 SV=1 !!!ntnH	147	1163	26	12	46.15	13	1	102	127	LSIVNVTDYAWTIYDNNNNITDQPIL
PROKKA_00007	tr|M1ZPH7|M1ZPH7_CLOBO Hemagglutinin component HA70 OS=Clostridium botulinum CFSAN001627 GN=CFSAN001627_19663 PE=4 SV=1 !!!ha70	147	626	20	11	55.00	5	4	55	70	GFRFSNVAESNK----YLAY
PROKKA_00007	tr|B2TSB9|B2TSB9_CLOBB Heamagglutinin components HA-70 OS=Clostridium botulinum (strain Eklund 17B / Type B) GN=ha70 PE=4 SV=1 !!!ha70	147	626	20	11	55.00	5	4	55	70	GFRFSNVAESNK----YLAY
PROKKA_00007	tr|B2TSB9|B2TSB9_CLOBB Heamagglutinin components HA-70 OS=Clostridium botulinum (strain Eklund 17B / Type B) GN=ha70 PE=4 SV=1 !!!ha70	147	626	56	17	30.36	36	3	51	103	SSSNGFRFSNVAESNKYL---AYNDYGFIYLSSSSNNSLWNPIKIAINSYIICTLS
PROKKA_00007	tr|A5HZZ4|A5HZZ4_CLOBH Hemagglutinin component of the neurotoxin complex OS=Clostridium botulinum (strain Hall / ATCC 3502 / NCTC 13319 / Type A) GN=ha70 PE=1 SV=1 !!!ha70	147	626	20	11	55.00	5	4	55	70	GFRFSNVAESNK----YLAY
PROKKA_00007	tr|A0A0B4W4X0|A0A0B4W4X0_CLOBO Hemagglutinin components HA-22/23/53 OS=Clostridium botulinum Prevot_594 GN=ha-70 PE=4 SV=1 !!!ha70	147	626	20	11	55.00	5	4	55	70	GFRFSNVAESNK----YLAY
PROKKA_00007	tr|A0A0B4W4X0|A0A0B4W4X0_CLOBO Hemagglutinin components HA-22/23/53 OS=Clostridium botulinum Prevot_594 GN=ha-70 PE=4 SV=1 !!!ha70	147	626	56	17	30.36	36	3	51	103	SSSNGFRFSNVAESNKYL---AYNDYGFIYLSSSSNNSLWNPIKIAINSYIICTLS
PROKKA_00007	tr|A0A0E1L2H2|A0A0E1L2H2_CLOBO Hemagglutinin components HA-22/23/53 OS=Clostridium botulinum CDC_1436 GN=ha-70 PE=4 SV=1 !!!ha70	147	626	20	11	55.00	5	4	55	70	GFRFSNVAESNK----YLAY
PROKKA_00007	tr|A0A060NA10|A0A060NA10_CLOBO Haemagglutinin component HA70 OS=Clostridium botulinum B str. Osaka05 GN=CBO05P2_179 PE=4 SV=1 !!!ha70	147	626	20	11	55.00	5	4	55	70	GFRFSNVAESNK----YLAY
PROKKA_00007	tr|A0A060NA10|A0A060NA10_CLOBO Haemagglutinin component HA70 OS=Clostridium botulinum B str. Osaka05 GN=CBO05P2_179 PE=4 SV=1 !!!ha70	147	626	56	17	30.36	36	3	51	103	SSSNGFRFSNVAESNKYL---AYNDYGFIYLSSSSNNSLWNPIKIAINSYIICTLS
PROKKA_00007	tr|B1INQ0|B1INQ0_CLOBK Hemagglutinin component HA70 OS=Clostridium botulinum (strain Okra / Type B1) GN=ha70 PE=4 SV=1 !!!ha70	147	626	20	11	55.00	5	4	55	70	GFRFSNVAESNK----YLAY
PROKKA_00007	tr|B1INQ0|B1INQ0_CLOBK Hemagglutinin component HA70 OS=Clostridium botulinum (strain Okra / Type B1) GN=ha70 PE=4 SV=1 !!!ha70	147	626	56	17	30.36	36	3	51	103	SSSNGFRFSNVAESNKYL---AYNDYGFIYLSSSSNNSLWNPIKIAINSYIICTLS
PROKKA_00007	tr|B1L2G4|B1L2G4_CLOBM Botulinum neurotoxin type A3, nontoxic-nonhemagglutinin component, NTNH OS=Clostridium botulinum (strain Loch Maree / Type A3) GN=ntnH PE=4 SV=1 !!!ntnH	147	1159	106	30	28.30	37	39	20	95	SNSLYLTYSSGALSFSNT------------------------------SSLDNQKWKLEYISSSNGFRFSNVAESNKYLAYNDYGFIYLSSSSNNSLWNPIKIAIN
PROKKA_00007	tr|A5HZZ8|A5HZZ8_CLOBH Type A progenitor toxin nontoxic-nonha OS=Clostridium botulinum (strain Hall / ATCC 3502 / NCTC 13319 / Type A) GN=ntnH PE=4 SV=1 !!!ntnH	147	1193	17	9	52.94	8	0	20	36	SNSLYLTYSSGALSFSN
PROKKA_00007	tr|C1FUH8|C1FUH8_CLOBJ Botulinum neurotoxin type A2, nontoxic-nonhemagglutinin component, NTNH OS=Clostridium botulinum (strain Kyoto / Type A2) GN=ntnH PE=4 SV=1 !!!ntnH	147	1159	17	9	52.94	8	0	20	36	SNSLYLTYSSGALSFSN
PROKKA_00007	tr|A0A060N3U8|A0A060N3U8_CLOBO Transcriptional regulator botR OS=Clostridium botulinum B str. Osaka05 GN=CBO05P2_176 PE=4 SV=1 !!!BotR	147	178	34	11	32.35	23	0	105	138	VNVTDYAWTIYDNNNNITDQPILNLPNFDINNSN
PROKKA_00007	tr|A0A0D1AER2|A0A0D1AER2_CLOBO Transcriptional regulator OS=Clostridium botulinum B2 450 GN=N495_19875 PE=4 SV=1 !!! 	147	178	34	11	32.35	23	0	105	138	VNVTDYAWTIYDNNNNITDQPILNLPNFDINNSN
PROKKA_00007	tr|A0A073CP83|A0A073CP83_CLOBO Transcriptional regulator OS=Clostridium botulinum A2B3 87 GN=N496_19575 PE=4 SV=1 !!! 	147	178	34	11	32.35	23	0	105	138	VNVTDYAWTIYDNNNNITDQPILNLPNFDINNSN
PROKKA_00007	tr|A5HZZ7|A5HZZ7_CLOBH RNA polymerase ECF-type sigma factor OS=Clostridium botulinum (strain Hall / ATCC 3502 / NCTC 13319 / Type A) GN=botR PE=4 SV=1 !!!BotR	147	178	34	11	32.35	23	0	105	138	VNVTDYAWTIYDNNNNITDQPILNLPNFDINNSN
PROKKA_00007	tr|S8CEF4|S8CEF4_CLOBO Transcriptional regulator BotR, P-21 OS=Clostridium botulinum CFSAN002367 GN=CFSAN002367_15806 PE=4 SV=1 !!!BotR	147	178	34	11	32.35	23	0	105	138	VNVTDYAWTIYDNNNNITDQPILNLPNFDINNSN
PROKKA_00007	tr|M1ZWZ6|M1ZWZ6_CLOBO Transcriptional regulator BotR, P-21 OS=Clostridium botulinum CFSAN001627 GN=CFSAN001627_10483 PE=4 SV=1 !!!BotR	147	178	34	11	32.35	23	0	105	138	VNVTDYAWTIYDNNNNITDQPILNLPNFDINNSN
PROKKA_00007	tr|A0A0A7FV57|A0A0A7FV57_9CLOT Clostridium P-47 family protein OS=Clostridium baratii str. Sullivan GN=U729_696 PE=4 SV=1 !!!P-47	147	491	25	9	36.00	14	2	48	70	EYISSSNGFRFS--NVAESNKYLAY
PROKKA_00007	tr|A0A059PY44|A0A059PY44_9CLOT Toxin complex component ORF-X3 OS=Clostridium baratii PE=4 SV=1 !!!ORF-X3	147	491	25	9	36.00	14	2	48	70	EYISSSNGFRFS--NVAESNKYLAY
PROKKA_00008	tr|C5VU79|C5VU79_CLOBO Hemagglutinin component HA33 OS=Clostridium botulinum D str. 1873 GN=ha33 PE=4 SV=1 !!!ha33	287	285	283	198	69.96	84	1	1	283	MSQTNANDLRNNEVFFISPSNSTNKVLDKISQSEVKLWSKNLGSNQKWRLIYDTNKQAYKIKVMDNTSLILTWDAPLSSVSVKTDTNTNNQYWYLLQDYISRNVILRNYMNPNLVLQYNTDDTLIVSTQTSSNNQFFKFSNCIYEALNNRNCKLQTQLNSDRFLSKNLNSQIIVLWQWFDSSRQKWLIEYNETKSAYTLKCQENNRYLTWIQNSNNYVETYQSTDSLIQYWNINYLDNDASKYILYNLQDTNRVLDVYNSQIANGTNVIVDSYHGNTNQQWII
PROKKA_00008	tr|A0A0C1TY77|A0A0C1TY77_9CLOT Main hemagglutinin component OS=Clostridium argentinense CDC 2741 GN=ha-33 PE=4 SV=1 !!!ha33	287	285	286	159	55.59	126	1	1	286	MSQTNANDLRNNEVFFISPSNSTNKVLDKISQSEVKLWSKNLGSNQKWRLIYDTNKQAYKIKVMDNTSLILTWDAPLSSVSVKTDTNTNNQYWYLLQDYISRNVILRNYMNPNLVLQYNTDDTLIVSTQTSSNNQFFKFSNCIYEALNNRNCKLQTQLNSDRFLSKNLNSQIIVLWQWFDSSRQKWLIEYNETKSAYTLKCQENNRYLTWIQNSNNYVETYQSTDSLIQYWNINYLDNDASKYILYNLQDTNRVLDVYNSQIANGTNVIVDSYHGNTNQQWIINLI
PROKKA_00008	tr|B2TSC1|B2TSC1_CLOBB Haemagglutinin component OS=Clostridium botulinum (strain Eklund 17B / Type B) GN=ha33 PE=4 SV=1  !!!ha33	287	292	281	113	40.21	157	11	11	283	NNEVFFISPSNSTNKVLDKISQSEVKLWSKNLGSNQKWRLIYDTNKQAYKIKVMD--NTSLILTWDAPLSSVSVKTDTNTNNQYWYLLQDYISRNVILRNYMNPNLVLQYNT-DDTLIVSTQTSSNNQFFKFSNCIYEALNNRNCKLQTQLNSDRFLSKNLNSQIIV-LWQWFDSSRQKWLIEYNETKSAYTL-KCQENNRYLTWIQNSNNYVET---YQSTDSLIQYWNINYLDNDASKYILYNLQDTNRVLDVYNSQIANGTNVIVDSYHGNTNQQWII
PROKKA_00008	tr|A5HZZ6|A5HZZ6_CLOBH Hemagglutinin component of the neurotoxin complex OS=Clostridium botulinum (strain Hall / ATCC 3502 / NCTC 13319 / Type A) GN=ha33 PE=1 SV=1 !!!ha33	287	293	281	111	39.50	156	14	11	281	NNEVFFISPSNSTNKVLDKISQSEVKLWSKNLGSNQKWRLIYDTNKQAYKIKVMD--NTSLILTWDAPLSSVSVKTDTNTNNQYWYLLQDYISRNVILRNYMNPNLVLQYNT-DDTLIVSTQTSSNNQFFKFSNCIYEALNNRNCKLQTQLNSDRFLSK----NLNSQIIVLWQWFDSSRQKWLIEYNETKSAYT-LKCQENNRYLTWIQNSNNYVETYQSTD--SLIQYWNINYLDNDASKYILYNLQDTNRVLDVYNSQIANGTNVIVDSYHGNTNQQW
PROKKA_00008	tr|B1INP8|B1INP8_CLOBK Hemagglutinin component HA33 OS=Clostridium botulinum (strain Okra / Type B1) GN=ha33 PE=1 SV=1 !!!ha33	287	294	244	90	36.89	148	6	46	283	QKWRLIYDTNKQAYKIKVMD--NTSLILTWDAPLSSVSVKTDTNTNNQYWYLLQDYISRNVILRNYMNPNLVLQYNT-DDTLIVSTQTSSNNQFFKFSNCIYEALNNRNCKLQTQLNSDRFLSK-NLNSQIIVLWQWFDSSRQKWLIEYNETKSAYTLKCQ-ENNRYLTWIQNSNNYVETYQST-DSLIQYWNINYLDNDASKYILYNLQDTNRVLDVYNSQIANGTNVIVDSYHGNTNQQWII
PROKKA_00008	tr|B1INP8|B1INP8_CLOBK Hemagglutinin component HA33 OS=Clostridium botulinum (strain Okra / Type B1) GN=ha33 PE=1 SV=1 !!!ha33	287	294	92	24	26.09	64	4	143	231	IYEALNNRNCKLQTQLNSDRFLSKNLNSQIIVLWQWFDSSRQKWLIEYNETKSAYTLKCQ---ENNRYLTWIQNSNNYVETYQSTDSLIQYW
PROKKA_00008	tr|A0A0C1QVX2|A0A0C1QVX2_9CLOT Hemagglutinin component HA-17 OS=Clostridium argentinense CDC 2741 GN=ha-17 PE=4 SV=1 !!!ha17	287	147	146	40	27.40	94	12	147	286	LNNRNCKLQTQLNSDRFLSKNLNSQIIVLWQWFDSSRQKWLIEYNETKSAYTLK-CQENNRYLTWIQNSNNYVETYQSTDS--LIQYWNINYLDNDASKYILYNLQDTNRVLDVY--NSQIANGTNVIVD-SYHGNTNQQWIINLI
PROKKA_00008	tr|A0A0C1QVX2|A0A0C1QVX2_9CLOT Hemagglutinin component HA-17 OS=Clostridium argentinense CDC 2741 GN=ha-17 PE=4 SV=1 !!!ha17	287	147	31	13	41.94	18	0	45	75	NQKWRLIYDTNKQAYKIKVMDNTSLILTWDA
PROKKA_00008	tr|C5VU78|C5VU78_CLOBO Hemagglutinin component HA17 OS=Clostridium botulinum D str. 1873 GN=ha17 PE=4 SV=1 !!!ha17	287	146	63	23	36.51	34	6	59	119	YKIKVMDNTSLILTWDAPLSSVSVKTDTNTNNQYWYLLQDYISRNVILR--NYMNPNLVLQYN
PROKKA_00008	tr|C5VU78|C5VU78_CLOBO Hemagglutinin component HA17 OS=Clostridium botulinum D str. 1873 GN=ha17 PE=4 SV=1 !!!ha17	287	146	50	16	32.00	29	5	184	232	QKWLIEYNETKSAYTLK-CQENNRYLTWIQNSNNYVETYQSTDSLIQYWN
PROKKA_00008	tr|C5VU78|C5VU78_CLOBO Hemagglutinin component HA17 OS=Clostridium botulinum D str. 1873 GN=ha17 PE=4 SV=1 !!!ha17	287	146	17	6	35.29	11	0	45	61	NQKWRLIYDTNKQAYKI
PROKKA_00008	tr|B2TSC0|B2TSC0_CLOBB Hemagglutinin component HA-17 OS=Clostridium botulinum (strain Eklund 17B / Type B) GN=ha17 PE=4 SV=1 !!!ha17	287	146	80	18	22.50	58	4	27	106	LDKISQSEVKLWSKNLGSNQKWRLIYDTNKQAYKIKVMDNTSLILTWDAPLSSVSVKTDTNTNNQYWYLLQDYISRNVIL
PROKKA_00008	tr|B2TSC0|B2TSC0_CLOBB Hemagglutinin component HA-17 OS=Clostridium botulinum (strain Eklund 17B / Type B) GN=ha17 PE=4 SV=1 !!!ha17	287	146	78	24	30.77	44	10	59	133	YKIKVMDNTSLILTWDAPLS-SVSVKTDTNTNNQYWYLLQDYISRNVILR--NYMNPNLVLQYNTDDTLIVSTQTSSN
PROKKA_00008	tr|B2TSC0|B2TSC0_CLOBB Hemagglutinin component HA-17 OS=Clostridium botulinum (strain Eklund 17B / Type B) GN=ha17 PE=4 SV=1 !!!ha17	287	146	28	9	32.14	18	1	184	210	QKWLIEYNETKSAYTLK-CQENNRYLTW
PROKKA_00008	tr|A0A073CN83|A0A073CN83_CLOBO Hemagglutinin OS=Clostridium botulinum A2B3 87 GN=N496_19565 PE=4 SV=1 !!! 	287	146	64	14	21.88	47	3	43	106	GSNQKWRLIYDTNKQAYKIKVMDNTSLILTWDAPLSSVSVKTDTNTNNQYWYLLQDYISRNVIL
PROKKA_00008	tr|A0A073CN83|A0A073CN83_CLOBO Hemagglutinin OS=Clostridium botulinum A2B3 87 GN=N496_19565 PE=4 SV=1 !!! 	287	146	28	9	32.14	18	1	184	210	QKWLIEYNETKSAYTLK-CQENNRYLTW
PROKKA_00008	tr|A5HZZ5|A5HZZ5_CLOBH Hemagglutinin component of the neurotoxin complex OS=Clostridium botulinum (strain Hall / ATCC 3502 / NCTC 13319 / Type A) GN=ha17 PE=1 SV=1 !!!ha17	287	146	64	14	21.88	47	3	43	106	GSNQKWRLIYDTNKQAYKIKVMDNTSLILTWDAPLSSVSVKTDTNTNNQYWYLLQDYISRNVIL
PROKKA_00008	tr|A5HZZ5|A5HZZ5_CLOBH Hemagglutinin component of the neurotoxin complex OS=Clostridium botulinum (strain Hall / ATCC 3502 / NCTC 13319 / Type A) GN=ha17 PE=1 SV=1 !!!ha17	287	146	78	24	30.77	44	10	59	133	YKIKVMDNTSLILTWDAPLS-SVSVKTDTNTNNQYWYLLQDYISRNVILR--NYMNPNLVLQYNTDDTLIVSTQTSSN
PROKKA_00008	tr|A5HZZ5|A5HZZ5_CLOBH Hemagglutinin component of the neurotoxin complex OS=Clostridium botulinum (strain Hall / ATCC 3502 / NCTC 13319 / Type A) GN=ha17 PE=1 SV=1 !!!ha17	287	146	28	9	32.14	18	1	184	210	QKWLIEYNETKSAYTLK-CQENNRYLTW
PROKKA_00008	tr|A0A0B4W498|A0A0B4W498_CLOBO Hemagglutinin component HA-17 OS=Clostridium botulinum Prevot_594 GN=ha-17 PE=4 SV=1 !!!ha17	287	146	64	14	21.88	47	3	43	106	GSNQKWRLIYDTNKQAYKIKVMDNTSLILTWDAPLSSVSVKTDTNTNNQYWYLLQDYISRNVIL
PROKKA_00008	tr|A0A0B4W498|A0A0B4W498_CLOBO Hemagglutinin component HA-17 OS=Clostridium botulinum Prevot_594 GN=ha-17 PE=4 SV=1 !!!ha17	287	146	78	24	30.77	44	10	59	133	YKIKVMDNTSLILTWDAPLS-SVSVKTDTNTNNQYWYLLQDYISRNVILR--NYMNPNLVLQYNTDDTLIVSTQTSSN
PROKKA_00008	tr|A0A0B4W498|A0A0B4W498_CLOBO Hemagglutinin component HA-17 OS=Clostridium botulinum Prevot_594 GN=ha-17 PE=4 SV=1 !!!ha17	287	146	28	9	32.14	18	1	184	210	QKWLIEYNETKSAYTLK-CQENNRYLTW
PROKKA_00008	tr|A0A0D1BS75|A0A0D1BS75_CLOBO Hemagglutinin OS=Clostridium botulinum B2 450 GN=N495_19885 PE=4 SV=1 !!! 	287	146	64	14	21.88	47	3	43	106	GSNQKWRLIYDTNKQAYKIKVMDNTSLILTWDAPLSSVSVKTDTNTNNQYWYLLQDYISRNVIL
PROKKA_00008	tr|A0A0D1BS75|A0A0D1BS75_CLOBO Hemagglutinin OS=Clostridium botulinum B2 450 GN=N495_19885 PE=4 SV=1 !!! 	287	146	78	24	30.77	44	10	59	133	YKIKVMDNTSLILTWDAPLS-SVSVKTDTNTNNQYWYLLQDYISRNVILR--NYMNPNLVLQYNTDDTLIVSTQTSSN
PROKKA_00008	tr|A0A0D1BS75|A0A0D1BS75_CLOBO Hemagglutinin OS=Clostridium botulinum B2 450 GN=N495_19885 PE=4 SV=1 !!! 	287	146	28	9	32.14	18	1	184	210	QKWLIEYNETKSAYTLK-CQENNRYLTW
PROKKA_00008	tr|A0A060N976|A0A060N976_CLOBO Hemagglutinin component HA17 OS=Clostridium botulinum B str. Osaka05 GN=CBO05P2_178 PE=4 SV=1 !!!ha17	287	146	64	14	21.88	47	3	43	106	GSNQKWRLIYDTNKQAYKIKVMDNTSLILTWDAPLSSVSVKTDTNTNNQYWYLLQDYISRNVIL
PROKKA_00008	tr|A0A060N976|A0A060N976_CLOBO Hemagglutinin component HA17 OS=Clostridium botulinum B str. Osaka05 GN=CBO05P2_178 PE=4 SV=1 !!!ha17	287	146	78	24	30.77	44	10	59	133	YKIKVMDNTSLILTWDAPLS-SVSVKTDTNTNNQYWYLLQDYISRNVILR--NYMNPNLVLQYNTDDTLIVSTQTSSN
PROKKA_00008	tr|A0A060N976|A0A060N976_CLOBO Hemagglutinin component HA17 OS=Clostridium botulinum B str. Osaka05 GN=CBO05P2_178 PE=4 SV=1 !!!ha17	287	146	28	9	32.14	18	1	184	210	QKWLIEYNETKSAYTLK-CQENNRYLTW
PROKKA_00008	tr|A0A0E1L447|A0A0E1L447_CLOBO Hemagglutinin component HA-17 OS=Clostridium botulinum CDC_1436 GN=ha-17 PE=4 SV=1 !!!ha17	287	146	64	14	21.88	47	3	43	106	GSNQKWRLIYDTNKQAYKIKVMDNTSLILTWDAPLSSVSVKTDTNTNNQYWYLLQDYISRNVIL
PROKKA_00008	tr|A0A0E1L447|A0A0E1L447_CLOBO Hemagglutinin component HA-17 OS=Clostridium botulinum CDC_1436 GN=ha-17 PE=4 SV=1 !!!ha17	287	146	78	24	30.77	44	10	59	133	YKIKVMDNTSLILTWDAPLS-SVSVKTDTNTNNQYWYLLQDYISRNVILR--NYMNPNLVLQYNTDDTLIVSTQTSSN
PROKKA_00008	tr|A0A0E1L447|A0A0E1L447_CLOBO Hemagglutinin component HA-17 OS=Clostridium botulinum CDC_1436 GN=ha-17 PE=4 SV=1 !!!ha17	287	146	28	9	32.14	18	1	184	210	QKWLIEYNETKSAYTLK-CQENNRYLTW
PROKKA_00008	tr|B1INP9|B1INP9_CLOBK Hemagglutinin component HA17 OS=Clostridium botulinum (strain Okra / Type B1) GN=ha17 PE=4 SV=1 !!!ha17	287	146	64	14	21.88	47	3	43	106	GSNQKWRLIYDTNKQAYKIKVMDNTSLILTWDAPLSSVSVKTDTNTNNQYWYLLQDYISRNVIL
PROKKA_00008	tr|B1INP9|B1INP9_CLOBK Hemagglutinin component HA17 OS=Clostridium botulinum (strain Okra / Type B1) GN=ha17 PE=4 SV=1 !!!ha17	287	146	78	24	30.77	44	10	59	133	YKIKVMDNTSLILTWDAPLS-SVSVKTDTNTNNQYWYLLQDYISRNVILR--NYMNPNLVLQYNTDDTLIVSTQTSSN
PROKKA_00008	tr|B1INP9|B1INP9_CLOBK Hemagglutinin component HA17 OS=Clostridium botulinum (strain Okra / Type B1) GN=ha17 PE=4 SV=1 !!!ha17	287	146	28	9	32.14	18	1	184	210	QKWLIEYNETKSAYTLK-CQENNRYLTW
PROKKA_00008	tr|B1BE45|B1BE45_CLOBO Non-toxin haemagglutinin HA-17 OS=Clostridium botulinum C str. Eklund GN=CBC_A0168 PE=4 SV=1 !!!ha17	287	146	63	23	36.51	34	6	59	119	YKIKVMDNTSLILTWDAPLSSVSVKTDTNTNNQYWYLLQDYISRNVILR--NYMNPNLVLQYN
PROKKA_00008	tr|B1BE45|B1BE45_CLOBO Non-toxin haemagglutinin HA-17 OS=Clostridium botulinum C str. Eklund GN=CBC_A0168 PE=4 SV=1 !!!ha17	287	146	50	16	32.00	29	5	184	232	QKWLIEYNETKSAYTLK-CQENNRYLTWIQNSNNYVETYQSTDSLIQYWN
PROKKA_00008	tr|B1BE45|B1BE45_CLOBO Non-toxin haemagglutinin HA-17 OS=Clostridium botulinum C str. Eklund GN=CBC_A0168 PE=4 SV=1 !!!ha17	287	146	17	6	35.29	11	0	45	61	NQKWRLIYDTNKQAYKI
PROKKA_00009	tr|B1BE43|B1BE43_CLOBO Botulinum neurotoxin type C, nontoxic-nonhemagglutinin component NTNH OS=Clostridium botulinum C str. Eklund GN=CBC_A0166 PE=4 SV=1 !!!ntnH	1197	1196	1196	1175	98.24	21	0	1	1196	MDINDDLNINSPVDNKNVVIVRARKTNTFFKAFKVAPNIWIAPERYYGEPLDIAEEYKLDGGIYDSNFLSQDSERENFLQAIITLLKRINNTISGKQLLSLISTAIPFPYGYVGGGYSSPNIFTFGKTPKSNKKLNSLVTSTIPFPFGGYRETNYIESPNNKDFYASNIVIFGPGSNIVENNVICYKKNDAENGMGTMAEILFQPLLTYKYNKFYIDPAMELTKCLIKSLYFLYGIKPSDGLVVPYRLRTELDNKQFSQLNIIDLLISGGVDLEFINTNPYWFTNSYFSNSIKMFEKYKNIYETEIEGNNAIGNDIKLRLRQKFQNSVQDIWNLNLNYFSKEFNSIIPDRFSNALKHFYRKQYYTMDYTDNYNINGFVNGQINTKLPLSDKNTNIISKPEKVVNLVNENNISLMKSNIYGDGLKGTTEDFYSTYKIPYNEEYEYRFNDSDNFPLNNISIEEVDSIPEIIDINPYKDNSDNLVFTQITSMTEEVTTHTALPINYLQAQITTNENFTLSSDFSKVVSSKDKSLVYSFLDNLMSYLETIKNDGPIDTDKKYYLWLKEVFKNYSFDINLTQEIDSSCGINEVVIWFGKALNILNTSNSFVEEYQNSGPISLISKKDNLSEPNIEIDDIPDSLLGLSFKDLNNKLYEIYSKNIVYFKKIYFNFLDQWWTEYYSQYFELICMAKQSILAQESLVKQIIQNKFTDLSKASIPPDTLKLIKETTEKTFIDLSKESQISMNRVDNFLNKASICVFVEDIYPKFISYMEKYINNINIKTREFIQRCTNINDNEKSILINSYTFKTIDFKFLDIQGIKNFFNSQVEQVMKEMLSPYQLLLFATRGPNSNIIEDISGKNTLIQYTESVELVYGVNGESLYLKSPNETVEFSNNFFTNGLTNNFTICFWLRFTGKDDDKTRLIGNKVNNCGWEIYFEDNGLVFEIIDSNGNQESVYLSNVINNNWYYISISVDRSKDQLLIFINDKNVANVSIEQILNIYSTNVISLVNKNNSIYVEELSVLDKTVTSEEVIRNYFSYLDNSYIRDSSKSLLEYNKNYQLYNYVFPKTSLYEVNDNNKSYLSLKNTDGINIPSVKFKLINIDESKGYVQKWDECIICVSDGTEKYLDISSENNRIQLVSSKDNAKKITVNTDLFRPDCITFSYNDKYFSLSLRDGDYNWMICNDNNKVPKGAHLWILES
PROKKA_00009	tr|C5VU80|C5VU80_CLOBO Botulinum neurotoxin type D, nontoxic-nonhemagglutinin component, NTNH OS=Clostridium botulinum D str. 1873 GN=ntnH PE=4 SV=1 !!!ntnH	1197	1196	1196	1145	95.74	51	0	1	1196	MDINDDLNINSPVDNKNVVIVRARKTNTFFKAFKVAPNIWIAPERYYGEPLDIAEEYKLDGGIYDSNFLSQDSERENFLQAIITLLKRINNTISGKQLLSLISTAIPFPYGYVGGGYSSPNIFTFGKTPKSNKKLNSLVTSTIPFPFGGYRETNYIESPNNKDFYASNIVIFGPGSNIVENNVICYKKNDAENGMGTMAEILFQPLLTYKYNKFYIDPAMELTKCLIKSLYFLYGIKPSDGLVVPYRLRTELDNKQFSQLNIIDLLISGGVDLEFINTNPYWFTNSYFSNSIKMFEKYKNIYETEIEGNNAIGNDIKLRLRQKFQNSVQDIWNLNLNYFSKEFNSIIPDRFSNALKHFYRKQYYTMDYTDNYNINGFVNGQINTKLPLSDKNTNIISKPEKVVNLVNENNISLMKSNIYGDGLKGTTEDFYSTYKIPYNEEYEYRFNDSDNFPLNNISIEEVDSIPEIIDINPYKDNSDNLVFTQITSMTEEVTTHTALPINYLQAQITTNENFTLSSDFSKVVSSKDKSLVYSFLDNLMSYLETIKNDGPIDTDKKYYLWLKEVFKNYSFDINLTQEIDSSCGINEVVIWFGKALNILNTSNSFVEEYQNSGPISLISKKDNLSEPNIEIDDIPDSLLGLSFKDLNNKLYEIYSKNIVYFKKIYFNFLDQWWTEYYSQYFELICMAKQSILAQESLVKQIIQNKFTDLSKASIPPDTLKLIKETTEKTFIDLSKESQISMNRVDNFLNKASICVFVEDIYPKFISYMEKYINNINIKTREFIQRCTNINDNEKSILINSYTFKTIDFKFLDIQGIKNFFNSQVEQVMKEMLSPYQLLLFATRGPNSNIIEDISGKNTLIQYTESVELVYGVNGESLYLKSPNETVEFSNNFFTNGLTNNFTICFWLRFTGKDDDKTRLIGNKVNNCGWEIYFEDNGLVFEIIDSNGNQESVYLSNVINNNWYYISISVDRSKDQLLIFINDKNVANVSIEQILNIYSTNVISLVNKNNSIYVEELSVLDKTVTSEEVIRNYFSYLDNSYIRDSSKSLLEYNKNYQLYNYVFPKTSLYEVNDNNKSYLSLKNTDGINIPSVKFKLINIDESKGYVQKWDECIICVSDGTEKYLDISSENNRIQLVSSKDNAKKITVNTDLFRPDCITFSYNDKYFSLSLRDGDYNWMICNDNNKVPKGAHLWILES
PROKKA_00009	tr|B1INP6|B1INP6_CLOBK Botulinum neurotoxin type B1, nontoxic-nonhemagglutinin component, NTNH OS=Clostridium botulinum (strain Okra / Type B1) GN=ntnH PE=4 SV=1 !!!ntnH	1197	1197	1196	824	68.90	372	0	1	1196	MDINDDLNINSPVDNKNVVIVRARKTNTFFKAFKVAPNIWIAPERYYGEPLDIAEEYKLDGGIYDSNFLSQDSERENFLQAIITLLKRINNTISGKQLLSLISTAIPFPYGYVGGGYSSPNIFTFGKTPKSNKKLNSLVTSTIPFPFGGYRETNYIESPNNKDFYASNIVIFGPGSNIVENNVICYKKNDAENGMGTMAEILFQPLLTYKYNKFYIDPAMELTKCLIKSLYFLYGIKPSDGLVVPYRLRTELDNKQFSQLNIIDLLISGGVDLEFINTNPYWFTNSYFSNSIKMFEKYKNIYETEIEGNNAIGNDIKLRLRQKFQNSVQDIWNLNLNYFSKEFNSIIPDRFSNALKHFYRKQYYTMDYTDNYNINGFVNGQINTKLPLSDKNTNIISKPEKVVNLVNENNISLMKSNIYGDGLKGTTEDFYSTYKIPYNEEYEYRFNDSDNFPLNNISIEEVDSIPEIIDINPYKDNSDNLVFTQITSMTEEVTTHTALPINYLQAQITTNENFTLSSDFSKVVSSKDKSLVYSFLDNLMSYLETIKNDGPIDTDKKYYLWLKEVFKNYSFDINLTQEIDSSCGINEVVIWFGKALNILNTSNSFVEEYQNSGPISLISKKDNLSEPNIEIDDIPDSLLGLSFKDLNNKLYEIYSKNIVYFKKIYFNFLDQWWTEYYSQYFELICMAKQSILAQESLVKQIIQNKFTDLSKASIPPDTLKLIKETTEKTFIDLSKESQISMNRVDNFLNKASICVFVEDIYPKFISYMEKYINNINIKTREFIQRCTNINDNEKSILINSYTFKTIDFKFLDIQGIKNFFNSQVEQVMKEMLSPYQLLLFATRGPNSNIIEDISGKNTLIQYTESVELVYGVNGESLYLKSPNETVEFSNNFFTNGLTNNFTICFWLRFTGKDDDKTRLIGNKVNNCGWEIYFEDNGLVFEIIDSNGNQESVYLSNVINNNWYYISISVDRSKDQLLIFINDKNVANVSIEQILNIYSTNVISLVNKNNSIYVEELSVLDKTVTSEEVIRNYFSYLDNSYIRDSSKSLLEYNKNYQLYNYVFPKTSLYEVNDNNKSYLSLKNTDGINIPSVKFKLINIDESKGYVQKWDECIICVSDGTEKYLDISSENNRIQLVSSKDNAKKITVNTDLFRPDCITFSYNDKYFSLSLRDGDYNWMICNDNNKVPKGAHLWILES
PROKKA_00009	tr|B2TSC3|B2TSC3_CLOBB Botulinum neurotoxin type B OS=Clostridium botulinum (strain Eklund 17B / Type B) GN=ntnH PE=4 SV=1 !!!ntnH	1197	1197	1196	819	68.48	377	0	1	1196	MDINDDLNINSPVDNKNVVIVRARKTNTFFKAFKVAPNIWIAPERYYGEPLDIAEEYKLDGGIYDSNFLSQDSERENFLQAIITLLKRINNTISGKQLLSLISTAIPFPYGYVGGGYSSPNIFTFGKTPKSNKKLNSLVTSTIPFPFGGYRETNYIESPNNKDFYASNIVIFGPGSNIVENNVICYKKNDAENGMGTMAEILFQPLLTYKYNKFYIDPAMELTKCLIKSLYFLYGIKPSDGLVVPYRLRTELDNKQFSQLNIIDLLISGGVDLEFINTNPYWFTNSYFSNSIKMFEKYKNIYETEIEGNNAIGNDIKLRLRQKFQNSVQDIWNLNLNYFSKEFNSIIPDRFSNALKHFYRKQYYTMDYTDNYNINGFVNGQINTKLPLSDKNTNIISKPEKVVNLVNENNISLMKSNIYGDGLKGTTEDFYSTYKIPYNEEYEYRFNDSDNFPLNNISIEEVDSIPEIIDINPYKDNSDNLVFTQITSMTEEVTTHTALPINYLQAQITTNENFTLSSDFSKVVSSKDKSLVYSFLDNLMSYLETIKNDGPIDTDKKYYLWLKEVFKNYSFDINLTQEIDSSCGINEVVIWFGKALNILNTSNSFVEEYQNSGPISLISKKDNLSEPNIEIDDIPDSLLGLSFKDLNNKLYEIYSKNIVYFKKIYFNFLDQWWTEYYSQYFELICMAKQSILAQESLVKQIIQNKFTDLSKASIPPDTLKLIKETTEKTFIDLSKESQISMNRVDNFLNKASICVFVEDIYPKFISYMEKYINNINIKTREFIQRCTNINDNEKSILINSYTFKTIDFKFLDIQGIKNFFNSQVEQVMKEMLSPYQLLLFATRGPNSNIIEDISGKNTLIQYTESVELVYGVNGESLYLKSPNETVEFSNNFFTNGLTNNFTICFWLRFTGKDDDKTRLIGNKVNNCGWEIYFEDNGLVFEIIDSNGNQESVYLSNVINNNWYYISISVDRSKDQLLIFINDKNVANVSIEQILNIYSTNVISLVNKNNSIYVEELSVLDKTVTSEEVIRNYFSYLDNSYIRDSSKSLLEYNKNYQLYNYVFPKTSLYEVNDNNKSYLSLKNTDGINIPSVKFKLINIDESKGYVQKWDECIICVSDGTEKYLDISSENNRIQLVSSKDNAKKITVNTDLFRPDCITFSYNDKYFSLSLRDGDYNWMICNDNNKVPKGAHLWILES
PROKKA_00009	tr|A0A060N6G5|A0A060N6G5_CLOBO Nontoxic-nonhemagglutinin component, NTNH OS=Clostridium botulinum B str. Osaka05 GN=CBO05P2_175 PE=4 SV=1 !!!ntnH	1197	1197	1198	825	68.86	369	4	1	1196	MDINDDLNINSPVDNKNVVIVRARKTNTFFKAFKVAPNIWIAPERYYGEPLDIAEEYKLDGGIYDSNFLSQDSERENFLQAIITLLKRINNTISGKQLLSLISTAIPFPYGYVGGGYSSPNIFTFGKTPKSNKKLNSLVTSTIPFPFGGYRETNYIESPNNKDFYASNIVIFGPGSNIVENNVICYKKNDAENGMGTMAEILFQPLLTYKYNKFYIDPAMELTKCLIKSLYFLYGIKPSDGLVVPYRLRTELDNKQFSQLNIIDLLISGGVDLEFINTNPYWFTNSYFSNSIKMFEKYKNIYETEIEGNNAIGNDIKLRLRQKFQNSVQDIWNLNLNYFSKEFNSIIPDRFSNALKHFYRKQYYTMDYTDNYNINGFVNGQINTKLPLSDKNTNIISKPEKVVNLVNENNISLMKSNIYGDGLKGTTEDFYSTYKIPYNEEYEYRFNDSDNFPLNNISIEEVDSIPEIIDINPYKDNSDNLVFTQITSMTEEVTTHTALP--INYLQAQITTNENFTLSSDFSKVVSSKDKSLVYSFLDNLMSYLETIKNDGPIDTDKKYYLWLKEVFKNYSFDINLTQEIDSSCGINEVVIWFGKALNILNTSNSFVEEYQNSGPISLISKKDNLSEPNIEIDDIPDSLLGLSFKDLNNKLYEIYSKNIVYFKKIYFNFLDQWWTEYYSQYFELICMAKQSILAQESLVKQIIQNKFTDLSKASIPPDTLKLIKETTEKTFIDLSKESQISMNRVDNFLNKASICVFVEDIYPKFISYMEKYINNINIKTREFIQRCTNINDNEKSILINSYTFKTIDFKFLDIQGIKNFFNSQVEQVMKEMLSPYQLLLFATRGPNSNIIEDISGKNTLIQYTESVELVYGVNGESLYLKSPNETVEFSNNFFTNGLTNNFTICFWLRFTGKDDDKTRLIGNKVNNCGWEIYFEDNGLVFEIIDSNGNQESVYLSNVINNNWYYISISVDRSKDQLLIFINDKNVANVSIEQILNIYSTNVISLVNKNNSIYVEELSVLDKTVTSEEVIRNYFSYLDNSYIRDSSKSLLEYNKNYQLYNYVFPKTSLYEVNDNNKSYLSLKNTDGINIPSVKFKLINIDESKGYVQKWDECIICVSDGTEKYLDISSENNRIQLVSSKDNAKKITVNTDLFRPDCITFSYNDKYFSLSLRDGDYNWMICNDNNKVPKGAHLWILES
PROKKA_00009	tr|A5HZZ8|A5HZZ8_CLOBH Type A progenitor toxin nontoxic-nonha OS=Clostridium botulinum (strain Hall / ATCC 3502 / NCTC 13319 / Type A) GN=ntnH PE=4 SV=1 !!!ntnH	1197	1193	1193	785	65.80	404	4	1	1192	MDINDDLNINSPVDNKNVVIVRARKTNTFFKAFKVAPNIWIAPERYYGEPLDIAEEYKLDGGIYDSNFLSQDSERENFLQAIITLLKRINNTISGKQLLSLISTAIPFPYGYVGGGYSSPNIFTFGKTPKSNKKLNSLVTSTIPFPFGGYRETNYIESPNNKDFYASNIVIFGPGSNIVENNVICYKKNDAENGMGTMAEILFQPLLTYKYNKFYIDPAMELTKCLIKSLYFLYGIKPSDGLVVPYRLRTELDNKQFSQLNIIDLLISGGVDLEFINTNPYWFTNSYFSNSIKMFEKYKNIYETEIEGNNAIGNDIKLRLRQKFQNSVQDIWNLNLNYFSKEFNSIIPDRFSNALKHFYRKQYYTMDYTDNYNINGFVNGQINTKLPLSDKNTNIISKPEKVVNLVNENNISLMKSNIYGDGLKGTTEDFYSTYKIPYNEEYEYRFNDSDNFPLNNISIEEVDSIPEIIDINPYKDNSDNLVFTQITSMTEEVTTHTALPINYLQAQITTNENFTLSSDFSKVVSSKDKSLVYSFLDNLMSYLETIKNDGPIDTDKKYYLWLKEVFKNYSFDINLTQEIDSSCGINEVVIWFGKALNILNTSNSFVEEYQNSGPISLISKKDNLSEPNIEIDDIPDSLLGLSFKDLNNKLYEIYSKNIVYFKKIYFNFLDQWWTEYYSQYFELICMAKQSILAQESLVKQIIQNKFTDL-SKASIPPDTLKLIKETTEKTFIDLSKESQISMNRVDNFLNKASICVFVEDIYPKFISYMEKYINNINIKTREFIQRCTNINDNEKSILINSYTFKTIDFKFLDIQGIKNFFNSQVEQVMKEMLSPYQLLLFATRGPNSNIIEDISGKNTLIQYTESVELVYGVNGESLYLKSPNETVEFSNNFFTNGLTNNFTICFWLRFTGKDDDKTRLIGNKVNNCGWEIYFEDNGLVFEIIDSNGNQESVYLSNVINNNWYYISISVDRSKDQLLIFINDKNVANVSIEQILNIYSTNVISLVNKNNSIYVEELSVLDKTVTSEEVIRNYFSYLDNSYIRDSSKSLLEYNKNYQLYNYVFPKTSLYEVNDNNKSYLSLKNTDGINIPSVKFKLINIDESKGYVQKWDECIICVSDGTEKYLDISSENNRIQLVSSKDNAKKITVNTDLFRPDCITFSYNDKYFSLSLRDGDYNWMICNDNNKVPKGAHLW
PROKKA_00009	tr|B1L2G4|B1L2G4_CLOBM Botulinum neurotoxin type A3, nontoxic-nonhemagglutinin component, NTNH OS=Clostridium botulinum (strain Loch Maree / Type A3) GN=ntnH PE=4 SV=1 !!!ntnH	1197	1159	1199	687	57.30	462	50	1	1192	MDINDDLNINSPVDNKNVVIVRARKTNTFFKAFKVAPNIWIAPERYYGEPLDIAEEYKLDGGIYDSNFLSQDSERENFLQAIITLLKRINNTISGKQLLSLISTAIPFPYGYVGGGYSSPNIFTFGKTPKSNKKLNSLVTSTIPFPF----GGYRETNYIESPNNKDFYASNIVIFGPGSNIVENNVICYKKNDAENGMGTMAEILFQPLLTYKYNKFYIDPAMELTKCLIKSLYFLYGIKPSDGLVVPYRLRTELDNKQFSQLNIIDLLISGGVDLEFINTNPYWFTNSYFSNSIKMFEKYKNIYETEIEGNNAIGNDIKLRLRQKFQNSVQDIWNLNLNYFSKEFNSIIPDRFSNALKHFYRKQYYTMDYTDNYNINGFVNGQINTKLPLSDKNTNIISKPEKVVNLVNENNISLMKSNIYGDGLKGTTEDFYSTYKIPYNEEYEYRFNDSDNFPLNNISIEEVDSIPEI--IDINPYKDNSDNLVFTQITSMTEEVTTHTALPINYLQAQITTNENFTLSSDFSKVVSSKDKSLVYSFLDNLMSYLETIKNDGPIDTDKKYYLWLKEVFKNYSFDINLTQEIDSSCGINEVVIWFGKALNILNTSNSFVEEYQNSGPISLISKKDNLSEPNIEIDDIPDSLLGLSFKDLNNKLYEIYSKNIVYFKKIYFNFLDQWWTEYYSQYFELICMAKQSILAQESLVKQIIQNKFTDL-SKASIPPDTLKLIKETTEKTFIDLSKESQISMNRVDNFLNKASICVFVEDIYPKFISYMEKYINNINIKTREFIQRCTNINDNEKSILINSYTFKTIDFKFLDIQGIKNFFNSQVEQVMKEMLSPYQLLLFATRGPNSNIIEDISGKNTLIQYTESVELVYGVNGESLYLKSPNETVEFSNNFFTNGLTNNFTICFWLRFTGKDDDKTRLIGNKVNNCGWEIYFEDNGLVFEIIDSNGNQESVYLSNVINNNWYYISISVDRSKDQLLIFINDKNVANVSIEQILNIYSTNVISLVNKNNSIYVEELSVLDKTVTSEEVIRNYFSYLDNSYIRDSSKSLLEYNKNYQLYNYVFPKTSLYEVNDNNKSYLSLKNTDGINIPSVKFKLINIDESKGYVQKWDECIICVSDGTEKYLDISSENNRIQLVSSKDNAKKITVNTDLFRPDCITFSYNDKYFSLSLRDGDYNWMICNDNNKVPKGAHLW
PROKKA_00009	tr|A7GBG2|A7GBG2_CLOBL Botulinum neurotoxin type F, nontoxic-nonhemagglutinin component, NTNH OS=Clostridium botulinum (strain Langeland / NCTC 10281 / Type F) GN=ntnH PE=4 SV=1 !!!ntnH	1197	1163	1198	692	57.76	466	40	1	1195	MDINDDLNINSPVDNKNVVIVRARKTNTFFKAFKVAPNIWIAPERYYGEPLDIAEEYKLDGGIYDSNFLSQDSERENFLQAIITLLKRINNTISGKQLLSLISTAIPFPYGYVGGGYSSPNIFTFGKTPKSNKKLNSLVTSTIPFPFGGYRETNYIESPNNKDFYASNIVIFGPGSNIVENNVICYKKNDAENGMGTMAEILFQPLLTYKYNKFYIDPAMELTKCLIKSLYFLYGIKPSDGLVVPYRLRTELDNKQFSQLNIIDLLISGGVDLEFINTNPYWFTNSYFSNSIKMFEKYKNIYETEIEGNNAIGNDIKLRLRQKFQNSVQDIWNLNLNYFSKEFNSIIPDRFSNALKHFYRKQYYTMDYTDNYNINGFVNGQINTKLPLSDKNTNIISKPEKVVNLVNENNISLMKSNIYGDGLKGTTEDFYSTYKIPYNEEYEYRFNDSDNFPLNNISIEEVDSIPEI--IDINPYKDNSDNLVFTQITSMTEEVTTHTALPINYLQAQITTNENFTLSSDFSKVVSSKDKSLVYSFLDNLMSYLETIKNDGPIDTDKKYYLWLKEVFKNYSFDINLTQEIDSSCGINEVVIWFGKALNILNTSNSFVEEYQNSGPISLISKKDNLSEPNIEIDDIPDSLLGLSFKDLNNKLYEIYSKNIVYFKKIYFNFLDQWWTEYYSQYFELICMAKQSILAQESLVKQIIQNKFTDL-SKASIPPDTLKLIKETTEKTFIDLSKESQISMNRVDNFLNKASICVFVEDIYPKFISYMEKYINNINIKTREFIQRCTNINDNEKSILINSYTFKTIDFKFLDIQGIKNFFNSQVEQVMKEMLSPYQLLLFATRGPNSNIIEDISGKNTLIQYTESVELVYGVNGESLYLKSPNETVEFSNNFFTNGLTNNFTICFWLRFTGKDDDKTRLIGNKVNNCGWEIYFEDNGLVFEIIDSNGNQESVYLSNVINNNWYYISISVDRSKDQLLIFINDKNVANVSIEQILNIYSTNVISLVNKNNSIYVEELSVLDKTVTSEEVIRNYFSYLDNSYIRDSSKSLLEYNKNYQLYNYVFPKTSLYEVNDNNKSYLSLKNTDGINIPSVKFKLINIDESKGYVQKWDECIICVSDGTEKYLDISSENNRIQLVSSKDNAKKITVNTDLFRPDCITFSYNDKYFSLSLRDGDYNWMICNDNNKVPKGAHLWILE
PROKKA_00009	tr|C1FUH8|C1FUH8_CLOBJ Botulinum neurotoxin type A2, nontoxic-nonhemagglutinin component, NTNH OS=Clostridium botulinum (strain Kyoto / Type A2) GN=ntnH PE=4 SV=1 !!!ntnH	1197	1159	1195	697	58.33	456	42	1	1192	MDINDDLNINSPVDNKNVVIVRARKTNTFFKAFKVAPNIWIAPERYYGEPLDIAEEYKLDGGIYDSNFLSQDSERENFLQAIITLLKRINNTISGKQLLSLISTAIPFPYGYVGGGYSSPNIFTFGKTPKSNKKLNSLVTSTIPFPFGGYRETNYIESPNNKDFYASNIVIFGPGSNIVENNVICYKKNDAENGMGTMAEILFQPLLTYKYNKFYIDPAMELTKCLIKSLYFLYGIKPSDGLVVPYRLRTELDNKQFSQLNIIDLLISGGVDLEFINTNPYWFTNSYFSNSIKMFEKYKNIYETEIEGNNAIGNDIKLRLRQKFQNSVQDIWNLNLNYFSKEFNSIIPDRFSNALKHFYRKQYYTMDYTDNYNINGFVNGQINTKLPLSDKNTNIISKPEKVVNLVNENNISLMKSNIYGDGLKGTTEDFYSTYKIPYNEEYEYRFNDSDNFPLNNISIEEVDSIPEI--IDINPYKDNSDNLVFTQITSMTEEVTTHTALPINYLQAQITTNENFTLSSDFSKVVSSKDKSLVYSFLDNLMSYLETIKNDGPIDTDKKYYLWLKEVFKNYSFDINLTQEIDSSCGINEVVIWFGKALNILNTSNSFVEEYQNSGPISLISKKDNLSEPNIEIDDIPDSLLGLSFKDLNNKLYEIYSKNIVYFKKIYFNFLDQWWTEYYSQYFELICMAKQSILAQESLVKQIIQNKFTDL-SKASIPPDTLKLIKETTEKTFIDLSKESQISMNRVDNFLNKASICVFVEDIYPKFISYMEKYINNINIKTREFIQRCTNINDNEKSILINSYTFKTIDFKFLDIQGIKNFFNSQVEQVMKEMLSPYQLLLFATRGPNSNIIEDISGKNTLIQYTESVELVYGVNGESLYLKSPNETVEFSNNFFTNGLTNNFTICFWLRFTGKDDDKTRLIGNKVNNCGWEIYFEDNGLVFEIIDSNGNQESVYLSNVINNNWYYISISVDRSKDQLLIFINDKNVANVSIEQILNIYSTNVISLVNKNNSIYVEELSVLDKTVTSEEVIRNYFSYLDNSYIRDSSKSLLEYNKNYQLYNYVFPKTSLYEVNDNNKSYLSLKNTDGINIPSVKFKLINIDESKGYVQKWDECIICVSDGTEKYLDISSENNRIQLVSSKDNAKKITVNTDLFRPDCITFSYNDKYFSLSLRDGDYNWMICNDNNKVPKGAHLW
PROKKA_00009	tr|C5UY14|C5UY14_CLOBO Botulinum neurotoxin type E1, nontoxic-nonhemagglutinin component, NTNH OS=Clostridium botulinum E1 str. 'BoNT E Beluga' GN=ntnH PE=4 SV=1 !!!ntnH	1197	1163	1203	671	55.78	484	48	1	1196	MDINDDLNINSPVDNKNVVIVRARKTNTFFKAFKVAPNIWIAPERYYGEPLDIAEEYKLDGGIYDSNFLSQDSERENFLQAIITLLKRINNTISGKQLLSLISTAIPFPYGYVGGGYSSPNIFTFGKTPKSNKKLNSLVTSTIPFPFGG----YRETNYIESPNNKDFYASNIVIFGPGSNIVENNVICYKKNDAENGMGTMAEILFQPLLTYKYNKFYIDPAMELTKCLIKSLYFLYGIKPSDGLVVPYRLRTELDNKQFSQLNIIDLLISGGVDLEFINTNPYWFTNSYFSNSIKMFEKYKNIYETEIEGNNAIGNDIKLRLRQKFQNSVQDIWNLNLNYFSKEFNSIIPDRFSNALKHFYRKQYYTMDYTDNYNINGFVNGQINTKLPLSDKNTNIISKPEKVVNLVNENNISLMKSNIYGDGLKGTTEDFYSTYKIPYNEEYEYRFNDSDNFPLNNISIEEVDSIPEI--IDINPYKDNSDNLVFTQITSMTEEVTTHTALPINYLQAQITTNENFTLSSDFSKVVSSKDKSLVYSFLDNLMSYLETIKNDGPIDTDKKYYLWLKEVFKNYSFDINLTQEIDSSCGINEVVIWFGKALNILNTSNSFVEEYQNSGPISLISKKDNLSEPNIEIDDIPDSLLGLSFKDLNNKLYEIYSKNIVYFKKIYFNFLDQWWTEYYSQYFELICMAKQSILAQESLVKQIIQNKFTDLSKAS-IPPDTLKLIKETTEKTFIDLSKESQISMNRVDNFLNKASICVFVEDIYPKFISYMEKYINNINIKTREFIQRCTNINDNEKSILINSYTFKTIDFKFLDIQGIKNFFNSQVEQVMKEMLSPYQLLLFATRGPNSNIIEDISGKNTLIQYTESVELVYGVNGESLYLKSPNETVEFSNNFFTNGLTNNFTICFWLRFTGKDDDKTRLIGNKVNNCGWEIYFEDNGLVFEIIDSNGNQESVYLSNVINNNWYYISISVDRSKDQLLIFINDKNVANVSIEQILNIYSTNVISLVNKNNSIYVEELSVLDKTVTSEEVIRNYFSYLDNSYIRDSSKSLLEYNKNYQLYNYVFPKTSLYEVNDNNKSYLSLKNTDGINIPSVKFKLINIDESKGYVQKWDECIICVSDGTEKYLDISSENNRIQLVSSKDNAKKITVNTDLFRPDCITFSYNDKYFSLSLRDGDYNWMICNDNNKVPKGAHLWILES
PROKKA_00009	tr|A0A0X1KH90|A0A0X1KH90_CLOBA Botulinum neurotoxin type E, nontoxic-nonhemagglutinin component, NTNH OS=Clostridium botulinum (strain Alaska E43 / Type E3) PE=1 SV=1 !!!ntnH	1197	1163	1203	671	55.78	484	48	1	1196	MDINDDLNINSPVDNKNVVIVRARKTNTFFKAFKVAPNIWIAPERYYGEPLDIAEEYKLDGGIYDSNFLSQDSERENFLQAIITLLKRINNTISGKQLLSLISTAIPFPYGYVGGGYSSPNIFTFGKTPKSNKKLNSLVTSTIPFPFGG----YRETNYIESPNNKDFYASNIVIFGPGSNIVENNVICYKKNDAENGMGTMAEILFQPLLTYKYNKFYIDPAMELTKCLIKSLYFLYGIKPSDGLVVPYRLRTELDNKQFSQLNIIDLLISGGVDLEFINTNPYWFTNSYFSNSIKMFEKYKNIYETEIEGNNAIGNDIKLRLRQKFQNSVQDIWNLNLNYFSKEFNSIIPDRFSNALKHFYRKQYYTMDYTDNYNINGFVNGQINTKLPLSDKNTNIISKPEKVVNLVNENNISLMKSNIYGDGLKGTTEDFYSTYKIPYNEEYEYRFNDSDNFPLNNISIEEVDSIPEI--IDINPYKDNSDNLVFTQITSMTEEVTTHTALPINYLQAQITTNENFTLSSDFSKVVSSKDKSLVYSFLDNLMSYLETIKNDGPIDTDKKYYLWLKEVFKNYSFDINLTQEIDSSCGINEVVIWFGKALNILNTSNSFVEEYQNSGPISLISKKDNLSEPNIEIDDIPDSLLGLSFKDLNNKLYEIYSKNIVYFKKIYFNFLDQWWTEYYSQYFELICMAKQSILAQESLVKQIIQNKFTDLSKAS-IPPDTLKLIKETTEKTFIDLSKESQISMNRVDNFLNKASICVFVEDIYPKFISYMEKYINNINIKTREFIQRCTNINDNEKSILINSYTFKTIDFKFLDIQGIKNFFNSQVEQVMKEMLSPYQLLLFATRGPNSNIIEDISGKNTLIQYTESVELVYGVNGESLYLKSPNETVEFSNNFFTNGLTNNFTICFWLRFTGKDDDKTRLIGNKVNNCGWEIYFEDNGLVFEIIDSNGNQESVYLSNVINNNWYYISISVDRSKDQLLIFINDKNVANVSIEQILNIYSTNVISLVNKNNSIYVEELSVLDKTVTSEEVIRNYFSYLDNSYIRDSSKSLLEYNKNYQLYNYVFPKTSLYEVNDNNKSYLSLKNTDGINIPSVKFKLINIDESKGYVQKWDECIICVSDGTEKYLDISSENNRIQLVSSKDNAKKITVNTDLFRPDCITFSYNDKYFSLSLRDGDYNWMICNDNNKVPKGAHLWILES
PROKKA_00009	tr|C4IHM0|C4IHM0_CLOBU Botulinum neurotoxin type E, nontoxic-nonhemagglutinin component, NTNH OS=Clostridium butyricum E4 str. BoNT E BL5262 GN=ntnH PE=4 SV=1 !!!ntnH	1197	1163	1203	673	55.94	482	48	1	1196	MDINDDLNINSPVDNKNVVIVRARKTNTFFKAFKVAPNIWIAPERYYGEPLDIAEEYKLDGGIYDSNFLSQDSERENFLQAIITLLKRINNTISGKQLLSLISTAIPFPYGYVGGGYSSPNIFTFGKTPKSNKKLNSLVTSTIPFPFGG----YRETNYIESPNNKDFYASNIVIFGPGSNIVENNVICYKKNDAENGMGTMAEILFQPLLTYKYNKFYIDPAMELTKCLIKSLYFLYGIKPSDGLVVPYRLRTELDNKQFSQLNIIDLLISGGVDLEFINTNPYWFTNSYFSNSIKMFEKYKNIYETEIEGNNAIGNDIKLRLRQKFQNSVQDIWNLNLNYFSKEFNSIIPDRFSNALKHFYRKQYYTMDYTDNYNINGFVNGQINTKLPLSDKNTNIISKPEKVVNLVNENNISLMKSNIYGDGLKGTTEDFYSTYKIPYNEEYEYRFNDSDNFPLNNISIEEVDSIPEI--IDINPYKDNSDNLVFTQITSMTEEVTTHTALPINYLQAQITTNENFTLSSDFSKVVSSKDKSLVYSFLDNLMSYLETIKNDGPIDTDKKYYLWLKEVFKNYSFDINLTQEIDSSCGINEVVIWFGKALNILNTSNSFVEEYQNSGPISLISKKDNLSEPNIEIDDIPDSLLGLSFKDLNNKLYEIYSKNIVYFKKIYFNFLDQWWTEYYSQYFELICMAKQSILAQESLVKQIIQNKFTDLSKAS-IPPDTLKLIKETTEKTFIDLSKESQISMNRVDNFLNKASICVFVEDIYPKFISYMEKYINNINIKTREFIQRCTNINDNEKSILINSYTFKTIDFKFLDIQGIKNFFNSQVEQVMKEMLSPYQLLLFATRGPNSNIIEDISGKNTLIQYTESVELVYGVNGESLYLKSPNETVEFSNNFFTNGLTNNFTICFWLRFTGKDDDKTRLIGNKVNNCGWEIYFEDNGLVFEIIDSNGNQESVYLSNVINNNWYYISISVDRSKDQLLIFINDKNVANVSIEQILNIYSTNVISLVNKNNSIYVEELSVLDKTVTSEEVIRNYFSYLDNSYIRDSSKSLLEYNKNYQLYNYVFPKTSLYEVNDNNKSYLSLKNTDGINIPSVKFKLINIDESKGYVQKWDECIICVSDGTEKYLDISSENNRIQLVSSKDNAKKITVNTDLFRPDCITFSYNDKYFSLSLRDGDYNWMICNDNNKVPKGAHLWILES
PROKKA_00009	tr|C1FUH5|C1FUH5_CLOBJ Toxin complex component ORF-X1 OS=Clostridium botulinum (strain Kyoto / Type A2) GN=CLM_0893 PE=4 SV=1 !!!ORF-X1	1197	142	92	30	32.61	52	10	564	649	EVFKNYSFDINLTQEIDSSCGINEV---VIWFGKALNILNTSNSFVEEYQNSGPISLIS-KKD--NLSEPNIEIDDIPDSLLGLSFKDLNNK
PROKKA_00009	tr|B1L2G1|B1L2G1_CLOBM Toxin complex component ORF-X1 OS=Clostridium botulinum (strain Loch Maree / Type A3) GN=CLK_A0072 PE=4 SV=1 !!!ORF-X1	1197	142	65	23	35.38	37	5	564	624	EVFKNYSFDINLTQEIDSSCGINEV---VIWFGKALNILNTSNSFVEEYQNSGPISLIS-KKDNL
PROKKA_00009	tr|A7GBF9|A7GBF9_CLOBL Toxin complex component ORF-X1 OS=Clostridium botulinum (strain Langeland / NCTC 10281 / Type F) GN=CLI_0847 PE=4 SV=1 !!!ORF-X1	1197	142	58	22	37.93	30	6	596	650	LNILNTSNSFVEEYQNSGPISLIS-KKD--NLSEPNIEIDDIPDSLLGLSFKDLNNKL
PROKKA_00009	tr|A0A059PYE4|A0A059PYE4_9CLOT Toxin OS=Clostridium baratii GN=UC77_04385 PE=4 SV=1 !!! 	1197	140	64	23	35.94	30	11	598	650	ILNTSNSFVEEYQNSGPISLIS-KKDNLSEPN----IEIDDIPDSLLGLSF------KDLNNKL
PROKKA_00009	tr|A0A0A7FVW8|A0A0A7FVW8_9CLOT Putative oRF-X1 OS=Clostridium baratii str. Sullivan GN=U729_698 PE=4 SV=1 !!!ORF-X1	1197	140	64	23	35.94	30	11	598	650	ILNTSNSFVEEYQNSGPISLIS-KKDNLSEPN----IEIDDIPDSLLGLSF------KDLNNKL
PROKKA_00009	tr|B2TSB9|B2TSB9_CLOBB Heamagglutinin components HA-70 OS=Clostridium botulinum (strain Eklund 17B / Type B) GN=ha70 PE=4 SV=1 !!!ha70	1197	626	153	38	24.84	85	30	464	609	SIPEIIDINPYKDNSDNLVFTQITSMTEEVTTHTAL-PINYLQAQITTNENFT---LSSDFSKV---VSSKDKSLVYSFLDNLMSYLETIKNDGPIDTDKKYYLWLKEVFKNYSFDINLTQEIDSSCGINEVVIWFGKALNILNTSNSFVEEY
PROKKA_00009	tr|B1BE46|B1BE46_CLOBO Non-toxin haemagglutinin HA-70 OS=Clostridium botulinum C str. Eklund GN=CBC_A0169 PE=4 SV=1 !!!ha70	1197	623	38	12	31.58	26	0	157	194	ESPNNKDFYASNIVIFGPGSNIVENNVICYKKNDAENG
PROKKA_00009	tr|A0A060NA10|A0A060NA10_CLOBO Haemagglutinin component HA70 OS=Clostridium botulinum B str. Osaka05 GN=CBO05P2_179 PE=4 SV=1 !!!ha70	1197	626	69	18	26.09	49	2	845	911	PNSNIIEDISGKNTLIQYTESVELVYGVNGESLYLKSPNETVEFSNNFFTNGLTNN--FTICFWLRFTG
PROKKA_00009	tr|A0A0B4W4X0|A0A0B4W4X0_CLOBO Hemagglutinin components HA-22/23/53 OS=Clostridium botulinum Prevot_594 GN=ha-70 PE=4 SV=1 !!!ha70	1197	626	69	18	26.09	49	2	845	911	PNSNIIEDISGKNTLIQYTESVELVYGVNGESLYLKSPNETVEFSNNFFTNGLTNN--FTICFWLRFTG
PROKKA_00009	tr|B1INQ0|B1INQ0_CLOBK Hemagglutinin component HA70 OS=Clostridium botulinum (strain Okra / Type B1) GN=ha70 PE=4 SV=1 !!!ha70	1197	626	69	18	26.09	49	2	845	911	PNSNIIEDISGKNTLIQYTESVELVYGVNGESLYLKSPNETVEFSNNFFTNGLTNN--FTICFWLRFTG
PROKKA_00010	tr|A0A0X1KH90|A0A0X1KH90_CLOBA Botulinum neurotoxin type E, nontoxic-nonhemagglutinin component, NTNH OS=Clostridium botulinum (strain Alaska E43 / Type E3) PE=1 SV=1 !!!ntnH	1292	1163	265	84	31.70	137	44	18	281	NFNYSDPVDNKNILYLDTHLNTLANEPEKAFRIIGNIWVIPDRFSRDSNPNLNKPPRVTSPKSGYYDPNYLSTDSEKDTFLKEIIKLFKRINSREIGEELIYRLATDIPFPGNNNTPINTFDFDVDFNSVDVKTRQGNNWVKTGSINPSVIITGPRENIIDPETSTFKLTNNTFAAQEGFGALSIISISPRFMLTYSNATNNVGEGRFSKSEFCMDPILILMHELNHAMHNLYGIAIPNDQ-RISSVTSNIFYSQYKVKLEYAEI
PROKKA_00010	tr|A0A0X1KH90|A0A0X1KH90_CLOBA Botulinum neurotoxin type E, nontoxic-nonhemagglutinin component, NTNH OS=Clostridium botulinum (strain Alaska E43 / Type E3) PE=1 SV=1 !!!ntnH	1292	1163	590	120	20.34	406	64	560	1118	YLESQKLSDNVEDFTFTTSIEEALDNSGKV----------YTYFPKLADKVNTGVQGGLFLMWANDVVEDFTTNILRKDTLDKISDVSAIIPYIGPALNISNSVRRGNFTEAFAVTGVTILLEAFQEFTIPALGAFVIYSKVQERN--EIIKTIDNCLEQRIKRWKDSYEWMIGTWLSRITTQFNNISYQMYDSLNYQADAIKDKID------LEYKKYSGSDKENIKSQVENLKNSLDIKISEAMNNINKFIRECSVTYLFKNMLPK---VIDELNKFDLKTKTELINLIDSHNIILVGEVDRLKAKVNESFENTIPFNIFSYTNNSLLKDIINEYF-------NSINDSKILSLQNKKNALV-DTSGYNAEVRLEGDVQ-VNTIYTNDFKLSSSGDKIIVNLNNNILYSAIYENSSVSFWIKISKDLTNSHNEYTIINSIKQNSGWKLCIRNGNIEWILQDINRKYKSLIFDYSESLSHTGYTNKWFFVTIT-NNIMGYMKLYINGELKQSERIEDLNEVKLDKTIVFGIDENIDENQMLWIRDFNIFSKELSNEDINIVYEGQILRNVIKDYWGNPLKFDTEYYIIN
PROKKA_00010	tr|C5UY14|C5UY14_CLOBO Botulinum neurotoxin type E1, nontoxic-nonhemagglutinin component, NTNH OS=Clostridium botulinum E1 str. 'BoNT E Beluga' GN=ntnH PE=4 SV=1 !!!ntnH	1292	1163	265	84	31.70	137	44	18	281	NFNYSDPVDNKNILYLDTHLNTLANEPEKAFRIIGNIWVIPDRFSRDSNPNLNKPPRVTSPKSGYYDPNYLSTDSEKDTFLKEIIKLFKRINSREIGEELIYRLATDIPFPGNNNTPINTFDFDVDFNSVDVKTRQGNNWVKTGSINPSVIITGPRENIIDPETSTFKLTNNTFAAQEGFGALSIISISPRFMLTYSNATNNVGEGRFSKSEFCMDPILILMHELNHAMHNLYGIAIPNDQ-RISSVTSNIFYSQYKVKLEYAEI
PROKKA_00010	tr|C5UY14|C5UY14_CLOBO Botulinum neurotoxin type E1, nontoxic-nonhemagglutinin component, NTNH OS=Clostridium botulinum E1 str. 'BoNT E Beluga' GN=ntnH PE=4 SV=1 !!!ntnH	1292	1163	590	120	20.34	406	64	560	1118	YLESQKLSDNVEDFTFTTSIEEALDNSGKV----------YTYFPKLADKVNTGVQGGLFLMWANDVVEDFTTNILRKDTLDKISDVSAIIPYIGPALNISNSVRRGNFTEAFAVTGVTILLEAFQEFTIPALGAFVIYSKVQERN--EIIKTIDNCLEQRIKRWKDSYEWMIGTWLSRITTQFNNISYQMYDSLNYQADAIKDKID------LEYKKYSGSDKENIKSQVENLKNSLDIKISEAMNNINKFIRECSVTYLFKNMLPK---VIDELNKFDLKTKTELINLIDSHNIILVGEVDRLKAKVNESFENTIPFNIFSYTNNSLLKDIINEYF-------NSINDSKILSLQNKKNALV-DTSGYNAEVRLEGDVQ-VNTIYTNDFKLSSSGDKIIVNLNNNILYSAIYENSSVSFWIKISKDLTNSHNEYTIINSIKQNSGWKLCIRNGNIEWILQDINRKYKSLIFDYSESLSHTGYTNKWFFVTIT-NNIMGYMKLYINGELKQSERIEDLNEVKLDKTIVFGIDENIDENQMLWIRDFNIFSKELSNEDINIVYEGQILRNVIKDYWGNPLKFDTEYYIIN
PROKKA_00010	tr|B1INP6|B1INP6_CLOBK Botulinum neurotoxin type B1, nontoxic-nonhemagglutinin component, NTNH OS=Clostridium botulinum (strain Okra / Type B1) GN=ntnH PE=4 SV=1 !!!ntnH	1292	1197	283	84	29.68	149	50	17	274	NNFNYSDPVDNKNILYLDTHLNTLANEPEKAFRIIGNIWVIPDRFSRDSNPNLNKPPRVTSPKSGYYDPNYLSTDSEKDTFLKEIIKLFKRINSREIGEELIYRLATDIPFPGNNNTPINTFDFDVDFNSVDVKTRQGNNWVKTGSINP---------------------SVIITGPRENIIDPETSTFKLTNNTFAAQEGFGALSIISISPRFMLTYSNATNNVGEGRFSKSEFCMDPILILMHELNHAMHNLYGIAIPND----QRISSVTSNIFYSQYKV
PROKKA_00010	tr|B1INP6|B1INP6_CLOBK Botulinum neurotoxin type B1, nontoxic-nonhemagglutinin component, NTNH OS=Clostridium botulinum (strain Okra / Type B1) GN=ntnH PE=4 SV=1 !!!ntnH	1292	1197	598	117	19.57	423	58	560	1132	YLESQKLSDNVEDFTFTTSIEEALDNSGK--VYTYFPKL-----ADKVNTGVQ-GGLFLMWANDVVEDFTTNILRKDTLDKISDVSAIIPYIGPALNISNSVRRGNFTEAFAVTGVTILLEAFQEFTIPALGAFVIYSKVQ--ERNEIIKTIDNCLEQRIKRWKDSYEWMIGTWLSRITTQFNNISYQMYDSLNYQADAIKDKIDLEYKKYSGSDKENIKSQVENL---KNSLDIKISE--AMNNINKFIRECSVTYLFKNMLPKVIDELNKFDLKTKTELINLIDSHNIILVGEVDRLKAKVNESFENTIPFNIFSYTNNSLLKDIINEYFNSINDSK-------ILSLQNKKNALV-DTSGYNAEVRLEGDVQVNTIYTNDFKLSSSGDKIIVNLNNNILYSAIYENSSVSFWIK-ISKDLTNSHNEYTIINSIKQNSGWKLCIRNGNIEWILQDINRKYKSLIFDYSESLSHTGYTNKWFFVTIT-NNIMGYMKLYINGELKQSERIEDLNEVKLDKTIVFGIDENIDENQMLWIRDFNIFSKELSNEDINIVYEGQILRNVIKDYWGNPLKFDTEYYIINDNYIDRYIAPKSNI
PROKKA_00010	tr|A5HZZ8|A5HZZ8_CLOBH Type A progenitor toxin nontoxic-nonha OS=Clostridium botulinum (strain Hall / ATCC 3502 / NCTC 13319 / Type A) GN=ntnH PE=4 SV=1 !!!ntnH	1292	1193	283	84	29.68	149	50	17	274	NNFNYSDPVDNKNILYLDTHLNTLANEPEKAFRIIGNIWVIPDRFSRDSNPNLNKPPRVTSPKSGYYDPNYLSTDSEKDTFLKEIIKLFKRINSREIGEELIYRLATDIPFPGNNNTPINTFDFDVDFNSVDVKTRQGNNWVKTGSINP---------------------SVIITGPRENIIDPETSTFKLTNNTFAAQEGFGALSIISISPRFMLTYSNATNNVGEGRFSKSEFCMDPILILMHELNHAMHNLYGIAIPND----QRISSVTSNIFYSQYKV
PROKKA_00010	tr|A5HZZ8|A5HZZ8_CLOBH Type A progenitor toxin nontoxic-nonha OS=Clostridium botulinum (strain Hall / ATCC 3502 / NCTC 13319 / Type A) GN=ntnH PE=4 SV=1 !!!ntnH	1292	1193	681	133	19.53	473	75	560	1203	YLESQKLSDNVEDFTFTTSIEEALDNSGK--VYTYFPKL-----ADKVNTGVQ-GGLFLMWANDVVEDFTTNILRKDTLDKISDVSAIIPYIGPALNISNSVRRGNFTEAFAVTGVTILLEAFQEFTIPALGAFVIYSKV--QERNEIIKTIDNCLEQRIKRWKDSYEWMIGTWLSRITTQFNNISYQMYDSLNYQADAIKDKIDLEYKKYSGSDKENIKS---QVENLKNSLDIK-ISE----AMNNINKFIRECSVTYLFKNMLPKVI----DELNKFDLKTKTELINLIDSHNIILVGEVDRLKAKVNESFENTIPF---------NIFSYTNNSLLKDIINEYFNSINDSKILSLQNKKNALV-DTSGYNAEVRLEGDVQVNTIY-TNDFKLSSSGDKIIVNLNNNILYSAIYENSSVSFWIK-ISKDLTNSHNEYTIINSIKQNSGWKLCIRNGNIEWILQDINRKYKSLIFDYSESLSHTGYTNKWFFVTIT-NNIMGYMKLYINGELKQSERIEDLNEVKLDKTIVFGIDENIDENQMLWIRDFNIFSKELSNEDINIVYEGQILRNVIKDYWGNPLKFDTEYYIINDNYIDRYIA--PKSNILVLVQYPDRSKLYTGNPITIKSVSDKNPYSRILNGDNIMFHMLYNSGKYMIIRDTDTIYAIEGRECSKNCV
PROKKA_00010	tr|B2TSC3|B2TSC3_CLOBB Botulinum neurotoxin type B OS=Clostridium botulinum (strain Eklund 17B / Type B) GN=ntnH PE=4 SV=1 !!!ntnH	1292	1197	283	83	29.33	150	50	17	274	NNFNYSDPVDNKNILYLDTHLNTLANEPEKAFRIIGNIWVIPDRFSRDSNPNLNKPPRVTSPKSGYYDPNYLSTDSEKDTFLKEIIKLFKRINSREIGEELIYRLATDIPFPGNNNTPINTFDFDVDFNSVDVKTRQGNNWVKTGSINP---------------------SVIITGPRENIIDPETSTFKLTNNTFAAQEGFGALSIISISPRFMLTYSNATNNVGEGRFSKSEFCMDPILILMHELNHAMHNLYGIAIPND----QRISSVTSNIFYSQYKV
PROKKA_00010	tr|B2TSC3|B2TSC3_CLOBB Botulinum neurotoxin type B OS=Clostridium botulinum (strain Eklund 17B / Type B) GN=ntnH PE=4 SV=1 !!!ntnH	1292	1197	599	119	19.87	420	60	560	1132	YLESQKLSDNVEDFTFTTSIEEALDNSGK--VYTYFPKL-----ADKVNTGVQGGL-FLMWANDVVEDFTTNILRKDTLDKISDVSAIIPYIGPALNISNSVRRGNFTEAFAVTGVTILLEAFQEFTIPALGAFVI--YSKVQERNEIIKTIDNCLEQRIKRWKDSYEWMIGTWLSRITTQFNNISYQMYDSLNYQADAIKDKIDLEYKKYSGSDKENIKSQVENL---KNSLDIKISE--AMNNINKFIRECSVTYLFKNMLPKVIDELNKFDLKTKTELINLIDSHNIILVGEVDRLKAKVNESFENTIPFNIFSYTNNSLLKDIINEYFNSINDSK-------ILSLQNKKNALV-DTSGYNAEVRLEGDVQ-VNTIYTNDFKLSSSGDKIIVNLNNNILYSAIYENSSVSFWIK-ISKDLTNSHNEYTIINSIKQNSGWKLCIRNGNIEWILQDINRKYKSLIFDYSESLSHTGYTNKWFFVTIT-NNIMGYMKLYINGELKQSERIEDLNEVKLDKTIVFGIDENIDENQMLWIRDFNIFSKELSNEDINIVYEGQILRNVIKDYWGNPLKFDTEYYIINDNYIDRYIAPKSNI
PROKKA_00010	tr|A0A060N6G5|A0A060N6G5_CLOBO Nontoxic-nonhemagglutinin component, NTNH OS=Clostridium botulinum B str. Osaka05 GN=CBO05P2_175 PE=4 SV=1 !!!ntnH	1292	1197	288	85	29.51	143	60	17	274	NNFNYSDPVDNKNILYL-----DTHLNTLANEPEKAFRIIGNIWVIPDRFSRDSNPNLNKPPRVTSPKSGYYDPNYLSTDSEKDTFLKEIIKLFKRINSREIGEELIYRLATDIPFPGNNNTPINTFDFDVDFNSVDVKTRQGNNWVKTGSINP---------------------SVIITGPRENIIDPETSTFKLTNNTFAAQEGFGALSIISISPRFMLTYSNATNNVGEGRFSKSEFCMDPILILMHELNHAMHNLYGIAIPND----QRISSVTSNIFYSQYKV
PROKKA_00010	tr|A0A060N6G5|A0A060N6G5_CLOBO Nontoxic-nonhemagglutinin component, NTNH OS=Clostridium botulinum B str. Osaka05 GN=CBO05P2_175 PE=4 SV=1 !!!ntnH	1292	1197	541	104	19.22	389	48	609	1132	FLMWANDVVEDFTTNILRKDTLDKISDVSAIIPYIGPALNISNSVRRGNFTEAFAVTGVTILLEAFQEFTIPALGAFVIYSKV--QERNEIIKTIDNCLEQRIKRWKDSYEWMIGTWLSRITTQFNNISYQMYDSLNYQADAIKDKIDLEYKKYSGSDKENIKSQVENL---KNSLDIKISE--AMNNINKFIRECSVTYLFKNMLPKVIDELNKFDLKTKTELINLIDSHNIILVGEVDRLKAKVNESFENTIPFNIFSYTNNSLLKDIINEYFNSINDSK-------ILSLQNKKNALV-DTSGYNAEVRLEGDVQVNTIYTNDFKLSSSGDKIIVNLNNNILYSAIYENSSVSFWIK-ISKDLTNSHNEYTIINSIKQNSGWKLCIRNGNIEWILQDINRKYKSLIFDYSESLSHTGYTNKWFFVTIT-NNIMGYMKLYINGELKQSERIEDLNEVKLDKTIVFGIDENIDENQMLWIRDFNIFSKELSNEDINIVYEGQILRNVIKDYWGNPLKFDTEYYIINDNYIDRYIAPKSNI
PROKKA_00010	tr|C4IHM0|C4IHM0_CLOBU Botulinum neurotoxin type E, nontoxic-nonhemagglutinin component, NTNH OS=Clostridium butyricum E4 str. BoNT E BL5262 GN=ntnH PE=4 SV=1 !!!ntnH	1292	1163	240	76	31.67	126	38	18	257	NFNYSDPVDNKNILYLDTHLNTLANEPEKAFRIIGNIWVIPDRFSRDSNPNLNKPPRVTSPKSGYYDPNYLSTDSEKDTFLKEIIKLFKRINSREIGEELIYRLATDIPFPGNNNTPINTFDFDVDFNSVDVKTRQGNNWVKTGSINPSVIITGPRENIIDPETSTFKLTNNTFAAQEGFGALSIISISPRFMLTYSNATNNVGEGRFSKSEFCMDPILILMHELNHAMHNLYGIAIPND
PROKKA_00010	tr|C4IHM0|C4IHM0_CLOBU Botulinum neurotoxin type E, nontoxic-nonhemagglutinin component, NTNH OS=Clostridium butyricum E4 str. BoNT E BL5262 GN=ntnH PE=4 SV=1 !!!ntnH	1292	1163	587	119	20.27	410	58	560	1118	YLESQKLSDNVEDFTFTTSIEEALDNSGKV----------YTYFPKLADKVNTGVQGGLFLMWANDVVEDFTTNILRKDTLDKISDVSAIIPYIGPALNISNSVRRGNFTEAFAVTGVTILLEAFQEFTIPALGAFVIYSKVQERN--EIIKTIDNCLEQRIKRWKDSYEWMIGTWLSRITTQFNNISYQMYDSLNYQADAIKDKID------LEYKKYSGSDKENIKSQVENLKNSLDIKISEAMNNINKFIRECSVTYLFKNMLPK---VIDELNKFDLKTKTELINLIDSHNIILVGEVDRLKAKVNESFENTIPFNIFSYTN-----NSLLKDIINEYFNSINDSKILSLQNKKNALVDTSGYNAEVRLEGDVQ-VNTIYTNDFKLSSSGDKIIVNLNNNILYSAIYENSSVSFWIKISKDLTNSHNEYTIINSIKQNSGWKLCIRNGNIEWILQDINRKYKSLIFDYSESLSHTGYTNKWFFVTIT-NNIMGYMKLYINGELKQSERIEDLNEVKLDKTIVFGIDENIDENQMLWIRDFNIFSKELSNEDINIVYEGQILRNVIKDYWGNPLKFDTEYYIIN
PROKKA_00010	tr|B1L2G4|B1L2G4_CLOBM Botulinum neurotoxin type A3, nontoxic-nonhemagglutinin component, NTNH OS=Clostridium botulinum (strain Loch Maree / Type A3) GN=ntnH PE=4 SV=1 !!!ntnH	1292	1159	327	86	26.30	177	64	17	337	NNFNYSDPVDNKNILYL-----DTHLNTLANEPEKAFRIIGNIWVIPDRFSRDSNPNLNKPPRVTSPKSGYYDPNYLSTDSEKDTFLKEIIKLFKRINSREIGEELIYRLATDIPFPGNNNTPINTFDFDV-DFNSVDVKTRQGNNWVKTGSINPSVIITGPRENIIDPETSTFKLTNNTFAAQEGFGALSIISISPRFMLTYSNATNNVGEGRFSKSEFCMDPILILMHELNHAMHNLYGIAIPNDQRISSVTSNIFYSQYKVKLEYAEIYAFGGPTIDLIPKSARKYFEEKALDYYRSIAKRLNSITTANPSSFNKYIGEYKQKL
PROKKA_00010	tr|B1L2G4|B1L2G4_CLOBM Botulinum neurotoxin type A3, nontoxic-nonhemagglutinin component, NTNH OS=Clostridium botulinum (strain Loch Maree / Type A3) GN=ntnH PE=4 SV=1 !!!ntnH	1292	1159	599	116	19.37	420	63	560	1127	YLESQKLSDNVEDFTFTTSIEEALDNSGK--VYTYFPKLADKVNTGVQGG------LFLMWANDVVEDFTTNILRKDTLDKISDVSAIIPYIGPALNISNSVRRGN-FTEAFAVTGVTILLEAFQEFTIPALGAFVIYSKVQERN--EIIKTIDNCLEQRIKRWKDSYEWMIGTWLSRITTQFNNISYQMYDSLNYQADAIKDKIDLEYKKYSGSDKENIKS---QVENLKNSLDIK-ISE----AMNNINKFIRECSVTYLFKNMLPK-------VIDELNKFDLKTKTELINLIDSHNIILVGEVDRLKAKVNESFENTIPF-NIFSYTNNSLLKDIINEYFNSINDSKILSLQNKKNALV-DTSGYNAEVRLEGDVQVNTIY-TNDFKLSSSGDKIIVNLNNNILYSAIYENSSVSFWIK-ISKDLTNSHNEYTIINSIKQNSGWKLCIRNGNIEWILQDINRKYKSLIFDYSESLSHTGYTNKWFFVTIT-NNIMGYMKLYINGELKQSERIEDLNEVKLDKTIVFGIDENIDENQMLWIRDFNIFSKELSNEDINIVYEGQILRNVIKDYWGNPLKFDTEYYIINDNYIDRYIA
PROKKA_00010	tr|A7GBG2|A7GBG2_CLOBL Botulinum neurotoxin type F, nontoxic-nonhemagglutinin component, NTNH OS=Clostridium botulinum (strain Langeland / NCTC 10281 / Type F) GN=ntnH PE=4 SV=1 !!!ntnH	1292	1163	326	90	27.61	174	62	17	337	NNFNYSDPVDNKNILYLDTHLNTLANEPEKAFRIIGNIWVIPDRFSRDSNPNLNKPPRVTSPKSGYYDPNYLSTDSEKDTFLKEIIKLFKRINSREIGEELIYRLATDIPFPGNNNTPINTFDFDV-DFNSVDVKTRQGNNWVKTGSINPSVIITGPRENIIDPETSTFKLTNNTFAAQEGFGALSIISISPRFMLTYSNATNNVGEGRFSKSEFCMDPILILMHELNHAMHNLYGIAIPND----QRISSVTSNIFYSQYKVKLEYAEIYAFGGPTIDLIPKSARKYFEEKALDYYRSIAKRLNSITTANPSSFNKYIGEYKQKL
PROKKA_00010	tr|A7GBG2|A7GBG2_CLOBL Botulinum neurotoxin type F, nontoxic-nonhemagglutinin component, NTNH OS=Clostridium botulinum (strain Langeland / NCTC 10281 / Type F) GN=ntnH PE=4 SV=1 !!!ntnH	1292	1163	518	98	18.92	364	56	560	1047	YLESQKLSDNVEDFTFTTSIEEALDNSGKVYTYFP---------KLADKVNTGVQGGLFLMWANDVVEDFTTNILRKDTLDKISDVSAIIPYIGPALNISNSVRRGN-FTEAFAVTGVTILLEAFQEFTIPALGAFVIYSKVQERN--EIIKTIDNCLEQRIKRWKDSYEWMIGTWLSRITTQFNNISYQMYDSLNYQADAIKDKIDLEYKKYSGS---DKENIKSQVENLKNSLDIKISE---AMNNINKFIRECSVTYLFKNMLPK-------VIDELNKFDLKTKTELINLIDSHNIILVGEVDRLKAKVNESFENTIPF-NIFSYTNNSLLKDIINEYFNSINDSKILSLQNK-KNALVDTSGYNAEVRLEGDVQVNTIY-TNDFKLSSSGDKIIVNLNNNILYSAIYENSSVSFWIK-ISKDLTNSHNEYTIINSIKQNSGWKLCIRNGNIEWILQDINRKYKSLIFDYSESLSHTGYTNKWFFVTIT-NNIMGYMKLYINGELKQSERIEDL
PROKKA_00010	tr|C1FUH8|C1FUH8_CLOBJ Botulinum neurotoxin type A2, nontoxic-nonhemagglutinin component, NTNH OS=Clostridium botulinum (strain Kyoto / Type A2) GN=ntnH PE=4 SV=1 !!!ntnH	1292	1159	330	87	26.36	173	70	17	337	NNFNYSDPVDNKNILYL-----DTHLNTLANEPEKAFRIIGNIWVIPDRFSRDSNPNLNKPPRVTSPKSGYYDPNYLSTDSEKDTFLKEIIKLFKRINSREIGEELIYRLATDIPFPGNNNTPINTFDFDV-DFNSVDVKTRQGNNWVKTGSINPSVIITGPRENIIDPETSTFKLTNNTFAAQEGFGALSIISISPRFMLTYSNATNNVGEGRFSKSEFCMDPILILMHELNHAMHNLYGIAIPNDQRISSVTSNIFYSQYKVKLEYAEIYAFGGPTIDLIPKSARKYFEEKALD---YYRSIAKRLNSITTANPSSFNKYIGEYKQKL
PROKKA_00010	tr|C1FUH8|C1FUH8_CLOBJ Botulinum neurotoxin type A2, nontoxic-nonhemagglutinin component, NTNH OS=Clostridium botulinum (strain Kyoto / Type A2) GN=ntnH PE=4 SV=1 !!!ntnH	1292	1159	620	117	18.87	446	57	609	1203	FLMWANDVVEDFTTNILRKDTLDKISDVSAIIPYIGPALNISNSVRRGN-FTEAFAVTGVTILLEAFQEFTIPALGAFVIYSKVQERNEIIKTIDNCLEQRIKRWKDSYEWM----IGTWLSRITTQFNNISYQMYDSLNYQADAIKDKIDLEYKKYSGSDKENIKS---QVENLKNSLDIK-ISE----AMNNINKFIRECSVTYL-------FKNMLPKVIDELNKFDLKTKTELINLIDSHNIILVGEVDRLKAKVNESFENTIPF-NIFSYTNNSLLKDIINEYFNSINDSKILSLQN-KKNALVDTSGYNAEVRLEGDVQVNTIY-TNDFKLSSSGDKIIVNLNNNILYSAIYENSSVSFWIK-ISKDLTNSHNEYTIINSIKQNSGWKLCIRNGNIEWILQDINRKYKSLIFDYSESLSHTGYTNKWFFVTIT-NNIMGYMKLYINGELKQSERIEDLNEVKLDKTIVFGIDENIDENQMLWIRDFNIFSKELSNEDINIVYEGQILRNVIKDYWGNPLKFDTEYYIINDNYIDRYIAPKSNILVLVQYPDRSKLYTGNPITIKSVSDKNPYSRILNGDNIMFHMLYNSGKYMIIRDTDTIYAIEGRECSKNCV
PROKKA_00010	tr|C5VU80|C5VU80_CLOBO Botulinum neurotoxin type D, nontoxic-nonhemagglutinin component, NTNH OS=Clostridium botulinum D str. 1873 GN=ntnH PE=4 SV=1 !!!ntnH	1292	1196	268	77	28.73	138	53	17	260	NNFNYSDPVDNKNILYLDTHLNTLANEPEKAFRIIGNIWVIPDRFSRDSNPNLNKPPRVTSP---KSGYYDPNYLSTDSEKDTFLKEIIKLFKRINSREIGEELIYRLATDIPFP----GNNNTPINTFDF------DVDFNSVDVKT-------RQGNNWVKTGS----INPSVIITGPRENIIDPETSTFKLTNNTFAAQEGFGALSIISISPRFMLTYSNATNNVGEGRFSKSEFCMDPILILMHELNHAMHNLYGIAIPNDQRI
PROKKA_00010	tr|C5VU80|C5VU80_CLOBO Botulinum neurotoxin type D, nontoxic-nonhemagglutinin component, NTNH OS=Clostridium botulinum D str. 1873 GN=ntnH PE=4 SV=1 !!!ntnH	1292	1196	616	110	17.86	412	94	560	1132	YLESQKLSDNVEDFTFTTSIEEALDNSGK--VYTYFPKLADKVNTGVQGG------LFLMWANDVVEDFTTNILRKDTLDKISDVSAIIPYIGPALNISNSVRRGNFTEAFAVTGVTILLEAFQEFTIPALGAFVIYSKVQERNEIIKTIDNCL----EQRIKRWKDSYEWMIGTWLSRITTQFNNISYQMYDSLNYQADAIKDKIDLEYKKYSGSD---------KENIKSQVENLKNSLDIKISEAMNNINKFIRECSVTYLFKNMLPKVIDELNKF----DLKTK---TELINLIDSHNIILVGEVDRLKAKVNESFENTIPF---------NIFSYTNNSLLKDIINEYFNSINDSKILSLQNK---KNALVDTSGYNAEVRLEGDVQ-VNTIYTNDFKLSSSGDKIIVNLNNNILYSAIYENSSVSFWIKISKDLTNSHNEYT-IINSIKQNSGWKLCIRNGNIEWILQDINRKYKSLIFDYSESLSHTGYTNKWFFVTIT-NNIMGYMKLYINGELKQSERIEDLNEVKLDKTIVFGIDENIDENQMLWIRDFNIFSKELSNEDINIVYEGQILRNVIKDYWGNPLKFDTEYYIINDNYIDRYIAPKSNI
PROKKA_00010	tr|B1BE43|B1BE43_CLOBO Botulinum neurotoxin type C, nontoxic-nonhemagglutinin component NTNH OS=Clostridium botulinum C str. Eklund GN=CBC_A0166 PE=4 SV=1 !!!ntnH	1292	1196	265	75	28.30	138	52	17	257	NNFNYSDPVDNKNILYLDTHLNTLANEPEKAFRIIGNIWVIPDRFSRDSNPNLNKPPRVTSP---KSGYYDPNYLSTDSEKDTFLKEIIKLFKRINSREIGEELIYRLATDIPFP----GNNNTPINTFDF------DVDFNSVDVKT-------RQGNNWVKTGS----INPSVIITGPRENIIDPETSTFKLTNNTFAAQEGFGALSIISISPRFMLTYSNATNNVGEGRFSKSEFCMDPILILMHELNHAMHNLYGIAIPND
PROKKA_00010	tr|B1BE43|B1BE43_CLOBO Botulinum neurotoxin type C, nontoxic-nonhemagglutinin component NTNH OS=Clostridium botulinum C str. Eklund GN=CBC_A0166 PE=4 SV=1 !!!ntnH	1292	1196	607	113	18.62	418	76	560	1132	YLESQKLSDNVEDFTFTTSIEEALDNSGK--VYTYFPKLADKVNTGVQGG------LFLMWANDVVEDFTTNILRKDTLDKISDVSAIIPYIGPALNISNSVRRGNFTEAFAVTGVTILLEAFQEFTIPALGAFVIYSKVQERNEIIKTIDNCL----EQRIKRWKDSYEWMIGTWLSRITTQFNNISYQMYDSLNYQADAIKDKIDLEYKKYSGSD---------KENIKSQVENLKNSLDIKISEAMNNINKFIRECSVTYLFKNMLPKVIDELNKF----DLKTK---TELINLIDSHNIILVGEVDRLKAKVNESFENTIPF-NIFSYTNNSLLKDIINEYFNSINDSKILSLQNK---KNALVDTSGYNAEVRLEGDVQVNTIY-TNDFKLSSSGDKIIVNLNNNILYSAIYENSSVSFWIKISKDLTNSHNEYTIINSIKQNSGWKLCIRNGNIEWILQDINRKYKSLIFDYSESLSHTGYTNKWFFVTIT-NNIMGYMKLYINGELKQSERIEDLNEVKLDKTIVFGIDENIDENQMLWIRDFNIFSKELSNEDINIVYEGQILRNVIKDYWGNPLKFDTEYYIINDNYIDRYIAPKSNI
PROKKA_00010	tr|C5UY13|C5UY13_CLOBO P-47 protein OS=Clostridium botulinum E1 str. 'BoNT E Beluga' GN=p47 PE=4 SV=1 !!!P-47	1292	416	43	18	41.86	20	5	1104	1146	WGNPLKFDTEYYIINDNYIDRYIAPKSNILVLVQYPDRSKLYT
PROKKA_00010	tr|B1L2G3|B1L2G3_CLOBM P-47 protein OS=Clostridium botulinum (strain Loch Maree / Type A3) GN=p47 PE=4 SV=1 !!!P-47	1292	416	43	18	41.86	20	5	1104	1146	WGNPLKFDTEYYIINDNYIDRYIAPKSNILVLVQYPDRSKLYT
PROKKA_00011	tr|B1INP6|B1INP6_CLOBK Botulinum neurotoxin type B1, nontoxic-nonhemagglutinin component, NTNH OS=Clostridium botulinum (strain Okra / Type B1) GN=ntnH PE=4 SV=1 !!!ntnH	219	1197	57	13	22.81	43	1	150	206	PSFAITKEYYLGTCSWDGFQRDYWEYEKMFKSKEENKNKRVEDEIKERRKQEIKIQI
PROKKA_00011	tr|C5VU80|C5VU80_CLOBO Botulinum neurotoxin type D, nontoxic-nonhemagglutinin component, NTNH OS=Clostridium botulinum D str. 1873 GN=ntnH PE=4 SV=1 !!!ntnH	219	1196	56	13	23.21	42	1	152	207	FAITKEYYLGTCSWDGFQRDYWEYEKMFKSKEENKNKRVEDEIKERRKQEIKIQIE
PROKKA_00011	tr|A5HZZ8|A5HZZ8_CLOBH Type A progenitor toxin nontoxic-nonha OS=Clostridium botulinum (strain Hall / ATCC 3502 / NCTC 13319 / Type A) GN=ntnH PE=4 SV=1 !!!ntnH	219	1193	57	13	22.81	43	1	150	206	PSFAITKEYYLGTCSWDGFQRDYWEYEKMFKSKEENKNKRVEDEIKERRKQEIKIQI
PROKKA_00011	tr|A5HZZ8|A5HZZ8_CLOBH Type A progenitor toxin nontoxic-nonha OS=Clostridium botulinum (strain Hall / ATCC 3502 / NCTC 13319 / Type A) GN=ntnH PE=4 SV=1 !!!ntnH	219	1193	52	13	25.00	38	1	163	214	CSWDGFQRDYWEYEKMFKSKEENKNKRVEDEIKERRKQEIKIQIEMLSKELL
PROKKA_00011	tr|B2TSC3|B2TSC3_CLOBB Botulinum neurotoxin type B OS=Clostridium botulinum (strain Eklund 17B / Type B) GN=ntnH PE=4 SV=1 !!!ntnH	219	1197	56	13	23.21	42	1	150	205	PSFAITKEYYLGTCSWDGFQRDYWEYEKMFKSKEENKNKRVEDEIKERRKQEIKIQ
PROKKA_00011	tr|A0A060N6G5|A0A060N6G5_CLOBO Nontoxic-nonhemagglutinin component, NTNH OS=Clostridium botulinum B str. Osaka05 GN=CBO05P2_175 PE=4 SV=1 !!!ntnH	219	1197	57	13	22.81	43	1	150	206	PSFAITKEYYLGTCSWDGFQRDYWEYEKMFKSKEENKNKRVEDEIKERRKQEIKIQI
PROKKA_00011	tr|C5UY11|C5UY11_CLOBO Toxin complex component ORF-X2 OS=Clostridium botulinum E1 str. 'BoNT E Beluga' GN=CLO_2648 PE=4 SV=1 !!!ORF-X2	219	748	66	19	28.79	45	2	152	216	FAITKEYYLGTCSWDGFQRDYWEYEKMFKSKEENKNKRVEDEIKERRKQEIKIQIEMLSK-ELLSL
PROKKA_00011	tr|B1L2G4|B1L2G4_CLOBM Botulinum neurotoxin type A3, nontoxic-nonhemagglutinin component, NTNH OS=Clostridium botulinum (strain Loch Maree / Type A3) GN=ntnH PE=4 SV=1 !!!ntnH	219	1159	52	13	25.00	38	1	163	214	CSWDGFQRDYWEYEKMFKSKEENKNKRVEDEIKERRKQEIKIQIEMLSKELL
PROKKA_00011	tr|C5UY13|C5UY13_CLOBO P-47 protein OS=Clostridium botulinum E1 str. 'BoNT E Beluga' GN=p47 PE=4 SV=1 !!!P-47	219	416	36	13	36.11	21	2	161	194	GTCSWDGFQRDY--WEYEKMFKSKEENKNKRVEDEI
PROKKA_00011	tr|A7GBG2|A7GBG2_CLOBL Botulinum neurotoxin type F, nontoxic-nonhemagglutinin component, NTNH OS=Clostridium botulinum (strain Langeland / NCTC 10281 / Type F) GN=ntnH PE=4 SV=1 !!!ntnH	219	1163	52	14	26.92	37	1	163	214	CSWDGFQRDYWEYEKMFKSKEENKNKRVEDEIKERRKQEIKIQIEMLSKELL
PROKKA_00011	tr|C1FUH8|C1FUH8_CLOBJ Botulinum neurotoxin type A2, nontoxic-nonhemagglutinin component, NTNH OS=Clostridium botulinum (strain Kyoto / Type A2) GN=ntnH PE=4 SV=1 !!!ntnH	219	1159	52	13	25.00	38	1	163	214	CSWDGFQRDYWEYEKMFKSKEENKNKRVEDEIKERRKQEIKIQIEMLSKELL
PROKKA_00012	tr|B1BE46|B1BE46_CLOBO Non-toxin haemagglutinin HA-70 OS=Clostridium botulinum C str. Eklund GN=CBC_A0169 PE=4 SV=1 !!!ha70	49	623	38	16	42.11	18	4	11	47	NNNINVTRLITYYN-TNCKHYWIKTRVGLLKNKNKIIK
PROKKA_00012	tr|C1FUH8|C1FUH8_CLOBJ Botulinum neurotoxin type A2, nontoxic-nonhemagglutinin component, NTNH OS=Clostridium botulinum (strain Kyoto / Type A2) GN=ntnH PE=4 SV=1 !!!ntnH	49	1159	13	8	61.54	5	0	8	20	MKVNNNINVTRLI
PROKKA_00012	tr|A0A0C1TZQ5|A0A0C1TZQ5_9CLOT Hemagglutinin components HA-22/23/53 OS=Clostridium argentinense CDC 2741 GN=ha-70 PE=4 SV=1 !!!ha70	49	629	37	14	37.84	20	3	11	47	NNNINVTRLITYYNTNCKHYWIKTRVGLLKNKNKIIK
PROKKA_00012	tr|B1L2G4|B1L2G4_CLOBM Botulinum neurotoxin type A3, nontoxic-nonhemagglutinin component, NTNH OS=Clostridium botulinum (strain Loch Maree / Type A3) GN=ntnH PE=4 SV=1 !!!ntnH	49	1159	13	6	46.15	7	0	8	20	MKVNNNINVTRLI
PROKKA_00012	tr|A7GBG2|A7GBG2_CLOBL Botulinum neurotoxin type F, nontoxic-nonhemagglutinin component, NTNH OS=Clostridium botulinum (strain Langeland / NCTC 10281 / Type F) GN=ntnH PE=4 SV=1 !!!ntnH	49	1163	13	6	46.15	7	0	8	20	MKVNNNINVTRLI
PROKKA_00012	tr|C4IHM0|C4IHM0_CLOBU Botulinum neurotoxin type E, nontoxic-nonhemagglutinin component, NTNH OS=Clostridium butyricum E4 str. BoNT E BL5262 GN=ntnH PE=4 SV=1 !!!ntnH	49	1163	26	10	38.46	14	2	1	25	MFYLKGMMKVNNNINVT-RLITYYNT
PROKKA_00012	tr|C4IHM0|C4IHM0_CLOBU Botulinum neurotoxin type E, nontoxic-nonhemagglutinin component, NTNH OS=Clostridium butyricum E4 str. BoNT E BL5262 GN=ntnH PE=4 SV=1 !!!ntnH	49	1163	16	6	37.50	10	0	3	18	YLKGMMKVNNNINVTR
PROKKA_00012	tr|C5UY14|C5UY14_CLOBO Botulinum neurotoxin type E1, nontoxic-nonhemagglutinin component, NTNH OS=Clostridium botulinum E1 str. 'BoNT E Beluga' GN=ntnH PE=4 SV=1 !!!ntnH	49	1163	26	10	38.46	14	2	1	25	MFYLKGMMKVNNNINVT-RLITYYNT
PROKKA_00012	tr|C5UY14|C5UY14_CLOBO Botulinum neurotoxin type E1, nontoxic-nonhemagglutinin component, NTNH OS=Clostridium botulinum E1 str. 'BoNT E Beluga' GN=ntnH PE=4 SV=1 !!!ntnH	49	1163	16	6	37.50	10	0	3	18	YLKGMMKVNNNINVTR
PROKKA_00012	tr|A0A0X1KH90|A0A0X1KH90_CLOBA Botulinum neurotoxin type E, nontoxic-nonhemagglutinin component, NTNH OS=Clostridium botulinum (strain Alaska E43 / Type E3) PE=1 SV=1 !!!ntnH	49	1163	26	10	38.46	14	2	1	25	MFYLKGMMKVNNNINVT-RLITYYNT
PROKKA_00012	tr|A0A0X1KH90|A0A0X1KH90_CLOBA Botulinum neurotoxin type E, nontoxic-nonhemagglutinin component, NTNH OS=Clostridium botulinum (strain Alaska E43 / Type E3) PE=1 SV=1 !!!ntnH	49	1163	16	6	37.50	10	0	3	18	YLKGMMKVNNNINVTR
PROKKA_00012	tr|B1L2G2|B1L2G2_CLOBM Transcriptional regulator BotR, P-21 OS=Clostridium botulinum (strain Loch Maree / Type A3) GN=botR PE=4 SV=1 !!!BotR	49	184	10	5	50.00	5	0	23	32	YNTNCKHYWI
PROKKA_00012	tr|A0A073CMR9|A0A073CMR9_CLOBO Transcriptional regulator OS=Clostridium botulinum A2B3 87 GN=N496_18580 PE=4 SV=1 !!! 	49	178	10	5	50.00	5	0	23	32	YNTNCKHYWI
PROKKA_00012	tr|A7GBG0|A7GBG0_CLOBL Transcriptional regulator BotR, P-21 OS=Clostridium botulinum (strain Langeland / NCTC 10281 / Type F) GN=botR PE=4 SV=1 !!!BotR	49	178	10	5	50.00	5	0	23	32	YNTNCKHYWI
PROKKA_00013	tr|A0A0C1TZQ5|A0A0C1TZQ5_9CLOT Hemagglutinin components HA-22/23/53 OS=Clostridium argentinense CDC 2741 GN=ha-70 PE=4 SV=1 !!!ha70	100	629	25	10	40.00	13	2	12	34	YDKFELIQYVSSTLL--AISYLPQI
PROKKA_00013	tr|A0A0C1TZQ5|A0A0C1TZQ5_9CLOT Hemagglutinin components HA-22/23/53 OS=Clostridium argentinense CDC 2741 GN=ha-70 PE=4 SV=1 !!!ha70	100	629	34	9	26.47	17	8	64	97	NAFHIMKSTKKKAFFIGQTVNALLGITILIQVLV
PROKKA_00013	tr|B2TSB9|B2TSB9_CLOBB Heamagglutinin components HA-70 OS=Clostridium botulinum (strain Eklund 17B / Type B) GN=ha70 PE=4 SV=1 !!!ha70	100	626	25	9	36.00	14	2	12	34	YDKFELIQYVSSTLLAIS--YLPQI
PROKKA_00013	tr|A0A0E1L2H2|A0A0E1L2H2_CLOBO Hemagglutinin components HA-22/23/53 OS=Clostridium botulinum CDC_1436 GN=ha-70 PE=4 SV=1 !!!ha70	100	626	25	10	40.00	13	2	12	34	YDKFELIQYVSSTLL--AISYLPQI
PROKKA_00013	tr|B1INQ0|B1INQ0_CLOBK Hemagglutinin component HA70 OS=Clostridium botulinum (strain Okra / Type B1) GN=ha70 PE=4 SV=1 !!!ha70	100	626	25	10	40.00	13	2	12	34	YDKFELIQYVSSTLL--AISYLPQI
PROKKA_00013	tr|A0A060NA10|A0A060NA10_CLOBO Haemagglutinin component HA70 OS=Clostridium botulinum B str. Osaka05 GN=CBO05P2_179 PE=4 SV=1 !!!ha70	100	626	25	10	40.00	13	2	12	34	YDKFELIQYVSSTLL--AISYLPQI
PROKKA_00013	tr|M1ZPH7|M1ZPH7_CLOBO Hemagglutinin component HA70 OS=Clostridium botulinum CFSAN001627 GN=CFSAN001627_19663 PE=4 SV=1 !!!ha70	100	626	25	10	40.00	13	2	12	34	YDKFELIQYVSSTLL--AISYLPQI
PROKKA_00013	tr|A5HZZ4|A5HZZ4_CLOBH Hemagglutinin component of the neurotoxin complex OS=Clostridium botulinum (strain Hall / ATCC 3502 / NCTC 13319 / Type A) GN=ha70 PE=1 SV=1 !!!ha70	100	626	25	10	40.00	13	2	12	34	YDKFELIQYVSSTLL--AISYLPQI
PROKKA_00013	tr|S8BA68|S8BA68_CLOBO Hemagglutinin component HA70 OS=Clostridium botulinum CFSAN002367 GN=CFSAN002367_15786 PE=4 SV=1 !!!ha70	100	508	25	10	40.00	13	2	12	34	YDKFELIQYVSSTLL--AISYLPQI
PROKKA_00013	tr|A0A0B4W4X0|A0A0B4W4X0_CLOBO Hemagglutinin components HA-22/23/53 OS=Clostridium botulinum Prevot_594 GN=ha-70 PE=4 SV=1 !!!ha70	100	626	25	10	40.00	13	2	12	34	YDKFELIQYVSSTLL--AISYLPQI
PROKKA_00013	tr|B1BE46|B1BE46_CLOBO Non-toxin haemagglutinin HA-70 OS=Clostridium botulinum C str. Eklund GN=CBC_A0169 PE=4 SV=1 !!!ha70	100	623	27	11	40.74	14	2	12	36	YDKFELIQYVSSTLL--AISYLPQIIK
PROKKA_00013	tr|A5HZZ6|A5HZZ6_CLOBH Hemagglutinin component of the neurotoxin complex OS=Clostridium botulinum (strain Hall / ATCC 3502 / NCTC 13319 / Type A) GN=ha33 PE=1 SV=1 !!!ha33	100	293	61	13	21.31	43	5	38	98	LCTHNVTSQSLWFWIILSIGLVGIDINAFHIMKSTKKKAFFIGQTVNALLGITILIQVLVY
PROKKA_00014	tr|B1BE46|B1BE46_CLOBO Non-toxin haemagglutinin HA-70 OS=Clostridium botulinum C str. Eklund GN=CBC_A0169 PE=4 SV=1 !!!ha70	198	623	40	14	35.00	19	7	50	82	LEILAD----LCENMN---LKYYLPQHAEFNDKTTTDFMI
PROKKA_00014	tr|A5HZZ8|A5HZZ8_CLOBH Type A progenitor toxin nontoxic-nonha OS=Clostridium botulinum (strain Hall / ATCC 3502 / NCTC 13319 / Type A) GN=ntnH PE=4 SV=1 !!!ntnH	198	1193	14	9	64.29	5	0	3	16	LNNFNNKLKEFISK
PROKKA_00014	tr|A5HZZ8|A5HZZ8_CLOBH Type A progenitor toxin nontoxic-nonha OS=Clostridium botulinum (strain Hall / ATCC 3502 / NCTC 13319 / Type A) GN=ntnH PE=4 SV=1 !!!ntnH	198	1193	17	9	52.94	8	0	1	17	MKLNNFNNKLKEFISKQ
PROKKA_00014	tr|A0A060N6G5|A0A060N6G5_CLOBO Nontoxic-nonhemagglutinin component, NTNH OS=Clostridium botulinum B str. Osaka05 GN=CBO05P2_175 PE=4 SV=1 !!!ntnH	198	1197	17	9	52.94	8	0	1	17	MKLNNFNNKLKEFISKQ
PROKKA_00014	tr|B2TSC3|B2TSC3_CLOBB Botulinum neurotoxin type B OS=Clostridium botulinum (strain Eklund 17B / Type B) GN=ntnH PE=4 SV=1 !!!ntnH	198	1197	17	9	52.94	8	0	1	17	MKLNNFNNKLKEFISKQ
PROKKA_00014	tr|B1INP6|B1INP6_CLOBK Botulinum neurotoxin type B1, nontoxic-nonhemagglutinin component, NTNH OS=Clostridium botulinum (strain Okra / Type B1) GN=ntnH PE=4 SV=1 !!!ntnH	198	1197	17	9	52.94	8	0	1	17	MKLNNFNNKLKEFISKQ
PROKKA_00015	tr|A0A059PYB0|A0A059PYB0_9CLOT Toxin complex component ORF-X2 OS=Clostridium baratii PE=4 SV=1 !!!ORF-X2	78	748	46	12	26.09	32	2	5	50	SLNQNETIVKIVNKNSDWYGLYGIIDYINDECAYVFCISKPTYHYK
PROKKA_00015	tr|M1ZPH7|M1ZPH7_CLOBO Hemagglutinin component HA70 OS=Clostridium botulinum CFSAN001627 GN=CFSAN001627_19663 PE=4 SV=1 !!!ha70	78	626	70	19	27.14	49	2	6	74	LNQNETIVKIVNKNSDWYGLYGIIDYINDECAYVFCISKPTYHYKV-TKDNIDDIEIIRLKNCKNRLLSS
PROKKA_00015	tr|A0A0E1L2H2|A0A0E1L2H2_CLOBO Hemagglutinin components HA-22/23/53 OS=Clostridium botulinum CDC_1436 GN=ha-70 PE=4 SV=1 !!!ha70	78	626	70	19	27.14	49	2	6	74	LNQNETIVKIVNKNSDWYGLYGIIDYINDECAYVFCISKPTYHYKV-TKDNIDDIEIIRLKNCKNRLLSS
PROKKA_00015	tr|B2TSB9|B2TSB9_CLOBB Heamagglutinin components HA-70 OS=Clostridium botulinum (strain Eklund 17B / Type B) GN=ha70 PE=4 SV=1 !!!ha70	78	626	70	19	27.14	49	2	6	74	LNQNETIVKIVNKNSDWYGLYGIIDYINDECAYVFCISKPTYHYKV-TKDNIDDIEIIRLKNCKNRLLSS
PROKKA_00015	tr|B1BE46|B1BE46_CLOBO Non-toxin haemagglutinin HA-70 OS=Clostridium botulinum C str. Eklund GN=CBC_A0169 PE=4 SV=1 !!!ha70	78	623	66	19	28.79	45	2	6	70	LNQNETIVKIVNKNSDWYGLYGIIDYI-NDECAYVFCISKPTYHYKVTKDNIDDIEIIRLKNCKNR
PROKKA_00015	tr|A7GBF7|A7GBF7_CLOBL Toxin complex component ORF-X3 OS=Clostridium botulinum (strain Langeland / NCTC 10281 / Type F) GN=CLI_0845 PE=4 SV=1 !!!ORF-X3	78	490	26	9	34.62	17	0	45	70	PTYHYKVTKDNIDDIEIIRLKNCKNR
PROKKA_00015	tr|B1INQ0|B1INQ0_CLOBK Hemagglutinin component HA70 OS=Clostridium botulinum (strain Okra / Type B1) GN=ha70 PE=4 SV=1 !!!ha70	78	626	70	18	25.71	50	2	6	74	LNQNETIVKIVNKNSDWYGLYGIIDYINDECAYVFCISKPTYHYKV-TKDNIDDIEIIRLKNCKNRLLSS
PROKKA_00015	tr|A5HZZ4|A5HZZ4_CLOBH Hemagglutinin component of the neurotoxin complex OS=Clostridium botulinum (strain Hall / ATCC 3502 / NCTC 13319 / Type A) GN=ha70 PE=1 SV=1 !!!ha70	78	626	70	18	25.71	50	2	6	74	LNQNETIVKIVNKNSDWYGLYGIIDYINDECAYVFCISKPTYHYKV-TKDNIDDIEIIRLKNCKNRLLSS
PROKKA_00015	tr|A0A060NA10|A0A060NA10_CLOBO Haemagglutinin component HA70 OS=Clostridium botulinum B str. Osaka05 GN=CBO05P2_179 PE=4 SV=1 !!!ha70	78	626	70	18	25.71	50	2	6	74	LNQNETIVKIVNKNSDWYGLYGIIDYINDECAYVFCISKPTYHYKV-TKDNIDDIEIIRLKNCKNRLLSS
PROKKA_00015	tr|S8BA68|S8BA68_CLOBO Hemagglutinin component HA70 OS=Clostridium botulinum CFSAN002367 GN=CFSAN002367_15786 PE=4 SV=1 !!!ha70	78	508	70	18	25.71	50	2	6	74	LNQNETIVKIVNKNSDWYGLYGIIDYINDECAYVFCISKPTYHYKV-TKDNIDDIEIIRLKNCKNRLLSS
PROKKA_00015	tr|A0A0B4W4X0|A0A0B4W4X0_CLOBO Hemagglutinin components HA-22/23/53 OS=Clostridium botulinum Prevot_594 GN=ha-70 PE=4 SV=1 !!!ha70	78	626	70	18	25.71	50	2	6	74	LNQNETIVKIVNKNSDWYGLYGIIDYINDECAYVFCISKPTYHYKV-TKDNIDDIEIIRLKNCKNRLLSS
PROKKA_00015	tr|A0A059PY44|A0A059PY44_9CLOT Toxin complex component ORF-X3 OS=Clostridium baratii PE=4 SV=1 !!!ORF-X3	78	491	44	13	29.55	22	9	32	66	INDECAYVFCISK---------PTYHYKVTKDNIDDIEIIRLKN
PROKKA_00015	tr|A0A0A7FV57|A0A0A7FV57_9CLOT Clostridium P-47 family protein OS=Clostridium baratii str. Sullivan GN=U729_696 PE=4 SV=1 !!!P-47	78	491	44	13	29.55	22	9	32	66	INDECAYVFCISK---------PTYHYKVTKDNIDDIEIIRLKN
PROKKA_00016	tr|B1BE46|B1BE46_CLOBO Non-toxin haemagglutinin HA-70 OS=Clostridium botulinum C str. Eklund GN=CBC_A0169 PE=4 SV=1 !!!ha70	207	623	121	26	21.49	77	18	83	196	NSKDIIHAVFVEE--VQFITKEQAKQLHKIVHKLNIPTL-----GYGLKNTYIDGELFEGSKAMLFYADKIEEIKDVCEYCDKKATQNLRVVNGQPVYSGETIQIGNVNSDLEEYYVPVCG
PROKKA_00016	tr|A7GBG2|A7GBG2_CLOBL Botulinum neurotoxin type F, nontoxic-nonhemagglutinin component, NTNH OS=Clostridium botulinum (strain Langeland / NCTC 10281 / Type F) GN=ntnH PE=4 SV=1 !!!ntnH	207	1163	48	15	31.25	26	7	37	84	NRRVIVLKPKIDTRSKPNIVESRVGISHSCIDFDKNENLFELVNTLNS
PROKKA_00016	tr|B2TSC3|B2TSC3_CLOBB Botulinum neurotoxin type B OS=Clostridium botulinum (strain Eklund 17B / Type B) GN=ntnH PE=4 SV=1 !!!ntnH	207	1197	49	12	24.49	34	3	77	125	ELVNTLNSKDIIHAVFVEEVQFITKEQAKQLHKIVHKLNIPTLGYGLKN
PROKKA_00017	tr|A5HZZ4|A5HZZ4_CLOBH Hemagglutinin component of the neurotoxin complex OS=Clostridium botulinum (strain Hall / ATCC 3502 / NCTC 13319 / Type A) GN=ha70 PE=1 SV=1 !!!ha70	319	626	72	17	23.61	39	16	153	208	PSYAFGGDF-KTDVVAILSKF-----IPIKFEGIIKAPSN----------YADCAIAKVINKSLVTTQIAFI
PROKKA_00017	tr|M1ZPH7|M1ZPH7_CLOBO Hemagglutinin component HA70 OS=Clostridium botulinum CFSAN001627 GN=CFSAN001627_19663 PE=4 SV=1 !!!ha70	319	626	72	17	23.61	39	16	153	208	PSYAFGGDF-KTDVVAILSKF-----IPIKFEGIIKAPSN----------YADCAIAKVINKSLVTTQIAFI
PROKKA_00017	tr|B2TSB9|B2TSB9_CLOBB Heamagglutinin components HA-70 OS=Clostridium botulinum (strain Eklund 17B / Type B) GN=ha70 PE=4 SV=1 !!!ha70	319	626	72	17	23.61	39	16	153	208	PSYAFGGDF-KTDVVAILSKF-----IPIKFEGIIKAPSN----------YADCAIAKVINKSLVTTQIAFI
PROKKA_00017	tr|A0A0B4W4X0|A0A0B4W4X0_CLOBO Hemagglutinin components HA-22/23/53 OS=Clostridium botulinum Prevot_594 GN=ha-70 PE=4 SV=1 !!!ha70	319	626	72	17	23.61	39	16	153	208	PSYAFGGDF-KTDVVAILSKF-----IPIKFEGIIKAPSN----------YADCAIAKVINKSLVTTQIAFI
PROKKA_00017	tr|A0A0E1L2H2|A0A0E1L2H2_CLOBO Hemagglutinin components HA-22/23/53 OS=Clostridium botulinum CDC_1436 GN=ha-70 PE=4 SV=1 !!!ha70	319	626	72	17	23.61	39	16	153	208	PSYAFGGDF-KTDVVAILSKF-----IPIKFEGIIKAPSN----------YADCAIAKVINKSLVTTQIAFI
PROKKA_00017	tr|B1INQ0|B1INQ0_CLOBK Hemagglutinin component HA70 OS=Clostridium botulinum (strain Okra / Type B1) GN=ha70 PE=4 SV=1 !!!ha70	319	626	72	17	23.61	39	16	153	208	PSYAFGGDF-KTDVVAILSKF-----IPIKFEGIIKAPSN----------YADCAIAKVINKSLVTTQIAFI
PROKKA_00017	tr|A0A060NA10|A0A060NA10_CLOBO Haemagglutinin component HA70 OS=Clostridium botulinum B str. Osaka05 GN=CBO05P2_179 PE=4 SV=1 !!!ha70	319	626	72	17	23.61	39	16	153	208	PSYAFGGDF-KTDVVAILSKF-----IPIKFEGIIKAPSN----------YADCAIAKVINKSLVTTQIAFI
PROKKA_00017	tr|B1BE46|B1BE46_CLOBO Non-toxin haemagglutinin HA-70 OS=Clostridium botulinum C str. Eklund GN=CBC_A0169 PE=4 SV=1 !!!ha70	319	623	72	17	23.61	39	16	153	208	PSYAFGGDF-KTDVVAILSKF-----IPIKFEGIIKAPSN----------YADCAIAKVINKSLVTTQIAFI
