PROKKA_00001	tr|A7GBG2|A7GBG2_CLOBL Botulinum neurotoxin type F, nontoxic-nonhemagglutinin component, NTNH OS=Clostridium botulinum (strain Langeland / NCTC 10281 / Type F) GN=ntnH PE=4 SV=1 !!!ntnH	116	1163	34	9	26.47	24	1	19	51	LNQAKEKAIELFTENMVTN-TAKSLINQYESFMV
PROKKA_00001	tr|B2TSB9|B2TSB9_CLOBB Heamagglutinin components HA-70 OS=Clostridium botulinum (strain Eklund 17B / Type B) GN=ha70 PE=4 SV=1 !!!ha70	116	626	96	24	25.00	59	13	16	101	KKLLNQAKEKA------IELFTENMVTNTAKSLI----NQYESFMVCSSGSKGGWEEDTEHKQKIEKYVKYLDSKAFSEKKHDNSLQYVVLSYGDS
PROKKA_00001	tr|B1INQ0|B1INQ0_CLOBK Hemagglutinin component HA70 OS=Clostridium botulinum (strain Okra / Type B1) GN=ha70 PE=4 SV=1 !!!ha70	116	626	96	24	25.00	59	13	16	101	KKLLNQAKEKA------IELFTENMVTNTAKSLI----NQYESFMVCSSGSKGGWEEDTEHKQKIEKYVKYLDSKAFSEKKHDNSLQYVVLSYGDS
PROKKA_00002	tr|A5HZZ8|A5HZZ8_CLOBH Type A progenitor toxin nontoxic-nonha OS=Clostridium botulinum (strain Hall / ATCC 3502 / NCTC 13319 / Type A) GN=ntnH PE=4 SV=1 !!!ntnH	130	1193	68	18	26.47	41	9	45	112	RKINLLSSQIDEKHYHNQELEKVTKEMGADIGDKVIIVETGSGSYSRDWETKGVHTITKIDFTGHVTF
PROKKA_00002	tr|A5HZZ8|A5HZZ8_CLOBH Type A progenitor toxin nontoxic-nonha OS=Clostridium botulinum (strain Hall / ATCC 3502 / NCTC 13319 / Type A) GN=ntnH PE=4 SV=1 !!!ntnH	130	1193	54	15	27.78	36	3	2	55	FDIRVTDPKNEFYGQILKGSCFYYDIRHTGDSDDLYVAEAKDGRKINLLSSQID
PROKKA_00002	tr|A0A060N6G5|A0A060N6G5_CLOBO Nontoxic-nonhemagglutinin component, NTNH OS=Clostridium botulinum B str. Osaka05 GN=CBO05P2_175 PE=4 SV=1 !!!ntnH	130	1197	68	18	26.47	41	9	45	112	RKINLLSSQIDEKHYHNQELEKVTKEMGADIGDKVIIVETGSGSYSRDWETKGVHTITKIDFTGHVTF
PROKKA_00002	tr|A0A060N6G5|A0A060N6G5_CLOBO Nontoxic-nonhemagglutinin component, NTNH OS=Clostridium botulinum B str. Osaka05 GN=CBO05P2_175 PE=4 SV=1 !!!ntnH	130	1197	54	16	29.63	35	3	2	55	FDIRVTDPKNEFYGQILKGSCFYYDIRHTGDSDDLYVAEAKDGRKINLLSSQID
PROKKA_00002	tr|B1INP6|B1INP6_CLOBK Botulinum neurotoxin type B1, nontoxic-nonhemagglutinin component, NTNH OS=Clostridium botulinum (strain Okra / Type B1) GN=ntnH PE=4 SV=1 !!!ntnH	130	1197	68	18	26.47	41	9	45	112	RKINLLSSQIDEKHYHNQELEKVTKEMGADIGDKVIIVETGSGSYSRDWETKGVHTITKIDFTGHVTF
PROKKA_00002	tr|B1INP6|B1INP6_CLOBK Botulinum neurotoxin type B1, nontoxic-nonhemagglutinin component, NTNH OS=Clostridium botulinum (strain Okra / Type B1) GN=ntnH PE=4 SV=1 !!!ntnH	130	1197	54	15	27.78	36	3	2	55	FDIRVTDPKNEFYGQILKGSCFYYDIRHTGDSDDLYVAEAKDGRKINLLSSQID
PROKKA_00002	tr|B2TSC3|B2TSC3_CLOBB Botulinum neurotoxin type B OS=Clostridium botulinum (strain Eklund 17B / Type B) GN=ntnH PE=4 SV=1 !!!ntnH	130	1197	68	18	26.47	41	9	45	112	RKINLLSSQIDEKHYHNQELEKVTKEMGADIGDKVIIVETGSGSYSRDWETKGVHTITKIDFTGHVTF
PROKKA_00002	tr|B2TSC3|B2TSC3_CLOBB Botulinum neurotoxin type B OS=Clostridium botulinum (strain Eklund 17B / Type B) GN=ntnH PE=4 SV=1 !!!ntnH	130	1197	54	16	29.63	35	3	2	55	FDIRVTDPKNEFYGQILKGSCFYYDIRHTGDSDDLYVAEAKDGRKINLLSSQID
PROKKA_00002	tr|A7GBF7|A7GBF7_CLOBL Toxin complex component ORF-X3 OS=Clostridium botulinum (strain Langeland / NCTC 10281 / Type F) GN=CLI_0845 PE=4 SV=1 !!!ORF-X3	130	490	13	7	53.85	6	0	37	49	YVAEAKDGRKINL
PROKKA_00002	tr|B1L2F9|B1L2F9_CLOBM Toxin complex component ORF-X3 OS=Clostridium botulinum (strain Loch Maree / Type A3) GN=CLK_A0070 PE=4 SV=1 !!!ORF-X3	130	490	13	7	53.85	6	0	37	49	YVAEAKDGRKINL
PROKKA_00002	tr|C1FUH3|C1FUH3_CLOBJ Toxin complex component ORF-X3 OS=Clostridium botulinum (strain Kyoto / Type A2) GN=CLM_0891 PE=4 SV=1 !!!ORF-X3	130	490	13	7	53.85	6	0	37	49	YVAEAKDGRKINL
PROKKA_00002	tr|A7GBF8|A7GBF8_CLOBL Toxin complex component ORF-X2 OS=Clostridium botulinum (strain Langeland / NCTC 10281 / Type F) GN=CLI_0846 PE=4 SV=1 !!!ORF-X2	130	750	30	11	36.67	17	2	89	118	YSRDWETKGVHTITKIDFTGHVTFDNGNAT
PROKKA_00002	tr|B1BE43|B1BE43_CLOBO Botulinum neurotoxin type C, nontoxic-nonhemagglutinin component NTNH OS=Clostridium botulinum C str. Eklund GN=CBC_A0166 PE=4 SV=1 !!!ntnH	130	1196	68	17	25.00	40	11	8	75	DPKNEFYGQILKGSCFYYDIRHTGDSDDLYVAEAKDGRKINLLSSQIDEKHYHNQELEKVTKEMGADI
PROKKA_00002	tr|B2TSC2|B2TSC2_CLOBB Putative RNA polymerase sigma factor OS=Clostridium botulinum (strain Eklund 17B / Type B) GN=botR PE=4 SV=1 !!!BotR	130	179	38	10	26.32	18	10	53	90	QIDEKHYHNQELEKVTKEMGADIGDKVIIVETGSGSYS
PROKKA_00003	tr|B1L2G1|B1L2G1_CLOBM Toxin complex component ORF-X1 OS=Clostridium botulinum (strain Loch Maree / Type A3) GN=CLK_A0072 PE=4 SV=1 !!!ORF-X1	94	142	60	22	36.67	31	7	19	73	DKMKKYKLETAIMMLEVLVDY-DFTIIVNPKAAENIFNLPKNKLIEN----FIITTDINK
PROKKA_00003	tr|A7GBF9|A7GBF9_CLOBL Toxin complex component ORF-X1 OS=Clostridium botulinum (strain Langeland / NCTC 10281 / Type F) GN=CLI_0847 PE=4 SV=1 !!!ORF-X1	94	142	66	23	34.85	22	21	19	72	DKMKKYKLETAIMMLEVLVDY------------DFTIIVNPKAAENIFNLPKNKLIENFIITTDIN
PROKKA_00003	tr|C1FUH5|C1FUH5_CLOBJ Toxin complex component ORF-X1 OS=Clostridium botulinum (strain Kyoto / Type A2) GN=CLM_0893 PE=4 SV=1 !!!ORF-X1	94	142	66	21	31.82	24	21	19	72	DKMKKYKLETAIMMLEVLVDY------------DFTIIVNPKAAENIFNLPKNKLIENFIITTDIN
PROKKA_00003	tr|A0A073CND8|A0A073CND8_CLOBO P-47 protein OS=Clostridium botulinum A2B3 87 GN=N496_18585 PE=4 SV=1 !!!P-47	94	415	55	17	30.91	35	3	32	86	MLEVLVDYDFTIIVNPKAAENIFNLPKNKLIENFIITTDINKAEKLEIKKPCYYQ
PROKKA_00003	tr|B1L2G3|B1L2G3_CLOBM P-47 protein OS=Clostridium botulinum (strain Loch Maree / Type A3) GN=p47 PE=4 SV=1 !!!P-47	94	416	55	17	30.91	35	3	32	86	MLEVLVDYDFTIIVNPKAAENIFNLPKNKLIENFIITTDINKAEKLEIKKPCYYQ
PROKKA_00003	tr|C5UY11|C5UY11_CLOBO Toxin complex component ORF-X2 OS=Clostridium botulinum E1 str. 'BoNT E Beluga' GN=CLO_2648 PE=4 SV=1 !!!ORF-X2	94	748	39	15	38.46	20	4	43	81	IIVNPKAAENIFNLPKNKLIENFIITTDINKAEKLEIKK
PROKKA_00003	tr|C1FUH7|C1FUH7_CLOBJ P-47 protein OS=Clostridium botulinum (strain Kyoto / Type A2) GN=p47 PE=4 SV=1 !!!P-47	94	416	41	14	34.15	26	1	32	72	MLEVLVDYDFTIIVNPKAAENIFNLPKNKLIENFIITTDIN
PROKKA_00003	tr|A0A059PYE4|A0A059PYE4_9CLOT Toxin OS=Clostridium baratii GN=UC77_04385 PE=4 SV=1 !!! 	94	140	11	7	63.64	4	0	55	65	NLPKNKLIENF
PROKKA_00003	tr|A0A0A7FVW8|A0A0A7FVW8_9CLOT Putative oRF-X1 OS=Clostridium baratii str. Sullivan GN=U729_698 PE=4 SV=1 !!!ORF-X1	94	140	11	7	63.64	4	0	55	65	NLPKNKLIENF
PROKKA_00004	tr|B1INP6|B1INP6_CLOBK Botulinum neurotoxin type B1, nontoxic-nonhemagglutinin component, NTNH OS=Clostridium botulinum (strain Okra / Type B1) GN=ntnH PE=4 SV=1 !!!ntnH	59	1197	38	10	26.32	26	2	18	55	INETVWLNNHVAKEKIVVTEKDSKSIENAFKLIKAKRN
PROKKA_00004	tr|A5HZZ8|A5HZZ8_CLOBH Type A progenitor toxin nontoxic-nonha OS=Clostridium botulinum (strain Hall / ATCC 3502 / NCTC 13319 / Type A) GN=ntnH PE=4 SV=1 !!!ntnH	59	1193	38	10	26.32	26	2	18	55	INETVWLNNHVAKEKIVVTEKDSKSIENAFKLIKAKRN
PROKKA_00004	tr|B2TSC3|B2TSC3_CLOBB Botulinum neurotoxin type B OS=Clostridium botulinum (strain Eklund 17B / Type B) GN=ntnH PE=4 SV=1 !!!ntnH	59	1197	33	11	33.33	21	1	18	49	INETVWLNNHV-AKEKIVVTEKDSKSIENAFKL
PROKKA_00004	tr|A0A060N6G5|A0A060N6G5_CLOBO Nontoxic-nonhemagglutinin component, NTNH OS=Clostridium botulinum B str. Osaka05 GN=CBO05P2_175 PE=4 SV=1 !!!ntnH	59	1197	38	10	26.32	26	2	18	55	INETVWLNNHVAKEKIVVTEKDSKSIENAFKLIKAKRN
PROKKA_00005	tr|C5VU79|C5VU79_CLOBO Hemagglutinin component HA33 OS=Clostridium botulinum D str. 1873 GN=ha33 PE=4 SV=1 !!!ha33	218	285	21	8	38.10	13	0	40	60	ENEYKQLQEHFKGRNAIITTY
PROKKA_00005	tr|B1BE43|B1BE43_CLOBO Botulinum neurotoxin type C, nontoxic-nonhemagglutinin component NTNH OS=Clostridium botulinum C str. Eklund GN=CBC_A0166 PE=4 SV=1 !!!ntnH	218	1196	85	20	23.53	62	3	133	215	TEIINQDKSRP--FLRNIVDSYKNITSGKKRVILIRSQDGKPLATFVGDNVSYFATDIPKSTGILIDGKYLLIYRCDYTIYDMDL
PROKKA_00006	tr|B2TSC3|B2TSC3_CLOBB Botulinum neurotoxin type B OS=Clostridium botulinum (strain Eklund 17B / Type B) GN=ntnH PE=4 SV=1 !!!ntnH	255	1197	49	14	28.57	32	3	59	107	DNAVIALMAAGVFTSELVVSNKKYYRYSWIWKPKEKSNFLNANRMPLRQ
PROKKA_00006	tr|A7GBG2|A7GBG2_CLOBL Botulinum neurotoxin type F, nontoxic-nonhemagglutinin component, NTNH OS=Clostridium botulinum (strain Langeland / NCTC 10281 / Type F) GN=ntnH PE=4 SV=1 !!!ntnH	255	1163	11	6	54.55	5	0	5	15	NNIYLGNCLEI
PROKKA_00007	tr|B2TSC3|B2TSC3_CLOBB Botulinum neurotoxin type B OS=Clostridium botulinum (strain Eklund 17B / Type B) GN=ntnH PE=4 SV=1 !!!ntnH	140	1197	29	9	31.03	20	0	53	81	VFDPPHLIKAGENSWLAKKYGKLNSDWPI
PROKKA_00007	tr|B1INP8|B1INP8_CLOBK Hemagglutinin component HA33 OS=Clostridium botulinum (strain Okra / Type B1) GN=ha33 PE=1 SV=1 !!!ha33	140	294	14	7	50.00	7	0	28	41	KLIIEPDILGDFRN
PROKKA_00007	tr|A0A060N6G5|A0A060N6G5_CLOBO Nontoxic-nonhemagglutinin component, NTNH OS=Clostridium botulinum B str. Osaka05 GN=CBO05P2_175 PE=4 SV=1 !!!ntnH	140	1197	29	9	31.03	20	0	53	81	VFDPPHLIKAGENSWLAKKYGKLNSDWPI
PROKKA_00007	tr|B1BE43|B1BE43_CLOBO Botulinum neurotoxin type C, nontoxic-nonhemagglutinin component NTNH OS=Clostridium botulinum C str. Eklund GN=CBC_A0166 PE=4 SV=1 !!!ntnH	140	1196	10	8	80.00	2	0	43	52	PYKDNSFKLV
PROKKA_00007	tr|C5VU80|C5VU80_CLOBO Botulinum neurotoxin type D, nontoxic-nonhemagglutinin component, NTNH OS=Clostridium botulinum D str. 1873 GN=ntnH PE=4 SV=1 !!!ntnH	140	1196	10	8	80.00	2	0	43	52	PYKDNSFKLV
PROKKA_00007	tr|B2TSC1|B2TSC1_CLOBB Haemagglutinin component OS=Clostridium botulinum (strain Eklund 17B / Type B) GN=ha33 PE=4 SV=1  !!!ha33	140	292	18	8	44.44	10	0	28	45	KLIIEPDILGDFRNIPYK
PROKKA_00008	tr|B1L2G3|B1L2G3_CLOBM P-47 protein OS=Clostridium botulinum (strain Loch Maree / Type A3) GN=p47 PE=4 SV=1 !!!P-47	62	416	39	14	35.90	24	1	12	50	EVQSSNKKEGNLINQLKFFGAIPTKESSLYTYFQFNGDI
PROKKA_00008	tr|C1FUH7|C1FUH7_CLOBJ P-47 protein OS=Clostridium botulinum (strain Kyoto / Type A2) GN=p47 PE=4 SV=1 !!!P-47	62	416	39	14	35.90	24	1	12	50	EVQSSNKKEGNLINQLKFFGAIPTKESSLYTYFQFNGDI
PROKKA_00008	tr|A7GBF8|A7GBF8_CLOBL Toxin complex component ORF-X2 OS=Clostridium botulinum (strain Langeland / NCTC 10281 / Type F) GN=CLI_0846 PE=4 SV=1 !!!ORF-X2	62	750	26	10	38.46	13	3	32	57	AIPTKESSLYTYFQFNGDIKTTMDNL
PROKKA_00008	tr|B2TSB9|B2TSB9_CLOBB Heamagglutinin components HA-70 OS=Clostridium botulinum (strain Eklund 17B / Type B) GN=ha70 PE=4 SV=1 !!!ha70	62	626	27	9	33.33	18	0	3	29	VKLIDENKTEVQSSNKKEGNLINQLKF
PROKKA_00008	tr|A0A0C1TY77|A0A0C1TY77_9CLOT Main hemagglutinin component OS=Clostridium argentinense CDC 2741 GN=ha-33 PE=4 SV=1 !!!ha33	62	285	23	10	43.48	6	7	6	21	IDENK-------TEVQSSNKKEG
PROKKA_00008	tr|A7GBF7|A7GBF7_CLOBL Toxin complex component ORF-X3 OS=Clostridium botulinum (strain Langeland / NCTC 10281 / Type F) GN=CLI_0845 PE=4 SV=1 !!!ORF-X3	62	490	22	9	40.91	11	2	33	54	IPTKESSLYTYFQFNGDIKTTM
PROKKA_00009	tr|B1L2G3|B1L2G3_CLOBM P-47 protein OS=Clostridium botulinum (strain Loch Maree / Type A3) GN=p47 PE=4 SV=1 !!!P-47	56	416	26	12	46.15	5	9	10	35	LTALEAVYDYQDFIKRNQNFEIISVN
PROKKA_00009	tr|C1FUH7|C1FUH7_CLOBJ P-47 protein OS=Clostridium botulinum (strain Kyoto / Type A2) GN=p47 PE=4 SV=1 !!!P-47	56	416	26	12	46.15	5	9	10	35	LTALEAVYDYQDFIKRNQNFEIISVN
PROKKA_00009	tr|B1BE43|B1BE43_CLOBO Botulinum neurotoxin type C, nontoxic-nonhemagglutinin component NTNH OS=Clostridium botulinum C str. Eklund GN=CBC_A0166 PE=4 SV=1 !!!ntnH	56	1196	11	7	63.64	4	0	30	40	EIISVNILKDN
PROKKA_00009	tr|C5VU80|C5VU80_CLOBO Botulinum neurotoxin type D, nontoxic-nonhemagglutinin component, NTNH OS=Clostridium botulinum D str. 1873 GN=ntnH PE=4 SV=1 !!!ntnH	56	1196	11	7	63.64	4	0	30	40	EIISVNILKDN
PROKKA_00010	tr|A0A0A7FV57|A0A0A7FV57_9CLOT Clostridium P-47 family protein OS=Clostridium baratii str. Sullivan GN=U729_696 PE=4 SV=1 !!!P-47	73	491	39	7	17.95	30	2	15	51	YAEPCLLDF--NTLNTEELSFAIGIIISAGSRNSFKKKH
PROKKA_00010	tr|A0A059PY44|A0A059PY44_9CLOT Toxin complex component ORF-X3 OS=Clostridium baratii PE=4 SV=1 !!!ORF-X3	73	491	39	7	17.95	30	2	15	51	YAEPCLLDF--NTLNTEELSFAIGIIISAGSRNSFKKKH
PROKKA_00011	tr|A0A073CP83|A0A073CP83_CLOBO Transcriptional regulator OS=Clostridium botulinum A2B3 87 GN=N496_19575 PE=4 SV=1 !!! 	41	178	19	8	42.11	11	0	17	35	YENKILQIVGAVVVLKSII
PROKKA_00011	tr|A0A0D1AER2|A0A0D1AER2_CLOBO Transcriptional regulator OS=Clostridium botulinum B2 450 GN=N495_19875 PE=4 SV=1 !!! 	41	178	19	8	42.11	11	0	17	35	YENKILQIVGAVVVLKSII
PROKKA_00011	tr|A0A060N3U8|A0A060N3U8_CLOBO Transcriptional regulator botR OS=Clostridium botulinum B str. Osaka05 GN=CBO05P2_176 PE=4 SV=1 !!!BotR	41	178	19	8	42.11	11	0	17	35	YENKILQIVGAVVVLKSII
PROKKA_00011	tr|M1ZWZ6|M1ZWZ6_CLOBO Transcriptional regulator BotR, P-21 OS=Clostridium botulinum CFSAN001627 GN=CFSAN001627_10483 PE=4 SV=1 !!!BotR	41	178	19	7	36.84	12	0	17	35	YENKILQIVGAVVVLKSII
PROKKA_00011	tr|A5HZZ7|A5HZZ7_CLOBH RNA polymerase ECF-type sigma factor OS=Clostridium botulinum (strain Hall / ATCC 3502 / NCTC 13319 / Type A) GN=botR PE=4 SV=1 !!!BotR	41	178	19	7	36.84	12	0	17	35	YENKILQIVGAVVVLKSII
PROKKA_00011	tr|S8CEF4|S8CEF4_CLOBO Transcriptional regulator BotR, P-21 OS=Clostridium botulinum CFSAN002367 GN=CFSAN002367_15806 PE=4 SV=1 !!!BotR	41	178	19	7	36.84	12	0	17	35	YENKILQIVGAVVVLKSII
PROKKA_00012	tr|A0A060N6G5|A0A060N6G5_CLOBO Nontoxic-nonhemagglutinin component, NTNH OS=Clostridium botulinum B str. Osaka05 GN=CBO05P2_175 PE=4 SV=1 !!!ntnH	1292	1197	301	87	28.90	159	55	6	280	NNFNYNDPIDNNNIIMMEPPFARGTGRYYKAFKITDRIWIIPERYTFGYK---PEDFNKSSGIFNRDVCEYYDPDYLNTNDKKNIFLQTMIKLFNRIKSKPLGEKLLEMIINGIPY----------------LGDRRVPLEEFNTNIASVT----VNKLISNPGEVERKKGIFA-NLIIFGPGPVLNENETIDIGIQNHFASREGFGGIMQMKFCPEYVSVFNNVQENKGASIFNRRGYFSDPALILMHELIHVLHGLYGIKVDDLPIVPNEKKFFMQSTDAIQAE--ELYTFGGQDPSII
PROKKA_00012	tr|B2TSC3|B2TSC3_CLOBB Botulinum neurotoxin type B OS=Clostridium botulinum (strain Eklund 17B / Type B) GN=ntnH PE=4 SV=1 !!!ntnH	1292	1197	301	87	28.90	159	55	6	280	NNFNYNDPIDNNNIIMMEPPFARGTGRYYKAFKITDRIWIIPERYTFGYK---PEDFNKSSGIFNRDVCEYYDPDYLNTNDKKNIFLQTMIKLFNRIKSKPLGEKLLEMIINGIPY----------------LGDRRVPLEEFNTNIASVT----VNKLISNPGEVERKKGIFA-NLIIFGPGPVLNENETIDIGIQNHFASREGFGGIMQMKFCPEYVSVFNNVQENKGASIFNRRGYFSDPALILMHELIHVLHGLYGIKVDDLPIVPNEKKFFMQSTDAIQAE--ELYTFGGQDPSII
PROKKA_00012	tr|B2TSC3|B2TSC3_CLOBB Botulinum neurotoxin type B OS=Clostridium botulinum (strain Eklund 17B / Type B) GN=ntnH PE=4 SV=1 !!!ntnH	1292	1197	584	127	21.75	398	59	543	1102	SQTFPLDIRDISLTSSFDDALLFSNKVYSFFSMDYIKTANKVVEAGLFAGWVKQIVDDFVIEANKSNTMDKLADISLIVPYIGLALNVGNETAKGNFENAFEIAGASILLEFIPELLIPVVGAFLLESYIDN--KNKIIKTIDNALTKRDEKWRDMYGLIVAQWLSTVNTQFYTIKEGMYKALNYQAQALEEIIKYKYNIYSEKEKSNINIDFNDINS-----KLNEGINQAIDNINNFINECSVSYLMKKMIPLAVEKLLDFDNTLKKNLLNYIDENKLYLIGSAEYEKSKVDKHLKTIIPFDLSMY---------TNNTILIEIFNKYNSEILNNIILNLRYRDNNLI--DLSGYGANVEVYDGVEL---NDKNQFKLTSSTNSEIRVTQNQNIIFNSMFLDFSVSFWIRIPKYKNDGIQNYIHNEYTIINCIKNNSGWKISIRGNRIIWTLTDINGKTKSVFFEYSIREDISDYINR-WFFVTITNN--SDNAKIYINGKLESNIDIKDIGEVIANGEIIFKLDGDIDRTQFIWMKYFSIFNTELSQSNIKEIYKIQSYSEYLKDFWGNPLMYNKEYYMFN
PROKKA_00012	tr|A5HZZ8|A5HZZ8_CLOBH Type A progenitor toxin nontoxic-nonha OS=Clostridium botulinum (strain Hall / ATCC 3502 / NCTC 13319 / Type A) GN=ntnH PE=4 SV=1 !!!ntnH	1292	1193	301	85	28.24	161	55	6	280	NNFNYNDPIDNNNIIMMEPPFARGTGRYYKAFKITDRIWIIPERYTFGYK---PEDFNKSSGIFNRDVCEYYDPDYLNTNDKKNIFLQTMIKLFNRIKSKPLGEKLLEMIINGIPY----------------LGDRRVPLEEFNTNIASVT----VNKLISNPGEVERKKGIFA-NLIIFGPGPVLNENETIDIGIQNHFASREGFGGIMQMKFCPEYVSVFNNVQENKGASIFNRRGYFSDPALILMHELIHVLHGLYGIKVDDLPIVPNEKKFFMQSTDAIQAE--ELYTFGGQDPSII
PROKKA_00012	tr|A5HZZ8|A5HZZ8_CLOBH Type A progenitor toxin nontoxic-nonha OS=Clostridium botulinum (strain Hall / ATCC 3502 / NCTC 13319 / Type A) GN=ntnH PE=4 SV=1 !!!ntnH	1292	1193	588	115	19.56	405	68	544	1102	QTFPLDIRDISLTSSFDDALLFSNKVYSFFSMDYIKTANKVVEAGLFAGWVKQIVDDFVIEANKSNTMDKLADISLIVPYIGLALNVGNETAKGNFENAFEIAGASILLEFIPELLIPVVGAFLLESYIDN--KNKIIKTIDNALTKRDEKWRDMYGLIVAQWLSTVNTQFYTIKEGMYKALNYQAQALEEIIKYKYNIY------SEKEKSNINIDFNDINSKLNEGINQAIDNINNFINECSVSYLMKKMIPLAV---EKLLDFDNTLKKNLL----NYIDENKLYLIGSAEYEKSKVDKHLKTIIPFDLSMYTNNTILIEIFNKYNSEILNNIILNLRYRDNNLI-DLSGYGANVE-------VY----DGVELNDKNQFKLTSSTNSEIRVTQNQNIIFNSMFLDFSVSFWIRIPKYKNDGIQNYIHNEYTIINCIKNNSGWKISIRGNRIIWTLTDINGKTKSVFFEYSIREDISDYINRWFFVTITNN--SDNAKIYINGKLESNIDIKDIGEVIANGEIIFKLDGDIDRTQFIWMKYFSIFNTELSQSNIKEIYKIQSYSEYLKDFWGNPLMYNKEYYMFN
PROKKA_00012	tr|B1INP6|B1INP6_CLOBK Botulinum neurotoxin type B1, nontoxic-nonhemagglutinin component, NTNH OS=Clostridium botulinum (strain Okra / Type B1) GN=ntnH PE=4 SV=1 !!!ntnH	1292	1197	301	85	28.24	161	55	6	280	NNFNYNDPIDNNNIIMMEPPFARGTGRYYKAFKITDRIWIIPERYTFGYK---PEDFNKSSGIFNRDVCEYYDPDYLNTNDKKNIFLQTMIKLFNRIKSKPLGEKLLEMIINGIPY----------------LGDRRVPLEEFNTNIASVT----VNKLISNPGEVERKKGIFA-NLIIFGPGPVLNENETIDIGIQNHFASREGFGGIMQMKFCPEYVSVFNNVQENKGASIFNRRGYFSDPALILMHELIHVLHGLYGIKVDDLPIVPNEKKFFMQSTDAIQAE--ELYTFGGQDPSII
PROKKA_00012	tr|B1L2G4|B1L2G4_CLOBM Botulinum neurotoxin type A3, nontoxic-nonhemagglutinin component, NTNH OS=Clostridium botulinum (strain Loch Maree / Type A3) GN=ntnH PE=4 SV=1 !!!ntnH	1292	1159	253	80	31.62	118	55	6	249	NNFNYNDPIDNNNIIMMEPPFARGTGRYYKAFKITDRIWIIPERYTFGYK---PEDFNKSSGIFNRDVCEYYDPDYLNTNDKKNIFLQTMIKLFNRIKSKPLGEKLLEMIINGIPY-----LGDRRVPLEEFNTNIASVTVNKLISNPGEVERKKGIFANLIIFGPGPVLNENETIDIGIQNHFASREGFGGIMQMKFCPEYVSVFNNVQENKGASIFNRRGYFSDPALILMHELIHVLHGLYGIK-VDDLPI
PROKKA_00012	tr|B1L2G4|B1L2G4_CLOBM Botulinum neurotoxin type A3, nontoxic-nonhemagglutinin component, NTNH OS=Clostridium botulinum (strain Loch Maree / Type A3) GN=ntnH PE=4 SV=1 !!!ntnH	1292	1159	608	124	20.39	399	85	536	1102	TIFQYLYSQTFPLDIRDISLTSSFDDALLFSNK--VYSFFS-----MDYIKTANKVVEAGLFAGWVKQIVDDFVIEANKSNTMDKLADISLIVPYIGLALNVGNETAKGNFENAFEIAGASILLEFIPELLIPVVG------AFLLESYIDNKNKIIKTIDNALTKRDEKWRDMYGLIVAQWLSTVNTQFYTIKEGMYKALNYQAQALEEIIKYKYNIY------SEKEKSNINIDFNDINSKLNEGINQAIDNINNFINECSVSYLMKKMIPLAVEKLLDFDNTLKKNLLNYIDENKLYLIGSAEYEKSK-VDKHLKTIIPFDL-------SMYTNNTILIEIFNKYNSEILNNIILNLRYRDNNLI-DLSGYGANVE-------VY----DGVELNDKNQFKLTSSTNSEIRVTQNQNIIFNSMFLDFSVSFWIRIPKYKNDGIQNYIHNEYTIINCIKNNSGWKISIRGNRIIWTLTDINGKTKSVFFEYSIREDISDYINRWFFVTITNN--SDNAKIYINGKLESNIDIKDIGEVIANGEIIFKLDGDIDRTQFIWMKYFSIFNTELSQSNIKEIYKIQSYSEYLKDFWGNPLMYNKEYYMFN
PROKKA_00012	tr|C1FUH8|C1FUH8_CLOBJ Botulinum neurotoxin type A2, nontoxic-nonhemagglutinin component, NTNH OS=Clostridium botulinum (strain Kyoto / Type A2) GN=ntnH PE=4 SV=1 !!!ntnH	1292	1159	253	82	32.41	116	55	6	249	NNFNYNDPIDNNNIIMMEPPFARGTGRYYKAFKITDRIWIIPERYTFGYK---PEDFNKSSGIFNRDVCEYYDPDYLNTNDKKNIFLQTMIKLFNRIKSKPLGEKLLEMIINGIPY-----LGDRRVPLEEFNTNIASVTVNKLISNPGEVERKKGIFANLIIFGPGPVLNENETIDIGIQNHFASREGFGGIMQMKFCPEYVSVFNNVQENKGASIFNRRGYFSDPALILMHELIHVLHGLYGIK-VDDLPI
PROKKA_00012	tr|A7GBG2|A7GBG2_CLOBL Botulinum neurotoxin type F, nontoxic-nonhemagglutinin component, NTNH OS=Clostridium botulinum (strain Langeland / NCTC 10281 / Type F) GN=ntnH PE=4 SV=1 !!!ntnH	1292	1163	253	80	31.62	118	55	6	249	NNFNYNDPIDNNNIIMMEPPFARGTGRYYKAFKITDRIWIIPERYTFGYK---PEDFNKSSGIFNRDVCEYYDPDYLNTNDKKNIFLQTMIKLFNRIKSKPLGEKLLEMIINGIPY-----LGDRRVPLEEFNTNIASVTVNKLISNPGEVERKKGIFANLIIFGPGPVLNENETIDIGIQNHFASREGFGGIMQMKFCPEYVSVFNNVQENKGASIFNRRGYFSDPALILMHELIHVLHGLYGIK-VDDLPI
PROKKA_00012	tr|A0A0X1KH90|A0A0X1KH90_CLOBA Botulinum neurotoxin type E, nontoxic-nonhemagglutinin component, NTNH OS=Clostridium botulinum (strain Alaska E43 / Type E3) PE=1 SV=1 !!!ntnH	1292	1163	248	81	32.66	123	44	7	251	NFNYNDPIDNNNIIMMEPPFARGTGRYYKAFKITDRIWIIPERYTFGYK---PEDFNKSSGIFNRDVCEYYDPDYLNTNDKKNIFLQTMIKLFNRIKSKPLGEKLLEMIINGIPYLGDRRVPLEEFNTNIASVTVNKLISNPGEVERKKGIFANLIIFGPGPVLNENETIDIGIQNHFASREGFGGIMQMKFCPEYVSVFNNVQENKGASIFNRRGYFSDPALILMHELIHVLHGLYGIKVDDLPIVP
PROKKA_00012	tr|C5UY14|C5UY14_CLOBO Botulinum neurotoxin type E1, nontoxic-nonhemagglutinin component, NTNH OS=Clostridium botulinum E1 str. 'BoNT E Beluga' GN=ntnH PE=4 SV=1 !!!ntnH	1292	1163	248	81	32.66	123	44	7	251	NFNYNDPIDNNNIIMMEPPFARGTGRYYKAFKITDRIWIIPERYTFGYK---PEDFNKSSGIFNRDVCEYYDPDYLNTNDKKNIFLQTMIKLFNRIKSKPLGEKLLEMIINGIPYLGDRRVPLEEFNTNIASVTVNKLISNPGEVERKKGIFANLIIFGPGPVLNENETIDIGIQNHFASREGFGGIMQMKFCPEYVSVFNNVQENKGASIFNRRGYFSDPALILMHELIHVLHGLYGIKVDDLPIVP
PROKKA_00012	tr|C4IHM0|C4IHM0_CLOBU Botulinum neurotoxin type E, nontoxic-nonhemagglutinin component, NTNH OS=Clostridium butyricum E4 str. BoNT E BL5262 GN=ntnH PE=4 SV=1 !!!ntnH	1292	1163	248	81	32.66	123	44	7	251	NFNYNDPIDNNNIIMMEPPFARGTGRYYKAFKITDRIWIIPERYTFGYK---PEDFNKSSGIFNRDVCEYYDPDYLNTNDKKNIFLQTMIKLFNRIKSKPLGEKLLEMIINGIPYLGDRRVPLEEFNTNIASVTVNKLISNPGEVERKKGIFANLIIFGPGPVLNENETIDIGIQNHFASREGFGGIMQMKFCPEYVSVFNNVQENKGASIFNRRGYFSDPALILMHELIHVLHGLYGIKVDDLPIVP
PROKKA_00012	tr|C5VU80|C5VU80_CLOBO Botulinum neurotoxin type D, nontoxic-nonhemagglutinin component, NTNH OS=Clostridium botulinum D str. 1873 GN=ntnH PE=4 SV=1 !!!ntnH	1292	1196	270	78	28.89	139	53	6	251	NNFNYNDPIDNNNIIMMEPPFARGTGRYYKAFKITDRIWIIPERYTFGYK---PEDFNKSSGIFNRDVCEYYDPDYLNTNDKKNIFLQTMIKLFNRIKSKPLGEKLLEMIINGIP----YLGDRRVPLEEFN---TNIASVTVNKLI-------------SNPGEVERKKGIFA-NLIIFGPGPVLNENETIDIGIQNHFASREGFGGIMQMKFCPEYVSVFNNVQENKGASIFNRRGYFSDPALILMHELIHVLHGLYGIKVDDLPIVP
PROKKA_00012	tr|C5VU80|C5VU80_CLOBO Botulinum neurotoxin type D, nontoxic-nonhemagglutinin component, NTNH OS=Clostridium botulinum D str. 1873 GN=ntnH PE=4 SV=1 !!!ntnH	1292	1196	603	122	20.23	375	106	551	1102	RDISLTSSFDDALLFSNK--VYSFFS-----MDYIKTANKVVEAGLFAGWVKQIVDDFVIEANKSNTMDKLADISLIVPYIGLALNVGNETAKGNFENAFEIAGASILLEFIPELLIP------VVGAFLLESYIDNKNKIIKTIDNALTKRDEKWRDMYGLIVAQWLSTVNTQFYTIKEGMYKALNYQAQALEEIIKYKYNIYSEKEKSNINID------------FNDINSKLNEGINQAIDNINNFINECSVSYLMKKMIPLAVEKLLDFDNTLKKNLLNYI-------DENKLYLIGSAEYEK----------------SKVDKHLKTII-PFDLSMYTNNTILIEIFNKYNSEILNNIILNLRYRDNNLIDLSGYGANVEVYDGVELNDKNQFKLTSSTNSEIRVTQNQNIIFNSMFLDFSVSFWIRIPKYKNDGIQNYIHNEYTIINCIKNNSGWKISIRGNRIIWTLTDINGKTKSVFFEYSIREDISDYINRWFFVTITNN--SDNAKIYINGKLESNIDIKDIGEVIANGEIIFKLDGDIDRTQFIWMKYFSIFNTELSQSNIKEIYKIQSYSEYLKDFWGNPLMYNKEYYMFN
PROKKA_00012	tr|B1BE43|B1BE43_CLOBO Botulinum neurotoxin type C, nontoxic-nonhemagglutinin component NTNH OS=Clostridium botulinum C str. Eklund GN=CBC_A0166 PE=4 SV=1 !!!ntnH	1292	1196	270	77	28.52	140	53	6	251	NNFNYNDPIDNNNIIMMEPPFARGTGRYYKAFKITDRIWIIPERYTFGYK---PEDFNKSSGIFNRDVCEYYDPDYLNTNDKKNIFLQTMIKLFNRIKSKPLGEKLLEMIINGIP----YLGDRRVPLEEFN---TNIASVTVNKLI-------------SNPGEVERKKGIFA-NLIIFGPGPVLNENETIDIGIQNHFASREGFGGIMQMKFCPEYVSVFNNVQENKGASIFNRRGYFSDPALILMHELIHVLHGLYGIKVDDLPIVP
PROKKA_00012	tr|B1BE46|B1BE46_CLOBO Non-toxin haemagglutinin HA-70 OS=Clostridium botulinum C str. Eklund GN=CBC_A0169 PE=4 SV=1 !!!ha70	1292	623	56	13	23.21	37	6	328	383	YKFVEDSEGKYSIDVESFDKLYKSLMFGFTETNIAENYKIKTRASYFSDSLPPVKI
PROKKA_00012	tr|C5UY13|C5UY13_CLOBO P-47 protein OS=Clostridium botulinum E1 str. 'BoNT E Beluga' GN=p47 PE=4 SV=1 !!!P-47	1292	416	84	26	30.95	38	20	801	880	TLKKNLLNYIDENKLYLIGSAEYEKSKVDKHLKTIIPFD----LSMYTNNTILIEIFNKYNSEILNNIILNLRYRDNNLIDLSG
PROKKA_00012	tr|C5VU79|C5VU79_CLOBO Hemagglutinin component HA33 OS=Clostridium botulinum D str. 1873 GN=ha33 PE=4 SV=1 !!!ha33	1292	285	46	13	28.26	33	0	1135	1180	NYRNLYIGEKFIIRRKSNSQSINDDIVRKEDYIYLDFFNLNQEWRV
PROKKA_00013	tr|A0A060N6G5|A0A060N6G5_CLOBO Nontoxic-nonhemagglutinin component, NTNH OS=Clostridium botulinum B str. Osaka05 GN=CBO05P2_175 PE=4 SV=1 !!!ntnH	1210	1197	1197	1195	99.83	2	0	13	1209	MNINDNLSINSPVDNKNVVVVRARKTDTFFKAFKVAPNIWVAPERYYGESLSIDEEYKVDGGIYDSNFLSQDSEKDKFLQAIITLLKRINSTNAGEKLLSLISTAIPFPYGYIGGGYYAPNMITFGSAPKSNKKLNSLISSTIPFPYAGYRETNYLSSEDNKSFYASNIVIFGPGANIVENNTVFYKKEDAENGMGTMTEIWFQPFLTYKYDQFYIDPAIELMKCLIKSLYFLYGIKPSDDLVVPYRLRNELENIEYSQLDIVDLLVSGGIDPKFINTDPYWFIDNYFSNAKKMFEDHRNIYETEIEGNNAIGNDIKLRLKQKFRININDIWELNLNYFSKEFNIMMPDRFNNALKHFYRKQYYKIDYPENYSINGFVNGQINAQLSLSDRNQDIINKPEEIINLLNENNVLLMRSNIYGDGLKSTVDDFYSNYKIPYNRAYEYHFNNSNDSSLDNVNVGVIDNIPEIIDVNPYRKNCDPFTPVYNITETKEINTTIPFSVNYLQAQNANNEKFSLSSDFVEVVSSKDKSLAYSFLSNVMFYLDSIKDNSPIDTDKEYYLWLREIFRNYSFDITATQEINTNCGINKVVTWFGKALNILNTSDSFVEEFQNLGPISLINKKENLSMPIIEIYEIPNDMLGLPLNDLNEKLFNIYLKNILYFKKVYFNFLDQWWTEYYSQYFDLICMAKQSILAQEKLIKQIIQNKLQDLSKADISMDKLNLMNLATEKTFIDLSNESQIAINNINDFLNKSAICVFDTNIYPKFISFMEQCINSVNSNVTAFIQKCTNITEDEKLQLIKLNTFMNIDFEFFDIQSIKDLITSETDLIKEEKESDYNLFLFTLQEDNNKVIEDISGKNTLVKYSDSISLVYGVNGDALYLKEPDESVSFSNKAFENGLTNSFSICFWLRNLGEDIITSKLIENKADNCGWEIYFQNNGLVFSIVDCNGNEENIYLSDVISKNWYYISISIDRLRNQLLIFINDKLIANQSIEQILNIYSSNTISLVNGNNPIYVEGLSILNRSITSEEVVNNYFSYLNNSYIRDISGERLEYNKTYELYNYVFPENSLYEVTENNNIYLSIKDTNNLNIQGAKFKLINIDTNKQYVQKWDEGVVCLLGDEEKYVDISSENNRIQLVSSKDTAKRIIFNNDIFRPNCLTFAYNNKYLSLSFRDRNYNWMICNNNDNIPKAAHLWALKGI
PROKKA_00013	tr|B1INP6|B1INP6_CLOBK Botulinum neurotoxin type B1, nontoxic-nonhemagglutinin component, NTNH OS=Clostridium botulinum (strain Okra / Type B1) GN=ntnH PE=4 SV=1 !!!ntnH	1210	1197	1197	1158	96.74	39	0	13	1209	MNINDNLSINSPVDNKNVVVVRARKTDTFFKAFKVAPNIWVAPERYYGESLSIDEEYKVDGGIYDSNFLSQDSEKDKFLQAIITLLKRINSTNAGEKLLSLISTAIPFPYGYIGGGYYAPNMITFGSAPKSNKKLNSLISSTIPFPYAGYRETNYLSSEDNKSFYASNIVIFGPGANIVENNTVFYKKEDAENGMGTMTEIWFQPFLTYKYDQFYIDPAIELMKCLIKSLYFLYGIKPSDDLVVPYRLRNELENIEYSQLDIVDLLVSGGIDPKFINTDPYWFIDNYFSNAKKMFEDHRNIYETEIEGNNAIGNDIKLRLKQKFRININDIWELNLNYFSKEFNIMMPDRFNNALKHFYRKQYYKIDYPENYSINGFVNGQINAQLSLSDRNQDIINKPEEIINLLNENNVLLMRSNIYGDGLKSTVDDFYSNYKIPYNRAYEYHFNNSNDSSLDNVNVGVIDNIPEIIDVNPYRKNCDPFTPVYNITETKEINTTIPFSVNYLQAQNANNEKFSLSSDFVEVVSSKDKSLAYSFLSNVMFYLDSIKDNSPIDTDKEYYLWLREIFRNYSFDITATQEINTNCGINKVVTWFGKALNILNTSDSFVEEFQNLGPISLINKKENLSMPIIEIYEIPNDMLGLPLNDLNEKLFNIYLKNILYFKKVYFNFLDQWWTEYYSQYFDLICMAKQSILAQEKLIKQIIQNKLQDLSKADISMDKLNLMNLATEKTFIDLSNESQIAINNINDFLNKSAICVFDTNIYPKFISFMEQCINSVNSNVTAFIQKCTNITEDEKLQLIKLNTFMNIDFEFFDIQSIKDLITSETDLIKEEKESDYNLFLFTLQEDNNKVIEDISGKNTLVKYSDSISLVYGVNGDALYLKEPDESVSFSNKAFENGLTNSFSICFWLRNLGEDIITSKLIENKADNCGWEIYFQNNGLVFSIVDCNGNEENIYLSDVISKNWYYISISIDRLRNQLLIFINDKLIANQSIEQILNIYSSNTISLVNGNNPIYVEGLSILNRSITSEEVVNNYFSYLNNSYIRDISGERLEYNKTYELYNYVFPENSLYEVTENNNIYLSIKDTNNLNIQGAKFKLINIDTNKQYVQKWDEGVVCLLGDEEKYVDISSENNRIQLVSSKDTAKRIIFNNDIFRPNCLTFAYNNKYLSLSFRDRNYNWMICNNNDNIPKAAHLWALKGI
PROKKA_00013	tr|B2TSC3|B2TSC3_CLOBB Botulinum neurotoxin type B OS=Clostridium botulinum (strain Eklund 17B / Type B) GN=ntnH PE=4 SV=1 !!!ntnH	1210	1197	1197	1147	95.82	50	0	13	1209	MNINDNLSINSPVDNKNVVVVRARKTDTFFKAFKVAPNIWVAPERYYGESLSIDEEYKVDGGIYDSNFLSQDSEKDKFLQAIITLLKRINSTNAGEKLLSLISTAIPFPYGYIGGGYYAPNMITFGSAPKSNKKLNSLISSTIPFPYAGYRETNYLSSEDNKSFYASNIVIFGPGANIVENNTVFYKKEDAENGMGTMTEIWFQPFLTYKYDQFYIDPAIELMKCLIKSLYFLYGIKPSDDLVVPYRLRNELENIEYSQLDIVDLLVSGGIDPKFINTDPYWFIDNYFSNAKKMFEDHRNIYETEIEGNNAIGNDIKLRLKQKFRININDIWELNLNYFSKEFNIMMPDRFNNALKHFYRKQYYKIDYPENYSINGFVNGQINAQLSLSDRNQDIINKPEEIINLLNENNVLLMRSNIYGDGLKSTVDDFYSNYKIPYNRAYEYHFNNSNDSSLDNVNVGVIDNIPEIIDVNPYRKNCDPFTPVYNITETKEINTTIPFSVNYLQAQNANNEKFSLSSDFVEVVSSKDKSLAYSFLSNVMFYLDSIKDNSPIDTDKEYYLWLREIFRNYSFDITATQEINTNCGINKVVTWFGKALNILNTSDSFVEEFQNLGPISLINKKENLSMPIIEIYEIPNDMLGLPLNDLNEKLFNIYLKNILYFKKVYFNFLDQWWTEYYSQYFDLICMAKQSILAQEKLIKQIIQNKLQDLSKADISMDKLNLMNLATEKTFIDLSNESQIAINNINDFLNKSAICVFDTNIYPKFISFMEQCINSVNSNVTAFIQKCTNITEDEKLQLIKLNTFMNIDFEFFDIQSIKDLITSETDLIKEEKESDYNLFLFTLQEDNNKVIEDISGKNTLVKYSDSISLVYGVNGDALYLKEPDESVSFSNKAFENGLTNSFSICFWLRNLGEDIITSKLIENKADNCGWEIYFQNNGLVFSIVDCNGNEENIYLSDVISKNWYYISISIDRLRNQLLIFINDKLIANQSIEQILNIYSSNTISLVNGNNPIYVEGLSILNRSITSEEVVNNYFSYLNNSYIRDISGERLEYNKTYELYNYVFPENSLYEVTENNNIYLSIKDTNNLNIQGAKFKLINIDTNKQYVQKWDEGVVCLLGDEEKYVDISSENNRIQLVSSKDTAKRIIFNNDIFRPNCLTFAYNNKYLSLSFRDRNYNWMICNNNDNIPKAAHLWALKGI
PROKKA_00013	tr|A5HZZ8|A5HZZ8_CLOBH Type A progenitor toxin nontoxic-nonha OS=Clostridium botulinum (strain Hall / ATCC 3502 / NCTC 13319 / Type A) GN=ntnH PE=4 SV=1 !!!ntnH	1210	1193	1196	967	80.85	225	4	13	1207	MNINDNLSINSPVDNKNVVVVRARKTDTFFKAFKVAPNIWVAPERYYGESLSIDEEYKVDGGIYDSNFLSQDSEKDKFLQAIITLLKRINSTNAGEKLLSLISTAIPFPYGYIGGGYYAPNMITFGSAPKSNKKLNSLISSTIPFPYAGYRETNYLSSEDNKSFYASNIVIFGPGANIVENNTVFYKKEDAENGMGTMTEIWFQPFLTYKYDQFYIDPAIELMKCLIKSLYFLYGIKPSDDLVVPYRLRNELENIEYSQLDIVDLLVSGGIDPKFINTDPYWFIDNYFSNAKKMFEDHRNIYETEIEGNNAIGNDIKLRLKQKFRININDIWELNLNYFSKEFNIMMPDRFNNALKHFYRKQYYKIDYPENYSINGFVNGQINAQLSLSDRNQDIINKPEEIINLLNENNVLLMRSNIYGDGLKSTVDDFYSNYKIPYNRAYEYHFNNSNDSSLDNVNVGVIDNIPEIIDVNPYRKNCDPFTPVYNITETKEINTTIPFSVNYLQAQNANNEKFSLSSDFVEVVSSKDKSLAYSFLSNVMFYLDSIKDNSPIDTDKEYYLWLREIFRNYSFDITATQEINTNCGINKVVTWFGKALNILNTSDSFVEEFQNLGPISLINKKENLSMPIIEIYEIPNDMLGLPLNDLNEKLFNIYLKNILYFKKVYFNFLDQWWTEYYSQYFDLICMAKQSILAQEKLIKQIIQNKLQDL-SKADISMDKLNLMNLATEKTFIDLSNESQIAINNINDFLNKSAICVFDTNIYPKFISFMEQCINSVNSNVTAFIQKCTNITEDEKLQLIKLNTFMNIDFEFFDIQSIKDLITSETDLIKEEKESDYNLFLFTLQEDNNKVIEDISGKNTLVKYSDSISLVYGVNGDALYLKEPDESVSFSNKAFENGLTNSFSICFWLRNLGEDIITSKLIENKADNCGWEIYFQNNGLVFSIVDCNGNEENIYLSDVISKNWYYISISIDRLRNQLLIFINDKLIANQSIEQILNIYSSNTISLVNGNNPIYVEGLSILNRSITSEEVVNNYFSYLNNSYIRDISGERLEYNKTYELYNYVFPENSLYEVTENNNIYLSIKDTNNLNIQGAKFKLINIDTNKQYVQKWDEGVVCLLGDEEKYVDISSENNRIQLVSSKDTAKRIIFNNDIFRPNCLTFAYNNKYLSLSFRDRNYNWMICNNNDNIPKAAHLWALK
PROKKA_00013	tr|B1BE43|B1BE43_CLOBO Botulinum neurotoxin type C, nontoxic-nonhemagglutinin component NTNH OS=Clostridium botulinum C str. Eklund GN=CBC_A0166 PE=4 SV=1 !!!ntnH	1210	1196	1198	820	68.45	374	4	13	1208	MNINDNLSINSPVDNKNVVVVRARKTDTFFKAFKVAPNIWVAPERYYGESLSIDEEYKVDGGIYDSNFLSQDSEKDKFLQAIITLLKRINSTNAGEKLLSLISTAIPFPYGYIGGGYYAPNMITFGSAPKSNKKLNSLISSTIPFPYAGYRETNYLSSEDNKSFYASNIVIFGPGANIVENNTVFYKKEDAENGMGTMTEIWFQPFLTYKYDQFYIDPAIELMKCLIKSLYFLYGIKPSDDLVVPYRLRNELENIEYSQLDIVDLLVSGGIDPKFINTDPYWFIDNYFSNAKKMFEDHRNIYETEIEGNNAIGNDIKLRLKQKFRININDIWELNLNYFSKEFNIMMPDRFNNALKHFYRKQYYKIDYPENYSINGFVNGQINAQLSLSDRNQDIINKPEEIINLLNENNVLLMRSNIYGDGLKSTVDDFYSNYKIPYNRAYEYHFNNSNDSSLDNVNVGVIDNIPEIIDVNPYRKNCD--PFTPVYNITETKEINTTIPFSVNYLQAQNANNEKFSLSSDFVEVVSSKDKSLAYSFLSNVMFYLDSIKDNSPIDTDKEYYLWLREIFRNYSFDITATQEINTNCGINKVVTWFGKALNILNTSDSFVEEFQNLGPISLINKKENLSMPIIEIYEIPNDMLGLPLNDLNEKLFNIYLKNILYFKKVYFNFLDQWWTEYYSQYFDLICMAKQSILAQEKLIKQIIQNKLQDLSKADISMDKLNLMNLATEKTFIDLSNESQIAINNINDFLNKSAICVFDTNIYPKFISFMEQCINSVNSNVTAFIQKCTNITEDEKLQLIKLNTFMNIDFEFFDIQSIKDLITSETDLIKEEKESDYNLFLFTLQEDNNKVIEDISGKNTLVKYSDSISLVYGVNGDALYLKEPDESVSFSNKAFENGLTNSFSICFWLRNLGEDIITSKLIENKADNCGWEIYFQNNGLVFSIVDCNGNEENIYLSDVISKNWYYISISIDRLRNQLLIFINDKLIANQSIEQILNIYSSNTISLVNGNNPIYVEGLSILNRSITSEEVVNNYFSYLNNSYIRDISGERLEYNKTYELYNYVFPENSLYEVTENNNIYLSIKDTNNLNIQGAKFKLINIDTNKQYVQKWDEGVVCLLGDEEKYVDISSENNRIQLVSSKDTAKRIIFNNDIFRPNCLTFAYNNKYLSLSFRDRNYNWMICNNNDNIPKAAHLWALKG
PROKKA_00013	tr|C5VU80|C5VU80_CLOBO Botulinum neurotoxin type D, nontoxic-nonhemagglutinin component, NTNH OS=Clostridium botulinum D str. 1873 GN=ntnH PE=4 SV=1 !!!ntnH	1210	1196	1198	820	68.45	374	4	13	1208	MNINDNLSINSPVDNKNVVVVRARKTDTFFKAFKVAPNIWVAPERYYGESLSIDEEYKVDGGIYDSNFLSQDSEKDKFLQAIITLLKRINSTNAGEKLLSLISTAIPFPYGYIGGGYYAPNMITFGSAPKSNKKLNSLISSTIPFPYAGYRETNYLSSEDNKSFYASNIVIFGPGANIVENNTVFYKKEDAENGMGTMTEIWFQPFLTYKYDQFYIDPAIELMKCLIKSLYFLYGIKPSDDLVVPYRLRNELENIEYSQLDIVDLLVSGGIDPKFINTDPYWFIDNYFSNAKKMFEDHRNIYETEIEGNNAIGNDIKLRLKQKFRININDIWELNLNYFSKEFNIMMPDRFNNALKHFYRKQYYKIDYPENYSINGFVNGQINAQLSLSDRNQDIINKPEEIINLLNENNVLLMRSNIYGDGLKSTVDDFYSNYKIPYNRAYEYHFNNSNDSSLDNVNVGVIDNIPEIIDVNPYRKNCD--PFTPVYNITETKEINTTIPFSVNYLQAQNANNEKFSLSSDFVEVVSSKDKSLAYSFLSNVMFYLDSIKDNSPIDTDKEYYLWLREIFRNYSFDITATQEINTNCGINKVVTWFGKALNILNTSDSFVEEFQNLGPISLINKKENLSMPIIEIYEIPNDMLGLPLNDLNEKLFNIYLKNILYFKKVYFNFLDQWWTEYYSQYFDLICMAKQSILAQEKLIKQIIQNKLQDLSKADISMDKLNLMNLATEKTFIDLSNESQIAINNINDFLNKSAICVFDTNIYPKFISFMEQCINSVNSNVTAFIQKCTNITEDEKLQLIKLNTFMNIDFEFFDIQSIKDLITSETDLIKEEKESDYNLFLFTLQEDNNKVIEDISGKNTLVKYSDSISLVYGVNGDALYLKEPDESVSFSNKAFENGLTNSFSICFWLRNLGEDIITSKLIENKADNCGWEIYFQNNGLVFSIVDCNGNEENIYLSDVISKNWYYISISIDRLRNQLLIFINDKLIANQSIEQILNIYSSNTISLVNGNNPIYVEGLSILNRSITSEEVVNNYFSYLNNSYIRDISGERLEYNKTYELYNYVFPENSLYEVTENNNIYLSIKDTNNLNIQGAKFKLINIDTNKQYVQKWDEGVVCLLGDEEKYVDISSENNRIQLVSSKDTAKRIIFNNDIFRPNCLTFAYNNKYLSLSFRDRNYNWMICNNNDNIPKAAHLWALKG
PROKKA_00013	tr|B1L2G4|B1L2G4_CLOBM Botulinum neurotoxin type A3, nontoxic-nonhemagglutinin component, NTNH OS=Clostridium botulinum (strain Loch Maree / Type A3) GN=ntnH PE=4 SV=1 !!!ntnH	1210	1159	1202	762	63.39	390	50	13	1207	MNINDNLSINSPVDNKNVVVVRARKTDTFFKAFKVAPNIWVAPERYYGESLSIDEEYKVDGGIYDSNFLSQDSEKDKFLQAIITLLKRINSTNAGEKLLSLISTAIPFPYGYIGGGYYAPNMITFGSAPKSNKKLNSLISSTIPFPY----AGYRETNYLSSEDNKSFYASNIVIFGPGANIVENNTVFYKKEDAENGMGTMTEIWFQPFLTYKYDQFYIDPAIELMKCLIKSLYFLYGIKPSDDLVVPYRLRNELENIEYSQLDIVDLLVSGGIDPKFINTDPYWFIDNYFSNAKKMFEDHRNIYETEIEGNNAIGNDIKLRLKQKFRININDIWELNLNYFSKEFNIMMPDRFNNALKHFYRKQYYKIDYPENYSINGFVNGQINAQLSLSDRNQDIINKPEEIINLLNENNVLLMRSNIYGDGLKSTVDDFYSNYKIPYNRAYEYHFNNSNDSSLDNVNVGVIDNIPEI--IDVNPYRKNCDPFTPVYNITETKEINTTIPFSVNYLQAQNANNEKFSLSSDFVEVVSSKDKSLAYSFLSNVMFYLDSIKDNSPIDTDKEYYLWLREIFRNYSFDITATQEINTNCGINKVVTWFGKALNILNTSDSFVEEFQNLGPISLINKKENLSMPIIEIYEIPNDMLGLPLNDLNEKLFNIYLKNILYFKKVYFNFLDQWWTEYYSQYFDLICMAKQSILAQEKLIKQIIQNKLQDL-SKADISMDKLNLMNLATEKTFIDLSNESQIAINNINDFLNKSAICVFDTNIYPKFISFMEQCINSVNSNVTAFIQKCTNITEDEKLQLIKLNTFMNIDFEFFDIQSIKDLITSETDLIKEEKESDYNLFLFTLQEDNNKVIEDISGKNTLVKYSDSISLVYGVNGDALYLKEPDESVSFSNKAFENGLTNSFSICFWLRNLGEDIITSKLIENKADNCGWEIYFQNNGLVFSIVDCNGNEENIYLSDVISKNWYYISISIDRLRNQLLIFINDKLIANQSIEQILNIYSSNTISLVNGNNPIYVEGLSILNRSITSEEVVNNYFSYLNNSYIRDISGERLEYNKTYELYNYVFPENSLYEVTENNNIYLSIKDTNNLNIQGAKFKLINIDTNKQYVQKWDEGVVCLLGDEEKYVDISSENNRIQLVSSKDTAKRIIFNNDIFRPNCLTFAYNNKYLSLSFRDRNYNWMICNNNDNIPKAAHLWALK
PROKKA_00013	tr|A7GBG2|A7GBG2_CLOBL Botulinum neurotoxin type F, nontoxic-nonhemagglutinin component, NTNH OS=Clostridium botulinum (strain Langeland / NCTC 10281 / Type F) GN=ntnH PE=4 SV=1 !!!ntnH	1210	1163	1204	763	63.37	393	48	13	1209	MNINDNLSINSPVDNKNVVVVRARKTDTFFKAFKVAPNIWVAPERYYGESLSIDEEYKVDGGIYDSNFLSQDSEKDKFLQAIITLLKRINSTNAGEKLLSLISTAIPFPYGYIGGGYYAPNMITFGSAPKSNKKLNSLISSTIPFPY----AGYRETNYLSSEDNKSFYASNIVIFGPGANIVENNTVFYKKEDAENGMGTMTEIWFQPFLTYKYDQFYIDPAIELMKCLIKSLYFLYGIKPSDDLVVPYRLRNELENIEYSQLDIVDLLVSGGIDPKFINTDPYWFIDNYFSNAKKMFEDHRNIYETEIEGNNAIGNDIKLRLKQKFRININDIWELNLNYFSKEFNIMMPDRFNNALKHFYRKQYYKIDYPENYSINGFVNGQINAQLSLSDRNQDIINKPEEIINLLNENNVLLMRSNIYGDGLKSTVDDFYSNYKIPYNRAYEYHFNNSNDSSLDNVNVGVIDNIPEI--IDVNPYRKNCDPFTPVYNITETKEINTTIPFSVNYLQAQNANNEKFSLSSDFVEVVSSKDKSLAYSFLSNVMFYLDSIKDNSPIDTDKEYYLWLREIFRNYSFDITATQEINTNCGINKVVTWFGKALNILNTSDSFVEEFQNLGPISLINKKENLSMPIIEIYEIPNDMLGLPLNDLNEKLFNIYLKNILYFKKVYFNFLDQWWTEYYSQYFDLICMAKQSILAQEKLIKQIIQNKLQDL-SKADISMDKLNLMNLATEKTFIDLSNESQIAINNINDFLNKSAICVFDTNIYPKFISFMEQCINSVNSNVTAFIQKCTNITEDEKLQLIKLNTFMNIDFEFFDIQSIKDLITSETDLIKEEKESDYNLFLFTLQEDNNKVIEDISGKNTLVKYSDSISLVYGVNGDALYLKEPDESVSFSNKAFENGLTNSFSICFWLRNLGEDIITSKLIENKADNCGWEIYFQNNGLVFSIVDCNGNEENIYLSDVISKNWYYISISIDRLRNQLLIFINDKLIANQSIEQILNIYSSNTISLVNGNNPIYVEGLSILNRSITSEEVVNNYFSYLNNSYIRDISGERLEYNKTYELYNYVFPENSLYEVTENNNIYLSIKDTNNLNIQGAKFKLINIDTNKQYVQKWDEGVVCLLGDEEKYVDISSENNRIQLVSSKDTAKRIIFNNDIFRPNCLTFAYNNKYLSLSFRDRNYNWMICNNNDNIPKAAHLWALKGI
PROKKA_00013	tr|C1FUH8|C1FUH8_CLOBJ Botulinum neurotoxin type A2, nontoxic-nonhemagglutinin component, NTNH OS=Clostridium botulinum (strain Kyoto / Type A2) GN=ntnH PE=4 SV=1 !!!ntnH	1210	1159	1202	759	63.14	393	50	13	1207	MNINDNLSINSPVDNKNVVVVRARKTDTFFKAFKVAPNIWVAPERYYGESLSIDEEYKVDGGIYDSNFLSQDSEKDKFLQAIITLLKRINSTNAGEKLLSLISTAIPFPYGYIGGGYYAPNMITFGSAPKSNKKLNSLISSTIPFPY----AGYRETNYLSSEDNKSFYASNIVIFGPGANIVENNTVFYKKEDAENGMGTMTEIWFQPFLTYKYDQFYIDPAIELMKCLIKSLYFLYGIKPSDDLVVPYRLRNELENIEYSQLDIVDLLVSGGIDPKFINTDPYWFIDNYFSNAKKMFEDHRNIYETEIEGNNAIGNDIKLRLKQKFRININDIWELNLNYFSKEFNIMMPDRFNNALKHFYRKQYYKIDYPENYSINGFVNGQINAQLSLSDRNQDIINKPEEIINLLNENNVLLMRSNIYGDGLKSTVDDFYSNYKIPYNRAYEYHFNNSNDSSLDNVNVGVIDNIPEI--IDVNPYRKNCDPFTPVYNITETKEINTTIPFSVNYLQAQNANNEKFSLSSDFVEVVSSKDKSLAYSFLSNVMFYLDSIKDNSPIDTDKEYYLWLREIFRNYSFDITATQEINTNCGINKVVTWFGKALNILNTSDSFVEEFQNLGPISLINKKENLSMPIIEIYEIPNDMLGLPLNDLNEKLFNIYLKNILYFKKVYFNFLDQWWTEYYSQYFDLICMAKQSILAQEKLIKQIIQNKLQDL-SKADISMDKLNLMNLATEKTFIDLSNESQIAINNINDFLNKSAICVFDTNIYPKFISFMEQCINSVNSNVTAFIQKCTNITEDEKLQLIKLNTFMNIDFEFFDIQSIKDLITSETDLIKEEKESDYNLFLFTLQEDNNKVIEDISGKNTLVKYSDSISLVYGVNGDALYLKEPDESVSFSNKAFENGLTNSFSICFWLRNLGEDIITSKLIENKADNCGWEIYFQNNGLVFSIVDCNGNEENIYLSDVISKNWYYISISIDRLRNQLLIFINDKLIANQSIEQILNIYSSNTISLVNGNNPIYVEGLSILNRSITSEEVVNNYFSYLNNSYIRDISGERLEYNKTYELYNYVFPENSLYEVTENNNIYLSIKDTNNLNIQGAKFKLINIDTNKQYVQKWDEGVVCLLGDEEKYVDISSENNRIQLVSSKDTAKRIIFNNDIFRPNCLTFAYNNKYLSLSFRDRNYNWMICNNNDNIPKAAHLWALK
PROKKA_00013	tr|A0A0X1KH90|A0A0X1KH90_CLOBA Botulinum neurotoxin type E, nontoxic-nonhemagglutinin component, NTNH OS=Clostridium botulinum (strain Alaska E43 / Type E3) PE=1 SV=1 !!!ntnH	1210	1163	1204	723	60.05	433	48	13	1209	MNINDNLSINSPVDNKNVVVVRARKTDTFFKAFKVAPNIWVAPERYYGESLSIDEEYKVDGGIYDSNFLSQDSEKDKFLQAIITLLKRINSTNAGEKLLSLISTAIPFPYGYIGGGYYAPNMITFGSAPKSNKKLNSLISSTIPFPYAG----YRETNYLSSEDNKSFYASNIVIFGPGANIVENNTVFYKKEDAENGMGTMTEIWFQPFLTYKYDQFYIDPAIELMKCLIKSLYFLYGIKPSDDLVVPYRLRNELENIEYSQLDIVDLLVSGGIDPKFINTDPYWFIDNYFSNAKKMFEDHRNIYETEIEGNNAIGNDIKLRLKQKFRININDIWELNLNYFSKEFNIMMPDRFNNALKHFYRKQYYKIDYPENYSINGFVNGQINAQLSLSDRNQDIINKPEEIINLLNENNVLLMRSNIYGDGLKSTVDDFYSNYKIPYNRAYEYHFNNSNDSSLDNVNVGVIDNIPEI--IDVNPYRKNCDPFTPVYNITETKEINTTIPFSVNYLQAQNANNEKFSLSSDFVEVVSSKDKSLAYSFLSNVMFYLDSIKDNSPIDTDKEYYLWLREIFRNYSFDITATQEINTNCGINKVVTWFGKALNILNTSDSFVEEFQNLGPISLINKKENLSMPIIEIYEIPNDMLGLPLNDLNEKLFNIYLKNILYFKKVYFNFLDQWWTEYYSQYFDLICMAKQSILAQEKLIKQIIQNKLQDLSK-ADISMDKLNLMNLATEKTFIDLSNESQIAINNINDFLNKSAICVFDTNIYPKFISFMEQCINSVNSNVTAFIQKCTNITEDEKLQLIKLNTFMNIDFEFFDIQSIKDLITSETDLIKEEKESDYNLFLFTLQEDNNKVIEDISGKNTLVKYSDSISLVYGVNGDALYLKEPDESVSFSNKAFENGLTNSFSICFWLRNLGEDIITSKLIENKADNCGWEIYFQNNGLVFSIVDCNGNEENIYLSDVISKNWYYISISIDRLRNQLLIFINDKLIANQSIEQILNIYSSNTISLVNGNNPIYVEGLSILNRSITSEEVVNNYFSYLNNSYIRDISGERLEYNKTYELYNYVFPENSLYEVTENNNIYLSIKDTNNLNIQGAKFKLINIDTNKQYVQKWDEGVVCLLGDEEKYVDISSENNRIQLVSSKDTAKRIIFNNDIFRPNCLTFAYNNKYLSLSFRDRNYNWMICNNNDNIPKAAHLWALKGI
PROKKA_00013	tr|C5UY14|C5UY14_CLOBO Botulinum neurotoxin type E1, nontoxic-nonhemagglutinin component, NTNH OS=Clostridium botulinum E1 str. 'BoNT E Beluga' GN=ntnH PE=4 SV=1 !!!ntnH	1210	1163	1204	723	60.05	433	48	13	1209	MNINDNLSINSPVDNKNVVVVRARKTDTFFKAFKVAPNIWVAPERYYGESLSIDEEYKVDGGIYDSNFLSQDSEKDKFLQAIITLLKRINSTNAGEKLLSLISTAIPFPYGYIGGGYYAPNMITFGSAPKSNKKLNSLISSTIPFPYAG----YRETNYLSSEDNKSFYASNIVIFGPGANIVENNTVFYKKEDAENGMGTMTEIWFQPFLTYKYDQFYIDPAIELMKCLIKSLYFLYGIKPSDDLVVPYRLRNELENIEYSQLDIVDLLVSGGIDPKFINTDPYWFIDNYFSNAKKMFEDHRNIYETEIEGNNAIGNDIKLRLKQKFRININDIWELNLNYFSKEFNIMMPDRFNNALKHFYRKQYYKIDYPENYSINGFVNGQINAQLSLSDRNQDIINKPEEIINLLNENNVLLMRSNIYGDGLKSTVDDFYSNYKIPYNRAYEYHFNNSNDSSLDNVNVGVIDNIPEI--IDVNPYRKNCDPFTPVYNITETKEINTTIPFSVNYLQAQNANNEKFSLSSDFVEVVSSKDKSLAYSFLSNVMFYLDSIKDNSPIDTDKEYYLWLREIFRNYSFDITATQEINTNCGINKVVTWFGKALNILNTSDSFVEEFQNLGPISLINKKENLSMPIIEIYEIPNDMLGLPLNDLNEKLFNIYLKNILYFKKVYFNFLDQWWTEYYSQYFDLICMAKQSILAQEKLIKQIIQNKLQDLSK-ADISMDKLNLMNLATEKTFIDLSNESQIAINNINDFLNKSAICVFDTNIYPKFISFMEQCINSVNSNVTAFIQKCTNITEDEKLQLIKLNTFMNIDFEFFDIQSIKDLITSETDLIKEEKESDYNLFLFTLQEDNNKVIEDISGKNTLVKYSDSISLVYGVNGDALYLKEPDESVSFSNKAFENGLTNSFSICFWLRNLGEDIITSKLIENKADNCGWEIYFQNNGLVFSIVDCNGNEENIYLSDVISKNWYYISISIDRLRNQLLIFINDKLIANQSIEQILNIYSSNTISLVNGNNPIYVEGLSILNRSITSEEVVNNYFSYLNNSYIRDISGERLEYNKTYELYNYVFPENSLYEVTENNNIYLSIKDTNNLNIQGAKFKLINIDTNKQYVQKWDEGVVCLLGDEEKYVDISSENNRIQLVSSKDTAKRIIFNNDIFRPNCLTFAYNNKYLSLSFRDRNYNWMICNNNDNIPKAAHLWALKGI
PROKKA_00013	tr|C4IHM0|C4IHM0_CLOBU Botulinum neurotoxin type E, nontoxic-nonhemagglutinin component, NTNH OS=Clostridium butyricum E4 str. BoNT E BL5262 GN=ntnH PE=4 SV=1 !!!ntnH	1210	1163	1204	726	60.30	430	48	13	1209	MNINDNLSINSPVDNKNVVVVRARKTDTFFKAFKVAPNIWVAPERYYGESLSIDEEYKVDGGIYDSNFLSQDSEKDKFLQAIITLLKRINSTNAGEKLLSLISTAIPFPYGYIGGGYYAPNMITFGSAPKSNKKLNSLISSTIPFPYAG----YRETNYLSSEDNKSFYASNIVIFGPGANIVENNTVFYKKEDAENGMGTMTEIWFQPFLTYKYDQFYIDPAIELMKCLIKSLYFLYGIKPSDDLVVPYRLRNELENIEYSQLDIVDLLVSGGIDPKFINTDPYWFIDNYFSNAKKMFEDHRNIYETEIEGNNAIGNDIKLRLKQKFRININDIWELNLNYFSKEFNIMMPDRFNNALKHFYRKQYYKIDYPENYSINGFVNGQINAQLSLSDRNQDIINKPEEIINLLNENNVLLMRSNIYGDGLKSTVDDFYSNYKIPYNRAYEYHFNNSNDSSLDNVNVGVIDNIPEI--IDVNPYRKNCDPFTPVYNITETKEINTTIPFSVNYLQAQNANNEKFSLSSDFVEVVSSKDKSLAYSFLSNVMFYLDSIKDNSPIDTDKEYYLWLREIFRNYSFDITATQEINTNCGINKVVTWFGKALNILNTSDSFVEEFQNLGPISLINKKENLSMPIIEIYEIPNDMLGLPLNDLNEKLFNIYLKNILYFKKVYFNFLDQWWTEYYSQYFDLICMAKQSILAQEKLIKQIIQNKLQDLSK-ADISMDKLNLMNLATEKTFIDLSNESQIAINNINDFLNKSAICVFDTNIYPKFISFMEQCINSVNSNVTAFIQKCTNITEDEKLQLIKLNTFMNIDFEFFDIQSIKDLITSETDLIKEEKESDYNLFLFTLQEDNNKVIEDISGKNTLVKYSDSISLVYGVNGDALYLKEPDESVSFSNKAFENGLTNSFSICFWLRNLGEDIITSKLIENKADNCGWEIYFQNNGLVFSIVDCNGNEENIYLSDVISKNWYYISISIDRLRNQLLIFINDKLIANQSIEQILNIYSSNTISLVNGNNPIYVEGLSILNRSITSEEVVNNYFSYLNNSYIRDISGERLEYNKTYELYNYVFPENSLYEVTENNNIYLSIKDTNNLNIQGAKFKLINIDTNKQYVQKWDEGVVCLLGDEEKYVDISSENNRIQLVSSKDTAKRIIFNNDIFRPNCLTFAYNNKYLSLSFRDRNYNWMICNNNDNIPKAAHLWALKGI
PROKKA_00013	tr|A0A059PYE4|A0A059PYE4_9CLOT Toxin OS=Clostridium baratii GN=UC77_04385 PE=4 SV=1 !!! 	1210	140	40	16	40.00	23	1	601	639	VTWFGKALNILNTSDSFVEEFQNLGPISLIN-KKENLSMP
PROKKA_00013	tr|A0A0A7FVW8|A0A0A7FVW8_9CLOT Putative oRF-X1 OS=Clostridium baratii str. Sullivan GN=U729_698 PE=4 SV=1 !!!ORF-X1	1210	140	40	16	40.00	23	1	601	639	VTWFGKALNILNTSDSFVEEFQNLGPISLIN-KKENLSMP
PROKKA_00013	tr|A7GBF8|A7GBF8_CLOBL Toxin complex component ORF-X2 OS=Clostridium botulinum (strain Langeland / NCTC 10281 / Type F) GN=CLI_0846 PE=4 SV=1 !!!ORF-X2	1210	750	19	9	47.37	10	0	769	787	DTNIYPKFISFMEQCINSV
PROKKA_00013	tr|A7GBG0|A7GBG0_CLOBL Transcriptional regulator BotR, P-21 OS=Clostridium botulinum (strain Langeland / NCTC 10281 / Type F) GN=botR PE=4 SV=1 !!!BotR	1210	178	22	12	54.55	10	0	807	828	LQLIKLNTFMNIDFEFFDIQSI
PROKKA_00013	tr|A0A073CMR9|A0A073CMR9_CLOBO Transcriptional regulator OS=Clostridium botulinum A2B3 87 GN=N496_18580 PE=4 SV=1 !!! 	1210	178	22	12	54.55	10	0	807	828	LQLIKLNTFMNIDFEFFDIQSI
PROKKA_00013	tr|C5VU79|C5VU79_CLOBO Hemagglutinin component HA33 OS=Clostridium botulinum D str. 1873 GN=ha33 PE=4 SV=1 !!!ha33	1210	285	19	10	52.63	8	1	289	307	NTDPYWFIDNYFSNAKKMF
PROKKA_00014	tr|A0A073CP83|A0A073CP83_CLOBO Transcriptional regulator OS=Clostridium botulinum A2B3 87 GN=N496_19575 PE=4 SV=1 !!! 	179	178	178	175	98.31	3	0	1	178	MNKLFLQIKMLKSDNGEFQEIFKHFEKTINIFTRKYNIYDNYNDILYHLWYTLKKVDLSNFNTQNDLERYISRTLKRYCLDICNKRKIDKKIMYNSEIVDKKLSLIANSYSSYLEFEFNDLISILPDDQKKIIYMKFVEDIKEIDIAKKLNISRQSVYKNKILALERLEPILKKLINM
PROKKA_00014	tr|A0A060N3U8|A0A060N3U8_CLOBO Transcriptional regulator botR OS=Clostridium botulinum B str. Osaka05 GN=CBO05P2_176 PE=4 SV=1 !!!BotR	179	178	178	174	97.75	4	0	1	178	MNKLFLQIKMLKSDNGEFQEIFKHFEKTINIFTRKYNIYDNYNDILYHLWYTLKKVDLSNFNTQNDLERYISRTLKRYCLDICNKRKIDKKIMYNSEIVDKKLSLIANSYSSYLEFEFNDLISILPDDQKKIIYMKFVEDIKEIDIAKKLNISRQSVYKNKILALERLEPILKKLINM
PROKKA_00014	tr|A5HZZ7|A5HZZ7_CLOBH RNA polymerase ECF-type sigma factor OS=Clostridium botulinum (strain Hall / ATCC 3502 / NCTC 13319 / Type A) GN=botR PE=4 SV=1 !!!BotR	179	178	178	174	97.75	4	0	1	178	MNKLFLQIKMLKSDNGEFQEIFKHFEKTINIFTRKYNIYDNYNDILYHLWYTLKKVDLSNFNTQNDLERYISRTLKRYCLDICNKRKIDKKIMYNSEIVDKKLSLIANSYSSYLEFEFNDLISILPDDQKKIIYMKFVEDIKEIDIAKKLNISRQSVYKNKILALERLEPILKKLINM
PROKKA_00014	tr|S8CEF4|S8CEF4_CLOBO Transcriptional regulator BotR, P-21 OS=Clostridium botulinum CFSAN002367 GN=CFSAN002367_15806 PE=4 SV=1 !!!BotR	179	178	178	174	97.75	4	0	1	178	MNKLFLQIKMLKSDNGEFQEIFKHFEKTINIFTRKYNIYDNYNDILYHLWYTLKKVDLSNFNTQNDLERYISRTLKRYCLDICNKRKIDKKIMYNSEIVDKKLSLIANSYSSYLEFEFNDLISILPDDQKKIIYMKFVEDIKEIDIAKKLNISRQSVYKNKILALERLEPILKKLINM
PROKKA_00014	tr|A0A0D1AER2|A0A0D1AER2_CLOBO Transcriptional regulator OS=Clostridium botulinum B2 450 GN=N495_19875 PE=4 SV=1 !!! 	179	178	178	174	97.75	4	0	1	178	MNKLFLQIKMLKSDNGEFQEIFKHFEKTINIFTRKYNIYDNYNDILYHLWYTLKKVDLSNFNTQNDLERYISRTLKRYCLDICNKRKIDKKIMYNSEIVDKKLSLIANSYSSYLEFEFNDLISILPDDQKKIIYMKFVEDIKEIDIAKKLNISRQSVYKNKILALERLEPILKKLINM
PROKKA_00014	tr|M1ZWZ6|M1ZWZ6_CLOBO Transcriptional regulator BotR, P-21 OS=Clostridium botulinum CFSAN001627 GN=CFSAN001627_10483 PE=4 SV=1 !!!BotR	179	178	178	172	96.63	6	0	1	178	MNKLFLQIKMLKSDNGEFQEIFKHFEKTINIFTRKYNIYDNYNDILYHLWYTLKKVDLSNFNTQNDLERYISRTLKRYCLDICNKRKIDKKIMYNSEIVDKKLSLIANSYSSYLEFEFNDLISILPDDQKKIIYMKFVEDIKEIDIAKKLNISRQSVYKNKILALERLEPILKKLINM
PROKKA_00014	tr|B2TSC2|B2TSC2_CLOBB Putative RNA polymerase sigma factor OS=Clostridium botulinum (strain Eklund 17B / Type B) GN=botR PE=4 SV=1 !!!BotR	179	179	172	158	91.86	14	0	1	172	MNKLFLQIKMLKSDNGEFQEIFKHFEKTINIFTRKYNIYDNYNDILYHLWYTLKKVDLSNFNTQNDLERYISRTLKRYCLDICNKRKIDKKIMYNSEIVDKKLSLIANSYSSYLEFEFNDLISILPDDQKKIIYMKFVEDIKEIDIAKKLNISRQSVYKNKILALERLEPIL
PROKKA_00014	tr|A0A0C1QVR0|A0A0C1QVR0_9CLOT Transcriptional regulator BotR, P-21 OS=Clostridium argentinense CDC 2741 GN=botR PE=4 SV=1 !!!BotR	179	178	178	105	58.99	73	0	1	178	MNKLFLQIKMLKSDNGEFQEIFKHFEKTINIFTRKYNIYDNYNDILYHLWYTLKKVDLSNFNTQNDLERYISRTLKRYCLDICNKRKIDKKIMYNSEIVDKKLSLIANSYSSYLEFEFNDLISILPDDQKKIIYMKFVEDIKEIDIAKKLNISRQSVYKNKILALERLEPILKKLINM
PROKKA_00014	tr|A7GBG0|A7GBG0_CLOBL Transcriptional regulator BotR, P-21 OS=Clostridium botulinum (strain Langeland / NCTC 10281 / Type F) GN=botR PE=4 SV=1 !!!BotR	179	178	178	109	61.24	69	0	1	178	MNKLFLQIKMLKSDNGEFQEIFKHFEKTINIFTRKYNIYDNYNDILYHLWYTLKKVDLSNFNTQNDLERYISRTLKRYCLDICNKRKIDKKIMYNSEIVDKKLSLIANSYSSYLEFEFNDLISILPDDQKKIIYMKFVEDIKEIDIAKKLNISRQSVYKNKILALERLEPILKKLINM
PROKKA_00014	tr|B1L2G2|B1L2G2_CLOBM Transcriptional regulator BotR, P-21 OS=Clostridium botulinum (strain Loch Maree / Type A3) GN=botR PE=4 SV=1 !!!BotR	179	184	175	108	61.71	67	0	4	178	LFLQIKMLKSDNGEFQEIFKHFEKTINIFTRKYNIYDNYNDILYHLWYTLKKVDLSNFNTQNDLERYISRTLKRYCLDICNKRKIDKKIMYNSEIVDKKLSLIANSYSSYLEFEFNDLISILPDDQKKIIYMKFVEDIKEIDIAKKLNISRQSVYKNKILALERLEPILKKLINM
PROKKA_00014	tr|A0A073CMR9|A0A073CMR9_CLOBO Transcriptional regulator OS=Clostridium botulinum A2B3 87 GN=N496_18580 PE=4 SV=1 !!! 	179	178	178	106	59.55	72	0	1	178	MNKLFLQIKMLKSDNGEFQEIFKHFEKTINIFTRKYNIYDNYNDILYHLWYTLKKVDLSNFNTQNDLERYISRTLKRYCLDICNKRKIDKKIMYNSEIVDKKLSLIANSYSSYLEFEFNDLISILPDDQKKIIYMKFVEDIKEIDIAKKLNISRQSVYKNKILALERLEPILKKLINM
PROKKA_00014	tr|B1BE47|B1BE47_CLOBO Clostridium toxin-associated regulator BotR OS=Clostridium botulinum C str. Eklund GN=botR PE=4 SV=1 !!!BotR	179	179	179	84	46.93	94	1	1	178	MNKLFLQIKMLKSDNGEFQEIFKHFEKTIN-IFTRKYNIYDNYNDILYHLWYTLKKVDLSNFNTQNDLERYISRTLKRYCLDICNKRKIDKKIMYNSEIVDKKLSLIANSYSSYLEFEFNDLISILPDDQKKIIYMKFVEDIKEIDIAKKLNISRQSVYKNKILALERLEPILKKLINM
PROKKA_00014	tr|B2TSC3|B2TSC3_CLOBB Botulinum neurotoxin type B OS=Clostridium botulinum (strain Eklund 17B / Type B) GN=ntnH PE=4 SV=1 !!!ntnH	179	1197	57	15	26.32	39	3	65	120	NDLERYISRTLKRYCLDICNKRKIDKKIMYNSEIVDKKLSLIANSYSS-YLEFEFND
PROKKA_00014	tr|M1ZPH7|M1ZPH7_CLOBO Hemagglutinin component HA70 OS=Clostridium botulinum CFSAN001627 GN=CFSAN001627_19663 PE=4 SV=1 !!!ha70	179	626	33	10	30.30	23	0	36	68	YNIYDNYNDILYHLWYTLKKVDLSNFNTQNDLE
PROKKA_00014	tr|A0A0A7FV57|A0A0A7FV57_9CLOT Clostridium P-47 family protein OS=Clostridium baratii str. Sullivan GN=U729_696 PE=4 SV=1 !!!P-47	179	491	37	12	32.43	25	0	84	120	NKRKIDKKIMYNSEIVDKKLSLIANSYSSYLEFEFND
PROKKA_00014	tr|A0A059PY44|A0A059PY44_9CLOT Toxin complex component ORF-X3 OS=Clostridium baratii PE=4 SV=1 !!!ORF-X3	179	491	37	12	32.43	25	0	84	120	NKRKIDKKIMYNSEIVDKKLSLIANSYSSYLEFEFND
PROKKA_00014	tr|B1INP6|B1INP6_CLOBK Botulinum neurotoxin type B1, nontoxic-nonhemagglutinin component, NTNH OS=Clostridium botulinum (strain Okra / Type B1) GN=ntnH PE=4 SV=1 !!!ntnH	179	1197	34	8	23.53	26	0	65	98	NDLERYISRTLKRYCLDICNKRKIDKKIMYNSEI
PROKKA_00014	tr|C5VU78|C5VU78_CLOBO Hemagglutinin component HA17 OS=Clostridium botulinum D str. 1873 GN=ha17 PE=4 SV=1 !!!ha17	179	146	34	11	32.35	23	0	29	62	INIFTRKYNIYDNYNDILYHLWYTLKKVDLSNFN
PROKKA_00014	tr|A0A060N6G5|A0A060N6G5_CLOBO Nontoxic-nonhemagglutinin component, NTNH OS=Clostridium botulinum B str. Osaka05 GN=CBO05P2_175 PE=4 SV=1 !!!ntnH	179	1197	28	9	32.14	17	2	25	50	FEKTINIFTRKYNIY--DNYNDILYHLW
PROKKA_00014	tr|S8BA68|S8BA68_CLOBO Hemagglutinin component HA70 OS=Clostridium botulinum CFSAN002367 GN=CFSAN002367_15786 PE=4 SV=1 !!!ha70	179	508	32	9	28.12	23	0	36	67	YNIYDNYNDILYHLWYTLKKVDLSNFNTQNDL
PROKKA_00014	tr|B1INQ0|B1INQ0_CLOBK Hemagglutinin component HA70 OS=Clostridium botulinum (strain Okra / Type B1) GN=ha70 PE=4 SV=1 !!!ha70	179	626	33	9	27.27	24	0	36	68	YNIYDNYNDILYHLWYTLKKVDLSNFNTQNDLE
PROKKA_00014	tr|A0A060NA10|A0A060NA10_CLOBO Haemagglutinin component HA70 OS=Clostridium botulinum B str. Osaka05 GN=CBO05P2_179 PE=4 SV=1 !!!ha70	179	626	33	9	27.27	24	0	36	68	YNIYDNYNDILYHLWYTLKKVDLSNFNTQNDLE
PROKKA_00014	tr|A0A0E1L2H2|A0A0E1L2H2_CLOBO Hemagglutinin components HA-22/23/53 OS=Clostridium botulinum CDC_1436 GN=ha-70 PE=4 SV=1 !!!ha70	179	626	33	9	27.27	24	0	36	68	YNIYDNYNDILYHLWYTLKKVDLSNFNTQNDLE
PROKKA_00014	tr|A0A0B4W4X0|A0A0B4W4X0_CLOBO Hemagglutinin components HA-22/23/53 OS=Clostridium botulinum Prevot_594 GN=ha-70 PE=4 SV=1 !!!ha70	179	626	32	9	28.12	23	0	36	67	YNIYDNYNDILYHLWYTLKKVDLSNFNTQNDL
PROKKA_00014	tr|A5HZZ4|A5HZZ4_CLOBH Hemagglutinin component of the neurotoxin complex OS=Clostridium botulinum (strain Hall / ATCC 3502 / NCTC 13319 / Type A) GN=ha70 PE=1 SV=1 !!!ha70	179	626	33	9	27.27	24	0	36	68	YNIYDNYNDILYHLWYTLKKVDLSNFNTQNDLE
PROKKA_00015	tr|B1INP8|B1INP8_CLOBK Hemagglutinin component HA33 OS=Clostridium botulinum (strain Okra / Type B1) GN=ha33 PE=1 SV=1 !!!ha33	295	294	291	280	96.22	11	0	1	291	MEHYSTIQNSLNDKIVTISCKANTDLFFYQVPGNGNVSLFQQTRNYLERWRIIYDSNKAAYKIKSMNIYNTNLVLTWNAPTHNISAQQDSNADNQYWLLLKDIGNNSFIIASYKNPNLVLYADTVAHNLKLSTLNNSSYIKFIIEDYIISDLNNFTCKISPILAGNKVVQQVSVTNLAVNLYTWNNDRNQKWTIIYNEEKAAYQFFNKILSNGVLTWIFSEGNTVRVSSSAQNNDAQYWLINPVSDNYDRYTITNLRDKTKALDLYGGQTADGTTIQVFNSNGGDNQIWTM
PROKKA_00015	tr|A5HZZ6|A5HZZ6_CLOBH Hemagglutinin component of the neurotoxin complex OS=Clostridium botulinum (strain Hall / ATCC 3502 / NCTC 13319 / Type A) GN=ha33 PE=1 SV=1 !!!ha33	295	293	294	256	87.07	35	3	1	293	MEHYSTIQNSLNDKIVTISCKANTDLFFYQVPGNGNVSLFQQTRNYLERWRIIYDSNKAAYKIKSMNIYNTNLVLTWNAPTHNISAQQDSNADNQYWLLLKDIGNNSFIIASYKNPNLVLYADTVAHNLKLSTLNNSSYIKFIIEDYIISDLNNFTCKISPILAGNKVVQQVSVTNLAVNLYTWNNDRNQKWTIIYNEEKAAYQFFNKILSNGVLTWIFSEGNTVRVSSS-AQNNDAQYWLINPVSDNYDRYTITNLRDKTKALDLYGGQTADGTTIQVFNSNGGDNQIWTMRD
PROKKA_00015	tr|B2TSC1|B2TSC1_CLOBB Haemagglutinin component OS=Clostridium botulinum (strain Eklund 17B / Type B) GN=ha33 PE=4 SV=1  !!!ha33	295	292	293	243	82.94	48	2	1	293	MEHYSTIQNSLNDKIVTISCKANTDLFFYQVPGNGNVSLFQQTRNYLERWRIIYDSNKAAYKIKSMNIYNTNLVLTWNAPTHNISAQQDSNADNQYWLLLKDIGNNSFIIASYKNPNLVLYADTVAHNLKLSTLNNSSYIKFIIEDYIISDLNNFTCKISPILAGNKVVQQVSVTNLAVNLYTWNNDRNQKWTIIYNEEKAAYQFFNKILSNGVLTWIFSEGNTVRVSSSAQNNDAQYWLINPVSDNYDRYTITNLRDKTKALDLYGGQTADGTTIQVFNSNGGDNQIWTMRD
PROKKA_00015	tr|C5VU79|C5VU79_CLOBO Hemagglutinin component HA33 OS=Clostridium botulinum D str. 1873 GN=ha33 PE=4 SV=1 !!!ha33	295	285	283	114	40.28	161	8	12	294	NDKIVTISCKANTDLFFYQVPGNGNVSLFQQTRNYLERWRIIYDSNKAAYKIKSMNIYNTNLVLTWNAPTHNISAQQDSNADNQYWLLLKDIGNNSFIIASYKNPNLVLYADTVAHNLKLSTLNNSSYIKFIIEDYIISDLNNFTCKISPILAGNKVVQQVSVTNLAVNLYTWNNDRNQKWTIIYNEEKAAYQFFNKILSNGVLTWIFSEGNTVRVSSSAQNNDAQYWLINPVSDNYDRYTITNLRDKTKALDLYGGQTADGTTIQVFNSNGGDNQIWTMRDL
PROKKA_00015	tr|A0A0C1TY77|A0A0C1TY77_9CLOT Main hemagglutinin component OS=Clostridium argentinense CDC 2741 GN=ha-33 PE=4 SV=1 !!!ha33	295	285	259	109	42.08	141	9	37	294	VSLFQQTRNYLERWRIIYDSNKAAYKIKSMNIYNTNLVLTWNAPTHNISAQQDSNADNQYWLLLKDIGNNSFIIASYKNPNLVL-YADTVAHNLKLSTLNNSSYIKFIIEDYIISDLNNFTCKISPILAGNKVVQQVSVTNLAVNLYTWNNDRNQKWTIIYNEEKAAYQFFNKILSNGVLTWIFSEGNTVRVSSSAQNNDAQYWLINPVSDNYDRYTITNLRDKTKALDLYGGQTADGTTIQVFNSNGGDNQIWTMRDL
PROKKA_00015	tr|A0A0C1QVX2|A0A0C1QVX2_9CLOT Hemagglutinin component HA-17 OS=Clostridium argentinense CDC 2741 GN=ha-17 PE=4 SV=1 !!!ha17	295	147	84	29	34.52	48	7	185	266	NNDRNQKWTIIYNEEKAAYQFFNKILSNGVLTWIFSEGNTVR--VSSSAQNNDAQYWLINPVSDNYDRYTITNLRDKTKALDLY
PROKKA_00015	tr|A0A0C1QVX2|A0A0C1QVX2_9CLOT Hemagglutinin component HA-17 OS=Clostridium argentinense CDC 2741 GN=ha-17 PE=4 SV=1 !!!ha17	295	147	68	23	33.82	41	4	48	114	ERWRIIYDSNKAAYKIKSMNIYNTNLVLTWNAPTHNISAQ-QDSNADNQYWLLLKDIGNNSFIIASYK
PROKKA_00015	tr|B2TSC0|B2TSC0_CLOBB Hemagglutinin component HA-17 OS=Clostridium botulinum (strain Eklund 17B / Type B) GN=ha17 PE=4 SV=1 !!!ha17	295	146	96	30	31.25	58	8	61	153	YKIKSMNIYNTNLVLTWNAPTHNISAQQDSNADNQYWLLLKDIGNNSFIIASYKNPNLVLYADTVAHNLKLSTLNNSSY---IKFIIEDYIISDLN
PROKKA_00015	tr|B2TSC0|B2TSC0_CLOBB Hemagglutinin component HA-17 OS=Clostridium botulinum (strain Eklund 17B / Type B) GN=ha17 PE=4 SV=1 !!!ha17	295	146	95	21	22.11	68	6	28	122	FYQVPGNGNVSLFQQTRNYLERWRIIYDSNKAAYKIKSMNIYNTNLVLTWNAPTHNISAQQDSNADNQYWLLLKDIGNNSFIIASYKNPNLVLYA
PROKKA_00015	tr|A5HZZ5|A5HZZ5_CLOBH Hemagglutinin component of the neurotoxin complex OS=Clostridium botulinum (strain Hall / ATCC 3502 / NCTC 13319 / Type A) GN=ha17 PE=1 SV=1 !!!ha17	295	146	96	30	31.25	58	8	61	153	YKIKSMNIYNTNLVLTWNAPTHNISAQQDSNADNQYWLLLKDIGNNSFIIASYKNPNLVLYADTVAHNLKLSTLNNSSY---IKFIIEDYIISDLN
PROKKA_00015	tr|A5HZZ5|A5HZZ5_CLOBH Hemagglutinin component of the neurotoxin complex OS=Clostridium botulinum (strain Hall / ATCC 3502 / NCTC 13319 / Type A) GN=ha17 PE=1 SV=1 !!!ha17	295	146	29	9	31.03	20	0	189	217	NQKWTIIYNEEKAAYQFFNKILSNGVLTW
PROKKA_00015	tr|A0A0B4W498|A0A0B4W498_CLOBO Hemagglutinin component HA-17 OS=Clostridium botulinum Prevot_594 GN=ha-17 PE=4 SV=1 !!!ha17	295	146	96	30	31.25	58	8	61	153	YKIKSMNIYNTNLVLTWNAPTHNISAQQDSNADNQYWLLLKDIGNNSFIIASYKNPNLVLYADTVAHNLKLSTLNNSSY---IKFIIEDYIISDLN
PROKKA_00015	tr|A0A0B4W498|A0A0B4W498_CLOBO Hemagglutinin component HA-17 OS=Clostridium botulinum Prevot_594 GN=ha-17 PE=4 SV=1 !!!ha17	295	146	95	22	23.16	67	6	28	122	FYQVPGNGNVSLFQQTRNYLERWRIIYDSNKAAYKIKSMNIYNTNLVLTWNAPTHNISAQQDSNADNQYWLLLKDIGNNSFIIASYKNPNLVLYA
PROKKA_00015	tr|A0A0B4W498|A0A0B4W498_CLOBO Hemagglutinin component HA-17 OS=Clostridium botulinum Prevot_594 GN=ha-17 PE=4 SV=1 !!!ha17	295	146	29	9	31.03	20	0	189	217	NQKWTIIYNEEKAAYQFFNKILSNGVLTW
PROKKA_00015	tr|A0A0D1BS75|A0A0D1BS75_CLOBO Hemagglutinin OS=Clostridium botulinum B2 450 GN=N495_19885 PE=4 SV=1 !!! 	295	146	96	30	31.25	58	8	61	153	YKIKSMNIYNTNLVLTWNAPTHNISAQQDSNADNQYWLLLKDIGNNSFIIASYKNPNLVLYADTVAHNLKLSTLNNSSY---IKFIIEDYIISDLN
PROKKA_00015	tr|A0A0D1BS75|A0A0D1BS75_CLOBO Hemagglutinin OS=Clostridium botulinum B2 450 GN=N495_19885 PE=4 SV=1 !!! 	295	146	95	22	23.16	67	6	28	122	FYQVPGNGNVSLFQQTRNYLERWRIIYDSNKAAYKIKSMNIYNTNLVLTWNAPTHNISAQQDSNADNQYWLLLKDIGNNSFIIASYKNPNLVLYA
PROKKA_00015	tr|A0A0D1BS75|A0A0D1BS75_CLOBO Hemagglutinin OS=Clostridium botulinum B2 450 GN=N495_19885 PE=4 SV=1 !!! 	295	146	29	9	31.03	20	0	189	217	NQKWTIIYNEEKAAYQFFNKILSNGVLTW
PROKKA_00015	tr|A0A060N976|A0A060N976_CLOBO Hemagglutinin component HA17 OS=Clostridium botulinum B str. Osaka05 GN=CBO05P2_178 PE=4 SV=1 !!!ha17	295	146	96	30	31.25	58	8	61	153	YKIKSMNIYNTNLVLTWNAPTHNISAQQDSNADNQYWLLLKDIGNNSFIIASYKNPNLVLYADTVAHNLKLSTLNNSSY---IKFIIEDYIISDLN
PROKKA_00015	tr|A0A060N976|A0A060N976_CLOBO Hemagglutinin component HA17 OS=Clostridium botulinum B str. Osaka05 GN=CBO05P2_178 PE=4 SV=1 !!!ha17	295	146	95	22	23.16	67	6	28	122	FYQVPGNGNVSLFQQTRNYLERWRIIYDSNKAAYKIKSMNIYNTNLVLTWNAPTHNISAQQDSNADNQYWLLLKDIGNNSFIIASYKNPNLVLYA
PROKKA_00015	tr|A0A060N976|A0A060N976_CLOBO Hemagglutinin component HA17 OS=Clostridium botulinum B str. Osaka05 GN=CBO05P2_178 PE=4 SV=1 !!!ha17	295	146	29	9	31.03	20	0	189	217	NQKWTIIYNEEKAAYQFFNKILSNGVLTW
PROKKA_00015	tr|A0A0E1L447|A0A0E1L447_CLOBO Hemagglutinin component HA-17 OS=Clostridium botulinum CDC_1436 GN=ha-17 PE=4 SV=1 !!!ha17	295	146	96	30	31.25	58	8	61	153	YKIKSMNIYNTNLVLTWNAPTHNISAQQDSNADNQYWLLLKDIGNNSFIIASYKNPNLVLYADTVAHNLKLSTLNNSSY---IKFIIEDYIISDLN
PROKKA_00015	tr|A0A0E1L447|A0A0E1L447_CLOBO Hemagglutinin component HA-17 OS=Clostridium botulinum CDC_1436 GN=ha-17 PE=4 SV=1 !!!ha17	295	146	95	22	23.16	67	6	28	122	FYQVPGNGNVSLFQQTRNYLERWRIIYDSNKAAYKIKSMNIYNTNLVLTWNAPTHNISAQQDSNADNQYWLLLKDIGNNSFIIASYKNPNLVLYA
PROKKA_00015	tr|A0A0E1L447|A0A0E1L447_CLOBO Hemagglutinin component HA-17 OS=Clostridium botulinum CDC_1436 GN=ha-17 PE=4 SV=1 !!!ha17	295	146	29	9	31.03	20	0	189	217	NQKWTIIYNEEKAAYQFFNKILSNGVLTW
PROKKA_00015	tr|B1INP9|B1INP9_CLOBK Hemagglutinin component HA17 OS=Clostridium botulinum (strain Okra / Type B1) GN=ha17 PE=4 SV=1 !!!ha17	295	146	96	29	30.21	59	8	61	153	YKIKSMNIYNTNLVLTWNAPTHNISAQQDSNADNQYWLLLKDIGNNSFIIASYKNPNLVLYADTVAHNLKLSTLNNSSY---IKFIIEDYIISDLN
PROKKA_00015	tr|B1INP9|B1INP9_CLOBK Hemagglutinin component HA17 OS=Clostridium botulinum (strain Okra / Type B1) GN=ha17 PE=4 SV=1 !!!ha17	295	146	95	22	23.16	67	6	28	122	FYQVPGNGNVSLFQQTRNYLERWRIIYDSNKAAYKIKSMNIYNTNLVLTWNAPTHNISAQQDSNADNQYWLLLKDIGNNSFIIASYKNPNLVLYA
PROKKA_00015	tr|B1INP9|B1INP9_CLOBK Hemagglutinin component HA17 OS=Clostridium botulinum (strain Okra / Type B1) GN=ha17 PE=4 SV=1 !!!ha17	295	146	29	9	31.03	20	0	189	217	NQKWTIIYNEEKAAYQFFNKILSNGVLTW
PROKKA_00015	tr|A0A073CN83|A0A073CN83_CLOBO Hemagglutinin OS=Clostridium botulinum A2B3 87 GN=N496_19565 PE=4 SV=1 !!! 	295	146	96	29	30.21	59	8	61	153	YKIKSMNIYNTNLVLTWNAPTHNISAQQDSNADNQYWLLLKDIGNNSFIIASYKNPNLVLYADTVAHNLKLSTLNNSSY---IKFIIEDYIISDLN
PROKKA_00015	tr|A0A073CN83|A0A073CN83_CLOBO Hemagglutinin OS=Clostridium botulinum A2B3 87 GN=N496_19565 PE=4 SV=1 !!! 	295	146	95	22	23.16	67	6	28	122	FYQVPGNGNVSLFQQTRNYLERWRIIYDSNKAAYKIKSMNIYNTNLVLTWNAPTHNISAQQDSNADNQYWLLLKDIGNNSFIIASYKNPNLVLYA
PROKKA_00015	tr|A0A073CN83|A0A073CN83_CLOBO Hemagglutinin OS=Clostridium botulinum A2B3 87 GN=N496_19565 PE=4 SV=1 !!! 	295	146	29	10	34.48	19	0	189	217	NQKWTIIYNEEKAAYQFFNKILSNGVLTW
PROKKA_00015	tr|C5VU78|C5VU78_CLOBO Hemagglutinin component HA17 OS=Clostridium botulinum D str. 1873 GN=ha17 PE=4 SV=1 !!!ha17	295	146	60	20	33.33	36	4	61	120	YKIKSMNIYNTNLVLTWNAPTHNISAQQDSNADNQYWLLLKDIGNNSFIIASYKNPNLVL
PROKKA_00015	tr|B1BE45|B1BE45_CLOBO Non-toxin haemagglutinin HA-17 OS=Clostridium botulinum C str. Eklund GN=CBC_A0168 PE=4 SV=1 !!!ha17	295	146	39	15	38.46	20	4	61	99	YKIKSMNIYNTNLVLTWNAPTHNISAQQDSNADNQYWLL
PROKKA_00015	tr|B1BE45|B1BE45_CLOBO Non-toxin haemagglutinin HA-17 OS=Clostridium botulinum C str. Eklund GN=CBC_A0168 PE=4 SV=1 !!!ha17	295	146	29	10	34.48	19	0	189	217	NQKWTIIYNEEKAAYQFFNKILSNGVLTW
PROKKA_00016	tr|A0A0D1BS75|A0A0D1BS75_CLOBO Hemagglutinin OS=Clostridium botulinum B2 450 GN=N495_19885 PE=4 SV=1 !!! 	147	146	146	146	100.00	0	0	1	146	MSVERTFLPNGNYNIKSIFSDSLYLNPVSGSLTFSNESSANNQKWNVEYMAENRCFKISNVAEPNKYLSYDNFGFISLDSLSNRCYWFPIKIAVNTYIMLSLNKVNELDYAWDIYDTNENILSQPLLLLPNFDIYNSNQMFKLEKI
PROKKA_00016	tr|A0A060N976|A0A060N976_CLOBO Hemagglutinin component HA17 OS=Clostridium botulinum B str. Osaka05 GN=CBO05P2_178 PE=4 SV=1 !!!ha17	147	146	146	146	100.00	0	0	1	146	MSVERTFLPNGNYNIKSIFSDSLYLNPVSGSLTFSNESSANNQKWNVEYMAENRCFKISNVAEPNKYLSYDNFGFISLDSLSNRCYWFPIKIAVNTYIMLSLNKVNELDYAWDIYDTNENILSQPLLLLPNFDIYNSNQMFKLEKI
PROKKA_00016	tr|A0A0E1L447|A0A0E1L447_CLOBO Hemagglutinin component HA-17 OS=Clostridium botulinum CDC_1436 GN=ha-17 PE=4 SV=1 !!!ha17	147	146	146	146	100.00	0	0	1	146	MSVERTFLPNGNYNIKSIFSDSLYLNPVSGSLTFSNESSANNQKWNVEYMAENRCFKISNVAEPNKYLSYDNFGFISLDSLSNRCYWFPIKIAVNTYIMLSLNKVNELDYAWDIYDTNENILSQPLLLLPNFDIYNSNQMFKLEKI
PROKKA_00016	tr|A0A073CN83|A0A073CN83_CLOBO Hemagglutinin OS=Clostridium botulinum A2B3 87 GN=N496_19565 PE=4 SV=1 !!! 	147	146	146	145	99.32	1	0	1	146	MSVERTFLPNGNYNIKSIFSDSLYLNPVSGSLTFSNESSANNQKWNVEYMAENRCFKISNVAEPNKYLSYDNFGFISLDSLSNRCYWFPIKIAVNTYIMLSLNKVNELDYAWDIYDTNENILSQPLLLLPNFDIYNSNQMFKLEKI
PROKKA_00016	tr|A5HZZ5|A5HZZ5_CLOBH Hemagglutinin component of the neurotoxin complex OS=Clostridium botulinum (strain Hall / ATCC 3502 / NCTC 13319 / Type A) GN=ha17 PE=1 SV=1 !!!ha17	147	146	146	144	98.63	2	0	1	146	MSVERTFLPNGNYNIKSIFSDSLYLNPVSGSLTFSNESSANNQKWNVEYMAENRCFKISNVAEPNKYLSYDNFGFISLDSLSNRCYWFPIKIAVNTYIMLSLNKVNELDYAWDIYDTNENILSQPLLLLPNFDIYNSNQMFKLEKI
PROKKA_00016	tr|B1INP9|B1INP9_CLOBK Hemagglutinin component HA17 OS=Clostridium botulinum (strain Okra / Type B1) GN=ha17 PE=4 SV=1 !!!ha17	147	146	146	143	97.95	3	0	1	146	MSVERTFLPNGNYNIKSIFSDSLYLNPVSGSLTFSNESSANNQKWNVEYMAENRCFKISNVAEPNKYLSYDNFGFISLDSLSNRCYWFPIKIAVNTYIMLSLNKVNELDYAWDIYDTNENILSQPLLLLPNFDIYNSNQMFKLEKI
PROKKA_00016	tr|A0A0B4W498|A0A0B4W498_CLOBO Hemagglutinin component HA-17 OS=Clostridium botulinum Prevot_594 GN=ha-17 PE=4 SV=1 !!!ha17	147	146	146	143	97.95	3	0	1	146	MSVERTFLPNGNYNIKSIFSDSLYLNPVSGSLTFSNESSANNQKWNVEYMAENRCFKISNVAEPNKYLSYDNFGFISLDSLSNRCYWFPIKIAVNTYIMLSLNKVNELDYAWDIYDTNENILSQPLLLLPNFDIYNSNQMFKLEKI
PROKKA_00016	tr|B2TSC0|B2TSC0_CLOBB Hemagglutinin component HA-17 OS=Clostridium botulinum (strain Eklund 17B / Type B) GN=ha17 PE=4 SV=1 !!!ha17	147	146	146	139	95.21	7	0	1	146	MSVERTFLPNGNYNIKSIFSDSLYLNPVSGSLTFSNESSANNQKWNVEYMAENRCFKISNVAEPNKYLSYDNFGFISLDSLSNRCYWFPIKIAVNTYIMLSLNKVNELDYAWDIYDTNENILSQPLLLLPNFDIYNSNQMFKLEKI
PROKKA_00016	tr|C5VU78|C5VU78_CLOBO Hemagglutinin component HA17 OS=Clostridium botulinum D str. 1873 GN=ha17 PE=4 SV=1 !!!ha17	147	146	146	93	63.70	53	0	1	146	MSVERTFLPNGNYNIKSIFSDSLYLNPVSGSLTFSNESSANNQKWNVEYMAENRCFKISNVAEPNKYLSYDNFGFISLDSLSNRCYWFPIKIAVNTYIMLSLNKVNELDYAWDIYDTNENILSQPLLLLPNFDIYNSNQMFKLEKI
PROKKA_00016	tr|B1BE45|B1BE45_CLOBO Non-toxin haemagglutinin HA-17 OS=Clostridium botulinum C str. Eklund GN=CBC_A0168 PE=4 SV=1 !!!ha17	147	146	146	92	63.01	54	0	1	146	MSVERTFLPNGNYNIKSIFSDSLYLNPVSGSLTFSNESSANNQKWNVEYMAENRCFKISNVAEPNKYLSYDNFGFISLDSLSNRCYWFPIKIAVNTYIMLSLNKVNELDYAWDIYDTNENILSQPLLLLPNFDIYNSNQMFKLEKI
PROKKA_00016	tr|A0A0C1QVX2|A0A0C1QVX2_9CLOT Hemagglutinin component HA-17 OS=Clostridium argentinense CDC 2741 GN=ha-17 PE=4 SV=1 !!!ha17	147	147	150	85	56.67	58	7	1	146	MSVERTFLPNGNYNIKSIFSDSLYLNPVSGSLTFSNESSANNQKWNVEYMAENRCFKISNVAEPNKYLSYDNFGFISL----DSLSNRCYWFPIKIAVNTYIMLSLNKVNELDYAWDIYDTNENILSQPLLLLPNFDIYNSNQMFKLEKI
PROKKA_00016	tr|A0A0C1TY77|A0A0C1TY77_9CLOT Main hemagglutinin component OS=Clostridium argentinense CDC 2741 GN=ha-33 PE=4 SV=1 !!!ha33	147	285	36	12	33.33	24	0	36	71	NESSANNQKWNVEYMAENRCFKISNVAEPNKYLSYD
PROKKA_00016	tr|B2TSC1|B2TSC1_CLOBB Haemagglutinin component OS=Clostridium botulinum (strain Eklund 17B / Type B) GN=ha33 PE=4 SV=1  !!!ha33	147	292	85	21	24.71	54	10	40	117	ANNQKWNVEYMAENRCFKISNVAEPNKYLSY--DNFGFISLDSLS---NRCYWF--PIKIAVNTYIMLSLNKVNELDYAWDIYDT
PROKKA_00016	tr|B2TSC1|B2TSC1_CLOBB Haemagglutinin component OS=Clostridium botulinum (strain Eklund 17B / Type B) GN=ha33 PE=4 SV=1  !!!ha33	147	292	96	26	27.08	62	8	13	103	YNIKSIFSDS----LYLNPVSGSLTFSNESSANNQKWNVEYMAENRCFKISNVAEPNKYLSYDNFGF-ISLDSLSNRCYWFPIKIAVNTYIMLSLN
PROKKA_00016	tr|B2TSC1|B2TSC1_CLOBB Haemagglutinin component OS=Clostridium botulinum (strain Eklund 17B / Type B) GN=ha33 PE=4 SV=1  !!!ha33	147	292	76	20	26.32	48	8	43	111	QKWNVEYMAENRCFKISNVAEPNKYL------SYDNFGFISLDSLSNRCYWFPIK-IAVNTYIMLSLNKVNELDYA
PROKKA_00016	tr|A5HZZ6|A5HZZ6_CLOBH Hemagglutinin component of the neurotoxin complex OS=Clostridium botulinum (strain Hall / ATCC 3502 / NCTC 13319 / Type A) GN=ha33 PE=1 SV=1 !!!ha33	147	293	96	30	31.25	58	8	13	103	YNIKS--IFSDSLYL--NPVSGSLTFSNESSANNQKWNVEYMAENRCFKISNVAEPNKYLSYDNFGF-ISLDSLSNRCYWFPIKIAVNTYIMLSLN
PROKKA_00016	tr|A5HZZ6|A5HZZ6_CLOBH Hemagglutinin component of the neurotoxin complex OS=Clostridium botulinum (strain Hall / ATCC 3502 / NCTC 13319 / Type A) GN=ha33 PE=1 SV=1 !!!ha33	147	293	31	9	29.03	22	0	40	70	ANNQKWNVEYMAENRCFKISNVAEPNKYLSY
PROKKA_00016	tr|A5HZZ6|A5HZZ6_CLOBH Hemagglutinin component of the neurotoxin complex OS=Clostridium botulinum (strain Hall / ATCC 3502 / NCTC 13319 / Type A) GN=ha33 PE=1 SV=1 !!!ha33	147	293	95	21	22.11	68	6	23	111	LYLNPVSGSLTFSNESSANNQKWNVEYMAENRCFKIS--NVAEPNKYLSYDNFGF---ISLDSLSNRCYWFPIK-IAVNTYIMLSLNKVNELDYA
PROKKA_00016	tr|B1INP8|B1INP8_CLOBK Hemagglutinin component HA33 OS=Clostridium botulinum (strain Okra / Type B1) GN=ha33 PE=1 SV=1 !!!ha33	147	294	92	27	29.35	57	8	13	99	YNIKS--IFSDSLYL--NPVSGSLTFSNESSANNQKWNVEYMAENRCFKISNVAEPNKYLSYDNFGF-ISLDSLSNRCYWFPIKIAVNTYIM
PROKKA_00016	tr|B1INP8|B1INP8_CLOBK Hemagglutinin component HA33 OS=Clostridium botulinum (strain Okra / Type B1) GN=ha33 PE=1 SV=1 !!!ha33	147	294	95	22	23.16	67	6	23	111	LYLNPVSGSLTFSNESSANNQKWNVEYMAENRCFKIS--NVAEPNKYLSYDNFGF---ISLDSLSNRCYWFPIK-IAVNTYIMLSLNKVNELDYA
PROKKA_00016	tr|B1INP8|B1INP8_CLOBK Hemagglutinin component HA33 OS=Clostridium botulinum (strain Okra / Type B1) GN=ha33 PE=1 SV=1 !!!ha33	147	294	29	9	31.03	20	0	42	70	NQKWNVEYMAENRCFKISNVAEPNKYLSY
PROKKA_00016	tr|C1FUH8|C1FUH8_CLOBJ Botulinum neurotoxin type A2, nontoxic-nonhemagglutinin component, NTNH OS=Clostridium botulinum (strain Kyoto / Type A2) GN=ntnH PE=4 SV=1 !!!ntnH	147	1159	23	11	47.83	12	0	15	37	IKSIFSDSLYLNPVSGSLTFSNE
PROKKA_00016	tr|B1L2G4|B1L2G4_CLOBM Botulinum neurotoxin type A3, nontoxic-nonhemagglutinin component, NTNH OS=Clostridium botulinum (strain Loch Maree / Type A3) GN=ntnH PE=4 SV=1 !!!ntnH	147	1159	23	11	47.83	12	0	15	37	IKSIFSDSLYLNPVSGSLTFSNE
PROKKA_00016	tr|A5HZZ8|A5HZZ8_CLOBH Type A progenitor toxin nontoxic-nonha OS=Clostridium botulinum (strain Hall / ATCC 3502 / NCTC 13319 / Type A) GN=ntnH PE=4 SV=1 !!!ntnH	147	1193	23	11	47.83	12	0	15	37	IKSIFSDSLYLNPVSGSLTFSNE
PROKKA_00016	tr|A7GBG2|A7GBG2_CLOBL Botulinum neurotoxin type F, nontoxic-nonhemagglutinin component, NTNH OS=Clostridium botulinum (strain Langeland / NCTC 10281 / Type F) GN=ntnH PE=4 SV=1 !!!ntnH	147	1163	23	10	43.48	13	0	15	37	IKSIFSDSLYLNPVSGSLTFSNE
PROKKA_00016	tr|C5VU79|C5VU79_CLOBO Hemagglutinin component HA33 OS=Clostridium botulinum D str. 1873 GN=ha33 PE=4 SV=1 !!!ha33	147	285	68	17	25.00	44	7	26	88	NPVSGSLTFSNESSANNQKWNVEYMAENRCFKISNVAEPNKYLSY-----DNFGFISLDSLSNRCYWF
PROKKA_00016	tr|C5VU79|C5VU79_CLOBO Hemagglutinin component HA33 OS=Clostridium botulinum D str. 1873 GN=ha33 PE=4 SV=1 !!!ha33	147	285	23	9	39.13	14	0	36	58	NESSANNQKWNVEYMAENRCFKI
PROKKA_00016	tr|C5VU79|C5VU79_CLOBO Hemagglutinin component HA33 OS=Clostridium botulinum D str. 1873 GN=ha33 PE=4 SV=1 !!!ha33	147	285	65	21	32.31	34	10	13	71	YNIKSIFSDSLYLN---PVSGSLTFSNESSANNQKWNVEYMAEN---RCFKISNVAEPNKYLSYD
PROKKA_00016	tr|C5VU79|C5VU79_CLOBO Hemagglutinin component HA33 OS=Clostridium botulinum D str. 1873 GN=ha33 PE=4 SV=1 !!!ha33	147	285	36	11	30.56	24	1	41	75	NNQKWNVEYMAENRC-FKISNVAEPNKYLSYDNFGF
PROKKA_00016	tr|B1INP6|B1INP6_CLOBK Botulinum neurotoxin type B1, nontoxic-nonhemagglutinin component, NTNH OS=Clostridium botulinum (strain Okra / Type B1) GN=ntnH PE=4 SV=1 !!!ntnH	147	1197	22	9	40.91	13	0	20	41	SDSLYLNPVSGSLTFSNESSAN
PROKKA_00016	tr|A0A060N6G5|A0A060N6G5_CLOBO Nontoxic-nonhemagglutinin component, NTNH OS=Clostridium botulinum B str. Osaka05 GN=CBO05P2_175 PE=4 SV=1 !!!ntnH	147	1197	22	9	40.91	13	0	20	41	SDSLYLNPVSGSLTFSNESSAN
PROKKA_00016	tr|B2TSC3|B2TSC3_CLOBB Botulinum neurotoxin type B OS=Clostridium botulinum (strain Eklund 17B / Type B) GN=ntnH PE=4 SV=1 !!!ntnH	147	1197	27	12	44.44	12	3	95	121	NTYIMLSLNKVNELDYAWDIYDTNENI
PROKKA_00016	tr|B2TSC3|B2TSC3_CLOBB Botulinum neurotoxin type B OS=Clostridium botulinum (strain Eklund 17B / Type B) GN=ntnH PE=4 SV=1 !!!ntnH	147	1197	18	8	44.44	10	0	20	37	SDSLYLNPVSGSLTFSNE
PROKKA_00016	tr|B1BE43|B1BE43_CLOBO Botulinum neurotoxin type C, nontoxic-nonhemagglutinin component NTNH OS=Clostridium botulinum C str. Eklund GN=CBC_A0166 PE=4 SV=1 !!!ntnH	147	1196	12	6	50.00	6	0	114	125	IYDTNENILSQP
PROKKA_00017	tr|A0A060NA10|A0A060NA10_CLOBO Haemagglutinin component HA70 OS=Clostridium botulinum B str. Osaka05 GN=CBO05P2_179 PE=4 SV=1 !!!ha70	627	626	626	625	99.84	1	0	1	626	MNSSIKKIYNDIQEKVINYSDTIDLADGNYVVSRGDGWILSRQNQILGGSVISNGSTGIVGDLRVNDNAIPYYYPTPSFNEEYIKNNIQTVFANFTEANQIPIGFEFSKTAPSNKNLYMYLQYTYIRYEIIKVLQHEIIERAVLYVPSLGYVKSIEFNPGEKINKDFYFLTNDKCILNEQFLYKKILETTKNIPTNNIFNSKVSSTQRVLPYSNGLYVINKGDGYIRTNDKDLIGTLLIEAGSSGSIIQPRLRNTTRPLFTTSNDAKFSQQYTEERLKDAFNVQLFNTSTSLFKFVEEAPSNKNICIKAYNTYEKYELIDYQNGSIVNKAEYYLPSLGYCEVTNAPSPESEVVKTQVAEDGFIQNGPEEEIVVGVIDPSENIQEINTAISDNYTYNIPGIVNNNPFYILFTVNTTGIYKINAQNNLPPLKIYEAIGSGNRNFQSGNLCDDDIKAINYITGFDSPNAKSYLVVLLNKDKNYYIRVPQTSSNIENQIKFKREEGDLRNLMNSSVNIIDDLNSTGAHYYTRQSPDVHDYISYEFTVPGNFNNKDTSNIRLYTSYNQGIGTLFRVTETIDGYNLINIQQNLNLLNSTKSIRLLNGAIYILKVEVTELNNYNIRLHIDITN
PROKKA_00017	tr|B1INQ0|B1INQ0_CLOBK Hemagglutinin component HA70 OS=Clostridium botulinum (strain Okra / Type B1) GN=ha70 PE=4 SV=1 !!!ha70	627	626	626	621	99.20	5	0	1	626	MNSSIKKIYNDIQEKVINYSDTIDLADGNYVVSRGDGWILSRQNQILGGSVISNGSTGIVGDLRVNDNAIPYYYPTPSFNEEYIKNNIQTVFANFTEANQIPIGFEFSKTAPSNKNLYMYLQYTYIRYEIIKVLQHEIIERAVLYVPSLGYVKSIEFNPGEKINKDFYFLTNDKCILNEQFLYKKILETTKNIPTNNIFNSKVSSTQRVLPYSNGLYVINKGDGYIRTNDKDLIGTLLIEAGSSGSIIQPRLRNTTRPLFTTSNDAKFSQQYTEERLKDAFNVQLFNTSTSLFKFVEEAPSNKNICIKAYNTYEKYELIDYQNGSIVNKAEYYLPSLGYCEVTNAPSPESEVVKTQVAEDGFIQNGPEEEIVVGVIDPSENIQEINTAISDNYTYNIPGIVNNNPFYILFTVNTTGIYKINAQNNLPPLKIYEAIGSGNRNFQSGNLCDDDIKAINYITGFDSPNAKSYLVVLLNKDKNYYIRVPQTSSNIENQIKFKREEGDLRNLMNSSVNIIDDLNSTGAHYYTRQSPDVHDYISYEFTVPGNFNNKDTSNIRLYTSYNQGIGTLFRVTETIDGYNLINIQQNLNLLNSTKSIRLLNGAIYILKVEVTELNNYNIRLHIDITN
PROKKA_00017	tr|A0A0B4W4X0|A0A0B4W4X0_CLOBO Hemagglutinin components HA-22/23/53 OS=Clostridium botulinum Prevot_594 GN=ha-70 PE=4 SV=1 !!!ha70	627	626	626	621	99.20	5	0	1	626	MNSSIKKIYNDIQEKVINYSDTIDLADGNYVVSRGDGWILSRQNQILGGSVISNGSTGIVGDLRVNDNAIPYYYPTPSFNEEYIKNNIQTVFANFTEANQIPIGFEFSKTAPSNKNLYMYLQYTYIRYEIIKVLQHEIIERAVLYVPSLGYVKSIEFNPGEKINKDFYFLTNDKCILNEQFLYKKILETTKNIPTNNIFNSKVSSTQRVLPYSNGLYVINKGDGYIRTNDKDLIGTLLIEAGSSGSIIQPRLRNTTRPLFTTSNDAKFSQQYTEERLKDAFNVQLFNTSTSLFKFVEEAPSNKNICIKAYNTYEKYELIDYQNGSIVNKAEYYLPSLGYCEVTNAPSPESEVVKTQVAEDGFIQNGPEEEIVVGVIDPSENIQEINTAISDNYTYNIPGIVNNNPFYILFTVNTTGIYKINAQNNLPPLKIYEAIGSGNRNFQSGNLCDDDIKAINYITGFDSPNAKSYLVVLLNKDKNYYIRVPQTSSNIENQIKFKREEGDLRNLMNSSVNIIDDLNSTGAHYYTRQSPDVHDYISYEFTVPGNFNNKDTSNIRLYTSYNQGIGTLFRVTETIDGYNLINIQQNLNLLNSTKSIRLLNGAIYILKVEVTELNNYNIRLHIDITN
PROKKA_00017	tr|A0A0E1L2H2|A0A0E1L2H2_CLOBO Hemagglutinin components HA-22/23/53 OS=Clostridium botulinum CDC_1436 GN=ha-70 PE=4 SV=1 !!!ha70	627	626	626	617	98.56	9	0	1	626	MNSSIKKIYNDIQEKVINYSDTIDLADGNYVVSRGDGWILSRQNQILGGSVISNGSTGIVGDLRVNDNAIPYYYPTPSFNEEYIKNNIQTVFANFTEANQIPIGFEFSKTAPSNKNLYMYLQYTYIRYEIIKVLQHEIIERAVLYVPSLGYVKSIEFNPGEKINKDFYFLTNDKCILNEQFLYKKILETTKNIPTNNIFNSKVSSTQRVLPYSNGLYVINKGDGYIRTNDKDLIGTLLIEAGSSGSIIQPRLRNTTRPLFTTSNDAKFSQQYTEERLKDAFNVQLFNTSTSLFKFVEEAPSNKNICIKAYNTYEKYELIDYQNGSIVNKAEYYLPSLGYCEVTNAPSPESEVVKTQVAEDGFIQNGPEEEIVVGVIDPSENIQEINTAISDNYTYNIPGIVNNNPFYILFTVNTTGIYKINAQNNLPPLKIYEAIGSGNRNFQSGNLCDDDIKAINYITGFDSPNAKSYLVVLLNKDKNYYIRVPQTSSNIENQIKFKREEGDLRNLMNSSVNIIDDLNSTGAHYYTRQSPDVHDYISYEFTVPGNFNNKDTSNIRLYTSYNQGIGTLFRVTETIDGYNLINIQQNLNLLNSTKSIRLLNGAIYILKVEVTELNNYNIRLHIDITN
PROKKA_00017	tr|A5HZZ4|A5HZZ4_CLOBH Hemagglutinin component of the neurotoxin complex OS=Clostridium botulinum (strain Hall / ATCC 3502 / NCTC 13319 / Type A) GN=ha70 PE=1 SV=1 !!!ha70	627	626	626	614	98.08	12	0	1	626	MNSSIKKIYNDIQEKVINYSDTIDLADGNYVVSRGDGWILSRQNQILGGSVISNGSTGIVGDLRVNDNAIPYYYPTPSFNEEYIKNNIQTVFANFTEANQIPIGFEFSKTAPSNKNLYMYLQYTYIRYEIIKVLQHEIIERAVLYVPSLGYVKSIEFNPGEKINKDFYFLTNDKCILNEQFLYKKILETTKNIPTNNIFNSKVSSTQRVLPYSNGLYVINKGDGYIRTNDKDLIGTLLIEAGSSGSIIQPRLRNTTRPLFTTSNDAKFSQQYTEERLKDAFNVQLFNTSTSLFKFVEEAPSNKNICIKAYNTYEKYELIDYQNGSIVNKAEYYLPSLGYCEVTNAPSPESEVVKTQVAEDGFIQNGPEEEIVVGVIDPSENIQEINTAISDNYTYNIPGIVNNNPFYILFTVNTTGIYKINAQNNLPPLKIYEAIGSGNRNFQSGNLCDDDIKAINYITGFDSPNAKSYLVVLLNKDKNYYIRVPQTSSNIENQIKFKREEGDLRNLMNSSVNIIDDLNSTGAHYYTRQSPDVHDYISYEFTVPGNFNNKDTSNIRLYTSYNQGIGTLFRVTETIDGYNLINIQQNLNLLNSTKSIRLLNGAIYILKVEVTELNNYNIRLHIDITN
PROKKA_00017	tr|M1ZPH7|M1ZPH7_CLOBO Hemagglutinin component HA70 OS=Clostridium botulinum CFSAN001627 GN=CFSAN001627_19663 PE=4 SV=1 !!!ha70	627	626	626	600	95.85	26	0	1	626	MNSSIKKIYNDIQEKVINYSDTIDLADGNYVVSRGDGWILSRQNQILGGSVISNGSTGIVGDLRVNDNAIPYYYPTPSFNEEYIKNNIQTVFANFTEANQIPIGFEFSKTAPSNKNLYMYLQYTYIRYEIIKVLQHEIIERAVLYVPSLGYVKSIEFNPGEKINKDFYFLTNDKCILNEQFLYKKILETTKNIPTNNIFNSKVSSTQRVLPYSNGLYVINKGDGYIRTNDKDLIGTLLIEAGSSGSIIQPRLRNTTRPLFTTSNDAKFSQQYTEERLKDAFNVQLFNTSTSLFKFVEEAPSNKNICIKAYNTYEKYELIDYQNGSIVNKAEYYLPSLGYCEVTNAPSPESEVVKTQVAEDGFIQNGPEEEIVVGVIDPSENIQEINTAISDNYTYNIPGIVNNNPFYILFTVNTTGIYKINAQNNLPPLKIYEAIGSGNRNFQSGNLCDDDIKAINYITGFDSPNAKSYLVVLLNKDKNYYIRVPQTSSNIENQIKFKREEGDLRNLMNSSVNIIDDLNSTGAHYYTRQSPDVHDYISYEFTVPGNFNNKDTSNIRLYTSYNQGIGTLFRVTETIDGYNLINIQQNLNLLNSTKSIRLLNGAIYILKVEVTELNNYNIRLHIDITN
PROKKA_00017	tr|B2TSB9|B2TSB9_CLOBB Heamagglutinin components HA-70 OS=Clostridium botulinum (strain Eklund 17B / Type B) GN=ha70 PE=4 SV=1 !!!ha70	627	626	626	598	95.53	28	0	1	626	MNSSIKKIYNDIQEKVINYSDTIDLADGNYVVSRGDGWILSRQNQILGGSVISNGSTGIVGDLRVNDNAIPYYYPTPSFNEEYIKNNIQTVFANFTEANQIPIGFEFSKTAPSNKNLYMYLQYTYIRYEIIKVLQHEIIERAVLYVPSLGYVKSIEFNPGEKINKDFYFLTNDKCILNEQFLYKKILETTKNIPTNNIFNSKVSSTQRVLPYSNGLYVINKGDGYIRTNDKDLIGTLLIEAGSSGSIIQPRLRNTTRPLFTTSNDAKFSQQYTEERLKDAFNVQLFNTSTSLFKFVEEAPSNKNICIKAYNTYEKYELIDYQNGSIVNKAEYYLPSLGYCEVTNAPSPESEVVKTQVAEDGFIQNGPEEEIVVGVIDPSENIQEINTAISDNYTYNIPGIVNNNPFYILFTVNTTGIYKINAQNNLPPLKIYEAIGSGNRNFQSGNLCDDDIKAINYITGFDSPNAKSYLVVLLNKDKNYYIRVPQTSSNIENQIKFKREEGDLRNLMNSSVNIIDDLNSTGAHYYTRQSPDVHDYISYEFTVPGNFNNKDTSNIRLYTSYNQGIGTLFRVTETIDGYNLINIQQNLNLLNSTKSIRLLNGAIYILKVEVTELNNYNIRLHIDITN
PROKKA_00017	tr|S8BA68|S8BA68_CLOBO Hemagglutinin component HA70 OS=Clostridium botulinum CFSAN002367 GN=CFSAN002367_15786 PE=4 SV=1 !!!ha70	627	508	508	498	98.03	10	0	119	626	MYLQYTYIRYEIIKVLQHEIIERAVLYVPSLGYVKSIEFNPGEKINKDFYFLTNDKCILNEQFLYKKILETTKNIPTNNIFNSKVSSTQRVLPYSNGLYVINKGDGYIRTNDKDLIGTLLIEAGSSGSIIQPRLRNTTRPLFTTSNDAKFSQQYTEERLKDAFNVQLFNTSTSLFKFVEEAPSNKNICIKAYNTYEKYELIDYQNGSIVNKAEYYLPSLGYCEVTNAPSPESEVVKTQVAEDGFIQNGPEEEIVVGVIDPSENIQEINTAISDNYTYNIPGIVNNNPFYILFTVNTTGIYKINAQNNLPPLKIYEAIGSGNRNFQSGNLCDDDIKAINYITGFDSPNAKSYLVVLLNKDKNYYIRVPQTSSNIENQIKFKREEGDLRNLMNSSVNIIDDLNSTGAHYYTRQSPDVHDYISYEFTVPGNFNNKDTSNIRLYTSYNQGIGTLFRVTETIDGYNLINIQQNLNLLNSTKSIRLLNGAIYILKVEVTELNNYNIRLHIDITN
PROKKA_00017	tr|S8BA68|S8BA68_CLOBO Hemagglutinin component HA70 OS=Clostridium botulinum CFSAN002367 GN=CFSAN002367_15786 PE=4 SV=1 !!!ha70	627	508	141	41	29.08	97	3	15	153	KVINYSDTIDLADGNYVVSRGDGWILSRQNQILGGSVISNGSTGIVGDLRVNDNAIPYYYPT--PSFNEEYIKNNIQTVFANFTEANQIPIGFEFSKTAPSNKNLYMYLQYTYIRYEIIKVLQHEIIERAVLYVPSLGYVK
PROKKA_00017	tr|B1BE46|B1BE46_CLOBO Non-toxin haemagglutinin HA-70 OS=Clostridium botulinum C str. Eklund GN=CBC_A0169 PE=4 SV=1 !!!ha70	627	623	627	438	69.86	184	5	1	626	MNSSIKKIYNDIQEKVINYSDTIDLADGNYVVSRGDGWILSRQNQILGGSVISNGSTGIVGDLRVNDNAIPYYYPTPSFNEEYIKNNIQTVFANFTEANQIPIGFEFSKTAPSNKNLYMYLQYTYIRYEIIKVLQHEIIERAVLYVPSLGYVKSIEFNPGEKINKDFYFLTNDKCILNEQFLYKKILETTKNIPTNNIFNSK-VSSTQRVLPYSNGLYVINKGDGYIRTNDKDLIGTLLIEAGSSGSIIQPRLRNTTRPLFTTSNDAKFSQQYTEERLKDAFNVQLFNTSTSLFKFVEEAPSNKNICIKAYNTYEKYELIDYQNGSIVNKAEYYLPSLGYCEVTNAPSPESEVVKTQVAEDGFIQNGPEEEIVVGVIDPSENIQEINTAISDNYTYNIPGIVNNNPFYILFTVNTTGIYKINAQNNLPPLKIYEAIGSGNRNFQSGNLCDDDIKAINYITGFDSPNAKSYLVVLLNKDKNYYIRVPQTSSNIENQIKFKREEGDLRNLMNSSVNIIDDLNSTGAHYYTRQSPDVHDYISYEFTVPGNFNNKDTSNIRLYTSYNQGIGTLFRVTETIDGYNLINIQQNLNLLNSTKSIRLLNGAIYILKVEVTELNNYNIRLHIDITN
PROKKA_00017	tr|A0A0C1TZQ5|A0A0C1TZQ5_9CLOT Hemagglutinin components HA-22/23/53 OS=Clostridium argentinense CDC 2741 GN=ha-70 PE=4 SV=1 !!!ha70	627	629	631	440	69.73	184	7	1	626	MNSSIKKIYNDIQEKVINYSDTIDLADGNYVVSRGDGWILSRQNQILGGSVISNGSTGIVGDLRVNDNAIPYYYPTPSFNEEYIKNNIQTVFANFTEANQIPIGFEFSKTAPSNKNLYMYLQYTYIRYEIIKVLQHEIIERAVLYVPSLGYVKSIEFNPGEKINKDFYFLTNDKCILNEQFLYKKI--LETTKNIPTNNI--FNSKVSSTQRVLPYSNGLYVINKGDGYIRTNDKDLIGTLLIEAGSSGSIIQPRLRNTTRPLFTTSNDAKFSQQYTEERLKDAFNVQLFNTSTSLFKFVEEAPSNKNICIKAYNTYEKYELIDYQNGSIVNKAEYYLPSLGYCEVTNAPSPESEVVKTQVAEDGFIQNGPEEEIVVGVIDPSENIQEINTAISDNYTYNIPGIVNNNPFYILFTVNTTGIYKINAQNNLPPLKIYEAIGSGNRNFQSGNLCDDDIKAINYITGFDSPNAKSYLVVLLNKDKNYYIRVPQTSSNIENQIKFKREEGDLRNLM-NSSVNIIDDLNSTGAHYYTRQSPDVHDYISYEFTVPGNFNNKDTSNIRLYTSYNQGIGTLFRVTETIDGYNLINIQQNLNLLNSTKSIRLLNGAIYILKVEVTELNNYNIRLHIDITN
PROKKA_00017	tr|A0A059PYB0|A0A059PYB0_9CLOT Toxin complex component ORF-X2 OS=Clostridium baratii PE=4 SV=1 !!!ORF-X2	627	748	145	35	24.14	90	20	174	315	KCILNEQFLYKKILETTKNIPTNNIFNSKVSSTQRVLPYSNGLYVINKGDGYIRTNDKDLIGTLLIEAGSSGSIIQPRLRNTTRPLFTTSNDAKFSQQYTEERLKDAFNVQLFNTSTSLFKF-VEEAPS--NKNICIKAYNTYEK
PROKKA_00017	tr|C5VU80|C5VU80_CLOBO Botulinum neurotoxin type D, nontoxic-nonhemagglutinin component, NTNH OS=Clostridium botulinum D str. 1873 GN=ntnH PE=4 SV=1 !!!ntnH	627	1196	72	19	26.39	51	2	345	416	APSPESEVVKTQVAEDGFIQNGPEEEIVVGVIDPSENIQEINTAISDNYTYNIPGIVNNNPFYILFTVNTTG
PROKKA_00017	tr|B1BE43|B1BE43_CLOBO Botulinum neurotoxin type C, nontoxic-nonhemagglutinin component NTNH OS=Clostridium botulinum C str. Eklund GN=CBC_A0166 PE=4 SV=1 !!!ntnH	627	1196	69	18	26.09	49	2	348	416	PESEVVKTQVAEDGFIQNGPEEEIVVGVIDPSENIQEINTAISDNYTYNIPGIVNNNPFYILFTVNTTG
PROKKA_00017	tr|B1BE45|B1BE45_CLOBO Non-toxin haemagglutinin HA-17 OS=Clostridium botulinum C str. Eklund GN=CBC_A0168 PE=4 SV=1 !!!ha17	627	146	20	11	55.00	5	4	104	123	GFEFSKTAPSNKNLYMYLQY
PROKKA_00018	tr|B2TSC2|B2TSC2_CLOBB Putative RNA polymerase sigma factor OS=Clostridium botulinum (strain Eklund 17B / Type B) GN=botR PE=4 SV=1 !!!BotR	111	179	60	19	31.67	40	1	18	77	ILNSPNIIEEKVLSELNNYQNYIDIKTNELEYKLNFEQNNQILEGTTLDKIQSIDIAKEL
PROKKA_00018	tr|A0A073CP83|A0A073CP83_CLOBO Transcriptional regulator OS=Clostridium botulinum A2B3 87 GN=N496_19575 PE=4 SV=1 !!! 	111	178	60	18	30.00	41	1	18	77	ILNSPNIIEEKVLSELNNYQNYIDIKTNELEYKLNFEQNNQILEGTTLDKIQSIDIAKEL
PROKKA_00018	tr|A5HZZ7|A5HZZ7_CLOBH RNA polymerase ECF-type sigma factor OS=Clostridium botulinum (strain Hall / ATCC 3502 / NCTC 13319 / Type A) GN=botR PE=4 SV=1 !!!BotR	111	178	60	18	30.00	41	1	18	77	ILNSPNIIEEKVLSELNNYQNYIDIKTNELEYKLNFEQNNQILEGTTLDKIQSIDIAKEL
PROKKA_00018	tr|S8CEF4|S8CEF4_CLOBO Transcriptional regulator BotR, P-21 OS=Clostridium botulinum CFSAN002367 GN=CFSAN002367_15806 PE=4 SV=1 !!!BotR	111	178	60	18	30.00	41	1	18	77	ILNSPNIIEEKVLSELNNYQNYIDIKTNELEYKLNFEQNNQILEGTTLDKIQSIDIAKEL
PROKKA_00018	tr|A0A0D1AER2|A0A0D1AER2_CLOBO Transcriptional regulator OS=Clostridium botulinum B2 450 GN=N495_19875 PE=4 SV=1 !!! 	111	178	60	18	30.00	41	1	18	77	ILNSPNIIEEKVLSELNNYQNYIDIKTNELEYKLNFEQNNQILEGTTLDKIQSIDIAKEL
PROKKA_00018	tr|A0A060N3U8|A0A060N3U8_CLOBO Transcriptional regulator botR OS=Clostridium botulinum B str. Osaka05 GN=CBO05P2_176 PE=4 SV=1 !!!BotR	111	178	60	18	30.00	41	1	18	77	ILNSPNIIEEKVLSELNNYQNYIDIKTNELEYKLNFEQNNQILEGTTLDKIQSIDIAKEL
PROKKA_00018	tr|M1ZWZ6|M1ZWZ6_CLOBO Transcriptional regulator BotR, P-21 OS=Clostridium botulinum CFSAN001627 GN=CFSAN001627_10483 PE=4 SV=1 !!!BotR	111	178	54	19	35.19	33	2	25	77	IEEKVLSEL-NNYQNYIDIKTNELEYKLNFEQNNQILEGTTLDKIQSIDIAKEL
PROKKA_00018	tr|A5HZZ6|A5HZZ6_CLOBH Hemagglutinin component of the neurotoxin complex OS=Clostridium botulinum (strain Hall / ATCC 3502 / NCTC 13319 / Type A) GN=ha33 PE=1 SV=1 !!!ha33	111	293	13	7	53.85	6	0	24	36	IIEEKVLSELNNY
PROKKA_00018	tr|M1ZPH7|M1ZPH7_CLOBO Hemagglutinin component HA70 OS=Clostridium botulinum CFSAN001627 GN=CFSAN001627_19663 PE=4 SV=1 !!!ha70	111	626	42	15	35.71	26	1	53	94	FEQNNQILEGTTLDKIQSIDIAKELVEKSKNEILVNTNVILL
PROKKA_00018	tr|B1L2G4|B1L2G4_CLOBM Botulinum neurotoxin type A3, nontoxic-nonhemagglutinin component, NTNH OS=Clostridium botulinum (strain Loch Maree / Type A3) GN=ntnH PE=4 SV=1 !!!ntnH	111	1159	18	8	44.44	10	0	25	42	IEEKVLSELNNYQNYIDI
PROKKA_00018	tr|A5HZZ8|A5HZZ8_CLOBH Type A progenitor toxin nontoxic-nonha OS=Clostridium botulinum (strain Hall / ATCC 3502 / NCTC 13319 / Type A) GN=ntnH PE=4 SV=1 !!!ntnH	111	1193	18	8	44.44	10	0	25	42	IEEKVLSELNNYQNYIDI
PROKKA_00018	tr|B2TSC1|B2TSC1_CLOBB Haemagglutinin component OS=Clostridium botulinum (strain Eklund 17B / Type B) GN=ha33 PE=4 SV=1  !!!ha33	111	292	13	6	46.15	7	0	24	36	IIEEKVLSELNNY
PROKKA_00018	tr|A7GBG2|A7GBG2_CLOBL Botulinum neurotoxin type F, nontoxic-nonhemagglutinin component, NTNH OS=Clostridium botulinum (strain Langeland / NCTC 10281 / Type F) GN=ntnH PE=4 SV=1 !!!ntnH	111	1163	18	8	44.44	10	0	25	42	IEEKVLSELNNYQNYIDI
PROKKA_00019	tr|A0A0X1KH90|A0A0X1KH90_CLOBA Botulinum neurotoxin type E, nontoxic-nonhemagglutinin component, NTNH OS=Clostridium botulinum (strain Alaska E43 / Type E3) PE=1 SV=1 !!!ntnH	159	1163	47	13	27.66	34	0	110	156	TSKEIRVYEFKEIIANDKSNNKNKQIVFELPNNKKLTFDINNKNVNL
PROKKA_00019	tr|C5UY14|C5UY14_CLOBO Botulinum neurotoxin type E1, nontoxic-nonhemagglutinin component, NTNH OS=Clostridium botulinum E1 str. 'BoNT E Beluga' GN=ntnH PE=4 SV=1 !!!ntnH	159	1163	47	13	27.66	34	0	110	156	TSKEIRVYEFKEIIANDKSNNKNKQIVFELPNNKKLTFDINNKNVNL
PROKKA_00019	tr|C4IHM0|C4IHM0_CLOBU Botulinum neurotoxin type E, nontoxic-nonhemagglutinin component, NTNH OS=Clostridium butyricum E4 str. BoNT E BL5262 GN=ntnH PE=4 SV=1 !!!ntnH	159	1163	47	13	27.66	34	0	110	156	TSKEIRVYEFKEIIANDKSNNKNKQIVFELPNNKKLTFDINNKNVNL
PROKKA_00019	tr|A0A0C1TZQ5|A0A0C1TZQ5_9CLOT Hemagglutinin components HA-22/23/53 OS=Clostridium argentinense CDC 2741 GN=ha-70 PE=4 SV=1 !!!ha70	159	629	82	24	29.27	44	14	43	112	NDNLKVKGYL-----QEEDNKLIGNINDKEYNIQLEITMEDALKTTIINKNDHT----FRGDTSIVDIRDNL---GMTYTSK
PROKKA_00019	tr|A0A0C1TZQ5|A0A0C1TZQ5_9CLOT Hemagglutinin components HA-22/23/53 OS=Clostridium argentinense CDC 2741 GN=ha-70 PE=4 SV=1 !!!ha70	159	629	38	10	26.32	28	0	26	63	ANVSNNINKMFSINGTINDNLKVKGYLQEEDNKLIGNI
PROKKA_00019	tr|C5VU78|C5VU78_CLOBO Hemagglutinin component HA17 OS=Clostridium botulinum D str. 1873 GN=ha17 PE=4 SV=1 !!!ha17	159	146	28	13	46.43	10	5	126	153	DKSNNKNKQIVFELPNNKKLTFDINNKN
PROKKA_00019	tr|C5UY11|C5UY11_CLOBO Toxin complex component ORF-X2 OS=Clostridium botulinum E1 str. 'BoNT E Beluga' GN=CLO_2648 PE=4 SV=1 !!!ORF-X2	159	748	26	10	38.46	16	0	38	63	INGTINDNLKVKGYLQEEDNKLIGNI
PROKKA_00019	tr|B1BE43|B1BE43_CLOBO Botulinum neurotoxin type C, nontoxic-nonhemagglutinin component NTNH OS=Clostridium botulinum C str. Eklund GN=CBC_A0166 PE=4 SV=1 !!!ntnH	159	1196	43	12	27.91	30	1	77	118	EDALKTTIINKNDHTFRGDTSIVDIRDN-LGMTYTSKEIRVYE
PROKKA_00019	tr|C5VU80|C5VU80_CLOBO Botulinum neurotoxin type D, nontoxic-nonhemagglutinin component, NTNH OS=Clostridium botulinum D str. 1873 GN=ntnH PE=4 SV=1 !!!ntnH	159	1196	43	12	27.91	30	1	77	118	EDALKTTIINKNDHTFRGDTSIVDIRDN-LGMTYTSKEIRVYE
PROKKA_00019	tr|B1BE45|B1BE45_CLOBO Non-toxin haemagglutinin HA-17 OS=Clostridium botulinum C str. Eklund GN=CBC_A0168 PE=4 SV=1 !!!ha17	159	146	28	12	42.86	11	5	126	153	DKSNNKNKQIVFELPNNKKLTFDINNKN
PROKKA_00019	tr|A0A0C1TY77|A0A0C1TY77_9CLOT Main hemagglutinin component OS=Clostridium argentinense CDC 2741 GN=ha-33 PE=4 SV=1 !!!ha33	159	285	37	12	32.43	19	6	58	88	KLIGNINDKEYNIQ------LEITMEDALKTTIINKN
PROKKA_00019	tr|M1ZPH7|M1ZPH7_CLOBO Hemagglutinin component HA70 OS=Clostridium botulinum CFSAN001627 GN=CFSAN001627_19663 PE=4 SV=1 !!!ha70	159	626	83	16	19.28	65	2	47	127	KVKGYLQEEDNKLIGN--INDKEYNIQLEITMEDALKTTIINKNDHTFRGDTSIVDIRDNLGMTYTSKEIRVYEFKEIIANDK
PROKKA_00020	tr|A7GBF8|A7GBF8_CLOBL Toxin complex component ORF-X2 OS=Clostridium botulinum (strain Langeland / NCTC 10281 / Type F) GN=CLI_0846 PE=4 SV=1 !!!ORF-X2	392	750	43	14	32.56	20	9	155	197	LLNWNGLNQVKIKWDNSIKRWYLIIIYEKEENLIPEDFSNIMS
PROKKA_00020	tr|B1L2G3|B1L2G3_CLOBM P-47 protein OS=Clostridium botulinum (strain Loch Maree / Type A3) GN=p47 PE=4 SV=1 !!!P-47	392	416	40	14	35.00	16	10	325	363	ARLLGIEVQYQKKAYSSGCSALDLESINKVSYNK-NRRIY
PROKKA_00020	tr|C1FUH7|C1FUH7_CLOBJ P-47 protein OS=Clostridium botulinum (strain Kyoto / Type A2) GN=p47 PE=4 SV=1 !!!P-47	392	416	40	14	35.00	16	10	325	363	ARLLGIEVQYQKKAYSSGCSALDLESINKVSYNK-NRRIY
PROKKA_00020	tr|B1INP6|B1INP6_CLOBK Botulinum neurotoxin type B1, nontoxic-nonhemagglutinin component, NTNH OS=Clostridium botulinum (strain Okra / Type B1) GN=ntnH PE=4 SV=1 !!!ntnH	392	1197	64	25	39.06	26	13	179	238	IIYEKEENLIPEDFSNIMSID-LGLNNLATI-TF--LKNEDSHIINGKPLKSVNSFVNKKIACL
PROKKA_00020	tr|A0A060NA10|A0A060NA10_CLOBO Haemagglutinin component HA70 OS=Clostridium botulinum B str. Osaka05 GN=CBO05P2_179 PE=4 SV=1 !!!ha70	392	626	31	10	32.26	18	3	168	195	WDNSIKRWYLIIIYEKEENL---IPEDFSNI
PROKKA_00020	tr|A0A060N6G5|A0A060N6G5_CLOBO Nontoxic-nonhemagglutinin component, NTNH OS=Clostridium botulinum B str. Osaka05 GN=CBO05P2_175 PE=4 SV=1 !!!ntnH	392	1197	47	20	42.55	18	9	196	238	MSID-LGLNNLATI-TF--LKNEDSHIINGKPLKSVNSFVNKKIACL
PROKKA_00021	tr|A0A060N3U8|A0A060N3U8_CLOBO Transcriptional regulator botR OS=Clostridium botulinum B str. Osaka05 GN=CBO05P2_176 PE=4 SV=1 !!!BotR	43	178	40	11	27.50	26	3	2	38	CDKKYIIEFLIYLSIVI---LVIIISGGVCMYTFNFKQII
PROKKA_00021	tr|A5HZZ7|A5HZZ7_CLOBH RNA polymerase ECF-type sigma factor OS=Clostridium botulinum (strain Hall / ATCC 3502 / NCTC 13319 / Type A) GN=botR PE=4 SV=1 !!!BotR	43	178	40	11	27.50	26	3	2	38	CDKKYIIEFLIYLSIVI---LVIIISGGVCMYTFNFKQII
PROKKA_00021	tr|S8CEF4|S8CEF4_CLOBO Transcriptional regulator BotR, P-21 OS=Clostridium botulinum CFSAN002367 GN=CFSAN002367_15806 PE=4 SV=1 !!!BotR	43	178	40	11	27.50	26	3	2	38	CDKKYIIEFLIYLSIVI---LVIIISGGVCMYTFNFKQII
PROKKA_00021	tr|A0A073CP83|A0A073CP83_CLOBO Transcriptional regulator OS=Clostridium botulinum A2B3 87 GN=N496_19575 PE=4 SV=1 !!! 	43	178	40	11	27.50	26	3	2	38	CDKKYIIEFLIYLSIVI---LVIIISGGVCMYTFNFKQII
PROKKA_00021	tr|A0A0D1AER2|A0A0D1AER2_CLOBO Transcriptional regulator OS=Clostridium botulinum B2 450 GN=N495_19875 PE=4 SV=1 !!! 	43	178	40	11	27.50	26	3	2	38	CDKKYIIEFLIYLSIVI---LVIIISGGVCMYTFNFKQII
PROKKA_00021	tr|M1ZWZ6|M1ZWZ6_CLOBO Transcriptional regulator BotR, P-21 OS=Clostridium botulinum CFSAN001627 GN=CFSAN001627_10483 PE=4 SV=1 !!!BotR	43	178	40	11	27.50	26	3	2	38	CDKKYIIEFLIYLSIVI---LVIIISGGVCMYTFNFKQII
PROKKA_00022	tr|B1BE43|B1BE43_CLOBO Botulinum neurotoxin type C, nontoxic-nonhemagglutinin component NTNH OS=Clostridium botulinum C str. Eklund GN=CBC_A0166 PE=4 SV=1 !!!ntnH	86	1196	41	12	29.27	29	0	35	75	RIEIIEALVSLYEQKYEFDDEIIEDLKLKYRPVFPEELKNI
PROKKA_00022	tr|A7GBF7|A7GBF7_CLOBL Toxin complex component ORF-X3 OS=Clostridium botulinum (strain Langeland / NCTC 10281 / Type F) GN=CLI_0845 PE=4 SV=1 !!!ORF-X3	86	490	12	7	58.33	5	0	60	71	LKLKYRPVFPEE
PROKKA_00022	tr|B1L2F9|B1L2F9_CLOBM Toxin complex component ORF-X3 OS=Clostridium botulinum (strain Loch Maree / Type A3) GN=CLK_A0070 PE=4 SV=1 !!!ORF-X3	86	490	12	7	58.33	5	0	60	71	LKLKYRPVFPEE
PROKKA_00022	tr|C5UY10|C5UY10_CLOBO Toxin complex component ORF-X3 OS=Clostridium botulinum E1 str. 'BoNT E Beluga' GN=CLO_2647 PE=4 SV=1 !!!ORF-X3	86	487	11	7	63.64	4	0	60	70	LKLKYRPVFPE
PROKKA_00022	tr|C1FUH3|C1FUH3_CLOBJ Toxin complex component ORF-X3 OS=Clostridium botulinum (strain Kyoto / Type A2) GN=CLM_0891 PE=4 SV=1 !!!ORF-X3	86	490	12	7	58.33	5	0	60	71	LKLKYRPVFPEE
PROKKA_00022	tr|B1INP6|B1INP6_CLOBK Botulinum neurotoxin type B1, nontoxic-nonhemagglutinin component, NTNH OS=Clostridium botulinum (strain Okra / Type B1) GN=ntnH PE=4 SV=1 !!!ntnH	86	1197	25	8	32.00	17	0	44	68	SLYEQKYEFDDEIIEDLKLKYRPVF
PROKKA_00022	tr|B1INP6|B1INP6_CLOBK Botulinum neurotoxin type B1, nontoxic-nonhemagglutinin component, NTNH OS=Clostridium botulinum (strain Okra / Type B1) GN=ntnH PE=4 SV=1 !!!ntnH	86	1197	12	6	50.00	6	0	8	19	VNEYYNYLKKSF
PROKKA_00022	tr|A5HZZ8|A5HZZ8_CLOBH Type A progenitor toxin nontoxic-nonha OS=Clostridium botulinum (strain Hall / ATCC 3502 / NCTC 13319 / Type A) GN=ntnH PE=4 SV=1 !!!ntnH	86	1193	25	8	32.00	17	0	44	68	SLYEQKYEFDDEIIEDLKLKYRPVF
PROKKA_00022	tr|A0A060N6G5|A0A060N6G5_CLOBO Nontoxic-nonhemagglutinin component, NTNH OS=Clostridium botulinum B str. Osaka05 GN=CBO05P2_175 PE=4 SV=1 !!!ntnH	86	1197	25	8	32.00	17	0	44	68	SLYEQKYEFDDEIIEDLKLKYRPVF
PROKKA_00022	tr|A0A060N6G5|A0A060N6G5_CLOBO Nontoxic-nonhemagglutinin component, NTNH OS=Clostridium botulinum B str. Osaka05 GN=CBO05P2_175 PE=4 SV=1 !!!ntnH	86	1197	12	6	50.00	6	0	8	19	VNEYYNYLKKSF
PROKKA_00022	tr|B2TSC3|B2TSC3_CLOBB Botulinum neurotoxin type B OS=Clostridium botulinum (strain Eklund 17B / Type B) GN=ntnH PE=4 SV=1 !!!ntnH	86	1197	12	6	50.00	6	0	8	19	VNEYYNYLKKSF
PROKKA_00023	tr|A0A059PYE4|A0A059PYE4_9CLOT Toxin OS=Clostridium baratii GN=UC77_04385 PE=4 SV=1 !!! 	133	140	45	17	37.78	24	4	22	63	KYRREVINADISNRLKE--IFEK-ISPKYNISIEEWEHDNNHVHV
PROKKA_00023	tr|A0A0A7FVW8|A0A0A7FVW8_9CLOT Putative oRF-X1 OS=Clostridium baratii str. Sullivan GN=U729_698 PE=4 SV=1 !!!ORF-X1	133	140	45	17	37.78	24	4	22	63	KYRREVINADISNRLKE--IFEK-ISPKYNISIEEWEHDNNHVHV
PROKKA_00023	tr|C5UY11|C5UY11_CLOBO Toxin complex component ORF-X2 OS=Clostridium botulinum E1 str. 'BoNT E Beluga' GN=CLO_2648 PE=4 SV=1 !!!ORF-X2	133	748	49	10	20.41	29	10	32	80	ISNRLKEIFEKISPKYNISIEEWEHDNNHVHVLFKAQPNSELSKFINAY
PROKKA_00023	tr|B1BE47|B1BE47_CLOBO Clostridium toxin-associated regulator BotR OS=Clostridium botulinum C str. Eklund GN=botR PE=4 SV=1 !!!BotR	133	179	11	6	54.55	5	0	50	60	SIEEWEHDNNH
PROKKA_00024	tr|A0A0C1TZQ5|A0A0C1TZQ5_9CLOT Hemagglutinin components HA-22/23/53 OS=Clostridium argentinense CDC 2741 GN=ha-70 PE=4 SV=1 !!!ha70	363	629	55	16	29.09	29	10	123	167	NGYIKIPKLKSMIKIKL-----HRQFNGLIKSCTVS-----KTPSNKYYVSILAD
PROKKA_00024	tr|C5UY13|C5UY13_CLOBO P-47 protein OS=Clostridium botulinum E1 str. 'BoNT E Beluga' GN=p47 PE=4 SV=1 !!!P-47	363	416	90	21	23.33	58	11	107	196	YHSYTTNNQKGTVCIENGYIKIPKLKSMIKIKLHRQFNGLIKSCTVSKTPSNKYYVSILADTENIKLPKVENKIGVDVGLKEFAICSNGD
PROKKA_00024	tr|C1FUH8|C1FUH8_CLOBJ Botulinum neurotoxin type A2, nontoxic-nonhemagglutinin component, NTNH OS=Clostridium botulinum (strain Kyoto / Type A2) GN=ntnH PE=4 SV=1 !!!ntnH	363	1159	16	7	43.75	9	0	162	177	VSILADTENIKLPKVE
