PROKKA_00001	tr|A7GBF8|A7GBF8_CLOBL Toxin complex component ORF-X2 OS=Clostridium botulinum (strain Langeland / NCTC 10281 / Type F) GN=CLI_0846 PE=4 SV=1 !!!ORF-X2	751	750	750	650	86.67	100	0	1	750	MNNLKPFIFYDWKKTILKNTKENYSINEIIPKTFFMELNGTKITNSTLNGTWKAWNLTDEGEGSYPVLKCIIDDGYLDMNFGASSEKIPLKNVWIKLCIKITPNSDGTYSISKKSSSFYIKDNSLKISKDNLILDKYLNKLMLLYFKNNIKNIEMFINKSRIQTKVVGDLSLLGWNTENSVSFRTMNEFIKKDNLYPKDFHAIHDGSYIKSSAIGTFDSWEMTTGADGRNIRFKCPIKSAIYIVQNDVFNSSTGDFLLIQVDLTYFNSKTTINDSTGKNDGKQFNLKIKLNDDELKNVLIVTYNLTDTNDLMDAEAKDLIILAFRKWFNINIQQFEQIFAYILLDETAKIPAYQWLKPTQVSYGSASVETANEEPNLDASIFSAMSMVENNANYTPSHAVDNRLLQLTKTQTAFGISFPLFMEHFLKQALLSSQFISVDDIVADINTLTITNNKQIIFGKVENSDGKNVDSYLKPEKLKLSLQNNLIVLELLDLTWEQGRGVTGHFDFHQEYELALELKSGKQIPILKVHDEPKIEYYVEEAQWKTYENMIVSAVTGAVFSIIIGAGLKLAGSALSKGYKLIRSKATTIKGRKKITLNRSNIRQLRKDSGVTDIELERISRRNSSIAAEDARLMSNNGTTSIQILADMKSKPMSIGQRIAIGLKKLASTVSMITAITLGSSFGQILIDYINAIENNDYTAIPGINAFMQQCIGAMQWPDKDSELKVTFGKLQGIYLLGGTLEKNNKPNNK
PROKKA_00001	tr|C5UY11|C5UY11_CLOBO Toxin complex component ORF-X2 OS=Clostridium botulinum E1 str. 'BoNT E Beluga' GN=CLO_2648 PE=4 SV=1 !!!ORF-X2	751	748	752	381	50.66	353	18	1	743	MNNLKPFIFYDWKKTILKNTKENYSINEIIPKTFFMELNGTKITNSTLNGTWKAWNLTDEGEGSYPVLKCIIDDGYLDMNFGASSEKIPLKNVWIKLCIKITPNSDGTYSISKKSSSFYIKDNSLKISKDNLILDKYLNKLMLLYFKNNIKNIEMFINKSRIQTKVVGDLSLLGWNTENSVSFRTMNEFIKKDNLYPKDFHAIHDGSYIKSSAIGTFDSWEMTTGADGRNIRFKCPIKSAIYIVQNDVFNSSTGDFLLIQVDLTYFNSKTTINDSTGKNDGKQFNLKIKLND-DELKNVLIVTYNLTDTN-DLMDAEAKDLIILAFRKWFNINIQQFEQIFAYILLDETAKIPAYQWLKPTQVSYGSASVETAN------EEPNLDASIFSAMSMVENNANYTPSHAVDNRLLQLTKTQTAFGISFPLFMEHFLKQALLSSQFISVDDIVADINTLTITNNKQIIFGKVENSDGKNVDSYLKPEKLKLSLQNNLIVLELLDLTWEQGRGVTGHFDFHQEYELALELKSGKQIPILKVHDEPKIEYYVEEAQWKTYENMIVSAVTGAVFSIIIGAGLKLAGSALS-KGYKLIRSKATTIKGRKKITLNRSNIRQLRKDSGVTDIELERISRRNSSIAAEDARLMSNNGTTSIQILADMKSKPMSIGQRIAIGLKKLASTVSMITAITLGSSFGQILIDYINAIENNDYTAIPGINAFMQQCIGAMQWPDKDSELKVTFGKLQGIYLLGGTLEK
PROKKA_00001	tr|A0A059PYB0|A0A059PYB0_9CLOT Toxin complex component ORF-X2 OS=Clostridium baratii PE=4 SV=1 !!!ORF-X2	751	748	751	374	49.80	363	14	1	745	MNNLKPFIFYDWKKTILKNTKENYSINEIIPKTFFMELNGTKITNSTLNGTWKAWNLTDEGEGSYPVLKCIIDDGYLDMNFGASSEKIPLKNVWIKLCIKITPNSDGTYSISKKSSSFYIKDNSLKISKDNLILDKYLNKLMLLYFKNNIKNIEMFINKSRIQTKVVGDLSLLGWNTENSVSFRTMNEFIKKDNLYPKDFHAIHDGSYIKSSAIGTFDSWEMTTGADGRNIRFKCPIKSAIYIVQNDVFNSSTGDFLLIQVDLTYFNSKTTINDSTGKNDGKQFNLKIKLNDDE-LKNVLIVTYNLTDTNDLMDAEAKDLIILAFRKWFNINIQQFEQIFAYILLDETAKIPAYQWLKPTQVSYGSASVETANEE----PNLDASIFSAMSMVENNANYTPSHAVDNRLLQLTKTQTAFGISFPLFMEHFLKQALLSSQFISVDDIVADINTLTITNNKQIIFGKVENSDGKNVDSYLKPEKLKLSLQNNLIVLELLDLTWEQGRGVTGHFDFHQEYELALELKSGKQIPILKVHDEPKIEYYVEEAQWKTYENMIVSAVTGAVFSIIIGAGLKLAGSALSKGYKLIRSKATTIKGRKKITLNRSNIRQLRKDSGVTDIELERISRRNSSIAAEDARLMSNNGTTSIQILADMKSKPMSIGQRIAI-GLKKLASTVSMITAITLGSSFGQILIDYINAIENNDYTAIPGINAFMQQCIGAMQWPDKDSELKVTFGKLQGIYLLGGTLEKNN
PROKKA_00001	tr|A7GBF7|A7GBF7_CLOBL Toxin complex component ORF-X3 OS=Clostridium botulinum (strain Langeland / NCTC 10281 / Type F) GN=CLI_0845 PE=4 SV=1 !!!ORF-X3	751	490	434	109	25.12	270	55	173	571	LGWNTENSVSFRTMNEFIKKDNLYPKDFHAIHDGSYIKSSAIGTFDSWEMTTGADGRNIRFKCPIKSAIYIVQNDVFNSSTGDF----LLIQVDLTYFNSKTTINDSTGKNDGKQFNLKI--KLNDDELKNVLIVT--------YNLTDTNDLMDAEAKDLIILAFRK----WFNINIQQFEQIFAYILLD-ETAKIPAYQWLKPTQVSYGSASVETANEEPNLDASIFSAMSMVENNANYTPSHAVDNRLLQLTKTQTAFGISFPLFMEHFLKQALLSSQFISVDDIVADINT----------LTITNNKQIIFGKVENSDGKNVDSYLKPEKLKLSLQNNLIVLE---LLDLTWEQGRGVTGHFDFHQEYELALELK-SGKQIPILKVHDEPKIEYYVEEAQWKTYENM--IVSAVTGAVFSIIIGAGLKLA
PROKKA_00001	tr|A7GBF7|A7GBF7_CLOBL Toxin complex component ORF-X3 OS=Clostridium botulinum (strain Langeland / NCTC 10281 / Type F) GN=CLI_0845 PE=4 SV=1 !!!ORF-X3	751	490	55	15	27.27	39	1	691	745	NAIENNDYTAIPGINAFMQQCIGAMQWPDKDSELKVTFGKLQGIYLLGGTLEKNN
PROKKA_00001	tr|C1FUH3|C1FUH3_CLOBJ Toxin complex component ORF-X3 OS=Clostridium botulinum (strain Kyoto / Type A2) GN=CLM_0891 PE=4 SV=1 !!!ORF-X3	751	490	432	112	25.93	269	51	173	571	LGWNTENSVSFRTMNEFIKKDNLYPKDFHAIHDGSYIKSSAIGTFDSWEMTTGADGRNIRFKCPIKSAIYIVQNDVFNSSTGDF----LLIQVDLTYFNSKTTINDSTGKNDGKQFNLKI--KLNDDELKNVLIVT--------YNLTDTNDLMDAEAKDLIILAFRK----WFNINIQQFEQIFAYILLD-ETAKIPAYQWLKPTQVSYGSASVETANEEPNLDASIFSAMSMVENN-ANYTPSHAVDNRLLQLTKTQTAFGISFPLFMEHFLKQALLSSQFISVDDIVADINTLTITNNKQIIF----GKVENSDGKNVDSY-LKP--EKLKLSLQNNLIVLE---LLDLTWEQGRGVTGHFDFHQEYELALELKS-GKQIPILKVHDEPKIEYYVEEAQWKTYENM--IVSAVTGAVFSIIIGAGLKLA
PROKKA_00001	tr|C1FUH3|C1FUH3_CLOBJ Toxin complex component ORF-X3 OS=Clostridium botulinum (strain Kyoto / Type A2) GN=CLM_0891 PE=4 SV=1 !!!ORF-X3	751	490	55	16	29.09	38	1	691	745	NAIENNDYTAIPGINAFMQQCIGAMQWPDKDSELKVTFGKLQGIYLLGGTLEKNN
PROKKA_00001	tr|C5UY10|C5UY10_CLOBO Toxin complex component ORF-X3 OS=Clostridium botulinum E1 str. 'BoNT E Beluga' GN=CLO_2647 PE=4 SV=1 !!!ORF-X3	751	487	216	57	26.39	129	30	173	369	LGWNTENSVSFRTMNEFIKKDNLYPKDFHAIHDGSYIKSSAIGTFDSWEMTTGADGRNIRFKCPIKSAIYIVQNDVFNSSTG---DFLLIQVDLTYFNSKTTINDSTGKNDGKQFNLKIKLNDDELKNVLIVT---------------YNLTDTNDLMDAEAKDLIILAFRKWFNINIQQFEQIFAYILLD-ETAKIPAYQWLKPTQVSYGSASVE
PROKKA_00001	tr|C5UY10|C5UY10_CLOBO Toxin complex component ORF-X3 OS=Clostridium botulinum E1 str. 'BoNT E Beluga' GN=CLO_2647 PE=4 SV=1 !!!ORF-X3	751	487	44	16	36.36	24	4	31	74	PKTFFMELNGTKITNSTLNGTWKAWNLTDEGEGSYPVLKCIIDD
PROKKA_00001	tr|B1L2F9|B1L2F9_CLOBM Toxin complex component ORF-X3 OS=Clostridium botulinum (strain Loch Maree / Type A3) GN=CLK_A0070 PE=4 SV=1 !!!ORF-X3	751	490	236	67	28.39	137	32	173	389	LGWNTENSVSFRTMNEFIKKDNLYPKDFHAIHDGSYIKSSAIGTFDSWEMTTGADGRNIRFKCPIKSAIYIVQNDVFNSSTGDF----LLIQVDLTYFNSKTTINDSTGKNDGKQFNLKI--KLNDDELKNVLIVT--------YNLTDTNDLMDAEAKDLIILAFRK----WFNINIQQFEQIFAYILLD-ETAKIPAYQWLKPTQVSYGSASVETANEEPNLDASIFSAMSMVE
PROKKA_00001	tr|B1L2F9|B1L2F9_CLOBM Toxin complex component ORF-X3 OS=Clostridium botulinum (strain Loch Maree / Type A3) GN=CLK_A0070 PE=4 SV=1 !!!ORF-X3	751	490	55	16	29.09	38	1	691	745	NAIENNDYTAIPGINAFMQQCIGAMQWPDKDSELKVTFGKLQGIYLLGGTLEKNN
PROKKA_00001	tr|A0A059PY44|A0A059PY44_9CLOT Toxin complex component ORF-X3 OS=Clostridium baratii PE=4 SV=1 !!!ORF-X3	751	491	218	58	26.61	130	30	173	369	LGWNTENSVSFRTMNEFIKKDNLYPKDFHAIHDGSYIKSSAIGTFDSWEMTTGADGRNIRFKCPIKSAIYIVQNDVFNSSTGDF----LLIQVDLTYFNSKTTINDSTGKNDGKQF-NLKIKLNDDELKN---VLIVTYNLTDT---ND-----LMDAEAKDLIILAF----RKWFNINIQQFEQIFAYILLD-ETAKIPAYQWLKPTQVSYGSASVE
PROKKA_00001	tr|A0A059PY44|A0A059PY44_9CLOT Toxin complex component ORF-X3 OS=Clostridium baratii PE=4 SV=1 !!!ORF-X3	751	491	138	31	22.46	94	13	608	745	DSGVTDIELERISRRNSSIAAEDARLMSNNGTTSIQILADMKSKPMSIGQRIAIGLKKLASTVSMITAITLGSSFGQILIDYINAIENNDYTAIPGINAFMQQCIGAMQWPDKDSELKVTFGKLQGIYLLGGTLEKNN
PROKKA_00001	tr|A0A0A7FV57|A0A0A7FV57_9CLOT Clostridium P-47 family protein OS=Clostridium baratii str. Sullivan GN=U729_696 PE=4 SV=1 !!!P-47	751	491	218	58	26.61	130	30	173	369	LGWNTENSVSFRTMNEFIKKDNLYPKDFHAIHDGSYIKSSAIGTFDSWEMTTGADGRNIRFKCPIKSAIYIVQNDVFNSSTGDF----LLIQVDLTYFNSKTTINDSTGKNDGKQF-NLKIKLNDDELKN---VLIVTYNLTDT---ND-----LMDAEAKDLIILAF----RKWFNINIQQFEQIFAYILLD-ETAKIPAYQWLKPTQVSYGSASVE
PROKKA_00001	tr|A0A0A7FV57|A0A0A7FV57_9CLOT Clostridium P-47 family protein OS=Clostridium baratii str. Sullivan GN=U729_696 PE=4 SV=1 !!!P-47	751	491	138	31	22.46	94	13	608	745	DSGVTDIELERISRRNSSIAAEDARLMSNNGTTSIQILADMKSKPMSIGQRIAIGLKKLASTVSMITAITLGSSFGQILIDYINAIENNDYTAIPGINAFMQQCIGAMQWPDKDSELKVTFGKLQGIYLLGGTLEKNN
PROKKA_00001	tr|A7GBG1|A7GBG1_CLOBL P-47 protein OS=Clostridium botulinum (strain Langeland / NCTC 10281 / Type F) GN=p47 PE=4 SV=1 !!!P-47	751	416	264	69	26.14	161	34	174	433	GWNTENSVSFRTMNEFIKKDNLYPKDFHAIHDGSYIKSSAIGTFDSWEMTTGADGRNIRFKCPIKSAIYIVQNDVFNSSTGDFLLIQVDLTYFNSKTTINDSTGKNDGKQFNLKIKLNDDELKNVLIVTYNLTDTNDLMDAEAK----DLIILAFRKWFNINIQQFEQIFAYILLDETAKIPAYQWLKPTQVSYGSASVETANEEPNLDASIFSAMSMVENNANYTPSHAVDNRLLQLTKTQTAFGISFPLFMEHFLKQALLSS
PROKKA_00001	tr|M1ZUL7|M1ZUL7_CLOBO P-47 protein OS=Clostridium botulinum CFSAN001627 GN=CFSAN001627_20700 PE=4 SV=1 !!!P-47	751	416	265	68	25.66	161	36	174	433	GWNTENSVSFRTMNEFIKKDNLYPKDFHAIHDGSYIKSSAIGTFDSWEMTTGADGRNIRFKCPIKSAIYIVQNDVFNSSTGDFLLIQVDLTYFNSKTTINDSTGKNDGK-QFNLKIKLNDDELKNVLIVTYNLTDTNDLMDAEAK----DLIILAFRKWFNINIQQFEQIFAYILLDETAKIPAYQWLKPTQVSYGSASVETANEEPNLDASIFSAMSMVENNANYTPSHAVDNRLLQLTKTQTAFGISFPLFMEHFLKQALLSS
PROKKA_00001	tr|C1FUH7|C1FUH7_CLOBJ P-47 protein OS=Clostridium botulinum (strain Kyoto / Type A2) GN=p47 PE=4 SV=1 !!!P-47	751	416	268	70	26.12	156	42	174	433	GWNTENSVSFRTMN----EFIKKDNLYPKDFHAIHDGSYIKSSAIGTFDSWEMTTGADGRNIRFKCPIKSAIYIVQNDVFNSSTGDFLLIQVDLTYFNSKTTINDSTGKNDGKQFNLKIKLNDDELKNVLIVTYNLTDTNDLMDAEAK----DLIILAFRKWFNINIQQFEQIFAYILLDETAKIPAYQWLKPTQVSYGSASVETANEEPNLDASIFSAMSMVENNANYTPSHAVDNRLLQLTKTQTAFGISFPLFMEHFLKQALLSS
PROKKA_00001	tr|B1L2G3|B1L2G3_CLOBM P-47 protein OS=Clostridium botulinum (strain Loch Maree / Type A3) GN=p47 PE=4 SV=1 !!!P-47	751	416	259	68	26.25	149	42	174	424	GWNTENSVSFRTMN----EFIKKDNLYPKDFHAIHDGSYIKSSAIGTFDSWEMTTGADGRNIRFKCPIKSAIYIVQNDVFNSSTGDFLLIQVDLTYFNSKTTINDSTGKNDGKQFNLKIKLNDDELKNVLIVTYNLTDTNDLMDAEAK----DLIILAFRKWFNINIQQFEQIFAYILLDETAKIPAYQWLKPTQVSYGSASVETANEEPNLDASIFSAMSMVENNANYTPSHAVDNRLLQLTKTQTAFGISFPLFMEH
PROKKA_00001	tr|A0A073CND8|A0A073CND8_CLOBO P-47 protein OS=Clostridium botulinum A2B3 87 GN=N496_18585 PE=4 SV=1 !!!P-47	751	415	264	67	25.38	163	34	174	433	GWNTENSVSFRTMNEFIKKDNLYPKDFHAIHDGSYIKSSAIGTFDSWEMTTGADGRNIRFKCPIKSAIYIVQNDVFNSSTGDFLLIQVDLTYFNSKTTINDSTGKNDGKQFNLKIKLNDDELKNVLIVTYNLTDTNDLMDAEAK----DLIILAFRKWFNINIQQFEQIFAYILLDETAKIPAYQWLKPTQVSYGSASVETANEEPNLDASIFSAMSMVENNANYTPSHAVDNRLLQLTKTQTAFGISFPLFMEHFLKQALLSS
PROKKA_00001	tr|C5UY13|C5UY13_CLOBO P-47 protein OS=Clostridium botulinum E1 str. 'BoNT E Beluga' GN=p47 PE=4 SV=1 !!!P-47	751	416	264	66	25.00	166	32	174	434	GWNTENSVSFRTMNEFIKK---DNLYPKDFHAIHDGSYIKSSAIGTFDSWEMTTGADGRNIRFKCPIKSAIYIVQNDVFNSSTGDFLLIQVDLTYFNSKTTINDSTGKNDGKQFNLKIKLNDDELKNVLIVTYNLTDTNDLMDAEAKDLIILAFRKWFNINIQQFEQIFAYILLDETAKIPAYQWLKPTQVSYGSASVETANEEPNLDASIFSAMSMVENNANYTPSHAVDNRLLQLTKTQTAFGISFPLFMEHFLKQALLSSQ
PROKKA_00001	tr|S8BA68|S8BA68_CLOBO Hemagglutinin component HA70 OS=Clostridium botulinum CFSAN002367 GN=CFSAN002367_15786 PE=4 SV=1 !!!ha70	751	508	58	16	27.59	37	5	69	123	KCIIDDGYLDMNFGASSEKIPLKNVW---IKLCIKITPNSDGTYSISKKSSSFYIKDN
PROKKA_00001	tr|A0A0B4W4X0|A0A0B4W4X0_CLOBO Hemagglutinin components HA-22/23/53 OS=Clostridium botulinum Prevot_594 GN=ha-70 PE=4 SV=1 !!!ha70	751	626	58	16	27.59	37	5	69	123	KCIIDDGYLDMNFGASSEKIPLKNVW---IKLCIKITPNSDGTYSISKKSSSFYIKDN
PROKKA_00001	tr|A5HZZ4|A5HZZ4_CLOBH Hemagglutinin component of the neurotoxin complex OS=Clostridium botulinum (strain Hall / ATCC 3502 / NCTC 13319 / Type A) GN=ha70 PE=1 SV=1 !!!ha70	751	626	58	16	27.59	37	5	69	123	KCIIDDGYLDMNFGASSEKIPLKNVW---IKLCIKITPNSDGTYSISKKSSSFYIKDN
PROKKA_00001	tr|B2TSB9|B2TSB9_CLOBB Heamagglutinin components HA-70 OS=Clostridium botulinum (strain Eklund 17B / Type B) GN=ha70 PE=4 SV=1 !!!ha70	751	626	58	16	27.59	37	5	69	123	KCIIDDGYLDMNFGASSEKIPLKNVW---IKLCIKITPNSDGTYSISKKSSSFYIKDN
PROKKA_00001	tr|M1ZPH7|M1ZPH7_CLOBO Hemagglutinin component HA70 OS=Clostridium botulinum CFSAN001627 GN=CFSAN001627_19663 PE=4 SV=1 !!!ha70	751	626	58	16	27.59	37	5	69	123	KCIIDDGYLDMNFGASSEKIPLKNVW---IKLCIKITPNSDGTYSISKKSSSFYIKDN
PROKKA_00001	tr|A0A0E1L2H2|A0A0E1L2H2_CLOBO Hemagglutinin components HA-22/23/53 OS=Clostridium botulinum CDC_1436 GN=ha-70 PE=4 SV=1 !!!ha70	751	626	58	16	27.59	37	5	69	123	KCIIDDGYLDMNFGASSEKIPLKNVW---IKLCIKITPNSDGTYSISKKSSSFYIKDN
PROKKA_00001	tr|A0A060NA10|A0A060NA10_CLOBO Haemagglutinin component HA70 OS=Clostridium botulinum B str. Osaka05 GN=CBO05P2_179 PE=4 SV=1 !!!ha70	751	626	58	16	27.59	37	5	69	123	KCIIDDGYLDMNFGASSEKIPLKNVW---IKLCIKITPNSDGTYSISKKSSSFYIKDN
PROKKA_00001	tr|B1INQ0|B1INQ0_CLOBK Hemagglutinin component HA70 OS=Clostridium botulinum (strain Okra / Type B1) GN=ha70 PE=4 SV=1 !!!ha70	751	626	58	16	27.59	37	5	69	123	KCIIDDGYLDMNFGASSEKIPLKNVW---IKLCIKITPNSDGTYSISKKSSSFYIKDN
PROKKA_00001	tr|C5UY14|C5UY14_CLOBO Botulinum neurotoxin type E1, nontoxic-nonhemagglutinin component, NTNH OS=Clostridium botulinum E1 str. 'BoNT E Beluga' GN=ntnH PE=4 SV=1 !!!ntnH	751	1163	36	14	38.89	19	3	692	727	AIENNDYTAIPGINAFMQQCIGAMQWPDKDSELKVT
PROKKA_00001	tr|A0A0X1KH90|A0A0X1KH90_CLOBA Botulinum neurotoxin type E, nontoxic-nonhemagglutinin component, NTNH OS=Clostridium botulinum (strain Alaska E43 / Type E3) PE=1 SV=1 !!!ntnH	751	1163	36	14	38.89	19	3	692	727	AIENNDYTAIPGINAFMQQCIGAMQWPDKDSELKVT
PROKKA_00001	tr|C4IHM0|C4IHM0_CLOBU Botulinum neurotoxin type E, nontoxic-nonhemagglutinin component, NTNH OS=Clostridium butyricum E4 str. BoNT E BL5262 GN=ntnH PE=4 SV=1 !!!ntnH	751	1163	36	14	38.89	19	3	692	727	AIENNDYTAIPGINAFMQQCIGAMQWPDKDSELKVT
PROKKA_00001	tr|B2TSC3|B2TSC3_CLOBB Botulinum neurotoxin type B OS=Clostridium botulinum (strain Eklund 17B / Type B) GN=ntnH PE=4 SV=1 !!!ntnH	751	1197	77	22	28.57	42	13	645	715	LADMKSKPMSIGQRIAIGLKKLASTVSMITAITLGSSFGQILIDYINAIENN------DYTAIPGINAFMQQCIGAM
PROKKA_00001	tr|A0A060N6G5|A0A060N6G5_CLOBO Nontoxic-nonhemagglutinin component, NTNH OS=Clostridium botulinum B str. Osaka05 GN=CBO05P2_175 PE=4 SV=1 !!!ntnH	751	1197	77	21	27.27	43	13	645	715	LADMKSKPMSIGQRIAIGLKKLASTVSMITAITLGSSFGQILIDYINAIENN------DYTAIPGINAFMQQCIGAM
PROKKA_00001	tr|B1INP6|B1INP6_CLOBK Botulinum neurotoxin type B1, nontoxic-nonhemagglutinin component, NTNH OS=Clostridium botulinum (strain Okra / Type B1) GN=ntnH PE=4 SV=1 !!!ntnH	751	1197	42	14	33.33	22	6	680	715	SSFGQILIDYINAIENN------DYTAIPGINAFMQQCIGAM
PROKKA_00002	tr|A7GBF9|A7GBF9_CLOBL Toxin complex component ORF-X1 OS=Clostridium botulinum (strain Langeland / NCTC 10281 / Type F) GN=CLI_0847 PE=4 SV=1 !!!ORF-X1	143	142	142	127	89.44	15	0	1	142	MKQTFSFNFDDTLSNSNGLIHLEKVNQNCSPNYQYFKIKFIEGYLHIKNKSGDILEKYDLKDLISLIALKKDYLKLSFSSNKNLNEFTNIKKKPLENRFNLYIINEDINKKISKNGILEEIILNRLLLSILLGNEENLLQIS
PROKKA_00002	tr|C1FUH5|C1FUH5_CLOBJ Toxin complex component ORF-X1 OS=Clostridium botulinum (strain Kyoto / Type A2) GN=CLM_0893 PE=4 SV=1 !!!ORF-X1	143	142	142	126	88.73	16	0	1	142	MKQTFSFNFDDTLSNSNGLIHLEKVNQNCSPNYQYFKIKFIEGYLHIKNKSGDILEKYDLKDLISLIALKKDYLKLSFSSNKNLNEFTNIKKKPLENRFNLYIINEDINKKISKNGILEEIILNRLLLSILLGNEENLLQIS
PROKKA_00002	tr|B1L2G1|B1L2G1_CLOBM Toxin complex component ORF-X1 OS=Clostridium botulinum (strain Loch Maree / Type A3) GN=CLK_A0072 PE=4 SV=1 !!!ORF-X1	143	142	142	127	89.44	15	0	1	142	MKQTFSFNFDDTLSNSNGLIHLEKVNQNCSPNYQYFKIKFIEGYLHIKNKSGDILEKYDLKDLISLIALKKDYLKLSFSSNKNLNEFTNIKKKPLENRFNLYIINEDINKKISKNGILEEIILNRLLLSILLGNEENLLQIS
PROKKA_00002	tr|C5UY12|C5UY12_CLOBO Toxin complex component ORF-X1 OS=Clostridium botulinum E1 str. 'BoNT E Beluga' GN=CLO_2649 PE=4 SV=1 !!!ORF-X1	143	144	142	103	72.54	39	0	1	142	MKQTFSFNFDDTLSNSNGLIHLEKVNQNCSPNYQYFKIKFIEGYLHIKNKSGDILEKYDLKDLISLIALKKDYLKLSFSSNKNLNEFTNIKKKPLENRFNLYIINEDINKKISKNGILEEIILNRLLLSILLGNEENLLQIS
PROKKA_00002	tr|C4IHL7|C4IHL7_CLOBU Toxin complex component ORF-X1 OS=Clostridium butyricum E4 str. BoNT E BL5262 GN=CLP_2748 PE=4 SV=1 !!!ORF-X1	143	144	142	103	72.54	39	0	1	142	MKQTFSFNFDDTLSNSNGLIHLEKVNQNCSPNYQYFKIKFIEGYLHIKNKSGDILEKYDLKDLISLIALKKDYLKLSFSSNKNLNEFTNIKKKPLENRFNLYIINEDINKKISKNGILEEIILNRLLLSILLGNEENLLQIS
PROKKA_00002	tr|A0A059PYE4|A0A059PYE4_9CLOT Toxin OS=Clostridium baratii GN=UC77_04385 PE=4 SV=1 !!! 	143	140	142	91	64.08	49	2	1	142	MKQTFSFNFDDTLSNSNGLIHLEKVNQNCSPNYQYFKIKFIEGYLHIKNKSGDILEKYDLKDLISLIALKKDYLKLSFSSNKNLNEFTNIKKKPLENRFNLYIINEDINKKISKNGILEEIILNRLLLSILLGNEENLLQIS
PROKKA_00002	tr|A0A0A7FVW8|A0A0A7FVW8_9CLOT Putative oRF-X1 OS=Clostridium baratii str. Sullivan GN=U729_698 PE=4 SV=1 !!!ORF-X1	143	140	142	91	64.08	49	2	1	142	MKQTFSFNFDDTLSNSNGLIHLEKVNQNCSPNYQYFKIKFIEGYLHIKNKSGDILEKYDLKDLISLIALKKDYLKLSFSSNKNLNEFTNIKKKPLENRFNLYIINEDINKKISKNGILEEIILNRLLLSILLGNEENLLQIS
PROKKA_00002	tr|C5UY13|C5UY13_CLOBO P-47 protein OS=Clostridium botulinum E1 str. 'BoNT E Beluga' GN=p47 PE=4 SV=1 !!!P-47	143	416	114	29	25.44	68	17	30	141	SPNYQYFKIKFIEGYLHIKNKSGDILEKYDLKDLISLIALKKDYLKLSFSSNKNLNEFTNIKKKPLENRFN--LYIINEDINKKISKNGILEEIILNRLLLSILLGNEENLLQI
PROKKA_00002	tr|A7GBG1|A7GBG1_CLOBL P-47 protein OS=Clostridium botulinum (strain Langeland / NCTC 10281 / Type F) GN=p47 PE=4 SV=1 !!!P-47	143	416	119	34	28.57	58	27	30	141	SPNYQYFKIKFIEGYLHIKNKSGD------ILE-KYDLKDLISLIALKKDYLKLSFSSNKNLNEFTNIKKKPLENRFNLYIINEDINKKISKNGILEEIILNRLLLSILLGNEENLLQI
PROKKA_00002	tr|M1ZUL7|M1ZUL7_CLOBO P-47 protein OS=Clostridium botulinum CFSAN001627 GN=CFSAN001627_20700 PE=4 SV=1 !!!P-47	143	416	119	36	30.25	56	27	30	141	SPNYQYFKIKFIEGYLHIKNKSGD------ILE-KYDLKDLISLIALKKDYLKLSFSSNKNLNEFTNIKKKPLENRFNLYIINEDINKKISKNGILEEIILNRLLLSILLGNEENLLQI
PROKKA_00002	tr|A0A073CND8|A0A073CND8_CLOBO P-47 protein OS=Clostridium botulinum A2B3 87 GN=N496_18585 PE=4 SV=1 !!!P-47	143	415	118	29	24.58	64	25	30	141	SPNYQYFKIKFIEGYLHIKNKSGDILEKYDLKDLISLIALKKDYLKLSFSSNKNLNEFTNIKKKPLENRF------NLYIINEDINKKISKNGILEEIILNRLLLSILLGNEENLLQI
PROKKA_00002	tr|B1L2G3|B1L2G3_CLOBM P-47 protein OS=Clostridium botulinum (strain Loch Maree / Type A3) GN=p47 PE=4 SV=1 !!!P-47	143	416	118	29	24.58	64	25	30	141	SPNYQYFKIKFIEGYLHIKNKSGDILEKYDLKDLISLIALKKDYLKLSFSSNKNLNEFTNIKKKPLENRF------NLYIINEDINKKISKNGILEEIILNRLLLSILLGNEENLLQI
PROKKA_00002	tr|A0A073CMR9|A0A073CMR9_CLOBO Transcriptional regulator OS=Clostridium botulinum A2B3 87 GN=N496_18580 PE=4 SV=1 !!! 	143	178	72	28	38.89	31	13	61	132	KDLISLIALKKDYLKLSFSSNKNLNEFTNIKKKPLENRFNLYIINEDINKKISKNGILEEIILNRLLLSILL
PROKKA_00002	tr|A7GBF8|A7GBF8_CLOBL Toxin complex component ORF-X2 OS=Clostridium botulinum (strain Langeland / NCTC 10281 / Type F) GN=CLI_0846 PE=4 SV=1 !!!ORF-X2	143	750	72	23	31.94	43	6	67	138	IALKKDYLKLSFSSNKNLNEFTNIKKKPLENRFNLYIINEDINKKISKNGILEEIILNRLLLSILLGNEENL
PROKKA_00002	tr|A7GBF8|A7GBF8_CLOBL Toxin complex component ORF-X2 OS=Clostridium botulinum (strain Langeland / NCTC 10281 / Type F) GN=CLI_0846 PE=4 SV=1 !!!ORF-X2	143	750	36	14	38.89	19	3	58	90	YDLKDL-ISLIALKKDYLKLSFSS--NKNLNEFTNI
PROKKA_00002	tr|C5VU80|C5VU80_CLOBO Botulinum neurotoxin type D, nontoxic-nonhemagglutinin component, NTNH OS=Clostridium botulinum D str. 1873 GN=ntnH PE=4 SV=1 !!!ntnH	143	1196	32	11	34.38	18	3	70	98	KKDYLKLSFSSNKNLNEFTNIK---KKPLENR
PROKKA_00002	tr|C5VU80|C5VU80_CLOBO Botulinum neurotoxin type D, nontoxic-nonhemagglutinin component, NTNH OS=Clostridium botulinum D str. 1873 GN=ntnH PE=4 SV=1 !!!ntnH	143	1196	31	14	45.16	16	1	45	75	LHIKNKSGDILEKYDLKDLISLIALKKDYLK
PROKKA_00002	tr|C5UY10|C5UY10_CLOBO Toxin complex component ORF-X3 OS=Clostridium botulinum E1 str. 'BoNT E Beluga' GN=CLO_2647 PE=4 SV=1 !!!ORF-X3	143	487	33	9	27.27	24	0	19	51	LIHLEKVNQNCSPNYQYFKIKFIEGYLHIKNKS
PROKKA_00002	tr|C1FUH7|C1FUH7_CLOBJ P-47 protein OS=Clostridium botulinum (strain Kyoto / Type A2) GN=p47 PE=4 SV=1 !!!P-47	143	416	118	27	22.88	66	25	30	141	SPNYQYFKIKFIEGYLHIKNKSGDILEKYDLKDLISLIALKKDYLKLSFSSNKNLNEFTNIKKKPLENRF------NLYIINEDINKKISKNGILEEIILNRLLLSILLGNEENLLQI
PROKKA_00002	tr|A0A059PYB0|A0A059PYB0_9CLOT Toxin complex component ORF-X2 OS=Clostridium baratii PE=4 SV=1 !!!ORF-X2	143	748	22	11	50.00	9	2	42	63	EGYLHIKNKSGDILEKYDLKDL
PROKKA_00002	tr|A7GBG0|A7GBG0_CLOBL Transcriptional regulator BotR, P-21 OS=Clostridium botulinum (strain Langeland / NCTC 10281 / Type F) GN=botR PE=4 SV=1 !!!BotR	143	178	57	23	40.35	24	10	76	132	LSFSSNKNLNEFTNIKKKPLENRFNLYIINEDINKKISKNGILEEIILNRLLLSILL
PROKKA_00002	tr|A7GBF7|A7GBF7_CLOBL Toxin complex component ORF-X3 OS=Clostridium botulinum (strain Langeland / NCTC 10281 / Type F) GN=CLI_0845 PE=4 SV=1 !!!ORF-X3	143	490	35	10	28.57	22	3	20	51	IHLEKVNQ---NCSPNYQYFKIKFIEGYLHIKNKS
PROKKA_00002	tr|C1FUH3|C1FUH3_CLOBJ Toxin complex component ORF-X3 OS=Clostridium botulinum (strain Kyoto / Type A2) GN=CLM_0891 PE=4 SV=1 !!!ORF-X3	143	490	35	9	25.71	23	3	20	51	IHLEKVNQ---NCSPNYQYFKIKFIEGYLHIKNKS
PROKKA_00002	tr|B1INP8|B1INP8_CLOBK Hemagglutinin component HA33 OS=Clostridium botulinum (strain Okra / Type B1) GN=ha33 PE=1 SV=1 !!!ha33	143	294	14	8	57.14	6	0	100	113	NLYIINEDINKKIS
PROKKA_00002	tr|B1L2F9|B1L2F9_CLOBM Toxin complex component ORF-X3 OS=Clostridium botulinum (strain Loch Maree / Type A3) GN=CLK_A0070 PE=4 SV=1 !!!ORF-X3	143	490	35	9	25.71	23	3	20	51	IHLEKVNQ---NCSPNYQYFKIKFIEGYLHIKNKS
PROKKA_00002	tr|B1BE43|B1BE43_CLOBO Botulinum neurotoxin type C, nontoxic-nonhemagglutinin component NTNH OS=Clostridium botulinum C str. Eklund GN=CBC_A0166 PE=4 SV=1 !!!ntnH	143	1196	30	14	46.67	15	1	45	74	LHIKNKSGDILEKYDLKDLISLIALKKDYL
PROKKA_00002	tr|B1BE43|B1BE43_CLOBO Botulinum neurotoxin type C, nontoxic-nonhemagglutinin component NTNH OS=Clostridium botulinum C str. Eklund GN=CBC_A0166 PE=4 SV=1 !!!ntnH	143	1196	20	7	35.00	13	0	70	89	KKDYLKLSFSSNKNLNEFTN
PROKKA_00002	tr|A0A0A7FV57|A0A0A7FV57_9CLOT Clostridium P-47 family protein OS=Clostridium baratii str. Sullivan GN=U729_696 PE=4 SV=1 !!!P-47	143	491	33	8	24.24	25	0	19	51	LIHLEKVNQNCSPNYQYFKIKFIEGYLHIKNKS
PROKKA_00002	tr|A0A059PY44|A0A059PY44_9CLOT Toxin complex component ORF-X3 OS=Clostridium baratii PE=4 SV=1 !!!ORF-X3	143	491	33	8	24.24	25	0	19	51	LIHLEKVNQNCSPNYQYFKIKFIEGYLHIKNKS
PROKKA_00002	tr|C4IHM0|C4IHM0_CLOBU Botulinum neurotoxin type E, nontoxic-nonhemagglutinin component, NTNH OS=Clostridium butyricum E4 str. BoNT E BL5262 GN=ntnH PE=4 SV=1 !!!ntnH	143	1163	39	14	35.90	23	2	70	106	KKDYLKLSFSSNKNLNEFTN--IKKKPLENRFNLYIINE
PROKKA_00002	tr|C4IHM0|C4IHM0_CLOBU Botulinum neurotoxin type E, nontoxic-nonhemagglutinin component, NTNH OS=Clostridium butyricum E4 str. BoNT E BL5262 GN=ntnH PE=4 SV=1 !!!ntnH	143	1163	21	9	42.86	12	0	17	37	NGLIHLEKVNQNCSPNYQYFK
PROKKA_00002	tr|C5UY14|C5UY14_CLOBO Botulinum neurotoxin type E1, nontoxic-nonhemagglutinin component, NTNH OS=Clostridium botulinum E1 str. 'BoNT E Beluga' GN=ntnH PE=4 SV=1 !!!ntnH	143	1163	39	14	35.90	23	2	70	106	KKDYLKLSFSSNKNLNEFTN--IKKKPLENRFNLYIINE
PROKKA_00002	tr|C5UY14|C5UY14_CLOBO Botulinum neurotoxin type E1, nontoxic-nonhemagglutinin component, NTNH OS=Clostridium botulinum E1 str. 'BoNT E Beluga' GN=ntnH PE=4 SV=1 !!!ntnH	143	1163	21	9	42.86	12	0	17	37	NGLIHLEKVNQNCSPNYQYFK
PROKKA_00002	tr|A0A0X1KH90|A0A0X1KH90_CLOBA Botulinum neurotoxin type E, nontoxic-nonhemagglutinin component, NTNH OS=Clostridium botulinum (strain Alaska E43 / Type E3) PE=1 SV=1 !!!ntnH	143	1163	39	14	35.90	23	2	70	106	KKDYLKLSFSSNKNLNEFTN--IKKKPLENRFNLYIINE
PROKKA_00002	tr|A0A0X1KH90|A0A0X1KH90_CLOBA Botulinum neurotoxin type E, nontoxic-nonhemagglutinin component, NTNH OS=Clostridium botulinum (strain Alaska E43 / Type E3) PE=1 SV=1 !!!ntnH	143	1163	21	9	42.86	12	0	17	37	NGLIHLEKVNQNCSPNYQYFK
PROKKA_00002	tr|A0A060N6G5|A0A060N6G5_CLOBO Nontoxic-nonhemagglutinin component, NTNH OS=Clostridium botulinum B str. Osaka05 GN=CBO05P2_175 PE=4 SV=1 !!!ntnH	143	1197	20	7	35.00	13	0	70	89	KKDYLKLSFSSNKNLNEFTN
PROKKA_00002	tr|B1INP6|B1INP6_CLOBK Botulinum neurotoxin type B1, nontoxic-nonhemagglutinin component, NTNH OS=Clostridium botulinum (strain Okra / Type B1) GN=ntnH PE=4 SV=1 !!!ntnH	143	1197	20	7	35.00	13	0	70	89	KKDYLKLSFSSNKNLNEFTN
PROKKA_00002	tr|B2TSC3|B2TSC3_CLOBB Botulinum neurotoxin type B OS=Clostridium botulinum (strain Eklund 17B / Type B) GN=ntnH PE=4 SV=1 !!!ntnH	143	1197	20	7	35.00	13	0	70	89	KKDYLKLSFSSNKNLNEFTN
PROKKA_00002	tr|A5HZZ8|A5HZZ8_CLOBH Type A progenitor toxin nontoxic-nonha OS=Clostridium botulinum (strain Hall / ATCC 3502 / NCTC 13319 / Type A) GN=ntnH PE=4 SV=1 !!!ntnH	143	1193	20	7	35.00	13	0	70	89	KKDYLKLSFSSNKNLNEFTN
PROKKA_00002	tr|A5HZZ4|A5HZZ4_CLOBH Hemagglutinin component of the neurotoxin complex OS=Clostridium botulinum (strain Hall / ATCC 3502 / NCTC 13319 / Type A) GN=ha70 PE=1 SV=1 !!!ha70	143	626	30	11	36.67	18	1	16	45	SNGLIHLEKVNQNCSPNYQYFKIKFIEGYL
PROKKA_00002	tr|A0A060NA10|A0A060NA10_CLOBO Haemagglutinin component HA70 OS=Clostridium botulinum B str. Osaka05 GN=CBO05P2_179 PE=4 SV=1 !!!ha70	143	626	30	11	36.67	18	1	16	45	SNGLIHLEKVNQNCSPNYQYFKIKFIEGYL
PROKKA_00002	tr|M1ZPH7|M1ZPH7_CLOBO Hemagglutinin component HA70 OS=Clostridium botulinum CFSAN001627 GN=CFSAN001627_19663 PE=4 SV=1 !!!ha70	143	626	30	11	36.67	18	1	16	45	SNGLIHLEKVNQNCSPNYQYFKIKFIEGYL
PROKKA_00002	tr|A0A0B4W4X0|A0A0B4W4X0_CLOBO Hemagglutinin components HA-22/23/53 OS=Clostridium botulinum Prevot_594 GN=ha-70 PE=4 SV=1 !!!ha70	143	626	30	11	36.67	18	1	16	45	SNGLIHLEKVNQNCSPNYQYFKIKFIEGYL
PROKKA_00002	tr|B2TSB9|B2TSB9_CLOBB Heamagglutinin components HA-70 OS=Clostridium botulinum (strain Eklund 17B / Type B) GN=ha70 PE=4 SV=1 !!!ha70	143	626	30	11	36.67	18	1	16	45	SNGLIHLEKVNQNCSPNYQYFKIKFIEGYL
PROKKA_00002	tr|B1INQ0|B1INQ0_CLOBK Hemagglutinin component HA70 OS=Clostridium botulinum (strain Okra / Type B1) GN=ha70 PE=4 SV=1 !!!ha70	143	626	30	11	36.67	18	1	16	45	SNGLIHLEKVNQNCSPNYQYFKIKFIEGYL
PROKKA_00002	tr|A0A0E1L2H2|A0A0E1L2H2_CLOBO Hemagglutinin components HA-22/23/53 OS=Clostridium botulinum CDC_1436 GN=ha-70 PE=4 SV=1 !!!ha70	143	626	30	11	36.67	18	1	16	45	SNGLIHLEKVNQNCSPNYQYFKIKFIEGYL
PROKKA_00003	tr|B1INP6|B1INP6_CLOBK Botulinum neurotoxin type B1, nontoxic-nonhemagglutinin component, NTNH OS=Clostridium botulinum (strain Okra / Type B1) GN=ntnH PE=4 SV=1 !!!ntnH	54	1197	40	15	37.50	23	2	12	49	YDEWHKDETIIFIDS--KHHYLWLVIDPGSRLIISYNLSS
PROKKA_00003	tr|B1INP6|B1INP6_CLOBK Botulinum neurotoxin type B1, nontoxic-nonhemagglutinin component, NTNH OS=Clostridium botulinum (strain Okra / Type B1) GN=ntnH PE=4 SV=1 !!!ntnH	54	1197	17	9	52.94	7	1	17	33	KDETIIFIDSKHHYLWL
PROKKA_00003	tr|A5HZZ8|A5HZZ8_CLOBH Type A progenitor toxin nontoxic-nonha OS=Clostridium botulinum (strain Hall / ATCC 3502 / NCTC 13319 / Type A) GN=ntnH PE=4 SV=1 !!!ntnH	54	1193	40	15	37.50	23	2	12	49	YDEWHKDETIIFIDS--KHHYLWLVIDPGSRLIISYNLSS
PROKKA_00003	tr|A5HZZ8|A5HZZ8_CLOBH Type A progenitor toxin nontoxic-nonha OS=Clostridium botulinum (strain Hall / ATCC 3502 / NCTC 13319 / Type A) GN=ntnH PE=4 SV=1 !!!ntnH	54	1193	17	9	52.94	7	1	17	33	KDETIIFIDSKHHYLWL
PROKKA_00003	tr|B1BE43|B1BE43_CLOBO Botulinum neurotoxin type C, nontoxic-nonhemagglutinin component NTNH OS=Clostridium botulinum C str. Eklund GN=CBC_A0166 PE=4 SV=1 !!!ntnH	54	1196	12	6	50.00	6	0	17	28	KDETIIFIDSKH
PROKKA_00003	tr|B1BE43|B1BE43_CLOBO Botulinum neurotoxin type C, nontoxic-nonhemagglutinin component NTNH OS=Clostridium botulinum C str. Eklund GN=CBC_A0166 PE=4 SV=1 !!!ntnH	54	1196	7	5	71.43	2	0	27	33	KHHYLWL
PROKKA_00003	tr|C5VU80|C5VU80_CLOBO Botulinum neurotoxin type D, nontoxic-nonhemagglutinin component, NTNH OS=Clostridium botulinum D str. 1873 GN=ntnH PE=4 SV=1 !!!ntnH	54	1196	12	6	50.00	6	0	17	28	KDETIIFIDSKH
PROKKA_00003	tr|C5VU80|C5VU80_CLOBO Botulinum neurotoxin type D, nontoxic-nonhemagglutinin component, NTNH OS=Clostridium botulinum D str. 1873 GN=ntnH PE=4 SV=1 !!!ntnH	54	1196	7	5	71.43	2	0	27	33	KHHYLWL
PROKKA_00003	tr|B1L2G4|B1L2G4_CLOBM Botulinum neurotoxin type A3, nontoxic-nonhemagglutinin component, NTNH OS=Clostridium botulinum (strain Loch Maree / Type A3) GN=ntnH PE=4 SV=1 !!!ntnH	54	1159	26	10	38.46	6	10	18	33	DETIIFIDS----------KHHYLWL
PROKKA_00003	tr|C1FUH8|C1FUH8_CLOBJ Botulinum neurotoxin type A2, nontoxic-nonhemagglutinin component, NTNH OS=Clostridium botulinum (strain Kyoto / Type A2) GN=ntnH PE=4 SV=1 !!!ntnH	54	1159	26	10	38.46	6	10	18	33	DETIIFIDS----------KHHYLWL
PROKKA_00003	tr|A0A060N6G5|A0A060N6G5_CLOBO Nontoxic-nonhemagglutinin component, NTNH OS=Clostridium botulinum B str. Osaka05 GN=CBO05P2_175 PE=4 SV=1 !!!ntnH	54	1197	17	9	52.94	7	1	17	33	KDETIIFIDSKHHYLWL
PROKKA_00003	tr|B2TSC3|B2TSC3_CLOBB Botulinum neurotoxin type B OS=Clostridium botulinum (strain Eklund 17B / Type B) GN=ntnH PE=4 SV=1 !!!ntnH	54	1197	17	9	52.94	7	1	17	33	KDETIIFIDSKHHYLWL
PROKKA_00003	tr|A7GBG2|A7GBG2_CLOBL Botulinum neurotoxin type F, nontoxic-nonhemagglutinin component, NTNH OS=Clostridium botulinum (strain Langeland / NCTC 10281 / Type F) GN=ntnH PE=4 SV=1 !!!ntnH	54	1163	26	10	38.46	6	10	18	33	DETIIFIDS----------KHHYLWL
PROKKA_00003	tr|A0A0X1KH90|A0A0X1KH90_CLOBA Botulinum neurotoxin type E, nontoxic-nonhemagglutinin component, NTNH OS=Clostridium botulinum (strain Alaska E43 / Type E3) PE=1 SV=1 !!!ntnH	54	1163	10	6	60.00	4	0	17	26	KDETIIFIDS
PROKKA_00003	tr|C5UY14|C5UY14_CLOBO Botulinum neurotoxin type E1, nontoxic-nonhemagglutinin component, NTNH OS=Clostridium botulinum E1 str. 'BoNT E Beluga' GN=ntnH PE=4 SV=1 !!!ntnH	54	1163	10	6	60.00	4	0	17	26	KDETIIFIDS
PROKKA_00003	tr|C4IHM0|C4IHM0_CLOBU Botulinum neurotoxin type E, nontoxic-nonhemagglutinin component, NTNH OS=Clostridium butyricum E4 str. BoNT E BL5262 GN=ntnH PE=4 SV=1 !!!ntnH	54	1163	10	6	60.00	4	0	17	26	KDETIIFIDS
PROKKA_00003	tr|A5HZZ6|A5HZZ6_CLOBH Hemagglutinin component of the neurotoxin complex OS=Clostridium botulinum (strain Hall / ATCC 3502 / NCTC 13319 / Type A) GN=ha33 PE=1 SV=1 !!!ha33	54	293	29	8	27.59	21	0	25	53	DSKHHYLWLVIDPGSRLIISYNLSSYRDT
PROKKA_00004	tr|A7GBG0|A7GBG0_CLOBL Transcriptional regulator BotR, P-21 OS=Clostridium botulinum (strain Langeland / NCTC 10281 / Type F) GN=botR PE=4 SV=1 !!!BotR	179	178	178	173	97.19	5	0	1	178	MENLFFIIKILKDDNKKFEDIYTNYKNLIDIFIKKYNLSENYNDILNHFWIILKKADLNKFNTENDLNKYISKCLKRYCLSICTKKNRDKKIIYNSEITDINLNLIQDNCFNDIEFEFKDLISILPNNQKNIIYMKFFKDMKDIEIAKKLKISRQSVYKNKNLALEKLKPILKELINI
PROKKA_00004	tr|B1L2G2|B1L2G2_CLOBM Transcriptional regulator BotR, P-21 OS=Clostridium botulinum (strain Loch Maree / Type A3) GN=botR PE=4 SV=1 !!!BotR	179	184	178	168	94.38	10	0	1	178	MENLFFIIKILKDDNKKFEDIYTNYKNLIDIFIKKYNLSENYNDILNHFWIILKKADLNKFNTENDLNKYISKCLKRYCLSICTKKNRDKKIIYNSEITDINLNLIQDNCFNDIEFEFKDLISILPNNQKNIIYMKFFKDMKDIEIAKKLKISRQSVYKNKNLALEKLKPILKELINI
PROKKA_00004	tr|A0A073CMR9|A0A073CMR9_CLOBO Transcriptional regulator OS=Clostridium botulinum A2B3 87 GN=N496_18580 PE=4 SV=1 !!! 	179	178	178	163	91.57	15	0	1	178	MENLFFIIKILKDDNKKFEDIYTNYKNLIDIFIKKYNLSENYNDILNHFWIILKKADLNKFNTENDLNKYISKCLKRYCLSICTKKNRDKKIIYNSEITDINLNLIQDNCFNDIEFEFKDLISILPNNQKNIIYMKFFKDMKDIEIAKKLKISRQSVYKNKNLALEKLKPILKELINI
PROKKA_00004	tr|A0A0C1QVR0|A0A0C1QVR0_9CLOT Transcriptional regulator BotR, P-21 OS=Clostridium argentinense CDC 2741 GN=botR PE=4 SV=1 !!!BotR	179	178	178	109	61.24	69	0	1	178	MENLFFIIKILKDDNKKFEDIYTNYKNLIDIFIKKYNLSENYNDILNHFWIILKKADLNKFNTENDLNKYISKCLKRYCLSICTKKNRDKKIIYNSEITDINLNLIQDNCFNDIEFEFKDLISILPNNQKNIIYMKFFKDMKDIEIAKKLKISRQSVYKNKNLALEKLKPILKELINI
PROKKA_00004	tr|A0A073CP83|A0A073CP83_CLOBO Transcriptional regulator OS=Clostridium botulinum A2B3 87 GN=N496_19575 PE=4 SV=1 !!! 	179	178	178	111	62.36	67	0	1	178	MENLFFIIKILKDDNKKFEDIYTNYKNLIDIFIKKYNLSENYNDILNHFWIILKKADLNKFNTENDLNKYISKCLKRYCLSICTKKNRDKKIIYNSEITDINLNLIQDNCFNDIEFEFKDLISILPNNQKNIIYMKFFKDMKDIEIAKKLKISRQSVYKNKNLALEKLKPILKELINI
PROKKA_00004	tr|A5HZZ7|A5HZZ7_CLOBH RNA polymerase ECF-type sigma factor OS=Clostridium botulinum (strain Hall / ATCC 3502 / NCTC 13319 / Type A) GN=botR PE=4 SV=1 !!!BotR	179	178	178	110	61.80	68	0	1	178	MENLFFIIKILKDDNKKFEDIYTNYKNLIDIFIKKYNLSENYNDILNHFWIILKKADLNKFNTENDLNKYISKCLKRYCLSICTKKNRDKKIIYNSEITDINLNLIQDNCFNDIEFEFKDLISILPNNQKNIIYMKFFKDMKDIEIAKKLKISRQSVYKNKNLALEKLKPILKELINI
PROKKA_00004	tr|S8CEF4|S8CEF4_CLOBO Transcriptional regulator BotR, P-21 OS=Clostridium botulinum CFSAN002367 GN=CFSAN002367_15806 PE=4 SV=1 !!!BotR	179	178	178	110	61.80	68	0	1	178	MENLFFIIKILKDDNKKFEDIYTNYKNLIDIFIKKYNLSENYNDILNHFWIILKKADLNKFNTENDLNKYISKCLKRYCLSICTKKNRDKKIIYNSEITDINLNLIQDNCFNDIEFEFKDLISILPNNQKNIIYMKFFKDMKDIEIAKKLKISRQSVYKNKNLALEKLKPILKELINI
PROKKA_00004	tr|A0A0D1AER2|A0A0D1AER2_CLOBO Transcriptional regulator OS=Clostridium botulinum B2 450 GN=N495_19875 PE=4 SV=1 !!! 	179	178	178	110	61.80	68	0	1	178	MENLFFIIKILKDDNKKFEDIYTNYKNLIDIFIKKYNLSENYNDILNHFWIILKKADLNKFNTENDLNKYISKCLKRYCLSICTKKNRDKKIIYNSEITDINLNLIQDNCFNDIEFEFKDLISILPNNQKNIIYMKFFKDMKDIEIAKKLKISRQSVYKNKNLALEKLKPILKELINI
PROKKA_00004	tr|M1ZWZ6|M1ZWZ6_CLOBO Transcriptional regulator BotR, P-21 OS=Clostridium botulinum CFSAN001627 GN=CFSAN001627_10483 PE=4 SV=1 !!!BotR	179	178	178	110	61.80	68	0	1	178	MENLFFIIKILKDDNKKFEDIYTNYKNLIDIFIKKYNLSENYNDILNHFWIILKKADLNKFNTENDLNKYISKCLKRYCLSICTKKNRDKKIIYNSEITDINLNLIQDNCFNDIEFEFKDLISILPNNQKNIIYMKFFKDMKDIEIAKKLKISRQSVYKNKNLALEKLKPILKELINI
PROKKA_00004	tr|A0A060N3U8|A0A060N3U8_CLOBO Transcriptional regulator botR OS=Clostridium botulinum B str. Osaka05 GN=CBO05P2_176 PE=4 SV=1 !!!BotR	179	178	178	110	61.80	68	0	1	178	MENLFFIIKILKDDNKKFEDIYTNYKNLIDIFIKKYNLSENYNDILNHFWIILKKADLNKFNTENDLNKYISKCLKRYCLSICTKKNRDKKIIYNSEITDINLNLIQDNCFNDIEFEFKDLISILPNNQKNIIYMKFFKDMKDIEIAKKLKISRQSVYKNKNLALEKLKPILKELINI
PROKKA_00004	tr|B2TSC2|B2TSC2_CLOBB Putative RNA polymerase sigma factor OS=Clostridium botulinum (strain Eklund 17B / Type B) GN=botR PE=4 SV=1 !!!BotR	179	179	172	106	61.63	66	0	1	172	MENLFFIIKILKDDNKKFEDIYTNYKNLIDIFIKKYNLSENYNDILNHFWIILKKADLNKFNTENDLNKYISKCLKRYCLSICTKKNRDKKIIYNSEITDINLNLIQDNCFNDIEFEFKDLISILPNNQKNIIYMKFFKDMKDIEIAKKLKISRQSVYKNKNLALEKLKPIL
PROKKA_00004	tr|B1BE47|B1BE47_CLOBO Clostridium toxin-associated regulator BotR OS=Clostridium botulinum C str. Eklund GN=botR PE=4 SV=1 !!!BotR	179	179	187	87	46.52	83	17	1	178	MENLFFIIKILKDDNKKFEDIYTNYKNLIDIFIKKY---------NLSENYNDILNHFWIILKKADLNKFNTENDLNKYISKCLKRYCLSICTKKNRDKKIIYNSEITDINLNLIQDNCFNDIEFEFKDLISILPNNQKNIIYMKFFKDMKDIEIAKKLKISRQSVYKNKNLALEKLKPILKELINI
PROKKA_00004	tr|A5HZZ8|A5HZZ8_CLOBH Type A progenitor toxin nontoxic-nonha OS=Clostridium botulinum (strain Hall / ATCC 3502 / NCTC 13319 / Type A) GN=ntnH PE=4 SV=1 !!!ntnH	179	1193	36	14	38.89	11	11	83	118	CTKKNRDKKIIYNSEITDINLNLIQDNCFNDIEFEF
PROKKA_00004	tr|A0A060N6G5|A0A060N6G5_CLOBO Nontoxic-nonhemagglutinin component, NTNH OS=Clostridium botulinum B str. Osaka05 GN=CBO05P2_175 PE=4 SV=1 !!!ntnH	179	1197	25	13	52.00	12	0	100	124	DINLNLIQDNCFNDIEFEFKDLISI
PROKKA_00004	tr|A0A060N6G5|A0A060N6G5_CLOBO Nontoxic-nonhemagglutinin component, NTNH OS=Clostridium botulinum B str. Osaka05 GN=CBO05P2_175 PE=4 SV=1 !!!ntnH	179	1197	81	19	23.46	61	1	65	144	NDLNKYISKCLKRYCLSICTKKNRDKKIIYNSEITDIN-LNLIQDNCFNDIEFEFKDLISILPNNQKNIIYMKFFKDMKDI
PROKKA_00004	tr|B1INP6|B1INP6_CLOBK Botulinum neurotoxin type B1, nontoxic-nonhemagglutinin component, NTNH OS=Clostridium botulinum (strain Okra / Type B1) GN=ntnH PE=4 SV=1 !!!ntnH	179	1197	25	13	52.00	12	0	100	124	DINLNLIQDNCFNDIEFEFKDLISI
PROKKA_00004	tr|B2TSC3|B2TSC3_CLOBB Botulinum neurotoxin type B OS=Clostridium botulinum (strain Eklund 17B / Type B) GN=ntnH PE=4 SV=1 !!!ntnH	179	1197	25	12	48.00	13	0	100	124	DINLNLIQDNCFNDIEFEFKDLISI
PROKKA_00004	tr|B2TSC3|B2TSC3_CLOBB Botulinum neurotoxin type B OS=Clostridium botulinum (strain Eklund 17B / Type B) GN=ntnH PE=4 SV=1 !!!ntnH	179	1197	81	19	23.46	61	1	65	144	NDLNKYISKCLKRYCLSICTKKNRDKKIIYNSEITDIN-LNLIQDNCFNDIEFEFKDLISILPNNQKNIIYMKFFKDMKDI
PROKKA_00004	tr|C5UY13|C5UY13_CLOBO P-47 protein OS=Clostridium botulinum E1 str. 'BoNT E Beluga' GN=p47 PE=4 SV=1 !!!P-47	179	416	62	20	32.26	32	10	75	135	LKRYCLSICTKKNRDKKIIYNSEITDINLNLIQDNCFNDIEFEF-KDLISILPNNQKNIIYM
PROKKA_00004	tr|C4IHM0|C4IHM0_CLOBU Botulinum neurotoxin type E, nontoxic-nonhemagglutinin component, NTNH OS=Clostridium butyricum E4 str. BoNT E BL5262 GN=ntnH PE=4 SV=1 !!!ntnH	179	1163	53	16	30.19	25	12	69	121	KYISKCLKRYCLSICTKKNRDKKIIYNSEITDINLNLIQDNCFNDIEFEFKDL
PROKKA_00004	tr|C4IHM0|C4IHM0_CLOBU Botulinum neurotoxin type E, nontoxic-nonhemagglutinin component, NTNH OS=Clostridium butyricum E4 str. BoNT E BL5262 GN=ntnH PE=4 SV=1 !!!ntnH	179	1163	13	6	46.15	7	0	38	50	LSENYNDILNHFW
PROKKA_00004	tr|A0A0X1KH90|A0A0X1KH90_CLOBA Botulinum neurotoxin type E, nontoxic-nonhemagglutinin component, NTNH OS=Clostridium botulinum (strain Alaska E43 / Type E3) PE=1 SV=1 !!!ntnH	179	1163	53	16	30.19	25	12	69	121	KYISKCLKRYCLSICTKKNRDKKIIYNSEITDINLNLIQDNCFNDIEFEFKDL
PROKKA_00004	tr|A0A0X1KH90|A0A0X1KH90_CLOBA Botulinum neurotoxin type E, nontoxic-nonhemagglutinin component, NTNH OS=Clostridium botulinum (strain Alaska E43 / Type E3) PE=1 SV=1 !!!ntnH	179	1163	13	6	46.15	7	0	38	50	LSENYNDILNHFW
PROKKA_00004	tr|C5UY14|C5UY14_CLOBO Botulinum neurotoxin type E1, nontoxic-nonhemagglutinin component, NTNH OS=Clostridium botulinum E1 str. 'BoNT E Beluga' GN=ntnH PE=4 SV=1 !!!ntnH	179	1163	53	16	30.19	25	12	69	121	KYISKCLKRYCLSICTKKNRDKKIIYNSEITDINLNLIQDNCFNDIEFEFKDL
PROKKA_00004	tr|C5UY14|C5UY14_CLOBO Botulinum neurotoxin type E1, nontoxic-nonhemagglutinin component, NTNH OS=Clostridium botulinum E1 str. 'BoNT E Beluga' GN=ntnH PE=4 SV=1 !!!ntnH	179	1163	13	6	46.15	7	0	38	50	LSENYNDILNHFW
PROKKA_00004	tr|B1L2G4|B1L2G4_CLOBM Botulinum neurotoxin type A3, nontoxic-nonhemagglutinin component, NTNH OS=Clostridium botulinum (strain Loch Maree / Type A3) GN=ntnH PE=4 SV=1 !!!ntnH	179	1159	16	7	43.75	9	0	103	118	LNLIQDNCFNDIEFEF
PROKKA_00004	tr|B2TSC1|B2TSC1_CLOBB Haemagglutinin component OS=Clostridium botulinum (strain Eklund 17B / Type B) GN=ha33 PE=4 SV=1  !!!ha33	179	292	15	6	40.00	9	0	47	61	NHFWIILKKADLNKF
PROKKA_00005	tr|B1L2G3|B1L2G3_CLOBM P-47 protein OS=Clostridium botulinum (strain Loch Maree / Type A3) GN=p47 PE=4 SV=1 !!!P-47	417	416	416	313	75.24	103	0	1	416	MNTYGWDIVYGCSKRVVNKHLEEYITKNKVEFLYSNTAKKQEIKMNFQSWEIINGGTSNFLRIKILIKKGYFKVRNTTIDLSGINPVLEIKLDFFNDTSNPNVKKLKFDFGSESSDNIKVIVSDLSGKLDEEDQFYFNKLLIDTFIQNEKQVSYIFASLNVTSNIAWMNPKQFKFVYYSPTNNSDGYLFILSVVTNRDISKLSTNVDGNILSNNSEVGLLISEKLFFQNLALPKLSSNMGSDISQKNFEVSSYSDTTAGIYNSSTLNWYGIKVGLIWYYPKINSFVLNSYEGNKLNIKVSGRVKLTGYEIVYADFSISSINKFMYDSKNKRAYFEIDKNAKTDKKIYIRPVDLIPAAIINSVVYWSMESIKEALGFQLANNFTNIINDIVNWNNLKISEVTNVIFNVGFCIQGKAN
PROKKA_00005	tr|A0A073CND8|A0A073CND8_CLOBO P-47 protein OS=Clostridium botulinum A2B3 87 GN=N496_18585 PE=4 SV=1 !!!P-47	417	415	416	320	76.92	95	1	1	416	MNTYGWDIVYGCSKRVVNKHLEEYITKNKVEFLYSNTAKKQEIKMNFQSWEIINGGTSNFLRIKILIKKGYFKVRNTTIDLSGINPVLEIKLDFFNDTSNPNVKKLKFDFGSESSDNIKVIVSDLSGKLDEEDQFYFNKLLIDTFIQNEKQVSYIFASLNVTSNIAWMNPKQFKFVYYSPTNNSDGYLFILSVVTNRDISKLSTNVDGNILSNNSEVGLLISEKLFFQNLALPKLSSNMGSDISQKNFEVSSYSDTTAGIYNSSTLNWYGIKVGLIWYYPKINSFVLNSYEGNKLNIKVSGRVKLTGYEIVYADFSISSINKFMYDSKNKRAYFEIDKNAKTDKKIYIRPVDLIPAAIINSVVYWSMESIKEALGFQLANNFTNIINDIVNWNNLKISEVTNVIFNVGFCIQGKAN
PROKKA_00005	tr|C1FUH7|C1FUH7_CLOBJ P-47 protein OS=Clostridium botulinum (strain Kyoto / Type A2) GN=p47 PE=4 SV=1 !!!P-47	417	416	416	307	73.80	109	0	1	416	MNTYGWDIVYGCSKRVVNKHLEEYITKNKVEFLYSNTAKKQEIKMNFQSWEIINGGTSNFLRIKILIKKGYFKVRNTTIDLSGINPVLEIKLDFFNDTSNPNVKKLKFDFGSESSDNIKVIVSDLSGKLDEEDQFYFNKLLIDTFIQNEKQVSYIFASLNVTSNIAWMNPKQFKFVYYSPTNNSDGYLFILSVVTNRDISKLSTNVDGNILSNNSEVGLLISEKLFFQNLALPKLSSNMGSDISQKNFEVSSYSDTTAGIYNSSTLNWYGIKVGLIWYYPKINSFVLNSYEGNKLNIKVSGRVKLTGYEIVYADFSISSINKFMYDSKNKRAYFEIDKNAKTDKKIYIRPVDLIPAAIINSVVYWSMESIKEALGFQLANNFTNIINDIVNWNNLKISEVTNVIFNVGFCIQGKAN
PROKKA_00005	tr|M1ZUL7|M1ZUL7_CLOBO P-47 protein OS=Clostridium botulinum CFSAN001627 GN=CFSAN001627_20700 PE=4 SV=1 !!!P-47	417	416	416	310	74.52	106	0	1	416	MNTYGWDIVYGCSKRVVNKHLEEYITKNKVEFLYSNTAKKQEIKMNFQSWEIINGGTSNFLRIKILIKKGYFKVRNTTIDLSGINPVLEIKLDFFNDTSNPNVKKLKFDFGSESSDNIKVIVSDLSGKLDEEDQFYFNKLLIDTFIQNEKQVSYIFASLNVTSNIAWMNPKQFKFVYYSPTNNSDGYLFILSVVTNRDISKLSTNVDGNILSNNSEVGLLISEKLFFQNLALPKLSSNMGSDISQKNFEVSSYSDTTAGIYNSSTLNWYGIKVGLIWYYPKINSFVLNSYEGNKLNIKVSGRVKLTGYEIVYADFSISSINKFMYDSKNKRAYFEIDKNAKTDKKIYIRPVDLIPAAIINSVVYWSMESIKEALGFQLANNFTNIINDIVNWNNLKISEVTNVIFNVGFCIQGKAN
PROKKA_00005	tr|A7GBG1|A7GBG1_CLOBL P-47 protein OS=Clostridium botulinum (strain Langeland / NCTC 10281 / Type F) GN=p47 PE=4 SV=1 !!!P-47	417	416	416	307	73.80	109	0	1	416	MNTYGWDIVYGCSKRVVNKHLEEYITKNKVEFLYSNTAKKQEIKMNFQSWEIINGGTSNFLRIKILIKKGYFKVRNTTIDLSGINPVLEIKLDFFNDTSNPNVKKLKFDFGSESSDNIKVIVSDLSGKLDEEDQFYFNKLLIDTFIQNEKQVSYIFASLNVTSNIAWMNPKQFKFVYYSPTNNSDGYLFILSVVTNRDISKLSTNVDGNILSNNSEVGLLISEKLFFQNLALPKLSSNMGSDISQKNFEVSSYSDTTAGIYNSSTLNWYGIKVGLIWYYPKINSFVLNSYEGNKLNIKVSGRVKLTGYEIVYADFSISSINKFMYDSKNKRAYFEIDKNAKTDKKIYIRPVDLIPAAIINSVVYWSMESIKEALGFQLANNFTNIINDIVNWNNLKISEVTNVIFNVGFCIQGKAN
PROKKA_00005	tr|C5UY13|C5UY13_CLOBO P-47 protein OS=Clostridium botulinum E1 str. 'BoNT E Beluga' GN=p47 PE=4 SV=1 !!!P-47	417	416	416	294	70.67	122	0	1	416	MNTYGWDIVYGCSKRVVNKHLEEYITKNKVEFLYSNTAKKQEIKMNFQSWEIINGGTSNFLRIKILIKKGYFKVRNTTIDLSGINPVLEIKLDFFNDTSNPNVKKLKFDFGSESSDNIKVIVSDLSGKLDEEDQFYFNKLLIDTFIQNEKQVSYIFASLNVTSNIAWMNPKQFKFVYYSPTNNSDGYLFILSVVTNRDISKLSTNVDGNILSNNSEVGLLISEKLFFQNLALPKLSSNMGSDISQKNFEVSSYSDTTAGIYNSSTLNWYGIKVGLIWYYPKINSFVLNSYEGNKLNIKVSGRVKLTGYEIVYADFSISSINKFMYDSKNKRAYFEIDKNAKTDKKIYIRPVDLIPAAIINSVVYWSMESIKEALGFQLANNFTNIINDIVNWNNLKISEVTNVIFNVGFCIQGKAN
PROKKA_00005	tr|C1FUH3|C1FUH3_CLOBJ Toxin complex component ORF-X3 OS=Clostridium botulinum (strain Kyoto / Type A2) GN=CLM_0891 PE=4 SV=1 !!!ORF-X3	417	490	388	100	25.77	223	65	3	346	TYGWDIVYGCSKRVVNKHLE-EYITKNKVEFLYSNTAKKQEIKMNFQSWEIINGGTSNFLRIKILIKKGYFKVRNTTIDLSGI------NPVLEIKLDF---FNDTSNPNVK--KLKFDFGSESSDNIKVIV----SDLSG----------KLDEEDQF---YFNKLLIDTFIQNEKQVSYIFASLNVTSNIA------WMNPKQFKFVYYSPTNN-SDGYLFILSVVTNRDISK-LSTNVDGNILSNNSEVGLLISEKLFFQNLALPKLSSNMGSDISQKNFEVSSYSDTTAGIYN-------SSTLNWYGIKVGLIWYYPKINSFVLNSYEGNKLNIKVSGRVKLTGYEIVYADFSISSINKFMYDSKNKRAYFEIDKNAKTDKKI
PROKKA_00005	tr|A7GBF7|A7GBF7_CLOBL Toxin complex component ORF-X3 OS=Clostridium botulinum (strain Langeland / NCTC 10281 / Type F) GN=CLI_0845 PE=4 SV=1 !!!ORF-X3	417	490	388	97	25.00	226	65	3	346	TYGWDIVYGCSKRVVNKHLE-EYITKNKVEFLYSNTAKKQEIKMNFQSWEIINGGTSNFLRIKILIKKGYFKVRNTTIDLSGI------NPVLEIKLDF---FNDTSNPNVK--KLKFDFGSESSDNIKVIV----SDLSG----------KLDEEDQF---YFNKLLIDTFIQNEKQVSYIFASLNVTSNIA------WMNPKQFKFVYYSPTNN-SDGYLFILSVVTNRDISKLSTN-VDGNILSNNSEVGLLISEKLFFQNLALPKLSSNMGSDISQKNFEVSSYSDTTAGIYN-------SSTLNWYGIKVGLIWYYPKINSFVLNSYEGNKLNIKVSGRVKLTGYEIVYADFSISSINKFMYDSKNKRAYFEIDKNAKTDKKI
PROKKA_00005	tr|B1L2F9|B1L2F9_CLOBM Toxin complex component ORF-X3 OS=Clostridium botulinum (strain Loch Maree / Type A3) GN=CLK_A0070 PE=4 SV=1 !!!ORF-X3	417	490	271	73	26.94	156	42	3	236	TYGWDIVYGCSKRVVNKHLE-EYITKNKVEFLYSNTAKKQEIKMNFQSWEIINGGTSNFLRIKILIKKGYFKVRNTTIDLSGI------NPVLEIKLDF---FNDTSNPNVK--KLKFDFGSESSDNIKVIV----SDLSG----------KLDEEDQF---YFNKLLIDTFIQNEKQVSYIFASLNVTSNIA------WMNPKQFKFVYYSPTNN-SDGYLFILSVVTNRDISK-LSTNVDGNILSNNSEVGLLISEKLFFQNLALPKLS
PROKKA_00005	tr|A0A059PY44|A0A059PY44_9CLOT Toxin complex component ORF-X3 OS=Clostridium baratii PE=4 SV=1 !!!ORF-X3	417	491	297	73	24.58	176	48	3	259	TYGWDIVYGCSKRVVNKHLE-EYITKNKVEFLYSNTAKKQEIKMNFQSWEIINGGTSNFLRIKILIKKGYFKVRNTTIDLSGINPV------LEIKLDFF-----NDTSNPNVKKLKFDFGSESSDNIKVIV---------------SDLSGKLDEEDQF---YFNKLLIDTFIQNEKQVSYIFASLNVTSNIA------WMNPKQFKFVYYS----PTNNSDGYLFILSVVTNRDISKLSTNVDGNILSNNSEVGLLISEKLFFQNLALPKLSSNMGSDISQKNFEVSSYSDTTAG
PROKKA_00005	tr|A0A0A7FV57|A0A0A7FV57_9CLOT Clostridium P-47 family protein OS=Clostridium baratii str. Sullivan GN=U729_696 PE=4 SV=1 !!!P-47	417	491	297	73	24.58	176	48	3	259	TYGWDIVYGCSKRVVNKHLE-EYITKNKVEFLYSNTAKKQEIKMNFQSWEIINGGTSNFLRIKILIKKGYFKVRNTTIDLSGINPV------LEIKLDFF-----NDTSNPNVKKLKFDFGSESSDNIKVIV---------------SDLSGKLDEEDQF---YFNKLLIDTFIQNEKQVSYIFASLNVTSNIA------WMNPKQFKFVYYS----PTNNSDGYLFILSVVTNRDISKLSTNVDGNILSNNSEVGLLISEKLFFQNLALPKLSSNMGSDISQKNFEVSSYSDTTAG
PROKKA_00005	tr|C5UY10|C5UY10_CLOBO Toxin complex component ORF-X3 OS=Clostridium botulinum E1 str. 'BoNT E Beluga' GN=CLO_2647 PE=4 SV=1 !!!ORF-X3	417	487	268	70	26.12	159	39	3	236	TYGWDIVYGCSKRVVNKHLE-EYITKNKVEFLYSNTAKKQEIKMNFQSWEIINGGTSNFLRIKILIKKGYFKVRNTTIDLSG------INPVLEIKLDF---FNDTSNPNVK--KLKFDFGSESSDNIKVIV----SDLSG-------KLDEEDQF---YFNKLLIDTFIQNEKQVSYIFASLNVTSNIA------WMNPKQFKFVYYSPTNN-SDGYLFILSVVTNRDISK-LSTNVDGNILSNNSEVGLLISEKLFFQNLALPKLS
PROKKA_00005	tr|A0A059PYB0|A0A059PYB0_9CLOT Toxin complex component ORF-X2 OS=Clostridium baratii PE=4 SV=1 !!!ORF-X2	417	748	275	59	21.45	163	53	5	237	GWDIVYGCSKRVVN----------KHLEEYITKNKVEFLYSNTAKKQEIKMNFQSWEIINGGTSNFLRIKILIKKGYFKVRNTTIDLSGIN-PVLEIKLDFFNDTS---NP----NVKKLKFDFGSESSDNIKVIVSDLSGKLDEEDQFY----------FNKLLIDTFIQNEKQVSYIFASLNVTS---NIAWMNPKQFKFVYYSPTNNSD----------GYLFILSVVTNRDISKLSTNVDGNILSN-NSEVGLLISEKLFFQNLALPKLSS
PROKKA_00005	tr|A7GBF8|A7GBF8_CLOBL Toxin complex component ORF-X2 OS=Clostridium botulinum (strain Langeland / NCTC 10281 / Type F) GN=CLI_0846 PE=4 SV=1 !!!ORF-X2	417	750	255	63	24.71	158	34	5	229	GWDIVYGCSKRVVNKHLEEYITKNKV-----EFLYSNTAKKQEIKMNFQSWEIINGGTSNFLRIKILIKKGYFKVRNTTIDLSGINPVL-EIKLDFF------NDTSNPNVKK---LKFDFGSESSDNIKVI---VSDLSGKLDEEDQFYFNKLLIDTFIQNEKQVSYIFAS--LNVTSNIA---WMNPKQFKFVYYS-PTNNS----DGYLF-ILSVVTNRDISKLSTNVDGNILS-NNSEVGLLISEKLFFQN
PROKKA_00005	tr|A7GBF8|A7GBF8_CLOBL Toxin complex component ORF-X2 OS=Clostridium botulinum (strain Langeland / NCTC 10281 / Type F) GN=CLI_0846 PE=4 SV=1 !!!ORF-X2	417	750	52	20	38.46	29	3	180	231	PTNNSDGYLFILSVVTNRDISKLSTNVDGNILSNNSEVGLLISEKLFFQNLA
PROKKA_00005	tr|A7GBF8|A7GBF8_CLOBL Toxin complex component ORF-X2 OS=Clostridium botulinum (strain Langeland / NCTC 10281 / Type F) GN=CLI_0846 PE=4 SV=1 !!!ORF-X2	417	750	51	16	31.37	32	3	251	299	SSYSDTTAGIYNSSTLNWYGIKVGLIWYYPK--INSFVLNSYEGNKLNIKV
PROKKA_00005	tr|A0A059PYE4|A0A059PYE4_9CLOT Toxin OS=Clostridium baratii GN=UC77_04385 PE=4 SV=1 !!! 	417	140	110	29	26.36	70	11	57	155	TSNFLRIKILIKKGYFKVRNTT------IDLSGINPVLEIKLDFFNDTSNPNVKKLK--FDFGSESSDNIKVIVSDLSGKLDEEDQF---YFNKLLIDTFIQNEKQVSYI
PROKKA_00005	tr|A0A0A7FVW8|A0A0A7FVW8_9CLOT Putative oRF-X1 OS=Clostridium baratii str. Sullivan GN=U729_698 PE=4 SV=1 !!!ORF-X1	417	140	110	29	26.36	70	11	57	155	TSNFLRIKILIKKGYFKVRNTT------IDLSGINPVLEIKLDFFNDTSNPNVKKLK--FDFGSESSDNIKVIVSDLSGKLDEEDQF---YFNKLLIDTFIQNEKQVSYI
PROKKA_00005	tr|C5UY11|C5UY11_CLOBO Toxin complex component ORF-X2 OS=Clostridium botulinum E1 str. 'BoNT E Beluga' GN=CLO_2648 PE=4 SV=1 !!!ORF-X2	417	748	305	65	21.31	165	75	1	252	MNTYGWDIVYGCSKRVVNKHLEEYITKNKV---EFLYSNTAKKQE--IKMNFQSWEIINGGTSNFLRIKILIKKG------------------------YFKVRNTTIDLSGINPVLEIKLDFFNDTSNPNVKKLKFDFGSESSDNIKVI------VSDLSGKLDEEDQFYFNKLLIDTFIQNEKQVSYIFA--SLNVTSNIA---WMNPKQFKFVYYS-----PTN------NSDGYLF-ILSVVTNRDISKLSTNVDGNILS-NNSEVGLLISEKLFFQNLALPKLSSNMGSDISQKNFEVSS
PROKKA_00005	tr|C5UY11|C5UY11_CLOBO Toxin complex component ORF-X2 OS=Clostridium botulinum E1 str. 'BoNT E Beluga' GN=CLO_2648 PE=4 SV=1 !!!ORF-X2	417	748	33	9	27.27	24	0	46	78	NFQSWEIINGGTSNFLRIKILIKKGYFKVRNTT
PROKKA_00005	tr|A7GBF9|A7GBF9_CLOBL Toxin complex component ORF-X1 OS=Clostridium botulinum (strain Langeland / NCTC 10281 / Type F) GN=CLI_0847 PE=4 SV=1 !!!ORF-X1	417	142	85	24	28.24	47	14	57	129	TSNFLRIKILIKKGYFKVRNTT------IDLSGINPVLEIKLDFFNDTSNPNVKKLKFDFGS------ESSDNIKVIVSDLSGKL
PROKKA_00005	tr|C5UY12|C5UY12_CLOBO Toxin complex component ORF-X1 OS=Clostridium botulinum E1 str. 'BoNT E Beluga' GN=CLO_2649 PE=4 SV=1 !!!ORF-X1	417	144	48	14	29.17	25	9	16	63	VVNKHLEEYITKNKVEFLYSNTAKKQEIKMNFQSWEIINGGTSNFLRI
PROKKA_00005	tr|C4IHL7|C4IHL7_CLOBU Toxin complex component ORF-X1 OS=Clostridium butyricum E4 str. BoNT E BL5262 GN=CLP_2748 PE=4 SV=1 !!!ORF-X1	417	144	48	14	29.17	25	9	16	63	VVNKHLEEYITKNKVEFLYSNTAKKQEIKMNFQSWEIINGGTSNFLRI
PROKKA_00006	tr|B1L2G4|B1L2G4_CLOBM Botulinum neurotoxin type A3, nontoxic-nonhemagglutinin component, NTNH OS=Clostridium botulinum (strain Loch Maree / Type A3) GN=ntnH PE=4 SV=1 !!!ntnH	1163	1159	1161	1032	88.89	126	3	1	1160	MKINNNFNINSLVDNRDVAIVRGRKTDALFKVFQVAPNIWIAPERYYGESLNINEDQKSDGGIYDSSFLSTDNEKDEFLQATVKILQRINNNVIGAKLLSLISTAISFPYEYKPGDYRQTNYLTSKYNEHYYTANLVIFGPGSNIIKNNVVYYKKEYAENGMGTMSEIWFQPFLTYKYDQFYVDPALELIKCLIKSLYYLYGIKPSDDLSIPYRLRSELNNSEYSQLDIVDFLISGGTDYKLLNTNPYWITDNYFSDAPKNFEKYKNDYETKIKNNNDIANSIKLYLEQKFKINVQNIWELNLSYFSKEFQIMMPERYNNALNHYYKKEYYGIDYFRNYNINGFEKGQIKTNLPLSKYNKYIINKPELIVNLINQNNTVLMKSNIYGDGLKCTIDNFYSSYKIPYNANYEHPINYSYLDNVNIEEIDKIPPINDADIYPYRKNADTFIPVYNIIKSKEINTTTPLPVNYLQVQITDSNDINLSSDFLEVISSKGSS-VYSFLNNTMDYLESIKYDKPIDTDKKYYKWLKAIFRNYSFDITETQEISNQFGVTKIVPWIGRALNILNTNNSFMEEFKNLGPISLINKKENITMPKIEIDEIPNSMLNLSFKDLSENLFNISFKNNSYFKKIYYDFLDQWWTQYYSQYFDLICMAKKSILAQEKLIKKIIRKKLSYLIGNANISSDNLALMNLTTTNTLRDISNESQIAMNNVDSFLNDAAICVFESNIYPKFISFMEQCINNINKDTKEFIQKCTNITENEKLQLISQNIFSSLDFDFLNIENLKSLLSSETALLIKEETSPYELVLYAFQELSNNVIGDASGKNTSIEYSKDIGLVYGINSDALYLNGSNQSISFSNDFFENGLTNSFSIHFWLRNLGQDTTKSKLIGSKEDNCGWEIYFQNTGLVFNMIDSNGDEKNIYLSDVSNNSWHYITISVDRLKEQLLIFIDDNLVVNESIKEILNIYSSNIISLLSDNNASYIEGLTILNKPTTSEEVLSNYFKNLNNSYIRDSNEERLEYNKTYQLYNYVFSDKPICEVKQNNNIYLTINNTNNLNLQASKFKLLSINPNKQYVQKFDEVIISVLDNMEKYIDISEDNRLQLIDNKNSAKKMIISNDIFISNCLTLSYGDKYVCLSMKDENYNWMICNNESNIPKKAYLWILK
PROKKA_00006	tr|A7GBG2|A7GBG2_CLOBL Botulinum neurotoxin type F, nontoxic-nonhemagglutinin component, NTNH OS=Clostridium botulinum (strain Langeland / NCTC 10281 / Type F) GN=ntnH PE=4 SV=1 !!!ntnH	1163	1163	1163	1021	87.79	141	1	1	1162	MKINNNFNINSLVDNRDVAIVRGRKTDALFKVFQVAPNIWIAPERYYGESLNINEDQKSDGGIYDSSFLSTDNEKDEFLQATVKILQRINNNVIGAKLLSLISTAISFPYEYKPGDYRQTNYLTSKYNEHYYTANLVIFGPGSNIIKNNVVYYKKEYAENGMGTMSEIWFQPFLTYKYDQFYVDPALELIKCLIKSLYYLYGIKPSDDLSIPYRLRSELNNSEYSQLDIVDFLISGGTDYKLLNTNPYWITDNYFSDAPKNFEKYKNDYETKIKNNNDIANSIKLYLEQKFKINVQNIWELNLSYFSKEFQIMMPERYNNALNHYYKKEYYGIDYFRNYNINGFEKGQIKTNLPLSKYNKYIINKPELIVNLINQNNTVLMKSNIYGDGLKCTIDNFYSSYKIPYNANYEHPINYSYLDNVNIEEIDKIPPINDADIYPYRKNADTFIPVYNIIKSKEINTTTPLPVNYLQVQITDSNDINLSSDFLEVISSKGSS-VYSFLNNTMDYLESIKYDKPIDTDKKYYKWLKAIFRNYSFDITETQEISNQFGVTKIVPWIGRALNILNTNNSFMEEFKNLGPISLINKKENITMPKIEIDEIPNSMLNLSFKDLSENLFNISFKNNSYFKKIYYDFLDQWWTQYYSQYFDLICMAKKSILAQEKLIKKIIRKKLSYLIGNANISSDNLALMNLTTTNTLRDISNESQIAMNNVDSFLNDAAICVFESNIYPKFISFMEQCINNINKDTKEFIQKCTNITENEKLQLISQNIFSSLDFDFLNIENLKSLLSSETALLIKEETSPYELVLYAFQELSNNVIGDASGKNTSIEYSKDIGLVYGINSDALYLNGSNQSISFSNDFFENGLTNSFSIHFWLRNLGQDTTKSKLIGSKEDNCGWEIYFQNTGLVFNMIDSNGDEKNIYLSDVSNNSWHYITISVDRLKEQLLIFIDDNLVVNESIKEILNIYSSNIISLLSDNNASYIEGLTILNKPTTSEEVLSNYFKNLNNSYIRDSNEERLEYNKTYQLYNYVFSDKPICEVKQNNNIYLTINNTNNLNLQASKFKLLSINPNKQYVQKFDEVIISVLDNMEKYIDISEDNRLQLIDNKNSAKKMIISNDIFISNCLTLSYGDKYVCLSMKDENYNWMICNNESNIPKKAYLWILKEV
PROKKA_00006	tr|C1FUH8|C1FUH8_CLOBJ Botulinum neurotoxin type A2, nontoxic-nonhemagglutinin component, NTNH OS=Clostridium botulinum (strain Kyoto / Type A2) GN=ntnH PE=4 SV=1 !!!ntnH	1163	1159	1161	1019	87.77	139	3	1	1160	MKINNNFNINSLVDNRDVAIVRGRKTDALFKVFQVAPNIWIAPERYYGESLNINEDQKSDGGIYDSSFLSTDNEKDEFLQATVKILQRINNNVIGAKLLSLISTAISFPYEYKPGDYRQTNYLTSKYNEHYYTANLVIFGPGSNIIKNNVVYYKKEYAENGMGTMSEIWFQPFLTYKYDQFYVDPALELIKCLIKSLYYLYGIKPSDDLSIPYRLRSELNNSEYSQLDIVDFLISGGTDYKLLNTNPYWITDNYFSDAPKNFEKYKNDYETKIKNNNDIANSIKLYLEQKFKINVQNIWELNLSYFSKEFQIMMPERYNNALNHYYKKEYYGIDYFRNYNINGFEKGQIKTNLPLSKYNKYIINKPELIVNLINQNNTVLMKSNIYGDGLKCTIDNFYSSYKIPYNANYEHPINYSYLDNVNIEEIDKIPPINDADIYPYRKNADTFIPVYNIIKSKEINTTTPLPVNYLQVQITDSNDINLSSDFLEVISSKGSS-VYSFLNNTMDYLESIKYDKPIDTDKKYYKWLKAIFRNYSFDITETQEISNQFGVTKIVPWIGRALNILNTNNSFMEEFKNLGPISLINKKENITMPKIEIDEIPNSMLNLSFKDLSENLFNISFKNNSYFKKIYYDFLDQWWTQYYSQYFDLICMAKKSILAQEKLIKKIIRKKLSYLIGNANISSDNLALMNLTTTNTLRDISNESQIAMNNVDSFLNDAAICVFESNIYPKFISFMEQCINNINKDTKEFIQKCTNITENEKLQLISQNIFSSLDFDFLNIENLKSLLSSETALLIKEETSPYELVLYAFQELSNNVIGDASGKNTSIEYSKDIGLVYGINSDALYLNGSNQSISFSNDFFENGLTNSFSIHFWLRNLGQDTTKSKLIGSKEDNCGWEIYFQNTGLVFNMIDSNGDEKNIYLSDVSNNSWHYITISVDRLKEQLLIFIDDNLVVNESIKEILNIYSSNIISLLSDNNASYIEGLTILNKPTTSEEVLSNYFKNLNNSYIRDSNEERLEYNKTYQLYNYVFSDKPICEVKQNNNIYLTINNTNNLNLQASKFKLLSINPNKQYVQKFDEVIISVLDNMEKYIDISEDNRLQLIDNKNSAKKMIISNDIFISNCLTLSYGDKYVCLSMKDENYNWMICNNESNIPKKAYLWILK
PROKKA_00006	tr|A0A0X1KH90|A0A0X1KH90_CLOBA Botulinum neurotoxin type E, nontoxic-nonhemagglutinin component, NTNH OS=Clostridium botulinum (strain Alaska E43 / Type E3) PE=1 SV=1 !!!ntnH	1163	1163	1163	926	79.62	236	1	1	1162	MKINNNFNINSLVDNRDVAIVRGRKTDALFKVFQVAPNIWIAPERYYGESLNINEDQKSDGGIYDSSFLSTDNEKDEFLQATVKILQRINNNVIGAKLLSLISTAISFPYEYKPGDYRQTNYLTSKYNEHYYTANLVIFGPGSNIIKNNVVYYKKEYAENGMGTMSEIWFQPFLTYKYDQFYVDPALELIKCLIKSLYYLYGIKPSDDLSIPYRLRSELNNSEYSQLDIVDFLISGGTDYKLLNTNPYWITDNYFSDAPKNFEKYKNDYETKIKNNNDIANSIKLYLEQKFKINVQNIWELNLSYFSKEFQIMMPERYNNALNHYYKKEYYGIDYFRNYNINGFEKGQIKTNLPLSKYNKYIINKPELIVNLINQNNTVLMKSNIYGDGLKCTIDNFYSSYKIPYNANYEHPINYSYLDNVNIEEIDKIPPINDADIYPYRKNADTFIPVYNIIKSKEINTTTPLPVNYLQVQITDSNDINLSSDFLEVISSKGSSVYSFLNNTMDYLESIKYDKPIDTDKKYYKWLKAIFRNYSFDITETQEISNQFGVTKIVPWIGRALNILNTNNSFMEEFKNLGPISLINKKENITMPKIEIDEIPNSMLNLSFKDLSENLFNISFKNNSYFKKIYYDFLDQWWTQYYSQYFDLICMAKKSILAQEKLIKKIIRKKLSYLIGNANISSDNLALMNLTTTNTLRDISNESQIAMNNVDSFLNDAAICVFESNIYPKFISFMEQCINNINKDTKEFIQKCTNITENEKLQLISQNIFSSLDFDFLNIENLKSLLSSETALLIKEETSPYELVLYAFQELSNNVIGDASGKNTSIEYSKDIGLVYGINSDALYLNGSNQSISFSNDFFENGLTNSFSIHFWLRNLGQDTTKSKLIGSKEDNCGWEIYFQNTGLVFNMIDSNGDEKNIYLSDVSNNSWHYITISVDRLKEQLLIFIDDNLVVNESIKEILNIYSSNIISLLSDNNASYIEGLTILNKPTTSEEVLSNYFKNLNNSYIRDSNEERLEYNKTYQLYNYVFSDKPICEVKQNNNIYLTINNTNNLNLQASKFKLLSINPNKQYVQKFDEVIISVLDNMEKYIDIS-EDNRLQLIDNKNSAKKMIISNDIFISNCLTLSYGDKYVCLSMKDENYNWMICNNESNIPKKAYLWILKEV
PROKKA_00006	tr|C5UY14|C5UY14_CLOBO Botulinum neurotoxin type E1, nontoxic-nonhemagglutinin component, NTNH OS=Clostridium botulinum E1 str. 'BoNT E Beluga' GN=ntnH PE=4 SV=1 !!!ntnH	1163	1163	1163	925	79.54	237	1	1	1162	MKINNNFNINSLVDNRDVAIVRGRKTDALFKVFQVAPNIWIAPERYYGESLNINEDQKSDGGIYDSSFLSTDNEKDEFLQATVKILQRINNNVIGAKLLSLISTAISFPYEYKPGDYRQTNYLTSKYNEHYYTANLVIFGPGSNIIKNNVVYYKKEYAENGMGTMSEIWFQPFLTYKYDQFYVDPALELIKCLIKSLYYLYGIKPSDDLSIPYRLRSELNNSEYSQLDIVDFLISGGTDYKLLNTNPYWITDNYFSDAPKNFEKYKNDYETKIKNNNDIANSIKLYLEQKFKINVQNIWELNLSYFSKEFQIMMPERYNNALNHYYKKEYYGIDYFRNYNINGFEKGQIKTNLPLSKYNKYIINKPELIVNLINQNNTVLMKSNIYGDGLKCTIDNFYSSYKIPYNANYEHPINYSYLDNVNIEEIDKIPPINDADIYPYRKNADTFIPVYNIIKSKEINTTTPLPVNYLQVQITDSNDINLSSDFLEVISSKGSSVYSFLNNTMDYLESIKYDKPIDTDKKYYKWLKAIFRNYSFDITETQEISNQFGVTKIVPWIGRALNILNTNNSFMEEFKNLGPISLINKKENITMPKIEIDEIPNSMLNLSFKDLSENLFNISFKNNSYFKKIYYDFLDQWWTQYYSQYFDLICMAKKSILAQEKLIKKIIRKKLSYLIGNANISSDNLALMNLTTTNTLRDISNESQIAMNNVDSFLNDAAICVFESNIYPKFISFMEQCINNINKDTKEFIQKCTNITENEKLQLISQNIFSSLDFDFLNIENLKSLLSSETALLIKEETSPYELVLYAFQELSNNVIGDASGKNTSIEYSKDIGLVYGINSDALYLNGSNQSISFSNDFFENGLTNSFSIHFWLRNLGQDTTKSKLIGSKEDNCGWEIYFQNTGLVFNMIDSNGDEKNIYLSDVSNNSWHYITISVDRLKEQLLIFIDDNLVVNESIKEILNIYSSNIISLLSDNNASYIEGLTILNKPTTSEEVLSNYFKNLNNSYIRDSNEERLEYNKTYQLYNYVFSDKPICEVKQNNNIYLTINNTNNLNLQASKFKLLSINPNKQYVQKFDEVIISVLDNMEKYIDIS-EDNRLQLIDNKNSAKKMIISNDIFISNCLTLSYGDKYVCLSMKDENYNWMICNNESNIPKKAYLWILKEV
PROKKA_00006	tr|C4IHM0|C4IHM0_CLOBU Botulinum neurotoxin type E, nontoxic-nonhemagglutinin component, NTNH OS=Clostridium butyricum E4 str. BoNT E BL5262 GN=ntnH PE=4 SV=1 !!!ntnH	1163	1163	1163	929	79.88	233	1	1	1162	MKINNNFNINSLVDNRDVAIVRGRKTDALFKVFQVAPNIWIAPERYYGESLNINEDQKSDGGIYDSSFLSTDNEKDEFLQATVKILQRINNNVIGAKLLSLISTAISFPYEYKPGDYRQTNYLTSKYNEHYYTANLVIFGPGSNIIKNNVVYYKKEYAENGMGTMSEIWFQPFLTYKYDQFYVDPALELIKCLIKSLYYLYGIKPSDDLSIPYRLRSELNNSEYSQLDIVDFLISGGTDYKLLNTNPYWITDNYFSDAPKNFEKYKNDYETKIKNNNDIANSIKLYLEQKFKINVQNIWELNLSYFSKEFQIMMPERYNNALNHYYKKEYYGIDYFRNYNINGFEKGQIKTNLPLSKYNKYIINKPELIVNLINQNNTVLMKSNIYGDGLKCTIDNFYSSYKIPYNANYEHPINYSYLDNVNIEEIDKIPPINDADIYPYRKNADTFIPVYNIIKSKEINTTTPLPVNYLQVQITDSNDINLSSDFLEVISSKGSSVYSFLNNTMDYLESIKYDKPIDTDKKYYKWLKAIFRNYSFDITETQEISNQFGVTKIVPWIGRALNILNTNNSFMEEFKNLGPISLINKKENITMPKIEIDEIPNSMLNLSFKDLSENLFNISFKNNSYFKKIYYDFLDQWWTQYYSQYFDLICMAKKSILAQEKLIKKIIRKKLSYLIGNANISSDNLALMNLTTTNTLRDISNESQIAMNNVDSFLNDAAICVFESNIYPKFISFMEQCINNINKDTKEFIQKCTNITENEKLQLISQNIFSSLDFDFLNIENLKSLLSSETALLIKEETSPYELVLYAFQELSNNVIGDASGKNTSIEYSKDIGLVYGINSDALYLNGSNQSISFSNDFFENGLTNSFSIHFWLRNLGQDTTKSKLIGSKEDNCGWEIYFQNTGLVFNMIDSNGDEKNIYLSDVSNNSWHYITISVDRLKEQLLIFIDDNLVVNESIKEILNIYSSNIISLLSDNNASYIEGLTILNKPTTSEEVLSNYFKNLNNSYIRDSNEERLEYNKTYQLYNYVFSDKPICEVKQNNNIYLTINNTNNLNLQASKFKLLSINPNKQYVQKFDEVIISVLDNMEKYIDISED-NRLQLIDNKNSAKKMIISNDIFISNCLTLSYGDKYVCLSMKDENYNWMICNNESNIPKKAYLWILKEV
PROKKA_00006	tr|A5HZZ8|A5HZZ8_CLOBH Type A progenitor toxin nontoxic-nonha OS=Clostridium botulinum (strain Hall / ATCC 3502 / NCTC 13319 / Type A) GN=ntnH PE=4 SV=1 !!!ntnH	1163	1193	1197	900	75.19	256	41	1	1160	MKINNNFNINSLVDNRDVAIVRGRKTDALFKVFQVAPNIWIAPERYYGESLNINEDQKSDGGIYDSSFLSTDNEKDEFLQATVKILQRINNNVIGAKLLSLISTAISFPY---------------------------------EYKPGDYRQTNYLTSKYNEHYYTANLVIFGPGSNIIKNNVVYYKKEYAENGMGTMSEIWFQPFLTYKYDQFYVDPALELIKCLIKSLYYLYGIKPSDDLSIPYRLRSELNNSEYSQLDIVDFLISGGTDYKLLNTNPYWITDNYFSDAPKNFEKYKNDYETKIKNNNDIANSIKLYLEQKFKINVQNIWELNLSYFSKEFQIMMPERYNNALNHYYKKEYYGIDYFRNYNINGFEKGQIKTNLPLSKYNKYIINKPELIVNLINQNNTVLMKSNIYGDGLKCTIDNFYSSYKIPYNANYEHPINYS---YLDNVNIEEIDKIPPINDADIYPYRKNADTFIPVYNIIKSKEINTTTPLPVNYLQVQITDSNDINLSSDFLEVISSKGSS-VYSFLNNTMDYLESIKYDKPIDTDKKYYKWLKAIFRNYSFDITETQEISNQFGVTKIVPWIGRALNILNTNNSFMEEFKNLGPISLINKKENITMPKIEIDEIPNSMLNLSFKDLSENLFNISFKNNSYFKKIYYDFLDQWWTQYYSQYFDLICMAKKSILAQEKLIKKIIRKKLSYLIGNANISSDNLALMNLTTTNTLRDISNESQIAMNNVDSFLNDAAICVFESNIYPKFISFMEQCINNINKDTKEFIQKCTNITENEKLQLISQNIFSSLDFDFLNIENLKSLLSSETALLIKEETSPYELVLYAFQELSNNVIGDASGKNTSIEYSKDIGLVYGINSDALYLNGSNQSISFSNDFFENGLTNSFSIHFWLRNLGQDTTKSKLIGSKEDNCGWEIYFQNTGLVFNMIDSNGDEKNIYLSDVSNNSWHYITISVDRLKEQLLIFIDDNLVVNESIKEILNIYSSNIISLLSDNNASYIEGLTILNKPTTSEEVLSNYFKNLNNSYIRDSNEERLEYNKTYQLYNYVFSDKPICEVKQNNNIYLTINNTNNLNLQASKFKLLSINPNKQYVQKFDEVIISVLDNMEKYIDISEDNRLQLIDNKNSAKKMIISNDIFISNCLTLSYGDKYVCLSMKDENYNWMICNNESNIPKKAYLWILK
PROKKA_00006	tr|B1INP6|B1INP6_CLOBK Botulinum neurotoxin type B1, nontoxic-nonhemagglutinin component, NTNH OS=Clostridium botulinum (strain Okra / Type B1) GN=ntnH PE=4 SV=1 !!!ntnH	1163	1197	1200	758	63.17	401	41	1	1162	MKINNNFNINSLVDNRDVAIVRGRKTDALFKVFQVAPNIWIAPERYYGESLNINEDQKSDGGIYDSSFLSTDNEKDEFLQATVKILQRINNNVIGAKLLSLISTAISFPY---------------------------------EYKPGDYRQTNYLTSKYNEHYYTANLVIFGPGSNIIKNNVVYYKKEYAENGMGTMSEIWFQPFLTYKYDQFYVDPALELIKCLIKSLYYLYGIKPSDDLSIPYRLRSELNNSEYSQLDIVDFLISGGTDYKLLNTNPYWITDNYFSDAPKNFEKYKNDYETKIKNNNDIANSIKLYLEQKFKINVQNIWELNLSYFSKEFQIMMPERYNNALNHYYKKEYYGIDYFRNYNINGFEKGQIKTNLPLSKYNKYIINKPELIVNLINQNNTVLMKSNIYGDGLKCTIDNFYSSYKIPYNANYEHPINYS---YLDNVNIEEIDKIPPINDADIYPYRKNADTFIPVYNIIKSKEINTTTPLPVNYLQVQITDSNDINLSSDFLEVISSKGSS-VYSFLNNTMDYLESIKYDKPIDTDKKYYKWLKAIFRNYSFDITETQEISNQFGVTKIVPWIGRALNILNTNNSFMEEFKNLGPISLINKKENITMPKIEIDEIPNSMLNLSFKDLSENLFNISFKNNSYFKKIYYDFLDQWWTQYYSQYFDLICMAKKSILAQEKLIKKIIRKKLSYLIGNANISSDNLALMNLTTTNTLRDISNESQIAMNNVDSFLNDAAICVFESNIYPKFISFMEQCINNINKDTKEFIQKCTNITENEKLQLISQNIFSSLDFDFLNIENLKSLLSSETALLIKEETSPYELVLYAFQELSNNVIGDASGKNTSIEYSKDIGLVYGINSDALYLNGSNQSISFSNDFFENGLTNSFSIHFWLRNLGQDTTKSKLIGSKEDNCGWEIYFQNTGLVFNMIDSNGDEKNIYLSDVSNNSWHYITISVDRLKEQLLIFIDDNLVVNESIKEILNIYSSNIISLLSDNNASYIEGLTILNKPTTSEEVLSNYFKNLNNSYIRDSNEERLEYNKTYQLYNYVFSDKPICEVKQNNNIYLTINNTNNLNLQASKFKLLSINPNKQYVQKFDEVIISVLDNMEKYIDI-SEDNRLQLIDNKNSAKKMIISNDIFISNCLTLSYGDKYVCLSMKDENYNWMICNNESNIPKKAYLWILKEV
PROKKA_00006	tr|A0A060N6G5|A0A060N6G5_CLOBO Nontoxic-nonhemagglutinin component, NTNH OS=Clostridium botulinum B str. Osaka05 GN=CBO05P2_175 PE=4 SV=1 !!!ntnH	1163	1197	1200	758	63.17	401	41	1	1162	MKINNNFNINSLVDNRDVAIVRGRKTDALFKVFQVAPNIWIAPERYYGESLNINEDQKSDGGIYDSSFLSTDNEKDEFLQATVKILQRINNNVIGAKLLSLISTAISFPY---------------------------------EYKPGDYRQTNYLTSKYNEHYYTANLVIFGPGSNIIKNNVVYYKKEYAENGMGTMSEIWFQPFLTYKYDQFYVDPALELIKCLIKSLYYLYGIKPSDDLSIPYRLRSELNNSEYSQLDIVDFLISGGTDYKLLNTNPYWITDNYFSDAPKNFEKYKNDYETKIKNNNDIANSIKLYLEQKFKINVQNIWELNLSYFSKEFQIMMPERYNNALNHYYKKEYYGIDYFRNYNINGFEKGQIKTNLPLSKYNKYIINKPELIVNLINQNNTVLMKSNIYGDGLKCTIDNFYSSYKIPYNANYEHPINYS---YLDNVNIEEIDKIPPINDADIYPYRKNADTFIPVYNIIKSKEINTTTPLPVNYLQVQITDSNDINLSSDFLEVISSKGSSV-YSFLNNTMDYLESIKYDKPIDTDKKYYKWLKAIFRNYSFDITETQEISNQFGVTKIVPWIGRALNILNTNNSFMEEFKNLGPISLINKKENITMPKIEIDEIPNSMLNLSFKDLSENLFNISFKNNSYFKKIYYDFLDQWWTQYYSQYFDLICMAKKSILAQEKLIKKIIRKKLSYLIGNANISSDNLALMNLTTTNTLRDISNESQIAMNNVDSFLNDAAICVFESNIYPKFISFMEQCINNINKDTKEFIQKCTNITENEKLQLISQNIFSSLDFDFLNIENLKSLLSSETALLIKEETSPYELVLYAFQELSNNVIGDASGKNTSIEYSKDIGLVYGINSDALYLNGSNQSISFSNDFFENGLTNSFSIHFWLRNLGQDTTKSKLIGSKEDNCGWEIYFQNTGLVFNMIDSNGDEKNIYLSDVSNNSWHYITISVDRLKEQLLIFIDDNLVVNESIKEILNIYSSNIISLLSDNNASYIEGLTILNKPTTSEEVLSNYFKNLNNSYIRDSNEERLEYNKTYQLYNYVFSDKPICEVKQNNNIYLTINNTNNLNLQASKFKLLSINPNKQYVQKFDEVIISVLDNMEKYIDI-SEDNRLQLIDNKNSAKKMIISNDIFISNCLTLSYGDKYVCLSMKDENYNWMICNNESNIPKKAYLWILKEV
PROKKA_00006	tr|B2TSC3|B2TSC3_CLOBB Botulinum neurotoxin type B OS=Clostridium botulinum (strain Eklund 17B / Type B) GN=ntnH PE=4 SV=1 !!!ntnH	1163	1197	1200	748	62.33	411	41	1	1162	MKINNNFNINSLVDNRDVAIVRGRKTDALFKVFQVAPNIWIAPERYYGESLNINEDQKSDGGIYDSSFLSTDNEKDEFLQATVKILQRINNNVIGAKLLSLISTAISFPY---------------------------------EYKPGDYRQTNYLTSKYNEHYYTANLVIFGPGSNIIKNNVVYYKKEYAENGMGTMSEIWFQPFLTYKYDQFYVDPALELIKCLIKSLYYLYGIKPSDDLSIPYRLRSELNNSEYSQLDIVDFLISGGTDYKLLNTNPYWITDNYFSDAPKNFEKYKNDYETKIKNNNDIANSIKLYLEQKFKINVQNIWELNLSYFSKEFQIMMPERYNNALNHYYKKEYYGIDYFRNYNINGFEKGQIKTNLPLSKYNKYIINKPELIVNLINQNNTVLMKSNIYGDGLKCTIDNFYSSYKIPYNANYEHPINY---SYLDNVNIEEIDKIPPINDADIYPYRKNADTFIPVYNIIKSKEINTTTPLPVNYLQVQITDSNDINLSSDFLEVISSKGSS-VYSFLNNTMDYLESIKYDKPIDTDKKYYKWLKAIFRNYSFDITETQEISNQFGVTKIVPWIGRALNILNTNNSFMEEFKNLGPISLINKKENITMPKIEIDEIPNSMLNLSFKDLSENLFNISFKNNSYFKKIYYDFLDQWWTQYYSQYFDLICMAKKSILAQEKLIKKIIRKKLSYLIGNANISSDNLALMNLTTTNTLRDISNESQIAMNNVDSFLNDAAICVFESNIYPKFISFMEQCINNINKDTKEFIQKCTNITENEKLQLISQNIFSSLDFDFLNIENLKSLLSSETALLIKEETSPYELVLYAFQELSNNVIGDASGKNTSIEYSKDIGLVYGINSDALYLNGSNQSISFSNDFFENGLTNSFSIHFWLRNLGQDTTKSKLIGSKEDNCGWEIYFQNTGLVFNMIDSNGDEKNIYLSDVSNNSWHYITISVDRLKEQLLIFIDDNLVVNESIKEILNIYSSNIISLLSDNNASYIEGLTILNKPTTSEEVLSNYFKNLNNSYIRDSNEERLEYNKTYQLYNYVFSDKPICEVKQNNNIYLTINNTNNLNLQASKFKLLSINPNKQYVQKFDEVIISVLDNMEKYIDI-SEDNRLQLIDNKNSAKKMIISNDIFISNCLTLSYGDKYVCLSMKDENYNWMICNNESNIPKKAYLWILKEV
PROKKA_00006	tr|B1BE43|B1BE43_CLOBO Botulinum neurotoxin type C, nontoxic-nonhemagglutinin component NTNH OS=Clostridium botulinum C str. Eklund GN=CBC_A0166 PE=4 SV=1 !!!ntnH	1163	1196	1198	688	57.43	469	41	1	1160	MKINNNFNINSLVDNRDVAIVRGRKTDALFKVFQVAPNIWIAPERYYGESLNINEDQKSDGGIYDSSFLSTDNEKDEFLQATVKILQRINNNVIGAKLLSLISTAISFPYEY------KP---------------------------GDYRQTNYLTSKYNEHYYTANLVIFGPGSNIIKNNVVYYKKEYAENGMGTMSEIWFQPFLTYKYDQFYVDPALELIKCLIKSLYYLYGIKPSDDLSIPYRLRSELNNSEYSQLDIVDFLISGGTDYKLLNTNPYWITDNYFSDAPKNFEKYKNDYETKIKNNNDIANSIKLYLEQKFKINVQNIWELNLSYFSKEFQIMMPERYNNALNHYYKKEYYGIDYFRNYNINGFEKGQIKTNLPLSKYNKYIINKPELIVNLINQNNTVLMKSNIYGDGLKCTIDNFYSSYKIPYNANYEHPINYS---YLDNVNIEEIDKIPPINDADIYPYRKNADTFIPVYNIIKSKEINTTTPLPVNYLQVQITDSNDINLSSDFLEVISSKGSS-VYSFLNNTMDYLESIKYDKPIDTDKKYYKWLKAIFRNYSFDITETQEISNQFGVTKIVPWIGRALNILNTNNSFMEEFKNLGPISLINKKENITMPKIEIDEIPNSMLNLSFKDLSENLFNISFKNNSYFKKIYYDFLDQWWTQYYSQYFDLICMAKKSILAQEKLIKKIIRKKLSYLIGNANISSDNLALMNLTTTNTLRDISNESQIAMNNVDSFLNDAAICVFESNIYPKFISFMEQCINNINKDTKEFIQKCTNITENEKLQLISQNIFSSLDFDFLNIENLKSLLSSETALLIKEETSPYELVLYAFQELSNNVIGDASGKNTSIEYSKDIGLVYGINSDALYLNGSNQSISFSNDFFENGLTNSFSIHFWLRNLGQDTTKSKLIGSKEDNCGWEIYFQNTGLVFNMIDSNGDEKNIYLSDVSNNSWHYITISVDRLKEQLLIFIDDNLVVNESIKEILNIYSSNIISLLSDNNASYIEGLTILNKPTTSEEVLSNYFKNLNNSYIRDSNEERLEYNKTYQLYNYVFSDKPICEVKQNNNIYLTINNTNNLNLQASKFKLLSINPNKQYVQKFDEVIISVLDNMEKYIDIS-EDNRLQLIDNKNSAKKMIISNDIFISNCLTLSYGDKYVCLSMKDENYNWMICNNESNIPKKAYLWILK
PROKKA_00006	tr|C5VU80|C5VU80_CLOBO Botulinum neurotoxin type D, nontoxic-nonhemagglutinin component, NTNH OS=Clostridium botulinum D str. 1873 GN=ntnH PE=4 SV=1 !!!ntnH	1163	1196	1198	687	57.35	470	41	1	1160	MKINNNFNINSLVDNRDVAIVRGRKTDALFKVFQVAPNIWIAPERYYGESLNINEDQKSDGGIYDSSFLSTDNEKDEFLQATVKILQRINNNVIGAKLLSLISTAISFPYEY------KP---------------------------GDYRQTNYLTSKYNEHYYTANLVIFGPGSNIIKNNVVYYKKEYAENGMGTMSEIWFQPFLTYKYDQFYVDPALELIKCLIKSLYYLYGIKPSDDLSIPYRLRSELNNSEYSQLDIVDFLISGGTDYKLLNTNPYWITDNYFSDAPKNFEKYKNDYETKIKNNNDIANSIKLYLEQKFKINVQNIWELNLSYFSKEFQIMMPERYNNALNHYYKKEYYGIDYFRNYNINGFEKGQIKTNLPLSKYNKYIINKPELIVNLINQNNTVLMKSNIYGDGLKCTIDNFYSSYKIPYNANYEHPINYS---YLDNVNIEEIDKIPPINDADIYPYRKNADTFIPVYNIIKSKEINTTTPLPVNYLQVQITDSNDINLSSDFLEVISSKGSS-VYSFLNNTMDYLESIKYDKPIDTDKKYYKWLKAIFRNYSFDITETQEISNQFGVTKIVPWIGRALNILNTNNSFMEEFKNLGPISLINKKENITMPKIEIDEIPNSMLNLSFKDLSENLFNISFKNNSYFKKIYYDFLDQWWTQYYSQYFDLICMAKKSILAQEKLIKKIIRKKLSYLIGNANISSDNLALMNLTTTNTLRDISNESQIAMNNVDSFLNDAAICVFESNIYPKFISFMEQCINNINKDTKEFIQKCTNITENEKLQLISQNIFSSLDFDFLNIENLKSLLSSETALLIKEETSPYELVLYAFQELSNNVIGDASGKNTSIEYSKDIGLVYGINSDALYLNGSNQSISFSNDFFENGLTNSFSIHFWLRNLGQDTTKSKLIGSKEDNCGWEIYFQNTGLVFNMIDSNGDEKNIYLSDVSNNSWHYITISVDRLKEQLLIFIDDNLVVNESIKEILNIYSSNIISLLSDNNASYIEGLTILNKPTTSEEVLSNYFKNLNNSYIRDSNEERLEYNKTYQLYNYVFSDKPICEVKQNNNIYLTINNTNNLNLQASKFKLLSINPNKQYVQKFDEVIISVLDNMEKYIDIS-EDNRLQLIDNKNSAKKMIISNDIFISNCLTLSYGDKYVCLSMKDENYNWMICNNESNIPKKAYLWILK
PROKKA_00006	tr|A0A0D1BS75|A0A0D1BS75_CLOBO Hemagglutinin OS=Clostridium botulinum B2 450 GN=N495_19885 PE=4 SV=1 !!! 	1163	146	23	11	47.83	12	0	835	857	VYGINSDALYLNGSNQSISFSND
PROKKA_00006	tr|A0A060N976|A0A060N976_CLOBO Hemagglutinin component HA17 OS=Clostridium botulinum B str. Osaka05 GN=CBO05P2_178 PE=4 SV=1 !!!ha17	1163	146	23	11	47.83	12	0	835	857	VYGINSDALYLNGSNQSISFSND
PROKKA_00006	tr|A0A0E1L447|A0A0E1L447_CLOBO Hemagglutinin component HA-17 OS=Clostridium botulinum CDC_1436 GN=ha-17 PE=4 SV=1 !!!ha17	1163	146	23	11	47.83	12	0	835	857	VYGINSDALYLNGSNQSISFSND
PROKKA_00006	tr|A0A0B4W498|A0A0B4W498_CLOBO Hemagglutinin component HA-17 OS=Clostridium botulinum Prevot_594 GN=ha-17 PE=4 SV=1 !!!ha17	1163	146	23	11	47.83	12	0	835	857	VYGINSDALYLNGSNQSISFSND
PROKKA_00006	tr|A0A073CN83|A0A073CN83_CLOBO Hemagglutinin OS=Clostridium botulinum A2B3 87 GN=N496_19565 PE=4 SV=1 !!! 	1163	146	23	11	47.83	12	0	835	857	VYGINSDALYLNGSNQSISFSND
PROKKA_00006	tr|B1L2G1|B1L2G1_CLOBM Toxin complex component ORF-X1 OS=Clostridium botulinum (strain Loch Maree / Type A3) GN=CLK_A0072 PE=4 SV=1 !!!ORF-X1	1163	142	77	25	32.47	49	3	554	629	VPWIGRALNILNTNNSFMEEFKNLGPISLIN-KKENITMPKIEIDEIPNSMLNLSFKDLSENLFNISFKNNSYFKKI
PROKKA_00006	tr|C1FUH5|C1FUH5_CLOBJ Toxin complex component ORF-X1 OS=Clostridium botulinum (strain Kyoto / Type A2) GN=CLM_0893 PE=4 SV=1 !!!ORF-X1	1163	142	65	20	30.77	44	1	554	618	VPWIGRALNILNTNNSFMEEFKNLGPISLINKKENITMPKIEIDEIPNSMLNLSFKDLSENLFNI
PROKKA_00006	tr|A5HZZ5|A5HZZ5_CLOBH Hemagglutinin component of the neurotoxin complex OS=Clostridium botulinum (strain Hall / ATCC 3502 / NCTC 13319 / Type A) GN=ha17 PE=1 SV=1 !!!ha17	1163	146	23	10	43.48	13	0	835	857	VYGINSDALYLNGSNQSISFSND
PROKKA_00006	tr|A7GBF8|A7GBF8_CLOBL Toxin complex component ORF-X2 OS=Clostridium botulinum (strain Langeland / NCTC 10281 / Type F) GN=CLI_0846 PE=4 SV=1 !!!ORF-X2	1163	750	29	11	37.93	18	0	725	753	NIYPKFISFMEQCINNINKDTKEFIQKCT
PROKKA_00007	tr|B1L2G4|B1L2G4_CLOBM Botulinum neurotoxin type A3, nontoxic-nonhemagglutinin component, NTNH OS=Clostridium botulinum (strain Loch Maree / Type A3) GN=ntnH PE=4 SV=1 !!!ntnH	1281	1159	1158	265	22.88	725	168	6	1121	NSFNYNDPVNDETILYMQKPYEERSRKYYKAFEIMPNVWIMPER---DTIGTKPDEFQGPDSLKNGSSAYYDPNYLTTDAEKDRYLKTMIKLFNRINSNPTGKVLLEEVSNARPYLGDDDTLINEFFPVNVTTSVNIKFSTDVESSIISNLLVLGAGPDIFKAYCTPLVRFNKSDKLIEPSNHGFGSINILTFSPEYEHIFNDISGGNHNSTESFIADPAISLAHELIHALHGLYGAKA---VTHKESLVAERGPLMIAEKPIRLEEFLTFGGEDLNII---PSAMKEKIYNDLLANYEKIA----TRLREVNTAPPGYDINEYKDYFQWKYGLDRNADGSYTVNRNKFNEIYKKLYSFTEIDLANKFKVKCRNTYFIKYGF--VKVPDLLDDDIYTVSEGFNIGNLAVNNRGQNINLNPKIIDSIPDKGLVEKIIKFCKSIIPRKGTKQSPSLCIRVNNRELFFVASESSYNESDINTPKEIDDTTNLNNNYRNN--LDEVILDYNSETIPQISNRTLNTLVQD-NSYVPRYDSNGTSEIEEYDVVDFNVFFYLHAQKVPEGETNISLTSSIDTALLEESKVYTFFSS--EFIDTI--NKPVNA-ALFIDWISKVIRDFTTEATQKSTVDKIADISLIVPYVGLALNIVIEAEKGN-FEEAFELLGAGILLEFVPELTIPVILVFTIKSYIDSYENKNKAIKAINNSLIEREAKWKEIYSWIVSNWLTRINTQF------NKRKEQMYQALQNQVDAIKTAIEYKYNNYTSDEKNRLESKYNINNIEEELNKKVSLAMKNIERFMTESSISYLMKLINEAEVGKLKEYDKHVKSDLLDYILYHKLILGEQTKELIDLVTSTLNSSIPFELSSYTNDKILIIYFNRLYKKIKDSSILDMRY-----ENNKFIDISGYGSNISINGNVYIYSTNRNQFGIYSGRL----SEVNIAQNNDIIYNSRYQNFSISFWVRIPKHYRPMNRNREYTIINCMGN--NNSGWKISLRTIRDCEIIWTLQDTSGNKEKLIFRYEELASISDYINKWIFVTITNNRLGNS-RIYINGNLIVEKSISNLGDIHVSDNILFKIVGCDDETYVGIRYFKVFNTELDKTEIETLYSNEPDPSILKDYWGNYLLYNKKYYLFNLLRKDKYITR
PROKKA_00007	tr|A7GBG2|A7GBG2_CLOBL Botulinum neurotoxin type F, nontoxic-nonhemagglutinin component, NTNH OS=Clostridium botulinum (strain Langeland / NCTC 10281 / Type F) GN=ntnH PE=4 SV=1 !!!ntnH	1281	1163	303	83	27.39	165	55	6	296	NSFNYNDPVNDETILYMQKPYEERSRK---YYKAFEIMPNVWIMPER---DTIGTKPDEFQGPDSLKNGSSAYYDPNYLTTDAEKDRYLKTMIKLFNRINSNPTGKVLLEEVSNARPYLGDDDTLINEFFPVNVTTSVNIKFSTDVESSIISNLLVLGAGPDIFKAYCTPLVRFNKSDKLIEPSNHGFGSINILTFSPEYEHIFNDISGGNHNSTESFIADPAISLAHELIHALHGLYGAKA---VTHKESLVAERGPLMIAEKPIRLEEFLTFGGED---LNIIPSAMKEKIYNDLLANYEK
PROKKA_00007	tr|B1INP6|B1INP6_CLOBK Botulinum neurotoxin type B1, nontoxic-nonhemagglutinin component, NTNH OS=Clostridium botulinum (strain Okra / Type B1) GN=ntnH PE=4 SV=1 !!!ntnH	1281	1197	589	142	24.11	397	50	541	1111	YLHAQKVPEGETNISLTSSIDTALLEESKVYTFFSSE--FIDTI--NKPVNA-ALFIDWISKVIRDFTTEATQKSTVDKIADISLIVPYVGLALNIVIEAEKGNFEEAFELLGAGILLEFVPELTIPVILVFTIKSYIDSYENKNKAIKAINNSLIEREAKWKEIYSWIVSNWLTRINTQFNKRKEQMYQALQNQVDAIKTAIEYKYNNYTSDEKNRLESKYNINNIEEE-----LNKKVSLAMKNIERFMTESSISYLMKLINEAEVGKLKEYDKHVKSDLLDYILYHKLILGEQTKELIDLVTSTLNSSIPFELSSYTNDKILIIYFNRLYKKIKDSS----ILDMRYENNKFI-DISGYGSNISINGNV-YIYSTNRNQFGIYSGRLSEVNIAQNNDIIYNSRYQNFSISFWVRIPKHYRPMNRNREYTIINCMGNNNSGWKISLRTIRDCEIIWTLQDTSGNKEKLIFRYEELASISDYINK-WIFVTITNNRLGNSR-IYINGNLIVEKSISNLGDIHVSDNILFKIVGCDDETYVGIRYFKVFNTELDKTEIETLYSNEPDPSILKDYWGNYLLYNKKYYLFN
PROKKA_00007	tr|B1INP6|B1INP6_CLOBK Botulinum neurotoxin type B1, nontoxic-nonhemagglutinin component, NTNH OS=Clostridium botulinum (strain Okra / Type B1) GN=ntnH PE=4 SV=1 !!!ntnH	1281	1197	255	69	27.06	134	52	11	240	NDPVNDETILYMQKPYEERSRKYYKAFEIMPNVWIMPERDTIGTKPDEFQGPDSLKNGSSAYYDPNYLTTDAEKDRYLKTMIKLFNRINSNPTGKVLLEEVSNARPY----------------LGDD-------DTLINEF--FPVNVTTSVNIKFSTDVESSIISNLLVLGAGPDIFKAYCTPLVRFNKSDKLIEPSNHGFGSINILTFSPEYEHIFNDISGGNHNSTESFIADPAISLAHELIHALHGLYGAK
PROKKA_00007	tr|C4IHM0|C4IHM0_CLOBU Botulinum neurotoxin type E, nontoxic-nonhemagglutinin component, NTNH OS=Clostridium butyricum E4 str. BoNT E BL5262 GN=ntnH PE=4 SV=1 !!!ntnH	1281	1163	633	147	23.22	434	52	497	1111	ETIPQISNRTLNTLVQD-NSYVPRYDSNGTSEIEEYDVVDFNVFFYLHAQKVPEGETNISLTSSIDTALLEESKVYTFFSS-----EFIDTINKPVNA-ALFIDWISKVIRDFTTEATQKSTVDKIADISLIVPYVGLALNIVIEAEKGNFEEAFELLGAGILLEFVPELTIPVILVFTIKSYIDSYENKNKAIKAINNSLIEREAKWKEIYSWIVSNWLTRINTQFNKRKEQMYQALQNQVDAIKTAIE----YKYNNYTSDEKNRLESKYNINNIEEELNKKVSLAMKNIERFMTESSISYLMKLINEAEVGKLKEYDKHVKSDLLDYILYHKLILGEQTKELIDLVTSTLNSSIPFELSSYTNDKILIIYFNRLYKKIKDS----SILDMRYENNKFI-DISGYGSNISINGNV-YIYSTNRNQFGIYSGRLSEVNIAQNNDIIYNSRYQNFSISFWVRIPKHYRPMNRNREYTIINCMGNNNSGWKISLRTIRDCEIIWTLQDTSGNKEKLIFRYEELASISDYINKWIFVTITNNRLGNSR-IYINGNLIVEKSISNLGDIHVSDNILFKIVGCDDETYVGIRYFKVFNTELDKTEIETLYSNEPDPSILKDYWGNYLLYNKKYYLFN
PROKKA_00007	tr|C5UY14|C5UY14_CLOBO Botulinum neurotoxin type E1, nontoxic-nonhemagglutinin component, NTNH OS=Clostridium botulinum E1 str. 'BoNT E Beluga' GN=ntnH PE=4 SV=1 !!!ntnH	1281	1163	633	147	23.22	434	52	497	1111	ETIPQISNRTLNTLVQD-NSYVPRYDSNGTSEIEEYDVVDFNVFFYLHAQKVPEGETNISLTSSIDTALLEESKVYTFFSS-----EFIDTINKPVNA-ALFIDWISKVIRDFTTEATQKSTVDKIADISLIVPYVGLALNIVIEAEKGNFEEAFELLGAGILLEFVPELTIPVILVFTIKSYIDSYENKNKAIKAINNSLIEREAKWKEIYSWIVSNWLTRINTQFNKRKEQMYQALQNQVDAIKTAIE----YKYNNYTSDEKNRLESKYNINNIEEELNKKVSLAMKNIERFMTESSISYLMKLINEAEVGKLKEYDKHVKSDLLDYILYHKLILGEQTKELIDLVTSTLNSSIPFELSSYTNDKILIIYFNRLYKKIKDS----SILDMRYENNKFI-DISGYGSNISINGNV-YIYSTNRNQFGIYSGRLSEVNIAQNNDIIYNSRYQNFSISFWVRIPKHYRPMNRNREYTIINCMGNNNSGWKISLRTIRDCEIIWTLQDTSGNKEKLIFRYEELASISDYINKWIFVTITNNRLGNSR-IYINGNLIVEKSISNLGDIHVSDNILFKIVGCDDETYVGIRYFKVFNTELDKTEIETLYSNEPDPSILKDYWGNYLLYNKKYYLFN
PROKKA_00007	tr|A0A0X1KH90|A0A0X1KH90_CLOBA Botulinum neurotoxin type E, nontoxic-nonhemagglutinin component, NTNH OS=Clostridium botulinum (strain Alaska E43 / Type E3) PE=1 SV=1 !!!ntnH	1281	1163	633	147	23.22	434	52	497	1111	ETIPQISNRTLNTLVQD-NSYVPRYDSNGTSEIEEYDVVDFNVFFYLHAQKVPEGETNISLTSSIDTALLEESKVYTFFSS-----EFIDTINKPVNA-ALFIDWISKVIRDFTTEATQKSTVDKIADISLIVPYVGLALNIVIEAEKGNFEEAFELLGAGILLEFVPELTIPVILVFTIKSYIDSYENKNKAIKAINNSLIEREAKWKEIYSWIVSNWLTRINTQFNKRKEQMYQALQNQVDAIKTAIE----YKYNNYTSDEKNRLESKYNINNIEEELNKKVSLAMKNIERFMTESSISYLMKLINEAEVGKLKEYDKHVKSDLLDYILYHKLILGEQTKELIDLVTSTLNSSIPFELSSYTNDKILIIYFNRLYKKIKDS----SILDMRYENNKFI-DISGYGSNISINGNV-YIYSTNRNQFGIYSGRLSEVNIAQNNDIIYNSRYQNFSISFWVRIPKHYRPMNRNREYTIINCMGNNNSGWKISLRTIRDCEIIWTLQDTSGNKEKLIFRYEELASISDYINKWIFVTITNNRLGNSR-IYINGNLIVEKSISNLGDIHVSDNILFKIVGCDDETYVGIRYFKVFNTELDKTEIETLYSNEPDPSILKDYWGNYLLYNKKYYLFN
PROKKA_00007	tr|C1FUH8|C1FUH8_CLOBJ Botulinum neurotoxin type A2, nontoxic-nonhemagglutinin component, NTNH OS=Clostridium botulinum (strain Kyoto / Type A2) GN=ntnH PE=4 SV=1 !!!ntnH	1281	1159	280	74	26.43	157	49	29	296	RSRK---YYKAFEIMPNVWIMPER---DTIGTKPDEFQGPDSLKNGSSAYYDPNYLTTDAEKDRYLKTMIKLFNRINSNPTGKVLLEEVSNARPYLGDDDTLINEFFPVNVTTSVNIKFSTDVESSIISNLLVLGAGPDIFKAYCTPLVRFNKSDKLIEPSNHGFGSINILTFSPEYEHIFNDISGGNHNSTESFIADPAISLAHELIHALHGLYGAKA---VTHKESLVAERGPLMIAEKPIRLEEFLTFGGEDLNII---PSAMKEKIYNDLLANYEK
PROKKA_00007	tr|B1BE43|B1BE43_CLOBO Botulinum neurotoxin type C, nontoxic-nonhemagglutinin component NTNH OS=Clostridium botulinum C str. Eklund GN=CBC_A0166 PE=4 SV=1 !!!ntnH	1281	1196	298	78	26.17	165	55	8	278	FNYNDPVNDETILYMQKPYEERSRKYYKAFEIMPNVWIMPERDTIGTKPDEFQGPDSLKNGSSAYYDPNYLTTDAEKDRYLKTMIKLFNRINSNPTGKVLLEEVSNARP----YLGDDDTLINEFFPVNVTTSVNIKFSTDVESSIISNLLVLGAGPDIFKAYCTPLVRFNKSDKLIEPSNHGFGSINILTFSPEYEHIFNDISGGNHNSTES--------------------FIADPAISLAHELIHALHGLYGAKAVTHKESLVAERGPLMIAEK---PIRLEEFLTFGGEDLNII
PROKKA_00007	tr|C5VU80|C5VU80_CLOBO Botulinum neurotoxin type D, nontoxic-nonhemagglutinin component, NTNH OS=Clostridium botulinum D str. 1873 GN=ntnH PE=4 SV=1 !!!ntnH	1281	1196	259	69	26.64	136	54	8	240	FNYNDPVNDETILYMQKPYEERSRKYYKAFEIMPNVWIMPERDTIGTKPDEFQGPDSLKNGSSAYYDPNYLTTDAEKDRYLKTMIKLFNRINSNPTGKVLLEEVSNARP----YLGDDDTLINEFFPVNVTTSVNIKFSTDVESSI----------------------ISNLLVLGAGPDIFKAYCTPLVRFNKSDKLIEPSNHGFGSINILTFSPEYEHIFNDISGGNHNSTESFIADPAISLAHELIHALHGLYGAK
PROKKA_00007	tr|A5HZZ8|A5HZZ8_CLOBH Type A progenitor toxin nontoxic-nonha OS=Clostridium botulinum (strain Hall / ATCC 3502 / NCTC 13319 / Type A) GN=ntnH PE=4 SV=1 !!!ntnH	1281	1193	617	146	23.66	386	85	541	1121	YLHAQKVPEGETNIS-----LTSSIDTALLEESKVYTFFSSE--FIDTI--NKPVNA-ALFIDWISKVIRDFTTEATQKSTVDKIADISLIVPYVGLALNIVIEAEKGNFEEAFELLGAGILLEFVPELTIPVILVFTIKSYIDSYENKNKAIKAINNSLIER--------EAKWKEIYSWIVSNWLTRINTQFNKRKEQMYQALQNQVDAIKTAIEYKY------NNYTSDEKNRLESKYNINNIEEELNKKVSLAMKNIERFMTESSISYLMKLINEAEVGKLKEYDKHVKSDLLDYILYHKLILGEQTKELIDLVTSTLNSSIPFELSSYTNDKILIIYFNRLYKKIKDSSILDMRYE-----NNKFIDISGYGSNISINGNVYIYSTNRNQFGIYSGRL----SEVNIAQNNDIIYNSRYQNFSISFWVRIPKHYRPMNRNREYTIINCMGN--NNSGWKISLRTIRDCEIIWTLQDTSGNKEKLIFRYEELASISDYINKWIFVTITNNRLGNS-RIYINGNLIVEKSISNLGDIHVSDNILFKIVGCDDETYVGIRYFKVFNTELDKTEIETLYSNEPDPSILKDYWGNYLLYNKKYYLFNLLRKDKYITR
PROKKA_00007	tr|A5HZZ8|A5HZZ8_CLOBH Type A progenitor toxin nontoxic-nonha OS=Clostridium botulinum (strain Hall / ATCC 3502 / NCTC 13319 / Type A) GN=ntnH PE=4 SV=1 !!!ntnH	1281	1193	255	69	27.06	134	52	11	240	NDPVNDETILYMQKPYEERSRKYYKAFEIMPNVWIMPERDTIGTKPDEFQGPDSLKNGSSAYYDPNYLTTDAEKDRYLKTMIKLFNRINSNPTGKVLLEEVSNARPY----------------LGDD-------DTLINEF--FPVNVTTSVNIKFSTDVESSIISNLLVLGAGPDIFKAYCTPLVRFNKSDKLIEPSNHGFGSINILTFSPEYEHIFNDISGGNHNSTESFIADPAISLAHELIHALHGLYGAK
PROKKA_00007	tr|A0A060N6G5|A0A060N6G5_CLOBO Nontoxic-nonhemagglutinin component, NTNH OS=Clostridium botulinum B str. Osaka05 GN=CBO05P2_175 PE=4 SV=1 !!!ntnH	1281	1197	255	69	27.06	134	52	11	240	NDPVNDETILYMQKPYEERSRKYYKAFEIMPNVWIMPERDTIGTKPDEFQGPDSLKNGSSAYYDPNYLTTDAEKDRYLKTMIKLFNRINSNPTGKVLLEEVSNARPY----------------LGDD-------DTLINEF--FPVNVTTSVNIKFSTDVESSIISNLLVLGAGPDIFKAYCTPLVRFNKSDKLIEPSNHGFGSINILTFSPEYEHIFNDISGGNHNSTESFIADPAISLAHELIHALHGLYGAK
PROKKA_00007	tr|B2TSC3|B2TSC3_CLOBB Botulinum neurotoxin type B OS=Clostridium botulinum (strain Eklund 17B / Type B) GN=ntnH PE=4 SV=1 !!!ntnH	1281	1197	255	68	26.67	135	52	11	240	NDPVNDETILYMQKPYEERSRKYYKAFEIMPNVWIMPERDTIGTKPDEFQGPDSLKNGSSAYYDPNYLTTDAEKDRYLKTMIKLFNRINSNPTGKVLLEEVSNARPY----------------LGDD-------DTLINEF--FPVNVTTSVNIKFSTDVESSIISNLLVLGAGPDIFKAYCTPLVRFNKSDKLIEPSNHGFGSINILTFSPEYEHIFNDISGGNHNSTESFIADPAISLAHELIHALHGLYGAK
PROKKA_00007	tr|B1L2G1|B1L2G1_CLOBM Toxin complex component ORF-X1 OS=Clostridium botulinum (strain Loch Maree / Type A3) GN=CLK_A0072 PE=4 SV=1 !!!ORF-X1	1281	142	31	11	35.48	20	0	741	771	KYNNYTSDEKNRLESKYNINNIEEELNKKVS
PROKKA_00007	tr|A0A059PYB0|A0A059PYB0_9CLOT Toxin complex component ORF-X2 OS=Clostridium baratii PE=4 SV=1 !!!ORF-X2	1281	748	50	14	28.00	30	6	319	368	YFQWKYGLDRNADGSYTVNRNKFNEIYKKLYSFTEIDLANKFKVKCRNTY
PROKKA_00007	tr|A0A0C1TY77|A0A0C1TY77_9CLOT Main hemagglutinin component OS=Clostridium argentinense CDC 2741 GN=ha-33 PE=4 SV=1 !!!ha33	1281	285	36	11	30.56	22	3	1025	1057	RIYINGNLIVEKSISNLGDIHV---SDNILFKIVGC
PROKKA_00008	tr|A0A0X1KH90|A0A0X1KH90_CLOBA Botulinum neurotoxin type E, nontoxic-nonhemagglutinin component, NTNH OS=Clostridium botulinum (strain Alaska E43 / Type E3) PE=1 SV=1 !!!ntnH	97	1163	24	7	29.17	17	0	9	32	KLVKNIKSTPFHAFGIMPNDSFHM
PROKKA_00008	tr|C5UY14|C5UY14_CLOBO Botulinum neurotoxin type E1, nontoxic-nonhemagglutinin component, NTNH OS=Clostridium botulinum E1 str. 'BoNT E Beluga' GN=ntnH PE=4 SV=1 !!!ntnH	97	1163	24	7	29.17	17	0	9	32	KLVKNIKSTPFHAFGIMPNDSFHM
PROKKA_00008	tr|C4IHM0|C4IHM0_CLOBU Botulinum neurotoxin type E, nontoxic-nonhemagglutinin component, NTNH OS=Clostridium butyricum E4 str. BoNT E BL5262 GN=ntnH PE=4 SV=1 !!!ntnH	97	1163	24	7	29.17	17	0	9	32	KLVKNIKSTPFHAFGIMPNDSFHM
PROKKA_00008	tr|C1FUH8|C1FUH8_CLOBJ Botulinum neurotoxin type A2, nontoxic-nonhemagglutinin component, NTNH OS=Clostridium botulinum (strain Kyoto / Type A2) GN=ntnH PE=4 SV=1 !!!ntnH	97	1159	24	6	25.00	18	0	9	32	KLVKNIKSTPFHAFGIMPNDSFHM
PROKKA_00008	tr|B1L2G4|B1L2G4_CLOBM Botulinum neurotoxin type A3, nontoxic-nonhemagglutinin component, NTNH OS=Clostridium botulinum (strain Loch Maree / Type A3) GN=ntnH PE=4 SV=1 !!!ntnH	97	1159	24	6	25.00	18	0	9	32	KLVKNIKSTPFHAFGIMPNDSFHM
PROKKA_00008	tr|A7GBG2|A7GBG2_CLOBL Botulinum neurotoxin type F, nontoxic-nonhemagglutinin component, NTNH OS=Clostridium botulinum (strain Langeland / NCTC 10281 / Type F) GN=ntnH PE=4 SV=1 !!!ntnH	97	1163	24	6	25.00	18	0	9	32	KLVKNIKSTPFHAFGIMPNDSFHM
PROKKA_00009	tr|C5UY13|C5UY13_CLOBO P-47 protein OS=Clostridium botulinum E1 str. 'BoNT E Beluga' GN=p47 PE=4 SV=1 !!!P-47	112	416	30	11	36.67	19	0	9	38	SDKFYPMNHELFNKCVAFALRNGDRKVSYC
PROKKA_00009	tr|A0A0B4W498|A0A0B4W498_CLOBO Hemagglutinin component HA-17 OS=Clostridium botulinum Prevot_594 GN=ha-17 PE=4 SV=1 !!!ha17	112	146	46	12	26.09	30	4	51	92	DSLEDALEWCKVFYKEDNSFDLSIGDFREEGSTW----STKDILHE
PROKKA_00009	tr|C1FUH7|C1FUH7_CLOBJ P-47 protein OS=Clostridium botulinum (strain Kyoto / Type A2) GN=p47 PE=4 SV=1 !!!P-47	112	416	34	10	29.41	18	6	5	38	NDKRSDKFYPMNHELFNKCVAFALRNGDRKVSYC
PROKKA_00009	tr|A0A059PYB0|A0A059PYB0_9CLOT Toxin complex component ORF-X2 OS=Clostridium baratii PE=4 SV=1 !!!ORF-X2	112	748	24	9	37.50	15	0	31	54	GDRKVSYCKIKDGVLYGGMADSLE
PROKKA_00009	tr|B1L2G3|B1L2G3_CLOBM P-47 protein OS=Clostridium botulinum (strain Loch Maree / Type A3) GN=p47 PE=4 SV=1 !!!P-47	112	416	32	9	28.12	17	6	7	38	KRSDKFYPMNHELFNKCVAFALRNGDRKVSYC
PROKKA_00009	tr|A0A073CND8|A0A073CND8_CLOBO P-47 protein OS=Clostridium botulinum A2B3 87 GN=N496_18585 PE=4 SV=1 !!!P-47	112	415	32	9	28.12	17	6	7	38	KRSDKFYPMNHELFNKCVAFALRNGDRKVSYC
PROKKA_00009	tr|M1ZUL7|M1ZUL7_CLOBO P-47 protein OS=Clostridium botulinum CFSAN001627 GN=CFSAN001627_20700 PE=4 SV=1 !!!P-47	112	416	32	9	28.12	17	6	7	38	KRSDKFYPMNHELFNKCVAFALRNGDRKVSYC
PROKKA_00009	tr|A7GBG1|A7GBG1_CLOBL P-47 protein OS=Clostridium botulinum (strain Langeland / NCTC 10281 / Type F) GN=p47 PE=4 SV=1 !!!P-47	112	416	32	9	28.12	17	6	7	38	KRSDKFYPMNHELFNKCVAFALRNGDRKVSYC
PROKKA_00009	tr|A7GBF8|A7GBF8_CLOBL Toxin complex component ORF-X2 OS=Clostridium botulinum (strain Langeland / NCTC 10281 / Type F) GN=CLI_0846 PE=4 SV=1 !!!ORF-X2	112	750	66	16	24.24	27	23	31	73	GDRKVSYCKIKDGVL---YGGMADSLEDALEWCKV--------------------FYKEDNSFDLS
PROKKA_00010	tr|A0A0C1TZQ5|A0A0C1TZQ5_9CLOT Hemagglutinin components HA-22/23/53 OS=Clostridium argentinense CDC 2741 GN=ha-70 PE=4 SV=1 !!!ha70	203	629	15	6	40.00	9	0	17	31	EIDRNCIADEKWLFK
PROKKA_00010	tr|A5HZZ8|A5HZZ8_CLOBH Type A progenitor toxin nontoxic-nonha OS=Clostridium botulinum (strain Hall / ATCC 3502 / NCTC 13319 / Type A) GN=ntnH PE=4 SV=1 !!!ntnH	203	1193	48	16	33.33	32	0	72	119	SMDSDYSYLISNAKLNVDKIEVWKRFFNEPIELQQFVKKIYKQHLWQW
PROKKA_00010	tr|C1FUH8|C1FUH8_CLOBJ Botulinum neurotoxin type A2, nontoxic-nonhemagglutinin component, NTNH OS=Clostridium botulinum (strain Kyoto / Type A2) GN=ntnH PE=4 SV=1 !!!ntnH	203	1159	39	12	30.77	27	0	81	119	ISNAKLNVDKIEVWKRFFNEPIELQQFVKKIYKQHLWQW
PROKKA_00010	tr|B1L2G4|B1L2G4_CLOBM Botulinum neurotoxin type A3, nontoxic-nonhemagglutinin component, NTNH OS=Clostridium botulinum (strain Loch Maree / Type A3) GN=ntnH PE=4 SV=1 !!!ntnH	203	1159	39	12	30.77	27	0	81	119	ISNAKLNVDKIEVWKRFFNEPIELQQFVKKIYKQHLWQW
PROKKA_00010	tr|A0A059PYB0|A0A059PYB0_9CLOT Toxin complex component ORF-X2 OS=Clostridium baratii PE=4 SV=1 !!!ORF-X2	203	748	21	10	47.62	10	1	160	179	CWDFIDNKPTY-KQAKYQNNK
PROKKA_00010	tr|B1INP8|B1INP8_CLOBK Hemagglutinin component HA33 OS=Clostridium botulinum (strain Okra / Type B1) GN=ha33 PE=1 SV=1 !!!ha33	203	294	26	8	30.77	18	0	94	119	WKRFFNEPIELQQFVKKIYKQHLWQW
PROKKA_00012	tr|B1BE46|B1BE46_CLOBO Non-toxin haemagglutinin HA-70 OS=Clostridium botulinum C str. Eklund GN=CBC_A0169 PE=4 SV=1 !!!ha70	162	623	42	16	38.10	24	2	81	122	PVPEGMYEYEIPASIWAVFESQGLFKESIQTIYKRFFTEWLP
PROKKA_00012	tr|C5UY13|C5UY13_CLOBO P-47 protein OS=Clostridium botulinum E1 str. 'BoNT E Beluga' GN=p47 PE=4 SV=1 !!!P-47	162	416	37	11	29.73	23	3	17	50	RIPLTYDMDKNYKSISS---FWEQIKQSEIFCQILNL
PROKKA_00012	tr|A0A0C1QVR0|A0A0C1QVR0_9CLOT Transcriptional regulator BotR, P-21 OS=Clostridium argentinense CDC 2741 GN=botR PE=4 SV=1 !!!BotR	162	178	23	8	34.78	14	1	22	43	YDMDKNYKSI-SSFWEQIKQSEI
PROKKA_00012	tr|A0A060N6G5|A0A060N6G5_CLOBO Nontoxic-nonhemagglutinin component, NTNH OS=Clostridium botulinum B str. Osaka05 GN=CBO05P2_175 PE=4 SV=1 !!!ntnH	162	1197	37	12	32.43	24	1	31	67	ISSFWEQIKQSEIFCQILNLNNTPQKKVFGISIYNES
PROKKA_00013	tr|C5VU80|C5VU80_CLOBO Botulinum neurotoxin type D, nontoxic-nonhemagglutinin component, NTNH OS=Clostridium botulinum D str. 1873 GN=ntnH PE=4 SV=1 !!!ntnH	163	1196	48	16	33.33	22	10	48	85	VTNNEDYDWRSDISKI----------EILDNGDSWIEYALNGSHINFD
PROKKA_00013	tr|B1BE43|B1BE43_CLOBO Botulinum neurotoxin type C, nontoxic-nonhemagglutinin component NTNH OS=Clostridium botulinum C str. Eklund GN=CBC_A0166 PE=4 SV=1 !!!ntnH	163	1196	48	15	31.25	23	10	48	85	VTNNEDYDWRSDISKI----------EILDNGDSWIEYALNGSHINFD
PROKKA_00014	tr|A7GBF7|A7GBF7_CLOBL Toxin complex component ORF-X3 OS=Clostridium botulinum (strain Langeland / NCTC 10281 / Type F) GN=CLI_0845 PE=4 SV=1 !!!ORF-X3	385	490	87	25	28.74	38	24	148	213	YVRKNNELTYLGPDGKTQVTVEYDGDVPKRVDCIVVSTQHTDNVSNEKIQQDIID-YVIEK--------------------TIPKKF
PROKKA_00014	tr|A0A060N6G5|A0A060N6G5_CLOBO Nontoxic-nonhemagglutinin component, NTNH OS=Clostridium botulinum B str. Osaka05 GN=CBO05P2_175 PE=4 SV=1 !!!ntnH	385	1197	49	15	30.61	33	1	176	223	KRVDCIVVSTQHTDNVSN-EKIQQDIIDYVIEKTIPKKFIDNDTKILIN
PROKKA_00014	tr|B2TSC3|B2TSC3_CLOBB Botulinum neurotoxin type B OS=Clostridium botulinum (strain Eklund 17B / Type B) GN=ntnH PE=4 SV=1 !!!ntnH	385	1197	49	15	30.61	33	1	176	223	KRVDCIVVSTQHTDNVSN-EKIQQDIIDYVIEKTIPKKFIDNDTKILIN
PROKKA_00014	tr|B2TSC3|B2TSC3_CLOBB Botulinum neurotoxin type B OS=Clostridium botulinum (strain Eklund 17B / Type B) GN=ntnH PE=4 SV=1 !!!ntnH	385	1197	55	14	25.45	41	0	302	356	VSNPVSISIDTFSTGKYSDEFIIKLVNKVFKLTPLSIINELELRNPIYKQTAAYG
PROKKA_00014	tr|A5HZZ8|A5HZZ8_CLOBH Type A progenitor toxin nontoxic-nonha OS=Clostridium botulinum (strain Hall / ATCC 3502 / NCTC 13319 / Type A) GN=ntnH PE=4 SV=1 !!!ntnH	385	1193	43	13	30.23	29	1	176	217	KRVDCIVVSTQHTDNVSN-EKIQQDIIDYVIEKTIPKKFIDND
PROKKA_00014	tr|A5HZZ8|A5HZZ8_CLOBH Type A progenitor toxin nontoxic-nonha OS=Clostridium botulinum (strain Hall / ATCC 3502 / NCTC 13319 / Type A) GN=ntnH PE=4 SV=1 !!!ntnH	385	1193	55	14	25.45	41	0	302	356	VSNPVSISIDTFSTGKYSDEFIIKLVNKVFKLTPLSIINELELRNPIYKQTAAYG
PROKKA_00014	tr|B1INP6|B1INP6_CLOBK Botulinum neurotoxin type B1, nontoxic-nonhemagglutinin component, NTNH OS=Clostridium botulinum (strain Okra / Type B1) GN=ntnH PE=4 SV=1 !!!ntnH	385	1197	43	13	30.23	29	1	176	217	KRVDCIVVSTQHTDNVSN-EKIQQDIIDYVIEKTIPKKFIDND
PROKKA_00014	tr|B1INP9|B1INP9_CLOBK Hemagglutinin component HA17 OS=Clostridium botulinum (strain Okra / Type B1) GN=ha17 PE=4 SV=1 !!!ha17	385	146	42	14	33.33	26	2	308	349	ISIDTFSTGKYSDEFIIKLVNKVFKLTPLSIINELELRNPIY
PROKKA_00014	tr|A0A073CN83|A0A073CN83_CLOBO Hemagglutinin OS=Clostridium botulinum A2B3 87 GN=N496_19565 PE=4 SV=1 !!! 	385	146	42	14	33.33	26	2	308	349	ISIDTFSTGKYSDEFIIKLVNKVFKLTPLSIINELELRNPIY
PROKKA_00014	tr|A0A0X1KH90|A0A0X1KH90_CLOBA Botulinum neurotoxin type E, nontoxic-nonhemagglutinin component, NTNH OS=Clostridium botulinum (strain Alaska E43 / Type E3) PE=1 SV=1 !!!ntnH	385	1163	48	11	22.92	37	0	309	356	SIDTFSTGKYSDEFIIKLVNKVFKLTPLSIINELELRNPIYKQTAAYG
PROKKA_00014	tr|C5UY14|C5UY14_CLOBO Botulinum neurotoxin type E1, nontoxic-nonhemagglutinin component, NTNH OS=Clostridium botulinum E1 str. 'BoNT E Beluga' GN=ntnH PE=4 SV=1 !!!ntnH	385	1163	48	11	22.92	37	0	309	356	SIDTFSTGKYSDEFIIKLVNKVFKLTPLSIINELELRNPIYKQTAAYG
PROKKA_00014	tr|C4IHM0|C4IHM0_CLOBU Botulinum neurotoxin type E, nontoxic-nonhemagglutinin component, NTNH OS=Clostridium butyricum E4 str. BoNT E BL5262 GN=ntnH PE=4 SV=1 !!!ntnH	385	1163	48	11	22.92	37	0	309	356	SIDTFSTGKYSDEFIIKLVNKVFKLTPLSIINELELRNPIYKQTAAYG
PROKKA_00014	tr|A0A0D1BS75|A0A0D1BS75_CLOBO Hemagglutinin OS=Clostridium botulinum B2 450 GN=N495_19885 PE=4 SV=1 !!! 	385	146	42	14	33.33	26	2	308	349	ISIDTFSTGKYSDEFIIKLVNKVFKLTPLSIINELELRNPIY
PROKKA_00014	tr|A0A060N976|A0A060N976_CLOBO Hemagglutinin component HA17 OS=Clostridium botulinum B str. Osaka05 GN=CBO05P2_178 PE=4 SV=1 !!!ha17	385	146	42	14	33.33	26	2	308	349	ISIDTFSTGKYSDEFIIKLVNKVFKLTPLSIINELELRNPIY
PROKKA_00014	tr|A0A0E1L447|A0A0E1L447_CLOBO Hemagglutinin component HA-17 OS=Clostridium botulinum CDC_1436 GN=ha-17 PE=4 SV=1 !!!ha17	385	146	42	14	33.33	26	2	308	349	ISIDTFSTGKYSDEFIIKLVNKVFKLTPLSIINELELRNPIY
PROKKA_00014	tr|B2TSC0|B2TSC0_CLOBB Hemagglutinin component HA-17 OS=Clostridium botulinum (strain Eklund 17B / Type B) GN=ha17 PE=4 SV=1 !!!ha17	385	146	42	14	33.33	26	2	308	349	ISIDTFSTGKYSDEFIIKLVNKVFKLTPLSIINELELRNPIY
PROKKA_00014	tr|A5HZZ5|A5HZZ5_CLOBH Hemagglutinin component of the neurotoxin complex OS=Clostridium botulinum (strain Hall / ATCC 3502 / NCTC 13319 / Type A) GN=ha17 PE=1 SV=1 !!!ha17	385	146	42	14	33.33	26	2	308	349	ISIDTFSTGKYSDEFIIKLVNKVFKLTPLSIINELELRNPIY
PROKKA_00015	tr|A0A060N3U8|A0A060N3U8_CLOBO Transcriptional regulator botR OS=Clostridium botulinum B str. Osaka05 GN=CBO05P2_176 PE=4 SV=1 !!!BotR	747	178	115	34	29.57	63	18	342	445	IEKTIHILDGIKNIYEDYHNVKFNRSAIKAAVTLSS--------RYISERFLPDKAIDLLDEAAARKKIISKVDRDNSSDVIEVKKSDIAEIVSKWTKIPVSDL---LEDEARKL
PROKKA_00015	tr|B2TSC2|B2TSC2_CLOBB Putative RNA polymerase sigma factor OS=Clostridium botulinum (strain Eklund 17B / Type B) GN=botR PE=4 SV=1 !!!BotR	747	179	171	43	25.15	107	21	330	489	RRFKTVLVEEPSIEKTIHILDGIKNIYEDYHNVKFNRSAIKAAVTLSS--------RYISERFLPDKAIDLLDEAAARKKIISKVDRDNSSDVIEVKKSDIAEIVSKWTKIPVSDL---LEDEARKLRNLESHLKKRVIGQNKAVQAVSNAVIRSRVCLSNPRKPIGSFIF
PROKKA_00015	tr|A0A0D1AER2|A0A0D1AER2_CLOBO Transcriptional regulator OS=Clostridium botulinum B2 450 GN=N495_19875 PE=4 SV=1 !!! 	747	178	127	36	28.35	70	21	330	445	RRFKTVLVEEPSIEKTIHILDGIKNIYEDYHNVKFNRSAIKAAVTLSS--------RYISERFLPDKAIDLLDEAAARKKIISKVDRDNSSDVIEVKKSDIAEIVSKWTKIPVSDL---LEDEARKL
PROKKA_00015	tr|A5HZZ7|A5HZZ7_CLOBH RNA polymerase ECF-type sigma factor OS=Clostridium botulinum (strain Hall / ATCC 3502 / NCTC 13319 / Type A) GN=botR PE=4 SV=1 !!!BotR	747	178	127	36	28.35	70	21	330	445	RRFKTVLVEEPSIEKTIHILDGIKNIYEDYHNVKFNRSAIKAAVTLSS--------RYISERFLPDKAIDLLDEAAARKKIISKVDRDNSSDVIEVKKSDIAEIVSKWTKIPVSDL---LEDEARKL
PROKKA_00015	tr|S8CEF4|S8CEF4_CLOBO Transcriptional regulator BotR, P-21 OS=Clostridium botulinum CFSAN002367 GN=CFSAN002367_15806 PE=4 SV=1 !!!BotR	747	178	127	36	28.35	70	21	330	445	RRFKTVLVEEPSIEKTIHILDGIKNIYEDYHNVKFNRSAIKAAVTLSS--------RYISERFLPDKAIDLLDEAAARKKIISKVDRDNSSDVIEVKKSDIAEIVSKWTKIPVSDL---LEDEARKL
PROKKA_00015	tr|A0A073CP83|A0A073CP83_CLOBO Transcriptional regulator OS=Clostridium botulinum A2B3 87 GN=N496_19575 PE=4 SV=1 !!! 	747	178	127	36	28.35	70	21	330	445	RRFKTVLVEEPSIEKTIHILDGIKNIYEDYHNVKFNRSAIKAAVTLSS--------RYISERFLPDKAIDLLDEAAARKKIISKVDRDNSSDVIEVKKSDIAEIVSKWTKIPVSDL---LEDEARKL
PROKKA_00015	tr|M1ZWZ6|M1ZWZ6_CLOBO Transcriptional regulator BotR, P-21 OS=Clostridium botulinum CFSAN001627 GN=CFSAN001627_10483 PE=4 SV=1 !!!BotR	747	178	115	34	29.57	63	18	342	445	IEKTIHILDGIKNIYEDYHNVKFNRSAIKAAVTLSS--------RYISERFLPDKAIDLLDEAAARKKIISKVDRDNSSDVIEVKKSDIAEIVSKWTKIPVSDL---LEDEARKL
PROKKA_00016	tr|B1BE43|B1BE43_CLOBO Botulinum neurotoxin type C, nontoxic-nonhemagglutinin component NTNH OS=Clostridium botulinum C str. Eklund GN=CBC_A0166 PE=4 SV=1 !!!ntnH	462	1196	69	19	27.54	40	10	314	376	NKVKNKIVIKSAFTLFLVYAVIIVGLIIIKNHSLIYMIIDN--SY----KNMSVIELASNYMYWIAIIF
PROKKA_00016	tr|C5VU80|C5VU80_CLOBO Botulinum neurotoxin type D, nontoxic-nonhemagglutinin component, NTNH OS=Clostridium botulinum D str. 1873 GN=ntnH PE=4 SV=1 !!!ntnH	462	1196	69	19	27.54	40	10	314	376	NKVKNKIVIKSAFTLFLVYAVIIVGLIIIKNHSLIYMIIDN--SY----KNMSVIELASNYMYWIAIIF
PROKKA_00016	tr|C4IHM0|C4IHM0_CLOBU Botulinum neurotoxin type E, nontoxic-nonhemagglutinin component, NTNH OS=Clostridium butyricum E4 str. BoNT E BL5262 GN=ntnH PE=4 SV=1 !!!ntnH	462	1163	36	12	33.33	17	7	160	195	YGDVKFSSIISLLGVVINFFGNYLLIYDNKFFHGLG
PROKKA_00016	tr|A0A0X1KH90|A0A0X1KH90_CLOBA Botulinum neurotoxin type E, nontoxic-nonhemagglutinin component, NTNH OS=Clostridium botulinum (strain Alaska E43 / Type E3) PE=1 SV=1 !!!ntnH	462	1163	36	12	33.33	17	7	160	195	YGDVKFSSIISLLGVVINFFGNYLLIYDNKFFHGLG
PROKKA_00016	tr|C5UY14|C5UY14_CLOBO Botulinum neurotoxin type E1, nontoxic-nonhemagglutinin component, NTNH OS=Clostridium botulinum E1 str. 'BoNT E Beluga' GN=ntnH PE=4 SV=1 !!!ntnH	462	1163	36	12	33.33	17	7	160	195	YGDVKFSSIISLLGVVINFFGNYLLIYDNKFFHGLG
PROKKA_00016	tr|M1ZWZ6|M1ZWZ6_CLOBO Transcriptional regulator BotR, P-21 OS=Clostridium botulinum CFSAN001627 GN=CFSAN001627_10483 PE=4 SV=1 !!!BotR	462	178	38	10	26.32	28	0	151	188	MFIRLILATYGDVKFSSIISLLGVVINFFGNYLLIYDN
PROKKA_00016	tr|A0A0D1AER2|A0A0D1AER2_CLOBO Transcriptional regulator OS=Clostridium botulinum B2 450 GN=N495_19875 PE=4 SV=1 !!! 	462	178	38	10	26.32	28	0	151	188	MFIRLILATYGDVKFSSIISLLGVVINFFGNYLLIYDN
PROKKA_00016	tr|A0A073CP83|A0A073CP83_CLOBO Transcriptional regulator OS=Clostridium botulinum A2B3 87 GN=N496_19575 PE=4 SV=1 !!! 	462	178	38	10	26.32	28	0	151	188	MFIRLILATYGDVKFSSIISLLGVVINFFGNYLLIYDN
PROKKA_00016	tr|A5HZZ7|A5HZZ7_CLOBH RNA polymerase ECF-type sigma factor OS=Clostridium botulinum (strain Hall / ATCC 3502 / NCTC 13319 / Type A) GN=botR PE=4 SV=1 !!!BotR	462	178	38	10	26.32	28	0	151	188	MFIRLILATYGDVKFSSIISLLGVVINFFGNYLLIYDN
PROKKA_00016	tr|S8CEF4|S8CEF4_CLOBO Transcriptional regulator BotR, P-21 OS=Clostridium botulinum CFSAN002367 GN=CFSAN002367_15806 PE=4 SV=1 !!!BotR	462	178	38	10	26.32	28	0	151	188	MFIRLILATYGDVKFSSIISLLGVVINFFGNYLLIYDN
PROKKA_00016	tr|C1FUH8|C1FUH8_CLOBJ Botulinum neurotoxin type A2, nontoxic-nonhemagglutinin component, NTNH OS=Clostridium botulinum (strain Kyoto / Type A2) GN=ntnH PE=4 SV=1 !!!ntnH	462	1159	44	14	31.82	24	6	339	376	LIIIKNHSLIYMIIDN------SYKNMSVIELASNYMYWIAIIF
PROKKA_00016	tr|A0A060N3U8|A0A060N3U8_CLOBO Transcriptional regulator botR OS=Clostridium botulinum B str. Osaka05 GN=CBO05P2_176 PE=4 SV=1 !!!BotR	462	178	41	12	29.27	27	2	148	188	TIFMFIRLILATYGDVKFSSIISLLGVVINFFGNYLLIYDN
PROKKA_00016	tr|A7GBG2|A7GBG2_CLOBL Botulinum neurotoxin type F, nontoxic-nonhemagglutinin component, NTNH OS=Clostridium botulinum (strain Langeland / NCTC 10281 / Type F) GN=ntnH PE=4 SV=1 !!!ntnH	462	1163	44	14	31.82	24	6	339	376	LIIIKNHSLIYMIIDN------SYKNMSVIELASNYMYWIAIIF
PROKKA_00017	tr|C5UY13|C5UY13_CLOBO P-47 protein OS=Clostridium botulinum E1 str. 'BoNT E Beluga' GN=p47 PE=4 SV=1 !!!P-47	198	416	138	35	25.36	83	20	39	163	GDIDTKELVKLVGQAWANNNMG----LFLSLFSEKGIIYHPLFKTPI-----TPI--IAADVLNSAMNGVSIPHKPKILKGDGSGVNDTVDMYFDETGDELGYLPDNMGI--MHITAKIENHKFVEFLVHGYTPTKSI
PROKKA_00017	tr|A0A059PYB0|A0A059PYB0_9CLOT Toxin complex component ORF-X2 OS=Clostridium baratii PE=4 SV=1 !!!ORF-X2	198	748	21	8	38.10	13	0	47	67	VKLVGQAWANNNMGLFLSLFS
PROKKA_00017	tr|C1FUH7|C1FUH7_CLOBJ P-47 protein OS=Clostridium botulinum (strain Kyoto / Type A2) GN=p47 PE=4 SV=1 !!!P-47	198	416	26	8	30.77	18	0	12	37	FTKFEVPGYELIQYNPTSERELKEVD
PROKKA_00017	tr|B1L2G3|B1L2G3_CLOBM P-47 protein OS=Clostridium botulinum (strain Loch Maree / Type A3) GN=p47 PE=4 SV=1 !!!P-47	198	416	26	8	30.77	18	0	12	37	FTKFEVPGYELIQYNPTSERELKEVD
PROKKA_00017	tr|C5UY11|C5UY11_CLOBO Toxin complex component ORF-X2 OS=Clostridium botulinum E1 str. 'BoNT E Beluga' GN=CLO_2648 PE=4 SV=1 !!!ORF-X2	198	748	21	7	33.33	14	0	47	67	VKLVGQAWANNNMGLFLSLFS
PROKKA_00017	tr|A0A073CP83|A0A073CP83_CLOBO Transcriptional regulator OS=Clostridium botulinum A2B3 87 GN=N496_19575 PE=4 SV=1 !!! 	198	178	82	16	19.51	65	1	86	166	AADVLNSAMNGVSIPHKPKILKGDGSGVNDTVDMYFD-ETGDELGYLPDNMGIMHITAKIENHKFVEFLVHGYTPTKSIFKN
PROKKA_00017	tr|A0A0D1AER2|A0A0D1AER2_CLOBO Transcriptional regulator OS=Clostridium botulinum B2 450 GN=N495_19875 PE=4 SV=1 !!! 	198	178	82	16	19.51	65	1	86	166	AADVLNSAMNGVSIPHKPKILKGDGSGVNDTVDMYFD-ETGDELGYLPDNMGIMHITAKIENHKFVEFLVHGYTPTKSIFKN
PROKKA_00017	tr|A5HZZ7|A5HZZ7_CLOBH RNA polymerase ECF-type sigma factor OS=Clostridium botulinum (strain Hall / ATCC 3502 / NCTC 13319 / Type A) GN=botR PE=4 SV=1 !!!BotR	198	178	82	16	19.51	65	1	86	166	AADVLNSAMNGVSIPHKPKILKGDGSGVNDTVDMYFD-ETGDELGYLPDNMGIMHITAKIENHKFVEFLVHGYTPTKSIFKN
PROKKA_00017	tr|S8CEF4|S8CEF4_CLOBO Transcriptional regulator BotR, P-21 OS=Clostridium botulinum CFSAN002367 GN=CFSAN002367_15806 PE=4 SV=1 !!!BotR	198	178	82	16	19.51	65	1	86	166	AADVLNSAMNGVSIPHKPKILKGDGSGVNDTVDMYFD-ETGDELGYLPDNMGIMHITAKIENHKFVEFLVHGYTPTKSIFKN
