PROKKA_00001	tr|C5UY10|C5UY10_CLOBO Toxin complex component ORF-X3 OS=Clostridium botulinum E1 str. 'BoNT E Beluga' GN=CLO_2647 PE=4 SV=1 !!!ORF-X3	488	487	487	483	99.18	4	0	1	487	MQTTTLNWDTVYAVPINIVNEAIKLKHPTPENFELLNGKYGNCSGSFEDWQITNGGDGSNIRLKIPIKNFKATIIGNRLNGKGGFAFANLEVQVKLKYLPHFPQSKNKNIELVDLKIRTQSDNPEDPAIIVISSYKNIQGFYFEDEYKLTEDDEFVASYFYRLIKEWLEKNLHFFNYIFNTVNLNLYISDKEKWEWTKPSYVDYAYSEIEGDLSKSALGVLCMTGGRTGSKNQQQKIDPYAIPKKSQSGFLISEERLLRNILLPTIPKKFPKSKGDEFEVINESSQGGGYSYILKLKKGKKIDLENIQAVGYTCTPYIQEMKIYLLGSYLKLETTTRVDLPLGVASICETTCEYKFKLSTNNKGEQTIAYEQIGSPVNIQYSENTGNVGLNIVVSFLSATLSFALTFVPGFGTFLAVGLIGGCLIGSVALIPTFIESYNSDTAPSIDLSLENSVSEITWNSSDVFNLDYVALAGPLQLGGTLQVQNS
PROKKA_00001	tr|A0A0A7FV57|A0A0A7FV57_9CLOT Clostridium P-47 family protein OS=Clostridium baratii str. Sullivan GN=U729_696 PE=4 SV=1 !!!P-47	488	491	491	400	81.47	87	4	1	487	MQTTTLNWDTVYAVPINIVNEAIKLKHPTPENFELLNGKYGNCSGSFEDWQITNGGDGSNIRLKIPIKNFKATIIGNRLNGKGGFAFANLEVQVKLKYLPHFPQSKNKNIELVDLKIRTQSDNPEDPAIIVISSYKNIQGFYFEDEYK----LTEDDEFVASYFYRLIKEWLEKNLHFFNYIFNTVNLNLYISDKEKWEWTKPSYVDYAYSEIEGDLSKSALGVLCMTGGRTGSKNQQQKIDPYAIPKKSQSGFLISEERLLRNILLPTIPKKFPKSKGDEFEVINESSQGGGYSYILKLKKGKKIDLENIQAVGYTCTPYIQEMKIYLLGSYLKLETTTRVDLPLGVASICETTCEYKFKLSTNNKGEQTIAYEQIGSPVNIQYSENTGNVGLNIVVSFLSATLSFALTFVPGFGTFLAVGLIGGCLIGSVALIPTFIESYNSDTAPSIDLSLENSVSEITWNSSDVFNLDYVALAGPLQLGGTLQVQNS
PROKKA_00001	tr|A0A059PY44|A0A059PY44_9CLOT Toxin complex component ORF-X3 OS=Clostridium baratii PE=4 SV=1 !!!ORF-X3	488	491	491	399	81.26	88	4	1	487	MQTTTLNWDTVYAVPINIVNEAIKLKHPTPENFELLNGKYGNCSGSFEDWQITNGGDGSNIRLKIPIKNFKATIIGNRLNGKGGFAFANLEVQVKLKYLPHFPQSKNKNIELVDLKIRTQSDNPEDPAIIVISSYKNIQGFYFEDEYK----LTEDDEFVASYFYRLIKEWLEKNLHFFNYIFNTVNLNLYISDKEKWEWTKPSYVDYAYSEIEGDLSKSALGVLCMTGGRTGSKNQQQKIDPYAIPKKSQSGFLISEERLLRNILLPTIPKKFPKSKGDEFEVINESSQGGGYSYILKLKKGKKIDLENIQAVGYTCTPYIQEMKIYLLGSYLKLETTTRVDLPLGVASICETTCEYKFKLSTNNKGEQTIAYEQIGSPVNIQYSENTGNVGLNIVVSFLSATLSFALTFVPGFGTFLAVGLIGGCLIGSVALIPTFIESYNSDTAPSIDLSLENSVSEITWNSSDVFNLDYVALAGPLQLGGTLQVQNS
PROKKA_00001	tr|A7GBF7|A7GBF7_CLOBL Toxin complex component ORF-X3 OS=Clostridium botulinum (strain Langeland / NCTC 10281 / Type F) GN=CLI_0845 PE=4 SV=1 !!!ORF-X3	488	490	490	377	76.94	110	3	1	487	MQTTTLNWDTVYAVPINIVNEAIKLKHPTPENFELLNGKYGNCSGSFEDWQITNGGDGSNIRLKIPIKNFKATIIGNRLNGKGGFAFANLEVQVKLKYLPHFPQSKNKNIELVDLKIRTQSDNPEDPAIIVISSYKNIQGFYFEDEYK---LTEDDEFVASYFYRLIKEWLEKNLHFFNYIFNTVNLNLYISDKEKWEWTKPSYVDYAYSEIEGDLSKSALGVLCMTGGRTGSKNQQQKIDPYAIPKKSQSGFLISEERLLRNILLPTIPKKFPKSKGDEFEVINESSQGGGYSYILKLKKGKKIDLENIQAVGYTCTPYIQEMKIYLLGSYLKLETTTRVDLPLGVASICETTCEYKFKLSTNNKGEQTIAYEQIGSPVNIQYSENTGNVGLNIVVSFLSATLSFALTFVPGFGTFLAVGLIGGCLIGSVALIPTFIESYNSDTAPSIDLSLENSVSEITWNSSDVFNLDYVALAGPLQLGGTLQVQNS
PROKKA_00001	tr|C1FUH3|C1FUH3_CLOBJ Toxin complex component ORF-X3 OS=Clostridium botulinum (strain Kyoto / Type A2) GN=CLM_0891 PE=4 SV=1 !!!ORF-X3	488	490	490	376	76.73	111	3	1	487	MQTTTLNWDTVYAVPINIVNEAIKLKHPTPENFELLNGKYGNCSGSFEDWQITNGGDGSNIRLKIPIKNFKATIIGNRLNGKGGFAFANLEVQVKLKYLPHFPQSKNKNIELVDLKIRTQSDNPEDPAIIVISSYKNIQGFYFEDEYK---LTEDDEFVASYFYRLIKEWLEKNLHFFNYIFNTVNLNLYISDKEKWEWTKPSYVDYAYSEIEGDLSKSALGVLCMTGGRTGSKNQQQKIDPYAIPKKSQSGFLISEERLLRNILLPTIPKKFPKSKGDEFEVINESSQGGGYSYILKLKKGKKIDLENIQAVGYTCTPYIQEMKIYLLGSYLKLETTTRVDLPLGVASICETTCEYKFKLSTNNKGEQTIAYEQIGSPVNIQYSENTGNVGLNIVVSFLSATLSFALTFVPGFGTFLAVGLIGGCLIGSVALIPTFIESYNSDTAPSIDLSLENSVSEITWNSSDVFNLDYVALAGPLQLGGTLQVQNS
PROKKA_00001	tr|B1L2F9|B1L2F9_CLOBM Toxin complex component ORF-X3 OS=Clostridium botulinum (strain Loch Maree / Type A3) GN=CLK_A0070 PE=4 SV=1 !!!ORF-X3	488	490	490	372	75.92	115	3	1	487	MQTTTLNWDTVYAVPINIVNEAIKLKHPTPENFELLNGKYGNCSGSFEDWQITNGGDGSNIRLKIPIKNFKATIIGNRLNGKGGFAFANLEVQVKLKYLPHFPQSKNKNIELVDLKIRTQSDNPEDPAIIVISSYKNIQGFYFEDEYK---LTEDDEFVASYFYRLIKEWLEKNLHFFNYIFNTVNLNLYISDKEKWEWTKPSYVDYAYSEIEGDLSKSALGVLCMTGGRTGSKNQQQKIDPYAIPKKSQSGFLISEERLLRNILLPTIPKKFPKSKGDEFEVINESSQGGGYSYILKLKKGKKIDLENIQAVGYTCTPYIQEMKIYLLGSYLKLETTTRVDLPLGVASICETTCEYKFKLSTNNKGEQTIAYEQIGSPVNIQYSENTGNVGLNIVVSFLSATLSFALTFVPGFGTFLAVGLIGGCLIGSVALIPTFIESYNSDTAPSIDLSLENSVSEITWNSSDVFNLDYVALAGPLQLGGTLQVQNS
PROKKA_00001	tr|A0A073CND8|A0A073CND8_CLOBO P-47 protein OS=Clostridium botulinum A2B3 87 GN=N496_18585 PE=4 SV=1 !!!P-47	488	415	290	83	28.62	167	40	5	288	TLNWDTVYAVPINIVNEAIKLKHPTPENFELL---NGKYGNCSGSFEDWQITNGGDGSNIRLKIPIKN--FKATIIGNRLNGKGGFAFANLEVQVKLKYLPHFPQSKNKNIELVDLKIRTQSDNPEDPAIIVISSYKNIQGFYFEDEYKLTEDDEFVASYFYRLIKEWLEKNLHFFNYIFNTVNLNLYISDKEKWEWTKPSYVDYAYSEIEGDLSKSALGVLCMTGGRTGSKNQQQKIDPYAIPKKSQSGFLISEERLLRNILLPTIPKKFPKS-KGDEFEVINESSQGG
PROKKA_00001	tr|C1FUH7|C1FUH7_CLOBJ P-47 protein OS=Clostridium botulinum (strain Kyoto / Type A2) GN=p47 PE=4 SV=1 !!!P-47	488	416	293	84	28.67	163	46	5	288	TLNWDTVYAVPINIVNEAIKLKHPTPENFELLNGKYGNCSGS------FEDWQITNGGDGSNIRLKIPIKN--FKATIIGNRLNGKGGFAFANLEVQVKLKYLPHFPQSKNKNIELVDLKIRTQSDNPEDPAIIVISSYKNIQGFYFEDEYKLTEDDEFVASYFYRLIKEWLEKNLHFFNYIFNTVNLNLYISDKEKWEWTKPSYVDYAYSEIEGDLSKSALGVLCMTGGRTGSKNQQQKIDPYAIPKKSQSGFLISEERLLRNILLPTIPKKFPKS-KGDEFEVINESSQGG
PROKKA_00001	tr|A7GBF8|A7GBF8_CLOBL Toxin complex component ORF-X2 OS=Clostridium botulinum (strain Langeland / NCTC 10281 / Type F) GN=CLI_0846 PE=4 SV=1 !!!ORF-X2	488	750	278	73	26.26	170	35	6	265	LNWDTVYAVPINIVNEAIKLKHPTPENFELL---NGKYGNCSGSFEDWQITNGGDGSNIRLKIPIKNFKATIIGNRLNGKG-GFAFANLEVQVKLKYLP-----HFPQSKNKNIELVDLKIRTQSDNPEDPAIIVISSYKNIQGFYFEDEYKLTEDDEFVASYFYRLIKEWLEKNLHFFNYIFNTVNLNLYISDKEKWEWTKPSYVDYAYSEIEG-----DLSKSALGVLCMTGGRTGSKNQQQKIDPYAIPKKSQSGFLIS----EERLLRNILLPT
PROKKA_00001	tr|A7GBF8|A7GBF8_CLOBL Toxin complex component ORF-X2 OS=Clostridium botulinum (strain Langeland / NCTC 10281 / Type F) GN=CLI_0846 PE=4 SV=1 !!!ORF-X2	488	750	44	15	34.09	25	4	30	69	PENF--ELLNGKYGNCS--GSFEDWQITNGGDGSNIRLKIPIKN
PROKKA_00001	tr|B1L2G3|B1L2G3_CLOBM P-47 protein OS=Clostridium botulinum (strain Loch Maree / Type A3) GN=p47 PE=4 SV=1 !!!P-47	488	416	293	83	28.33	164	46	5	288	TLNWDTVYAVPINIVNEAIKLKHPTPENFELLNGKYGNCSGS------FEDWQITNGGDGSNIRLKIPIKN--FKATIIGNRLNGKGGFAFANLEVQVKLKYLPHFPQSKNKNIELVDLKIRTQSDNPEDPAIIVISSYKNIQGFYFEDEYKLTEDDEFVASYFYRLIKEWLEKNLHFFNYIFNTVNLNLYISDKEKWEWTKPSYVDYAYSEIEGDLSKSALGVLCMTGGRTGSKNQQQKIDPYAIPKKSQSGFLISEERLLRNILLPTIPKKFPKS-KGDEFEVINESSQGG
PROKKA_00001	tr|A7GBG1|A7GBG1_CLOBL P-47 protein OS=Clostridium botulinum (strain Langeland / NCTC 10281 / Type F) GN=p47 PE=4 SV=1 !!!P-47	488	416	290	82	28.28	168	40	5	288	TLNWDTVYAVPINIVNEAIKLKHPTPENFELL---NGKYGNCSGSFEDWQITNGGDGSNIRLKIPIKN--FKATIIGNRLNGKGGFAFANLEVQVKLKYLPHFPQSKNKNIELVDLKIRTQSDNPEDPAIIVISSYKNIQGFYFEDEYKLTEDDEFVASYFYRLIKEWLEKNLHFFNYIFNTVNLNLYISDKEKWEWTKPSYVDYAYSEIEGDLSKSALGVLCMTGGRTGSKNQQQKIDPYAIPKKSQSGFLISEERLLRNILLPTIPKKFPKS-KGDEFEVINESSQGG
PROKKA_00001	tr|M1ZUL7|M1ZUL7_CLOBO P-47 protein OS=Clostridium botulinum CFSAN001627 GN=CFSAN001627_20700 PE=4 SV=1 !!!P-47	488	416	290	82	28.28	168	40	5	288	TLNWDTVYAVPINIVNEAIKLKHPTPENFELL---NGKYGNCSGSFEDWQITNGGDGSNIRLKIPIKN--FKATIIGNRLNGKGGFAFANLEVQVKLKYLPHFPQSKNKNIELVDLKIRTQSDNPEDPAIIVISSYKNIQGFYFEDEYKLTEDDEFVASYFYRLIKEWLEKNLHFFNYIFNTVNLNLYISDKEKWEWTKPSYVDYAYSEIEGDLSKSALGVLCMTGGRTGSKNQQQKIDPYAIPKKSQSGFLISEERLLRNILLPTIPKKFPKS-KGDEFEVINESSQGG
PROKKA_00001	tr|C5UY13|C5UY13_CLOBO P-47 protein OS=Clostridium botulinum E1 str. 'BoNT E Beluga' GN=p47 PE=4 SV=1 !!!P-47	488	416	390	100	25.64	222	68	5	377	TLNWDTVYAVPINIVNEAIKLKHPTPEN-FELLNG---KYGNCSGSFEDWQITNGGDGSNIRLKIPIKNFKATIIGNRLNGKGGFAFANLEV---------QVKLKYLPHFPQSKNKNIELVDLKIRTQSDNPEDPAIIVISSYKNIQGFYFEDEYKLTEDDEFVASYFYRLIKEWLEKNLHFFNYIFNTVNLNLYISDKEKWEWTKPSYVDYAYSEIEGDLSKSALGVLCMTGGRTGSKNQQQKIDPYAIPKKSQSGFLISEERLLRNILLPTIPKKFPKS-KGDEFEVINESSQGGGYSYILKLKKGKKIDLENIQAVGYTCTPYIQEMKIYLL-GSYLKLETTTRVDLP--LGVASICETTCEYKFKLSTNNKGEQTIAYEQIGSPV
PROKKA_00001	tr|A0A059PYB0|A0A059PYB0_9CLOT Toxin complex component ORF-X2 OS=Clostridium baratii PE=4 SV=1 !!!ORF-X2	488	748	281	78	27.76	159	44	6	263	LNWDTVYAVPINIVNEAIKLKHPTPENFELLNGKYGN---CSGSFEDWQITNGGDGSNIRLKIPIKNFKATIIGNRLNGK-GGFAFANLEVQVKLKYLPHF-----PQSKNKNIELVDLKIRTQSDNPEDPAIIVISSYKNIQG----FYFEDEYKLTEDDEFVASYFYRLIKEWLEKNLHFFNYIFNTVNLNLYISDKEKWEWTKPSYVDYAYS----------EIEGDLSKSALGVLCMTGGRTGSKNQQQKIDPYAIPKKSQSGFLISEERLLRNILL
PROKKA_00001	tr|C5UY11|C5UY11_CLOBO Toxin complex component ORF-X2 OS=Clostridium botulinum E1 str. 'BoNT E Beluga' GN=CLO_2648 PE=4 SV=1 !!!ORF-X2	488	748	323	81	25.08	196	46	6	308	LNWDTVYAVPINIVNEAIKLKHPTPENF----ELLNGKYGNCSGSFEDWQITNGGDGSNIRLKIPIKNFKATIIGNRLNGK-GGFAFANLEVQVKLKYLPH----FPQSKNKNIELVDLKIRTQSDNPEDPAIIVISSYKNIQGFYFEDEYKLTEDDEFVASYFYRLIKEWLEKNLHFFNYIFNTVNLNLYISDKEKWEWTKPSYVDYAYSEIE-----------GDLSKSALGVLCMTGGRTGSKNQQQKIDPYAIPKKSQSGFLISEERLLRNILLPTIPKKFPKSKGDEFEVINESSQGGGYSYILKLKKGKKIDLENIQ
PROKKA_00001	tr|C5UY11|C5UY11_CLOBO Toxin complex component ORF-X2 OS=Clostridium botulinum E1 str. 'BoNT E Beluga' GN=CLO_2648 PE=4 SV=1 !!!ORF-X2	488	748	166	40	24.10	87	39	19	180	VNEAIKLKHPTPENFELLNGKYGNC--SGSFEDWQITNGGDGSNIRLKIPIKNFKATIIGNRLNGKGGFAFANLEVQVKLKYLPHFPQSKNKNIEL-VDLKIRTQSDNPEDPAIIVISSYKNIQGFYFE-DEYKLTEDDEFVASYFYRLIKEWLEKNLHFFNYIFN
PROKKA_00001	tr|C5UY11|C5UY11_CLOBO Toxin complex component ORF-X2 OS=Clostridium botulinum E1 str. 'BoNT E Beluga' GN=CLO_2648 PE=4 SV=1 !!!ORF-X2	488	748	44	12	27.27	32	0	439	482	NSDTAPSIDLSLENSVSEITWNSSDVFNLDYVALAGPLQLGGTL
PROKKA_00001	tr|C5UY11|C5UY11_CLOBO Toxin complex component ORF-X2 OS=Clostridium botulinum E1 str. 'BoNT E Beluga' GN=CLO_2648 PE=4 SV=1 !!!ORF-X2	488	748	27	11	40.74	16	0	425	451	IGSVALIPTFIESYNSDTAPSIDLSLE
PROKKA_00001	tr|C1FUH5|C1FUH5_CLOBJ Toxin complex component ORF-X1 OS=Clostridium botulinum (strain Kyoto / Type A2) GN=CLM_0893 PE=4 SV=1 !!!ORF-X1	488	142	33	10	30.30	23	0	304	336	LENIQAVGYTCTPYIQEMKIYLLGSYLKLETTT
PROKKA_00001	tr|B1L2G1|B1L2G1_CLOBM Toxin complex component ORF-X1 OS=Clostridium botulinum (strain Loch Maree / Type A3) GN=CLK_A0072 PE=4 SV=1 !!!ORF-X1	488	142	33	10	30.30	23	0	304	336	LENIQAVGYTCTPYIQEMKIYLLGSYLKLETTT
PROKKA_00001	tr|A7GBF9|A7GBF9_CLOBL Toxin complex component ORF-X1 OS=Clostridium botulinum (strain Langeland / NCTC 10281 / Type F) GN=CLI_0847 PE=4 SV=1 !!!ORF-X1	488	142	33	9	27.27	24	0	304	336	LENIQAVGYTCTPYIQEMKIYLLGSYLKLETTT
PROKKA_00002	tr|C5UY11|C5UY11_CLOBO Toxin complex component ORF-X2 OS=Clostridium botulinum E1 str. 'BoNT E Beluga' GN=CLO_2648 PE=4 SV=1 !!!ORF-X2	763	748	748	712	95.19	36	0	15	762	MTNLKPYIIYDWKETILKNSKDNYYINESIPKTFSKKICGGRFFNSTLSGNWKSWTLTDEGEGPHPVLKCTIDNGYLEIYSNTFSEKHSLKDIEIKVCMSIKPNSDGTHSLCKNSFYIKNNSLKLSEDRLIVSHCLDKLILAWFKDNHKYIELFINRSRIQTRVEGDLSLLGWDIESSVSYKTMNEFIKKDNLYEKKFYESVTFRKMKVTIDGEFGPWQMTTGADGRNIRFLCPIKSATYKIDEDVYIAKPDNFIIIQVDLKYFDSKTTITDPSGLNNGQQLNLKIKTDSTDEIDAVILVGSKITDVNDGFIEGDDVYLEIVFRTWFNNNIQKFTQIFSYILLNETSKIPEYQWLKPTQISYGSASVTMPDPSNPNKELSNLDASTFAAMAMVENHKNDRPNHAVDNRFLELSKTPAAFAISMPEFLKHFLVTGLQAMQIDNLDAFEVSSENLVITNKKKINFGKIQDQNRQVDALIEPNNFKLAIQNNQVVVEIVDATWQQVVGVTGHFGYRQAYNLILKNENNVYKPMLEESGDVTISYMVTEEAWKTTQDAIISATVGLVVGTIIGTAFSKLSDKLYKFLKSKFIVKNKKASLKISGKDINEVIEMSDLSKPQLLSIKKANAKISTEEVGLISKNGSTSLENLALFKNKPRPIGERVQILGLKLVSGLITTFGLSIGFVLPDILKDVINANINNDFEVLPGIQQFTQQCIGSIQWPDNSELKIDFAKLQGVYLLGGNLVKIPESN
PROKKA_00002	tr|A0A059PYB0|A0A059PYB0_9CLOT Toxin complex component ORF-X2 OS=Clostridium baratii PE=4 SV=1 !!!ORF-X2	763	748	743	474	63.80	267	2	15	757	MTNLKPYIIYDWKETILKNSKDNYYINESIPKTFSKKICGGRFFNSTLSGNWKSWTLTDEGEGPHPVLKCTIDNGYLEIYSNTFSEKHSLKDIEIKVCMSIKPNSDGTHSLCKNSFYIKNNSLKLSEDRLIVSHCLDKLILAWFKDNHKYIELFINRSRIQTRVEGDLSLLGWDIESSVSYKTMNEFIKKDNLYEKKFYESVTFRKMKVTIDGEFGPWQMTTGADGRNIRFLCPIKSATYKIDEDVYIAKPDNFIIIQVDLKYFDSKTTITDPSGLNNGQQLNLKIKTDSTDEIDAVILVGSKITDVNDGFIEGDDVYLEIVFRTWFNNNIQKFTQIFSYILLNETSKIPEYQWLKPTQISYGSASVTMPDPSNPNKELSNLDASTFAAMAMVENHKNDRPNHAVDNRFLELSKTPAAFAISMPEFLKHFLVTGLQAMQIDNLDAFEVSSENLVITNKKKINFGKIQDQNRQVDALIEPNNFKLAIQNNQVVVEIVDATWQQVVGVTGHFGYRQAYNLILKNENNVYKPMLEESGDVTISYMVTEEAWKTTQDAIISATVGLVVGTIIGTAFSKLSDKLYKFLKSKFIVKNKKASLKISGKDINEVIEMSDLSKPQLLSIKKANAKISTEEVGLISKNGSTSLENLALFKNKPRPIGERVQILGLKLVSGLITTFGLSIGFVLPDILKDVINANINNDFEVLPGIQQFTQQCIGSIQWPDNSELKIDFAKLQGVYLLGGNLVK
PROKKA_00002	tr|A7GBF8|A7GBF8_CLOBL Toxin complex component ORF-X2 OS=Clostridium botulinum (strain Langeland / NCTC 10281 / Type F) GN=CLI_0846 PE=4 SV=1 !!!ORF-X2	763	750	752	389	51.73	345	18	15	757	MTNLKPYIIYDWKETILKNSKDNYYINESIPKTFSKKICGGRFFNSTLSGNWKSWTLTDEGEGPHPVLKCTIDNGYLEIYSNTFSEKHSLKDIEIKVCMSIKPNSDGTHSLCK--NSFYIKNNSLKLSEDRLIVSHCLDKLILAWFKDNHKYIELFINRSRIQTRVEGDLSLLGWDIESSVSYKTMNEFIKKDNLYEKKFYESVTFRKMKVTIDGEFGPWQMTTGADGRNIRFLCPIKSATYKIDEDVYIAKPDNFIIIQVDLKYFDSKTTITDPSGLNNGQQLNLKIKTDSTDEIDAVILVGSKITDVNDGFIEGDDVYLEIVFRTWFNNNIQKFTQIFSYILLNETSKIPEYQWLKPTQISYGSASVTMPDPSNPNKELSNLDASTFAAMAMVENHKNDRPNHAVDNRFLELSKTPAAFAISMPEFLKHFLVTGLQAMQIDNLDAFEVSSENLVITNKKKINFGKIQDQN-RQVDALIEPNNFKLAIQNNQVVVEIVDATWQQVVGVTGHFGYRQAYNLILKNENNVYKPMLEESGDVTISYMVTEEAWKTTQDAIISATVGLVVGTIIGT----AFSKLSDKLYKFLKSKFIVKNKKASLKISGKDINEVIEMSDLSKPQLLSIKKANAKISTEEVGLISKNGSTSLENLALFKNKPRPIGERVQILGLKLVSGLITTFG-LSIGFVLPDILKDVINANINNDFEVLPGIQQFTQQCIGSIQWPD-NSELKIDFAKLQGVYLLGGNLVK
PROKKA_00002	tr|A7GBF7|A7GBF7_CLOBL Toxin complex component ORF-X3 OS=Clostridium botulinum (strain Langeland / NCTC 10281 / Type F) GN=CLI_0845 PE=4 SV=1 !!!ORF-X3	763	490	282	67	23.76	174	41	185	446	LGWDIESSVSYKTMNEFIKKDNLYEKKFYESVTFRKMKVTIDGEFGPWQMTTGADGRNIRFLCPIKSATYKIDEDVYIAKPDNF----IIIQVDLKYFDSKTTITDPSGLNNGQQL-NLKIKTDSTDEIDAVILVGSKITDVNDGFIEGDDV--------------YLEIVFRTWFNNNIQKFTQIFSYILLN-ETSKIPEYQWLKPTQISYGSASVTMPDPSNPNKELSNLDASTFAAMAMVENHKNDRPNHAVDNRFLELSKTPAAFAISMPEFLKHFLV
PROKKA_00002	tr|A7GBF7|A7GBF7_CLOBL Toxin complex component ORF-X3 OS=Clostridium botulinum (strain Langeland / NCTC 10281 / Type F) GN=CLI_0845 PE=4 SV=1 !!!ORF-X3	763	490	78	18	23.08	59	1	679	755	LKLVSGLITTFGLS-IGFVLPDILKDVINANINNDFEVLPGIQQFTQQCIGSIQWPDNSELKIDFAKLQGVYLLGGNL
PROKKA_00002	tr|B1L2F9|B1L2F9_CLOBM Toxin complex component ORF-X3 OS=Clostridium botulinum (strain Loch Maree / Type A3) GN=CLK_A0070 PE=4 SV=1 !!!ORF-X3	763	490	326	78	23.93	197	51	185	480	LGWDIESSVSYKTMNEFIKKDNLYEKKFYESVTFRKMKVTIDGEFGPWQMTTGADGRNIRFLCPIKSATYKIDEDVYIAKPDNF----IIIQVDLKYFDSKTTITDPSGLNNGQQL-NLKIKTDSTDEIDAVILVGSKITDVNDGFIEGDDV--------------YLEIVFRTWFNNNIQKFTQIFSYILLN-ETSKIPEYQWLKPTQISYGSASVTMPDPSNPNKELSNLDASTFAAMAMVENHKNDRPNHAVDNRFLELSKTPAAFAISMPEFLKHFLVTGL-QAMQIDNLDAFEVSSEN---------LVITNKKKINFGKI
PROKKA_00002	tr|B1L2F9|B1L2F9_CLOBM Toxin complex component ORF-X3 OS=Clostridium botulinum (strain Loch Maree / Type A3) GN=CLK_A0070 PE=4 SV=1 !!!ORF-X3	763	490	78	19	24.36	58	1	679	755	LKLVSGLITTFGLS-IGFVLPDILKDVINANINNDFEVLPGIQQFTQQCIGSIQWPDNSELKIDFAKLQGVYLLGGNL
PROKKA_00002	tr|A0A0A7FV57|A0A0A7FV57_9CLOT Clostridium P-47 family protein OS=Clostridium baratii str. Sullivan GN=U729_696 PE=4 SV=1 !!!P-47	763	491	224	62	27.68	130	32	185	387	LGWDIESSVSYKTMNEFIKKDNLYEKKFYESVTFRKMKVTIDGEFGPWQMTTGADGRNIRFLCPIKSATYKIDEDVYIAKPDNFII----IQVDLKYFDSKTTITDPSGLNNGQQL-NLKIKTDSTDEIDAVILVGSKITDVNDGFIEGDDV---------------YLEIVFRTWFNNNIQKFTQIFSYILLN-ETSKIPEYQWLKPTQISYGSASVTMPDPS
PROKKA_00002	tr|A0A0A7FV57|A0A0A7FV57_9CLOT Clostridium P-47 family protein OS=Clostridium baratii str. Sullivan GN=U729_696 PE=4 SV=1 !!!P-47	763	491	81	26	32.10	44	11	677	755	LGLKLVSGLITTFGLSIGFV--LPDILKDVINANINNDFEVLPGIQQFTQQCIGSIQWPDNSELKIDFAKLQGVYLLGGNL
PROKKA_00002	tr|A0A0A7FV57|A0A0A7FV57_9CLOT Clostridium P-47 family protein OS=Clostridium baratii str. Sullivan GN=U729_696 PE=4 SV=1 !!!P-47	763	491	77	19	24.68	52	6	45	119	PKTFSKKICGGRFFNSTLSGNWKSWTLTDEGEGPHPVLKCTIDNGYLEIYSNTFSEK--HSLKDIEIKVCMSIKPNS
PROKKA_00002	tr|A0A059PY44|A0A059PY44_9CLOT Toxin complex component ORF-X3 OS=Clostridium baratii PE=4 SV=1 !!!ORF-X3	763	491	224	62	27.68	130	32	185	387	LGWDIESSVSYKTMNEFIKKDNLYEKKFYESVTFRKMKVTIDGEFGPWQMTTGADGRNIRFLCPIKSATYKIDEDVYIAKPDNFII----IQVDLKYFDSKTTITDPSGLNNGQQL-NLKIKTDSTDEIDAVILVGSKITDVNDGFIEGDDV---------------YLEIVFRTWFNNNIQKFTQIFSYILLN-ETSKIPEYQWLKPTQISYGSASVTMPDPS
PROKKA_00002	tr|A0A059PY44|A0A059PY44_9CLOT Toxin complex component ORF-X3 OS=Clostridium baratii PE=4 SV=1 !!!ORF-X3	763	491	81	27	33.33	43	11	677	755	LGLKLVSGLITTFGLSIGFV--LPDILKDVINANINNDFEVLPGIQQFTQQCIGSIQWPDNSELKIDFAKLQGVYLLGGNL
PROKKA_00002	tr|A0A059PY44|A0A059PY44_9CLOT Toxin complex component ORF-X3 OS=Clostridium baratii PE=4 SV=1 !!!ORF-X3	763	491	77	19	24.68	52	6	45	119	PKTFSKKICGGRFFNSTLSGNWKSWTLTDEGEGPHPVLKCTIDNGYLEIYSNTFSEK--HSLKDIEIKVCMSIKPNS
PROKKA_00002	tr|C5UY10|C5UY10_CLOBO Toxin complex component ORF-X3 OS=Clostridium botulinum E1 str. 'BoNT E Beluga' GN=CLO_2647 PE=4 SV=1 !!!ORF-X3	763	487	299	74	24.75	188	37	185	466	LGWDIESSVSYKTMNEFIKKDNLYEKKFYESVTFRKMKVTIDGEFGPWQMTTGADGRNIRFLCPIKSATYKIDEDVYIAKPDNFII----IQVDLKYFDSKTTITDPSGLNNGQQL-NLKIKTDSTDEIDAVILVGSKITDVNDGFIEG------DDVYLEIVF----RTWFNNNIQKFTQIFSYILLN-ETSKIPEYQWLKPTQISYGSASVTMPDPSNPNKELSNLDASTFAAMAMVENHKNDRPNHAVDNRFLELSKTPAAFAISMPEFLKHFLVTGL-QAMQIDNLDAFEVSSEN
PROKKA_00002	tr|C5UY10|C5UY10_CLOBO Toxin complex component ORF-X3 OS=Clostridium botulinum E1 str. 'BoNT E Beluga' GN=CLO_2647 PE=4 SV=1 !!!ORF-X3	763	487	166	42	25.30	85	39	40	170	INESI----PKTFSKKICGGRFFNSTLSGNWKSWTLTDEGEGPHPVLKCTIDNGYLEIYSNTFSEKHSL----------------------KDIEIKVCMSIKPNSDGTH-------SLCKN--SFYIKNNSLKLSEDRLIVSHCLDKLILAWFKDNHKYIELFIN
PROKKA_00002	tr|C5UY10|C5UY10_CLOBO Toxin complex component ORF-X3 OS=Clostridium botulinum E1 str. 'BoNT E Beluga' GN=CLO_2647 PE=4 SV=1 !!!ORF-X3	763	487	42	11	26.19	31	0	714	755	EVLPGIQQFTQQCIGSIQWPDNSELKIDFAKLQGVYLLGGNL
PROKKA_00002	tr|C1FUH3|C1FUH3_CLOBJ Toxin complex component ORF-X3 OS=Clostridium botulinum (strain Kyoto / Type A2) GN=CLM_0891 PE=4 SV=1 !!!ORF-X3	763	490	326	78	23.93	197	51	185	480	LGWDIESSVSYKTMNEFIKKDNLYEKKFYESVTFRKMKVTIDGEFGPWQMTTGADGRNIRFLCPIKSATYKIDEDVYIAKPDNF----IIIQVDLKYFDSKTTITDPSGLNNGQQL-NLKIKTDSTDEIDAVILVGSKITDVNDGFIEGDDV--------------YLEIVFRTWFNNNIQKFTQIFSYILLN-ETSKIPEYQWLKPTQISYGSASVTMPDPSNPNKELSNLDASTFAAMAMVENHKNDRPNHAVDNRFLELSKTPAAFAISMPEFLKHFLVTGL-QAMQIDNLDAFEVSSEN---------LVITNKKKINFGKI
PROKKA_00002	tr|C1FUH3|C1FUH3_CLOBJ Toxin complex component ORF-X3 OS=Clostridium botulinum (strain Kyoto / Type A2) GN=CLM_0891 PE=4 SV=1 !!!ORF-X3	763	490	88	22	25.00	63	3	671	755	GERVQILG--LKLVSGLITTFGLS-IGFVLPDILKDVINANINNDFEVLPGIQQFTQQCIGSIQWPDNSELKIDFAKLQGVYLLGGNL
PROKKA_00002	tr|C1FUH7|C1FUH7_CLOBJ P-47 protein OS=Clostridium botulinum (strain Kyoto / Type A2) GN=p47 PE=4 SV=1 !!!P-47	763	416	292	69	23.63	174	49	182	464	LSLLGWDIESSVSYKTMN----EFIKKDNLYEKKFYESVTFRKMKVTIDGEFGPWQMTTGADGRNIRFLCPIKSATYKIDE---DVYIAKPDNFIIIQVDLKYFDSKTTITDPSGLNNGQQLNLKIKTDSTDEIDAVILVGSKITDVNDGFIEGDDVYLEIVFRTWFNNNIQKFTQIFSYILLNETSKIPEYQWLKPTQISYGSASVTMPDPSNPNKELSNLDASTFAAMAMVENHKNDRPNHAVDNRFLELSKTPAAFAISMPEFLKHFLVTGLQAMQIDNLDA--FEVSS
PROKKA_00002	tr|B1L2G3|B1L2G3_CLOBM P-47 protein OS=Clostridium botulinum (strain Loch Maree / Type A3) GN=p47 PE=4 SV=1 !!!P-47	763	416	292	70	23.97	173	49	182	464	LSLLGWDIESSVSYKTMN----EFIKKDNLYEKKFYESVTFRKMKVTIDGEFGPWQMTTGADGRNIRFLCPIKSATYKIDE---DVYIAKPDNFIIIQVDLKYFDSKTTITDPSGLNNGQQLNLKIKTDSTDEIDAVILVGSKITDVNDGFIEGDDVYLEIVFRTWFNNNIQKFTQIFSYILLNETSKIPEYQWLKPTQISYGSASVTMPDPSNPNKELSNLDASTFAAMAMVENHKNDRPNHAVDNRFLELSKTPAAFAISMPEFLKHFLVTGLQAMQIDNLDA--FEVSS
PROKKA_00002	tr|A7GBG1|A7GBG1_CLOBL P-47 protein OS=Clostridium botulinum (strain Langeland / NCTC 10281 / Type F) GN=p47 PE=4 SV=1 !!!P-47	763	416	275	66	24.00	166	43	182	451	LSLLGWDIESSVSYKTMNEFIKKDNLYEKK--FYESVTFRKMKVTIDGEFGPWQMTTGADGRNIRFLCPIKSATYKIDE---DVYIAKPDNFIIIQVDLKYFDSKTTITDPSGLNNGQQLNLKIKTDSTDEIDAVILVGSKITDVNDGFIEGDDVYLEIVFRTWFNNNIQKFTQIFSYILLNETSKIPEYQWLKPTQISYGSASVTMPDPSNPNKELSNLDASTFAAMAMVENHKNDRPNHAVDNRFLELSKTPAAFAISMPEFLKHFLVTGLQA
PROKKA_00002	tr|A0A073CND8|A0A073CND8_CLOBO P-47 protein OS=Clostridium botulinum A2B3 87 GN=N496_18585 PE=4 SV=1 !!!P-47	763	415	202	48	23.76	120	34	182	376	LSLLGWDIESSVSYKTMN----EFIKKDNLYEKKFYESVTFRKMKVTIDGEFGPWQMTTGADGRNIRFLCPIKSATYKIDE---DVYIAKPDNFIIIQVDLKYFDSKTTITDPSGLNNGQQLNLKIKTDSTDEIDAVILVGSKITDVNDGFIEGDDVYLEIVFRTWFNNNIQKFTQIFSYILLNETSKIPEYQWLKPTQISY
PROKKA_00002	tr|M1ZUL7|M1ZUL7_CLOBO P-47 protein OS=Clostridium botulinum CFSAN001627 GN=CFSAN001627_20700 PE=4 SV=1 !!!P-47	763	416	277	64	23.10	166	47	182	451	LSLLGWDIESSVSYKTMN----EFIKKDNLYEKKFYESVTFRKMKVTIDGEFGPWQMTTGADGRNIRFLCPIKSATYKIDE---DVYIAKPDNFIIIQVDLKYFDSKTTITDPSGLNNGQQLNLKIKTDSTDEIDAVILVGSKITDVNDGFIEGDDVYLEIVFRTWFNNNIQKFTQIFSYILLNETSKIPEYQWLKPTQISYGSASVTMPDPSNPNKELSNLDASTFAAMAMVENHKNDRPNHAVDNRFLELSKTPAAFAISMPEFLKHFLVTGLQA
PROKKA_00003	tr|C5UY12|C5UY12_CLOBO Toxin complex component ORF-X1 OS=Clostridium botulinum E1 str. 'BoNT E Beluga' GN=CLO_2649 PE=4 SV=1 !!!ORF-X1	145	144	144	144	100.00	0	0	1	144	MELKQAFVFEFDENLSSSSGSIHLEKVKQNCSPNYDYFKITFIDGYLYIKNKSGVILDKYDLKNVISLVALKRDYLSLSLSNNKQIKKFKNIKNKHLKNKFNLYVINEDIEKRITKNGILEEVILNKMLLSILLGNEENLLQIS
PROKKA_00003	tr|C4IHL7|C4IHL7_CLOBU Toxin complex component ORF-X1 OS=Clostridium butyricum E4 str. BoNT E BL5262 GN=CLP_2748 PE=4 SV=1 !!!ORF-X1	145	144	144	144	100.00	0	0	1	144	MELKQAFVFEFDENLSSSSGSIHLEKVKQNCSPNYDYFKITFIDGYLYIKNKSGVILDKYDLKNVISLVALKRDYLSLSLSNNKQIKKFKNIKNKHLKNKFNLYVINEDIEKRITKNGILEEVILNKMLLSILLGNEENLLQIS
PROKKA_00003	tr|A7GBF9|A7GBF9_CLOBL Toxin complex component ORF-X1 OS=Clostridium botulinum (strain Langeland / NCTC 10281 / Type F) GN=CLI_0847 PE=4 SV=1 !!!ORF-X1	145	142	142	106	74.65	36	0	3	144	LKQAFVFEFDENLSSSSGSIHLEKVKQNCSPNYDYFKITFIDGYLYIKNKSGVILDKYDLKNVISLVALKRDYLSLSLSNNKQIKKFKNIKNKHLKNKFNLYVINEDIEKRITKNGILEEVILNKMLLSILLGNEENLLQIS
PROKKA_00003	tr|C1FUH5|C1FUH5_CLOBJ Toxin complex component ORF-X1 OS=Clostridium botulinum (strain Kyoto / Type A2) GN=CLM_0893 PE=4 SV=1 !!!ORF-X1	145	142	142	103	72.54	39	0	3	144	LKQAFVFEFDENLSSSSGSIHLEKVKQNCSPNYDYFKITFIDGYLYIKNKSGVILDKYDLKNVISLVALKRDYLSLSLSNNKQIKKFKNIKNKHLKNKFNLYVINEDIEKRITKNGILEEVILNKMLLSILLGNEENLLQIS
PROKKA_00003	tr|B1L2G1|B1L2G1_CLOBM Toxin complex component ORF-X1 OS=Clostridium botulinum (strain Loch Maree / Type A3) GN=CLK_A0072 PE=4 SV=1 !!!ORF-X1	145	142	142	102	71.83	40	0	3	144	LKQAFVFEFDENLSSSSGSIHLEKVKQNCSPNYDYFKITFIDGYLYIKNKSGVILDKYDLKNVISLVALKRDYLSLSLSNNKQIKKFKNIKNKHLKNKFNLYVINEDIEKRITKNGILEEVILNKMLLSILLGNEENLLQIS
PROKKA_00003	tr|A0A059PYE4|A0A059PYE4_9CLOT Toxin OS=Clostridium baratii GN=UC77_04385 PE=4 SV=1 !!! 	145	140	142	85	59.86	55	2	3	144	LKQAFVFEFDENLSSSSGSIHLEKVKQNCSPNYDYFKITFIDGYLYIKNKSGVILDKYDLKNVISLVALKRDYLSLSLSNNKQIKKFKNIKNKHLKNKFNLYVINEDIEKRITKNGILEEVILNKMLLSILLGNEENLLQIS
PROKKA_00003	tr|A0A0A7FVW8|A0A0A7FVW8_9CLOT Putative oRF-X1 OS=Clostridium baratii str. Sullivan GN=U729_698 PE=4 SV=1 !!!ORF-X1	145	140	142	85	59.86	55	2	3	144	LKQAFVFEFDENLSSSSGSIHLEKVKQNCSPNYDYFKITFIDGYLYIKNKSGVILDKYDLKNVISLVALKRDYLSLSLSNNKQIKKFKNIKNKHLKNKFNLYVINEDIEKRITKNGILEEVILNKMLLSILLGNEENLLQIS
PROKKA_00003	tr|C5UY13|C5UY13_CLOBO P-47 protein OS=Clostridium botulinum E1 str. 'BoNT E Beluga' GN=p47 PE=4 SV=1 !!!P-47	145	416	116	30	25.86	65	21	32	143	SPNYDYFKITFIDGYLYIKNKSGVILDKYDLKNVISLVALKRDYLSLSLSNNKQIKK----FKNIKNKHLKNKFNLYVINEDIEKRITKNGILEEVILNKMLLSILLGNEENLLQI
PROKKA_00003	tr|M1ZUL7|M1ZUL7_CLOBO P-47 protein OS=Clostridium botulinum CFSAN001627 GN=CFSAN001627_20700 PE=4 SV=1 !!!P-47	145	416	118	32	27.12	61	25	32	143	SPNYDYFKITFIDGYLYIKNKSGVILDKYDLKNVISLVALKRDYLSLSLSNNKQIKKFKNIKNKHLKN-KFNLYV-INEDIEKRITK-NGILEE---VILNKMLLSILLGNEENLLQI
PROKKA_00003	tr|A7GBF8|A7GBF8_CLOBL Toxin complex component ORF-X2 OS=Clostridium botulinum (strain Langeland / NCTC 10281 / Type F) GN=CLI_0846 PE=4 SV=1 !!!ORF-X2	145	750	28	10	35.71	16	2	67	92	SLVALKRDYLSLSLSN--NKQIKKFKNI
PROKKA_00003	tr|A7GBF8|A7GBF8_CLOBL Toxin complex component ORF-X2 OS=Clostridium botulinum (strain Langeland / NCTC 10281 / Type F) GN=CLI_0846 PE=4 SV=1 !!!ORF-X2	145	750	34	13	38.24	20	1	66	99	ISLVALKRDYLSLSLSNNKQIKKFKNIKNKHLKN
PROKKA_00003	tr|A7GBF8|A7GBF8_CLOBL Toxin complex component ORF-X2 OS=Clostridium botulinum (strain Langeland / NCTC 10281 / Type F) GN=CLI_0846 PE=4 SV=1 !!!ORF-X2	145	750	40	18	45.00	17	5	47	83	LYIKNKSGVILDKY---DLKNVISLVALKRDYLSLSLSNN
PROKKA_00003	tr|A0A073CND8|A0A073CND8_CLOBO P-47 protein OS=Clostridium botulinum A2B3 87 GN=N496_18585 PE=4 SV=1 !!!P-47	145	415	118	32	27.12	61	25	32	143	SPNYDYFKITFIDGYLYIKNKSGVILDKYDLKNVISLVALKRDYLSLSLSNNKQIKKFKNIKNKHLKN-KFNLYV-INEDIEKRITK-NGILEE---VILNKMLLSILLGNEENLLQI
PROKKA_00003	tr|B1L2G3|B1L2G3_CLOBM P-47 protein OS=Clostridium botulinum (strain Loch Maree / Type A3) GN=p47 PE=4 SV=1 !!!P-47	145	416	118	32	27.12	61	25	32	143	SPNYDYFKITFIDGYLYIKNKSGVILDKYDLKNVISLVALKRDYLSLSLSNNKQIKKFKNIKNKHLKN-KFNLYV-INEDIEKRITK-NGILEE---VILNKMLLSILLGNEENLLQI
PROKKA_00003	tr|A7GBG1|A7GBG1_CLOBL P-47 protein OS=Clostridium botulinum (strain Langeland / NCTC 10281 / Type F) GN=p47 PE=4 SV=1 !!!P-47	145	416	114	28	24.56	69	17	32	143	SPNYDYFKITFIDGYLYIKNKSGVILDKYDLKNVISLVALKRDYLS-LSLSNNKQIK-KFKNIKNKHLKNKFNLYVINEDIEKRITKNGILEEVILNKMLLSILLGNEENLLQI
PROKKA_00003	tr|C1FUH7|C1FUH7_CLOBJ P-47 protein OS=Clostridium botulinum (strain Kyoto / Type A2) GN=p47 PE=4 SV=1 !!!P-47	145	416	115	29	25.22	61	25	32	140	SPNYDYFKITFIDGYLYIKNKSGVILDKYDLKNVISLVALKRDYLSLSLSNNKQIKKFKNIKNKHLKN-KFNLYV-INEDIEKRITK-NGILEE---VILNKMLLSILLGNEENL
PROKKA_00003	tr|A7GBG2|A7GBG2_CLOBL Botulinum neurotoxin type F, nontoxic-nonhemagglutinin component, NTNH OS=Clostridium botulinum (strain Langeland / NCTC 10281 / Type F) GN=ntnH PE=4 SV=1 !!!ntnH	145	1163	31	13	41.94	17	1	36	66	DYFKITFIDGYLYIKNKSGVILDKYDLKNVI
PROKKA_00003	tr|C1FUH8|C1FUH8_CLOBJ Botulinum neurotoxin type A2, nontoxic-nonhemagglutinin component, NTNH OS=Clostridium botulinum (strain Kyoto / Type A2) GN=ntnH PE=4 SV=1 !!!ntnH	145	1159	31	13	41.94	17	1	36	66	DYFKITFIDGYLYIKNKSGVILDKYDLKNVI
PROKKA_00003	tr|C1FUH8|C1FUH8_CLOBJ Botulinum neurotoxin type A2, nontoxic-nonhemagglutinin component, NTNH OS=Clostridium botulinum (strain Kyoto / Type A2) GN=ntnH PE=4 SV=1 !!!ntnH	145	1159	57	19	33.33	35	3	78	131	LSLSNNKQ-IKKFKNIKNKHLKNKFNLYVINEDIEKRI--TKNGILEEVILNKMLLS
PROKKA_00003	tr|C5UY10|C5UY10_CLOBO Toxin complex component ORF-X3 OS=Clostridium botulinum E1 str. 'BoNT E Beluga' GN=CLO_2647 PE=4 SV=1 !!!ORF-X3	145	487	36	9	25.00	27	0	23	58	HLEKVKQNCSPNYDYFKITFIDGYLYIKNKSGVILD
PROKKA_00003	tr|A0A0X1KH90|A0A0X1KH90_CLOBA Botulinum neurotoxin type E, nontoxic-nonhemagglutinin component, NTNH OS=Clostridium botulinum (strain Alaska E43 / Type E3) PE=1 SV=1 !!!ntnH	145	1163	22	8	36.36	14	0	18	39	SSGSIHLEKVKQNCSPNYDYFK
PROKKA_00003	tr|C4IHM0|C4IHM0_CLOBU Botulinum neurotoxin type E, nontoxic-nonhemagglutinin component, NTNH OS=Clostridium butyricum E4 str. BoNT E BL5262 GN=ntnH PE=4 SV=1 !!!ntnH	145	1163	22	8	36.36	14	0	18	39	SSGSIHLEKVKQNCSPNYDYFK
PROKKA_00003	tr|C5UY14|C5UY14_CLOBO Botulinum neurotoxin type E1, nontoxic-nonhemagglutinin component, NTNH OS=Clostridium botulinum E1 str. 'BoNT E Beluga' GN=ntnH PE=4 SV=1 !!!ntnH	145	1163	22	8	36.36	14	0	18	39	SSGSIHLEKVKQNCSPNYDYFK
PROKKA_00003	tr|B1INP8|B1INP8_CLOBK Hemagglutinin component HA33 OS=Clostridium botulinum (strain Okra / Type B1) GN=ha33 PE=1 SV=1 !!!ha33	145	294	14	6	42.86	8	0	102	115	NLYVINEDIEKRIT
PROKKA_00004	tr|C5UY13|C5UY13_CLOBO P-47 protein OS=Clostridium botulinum E1 str. 'BoNT E Beluga' GN=p47 PE=4 SV=1 !!!P-47	417	416	416	416	100.00	0	0	1	416	MNTYGWDIVYGCSNRVVNKHLKNYIDENKIEFLYSDINKKQEIKMIFDNWEIINGGTSNFLRIKIFIKEGYFKFRNTTVDLSGVIPILEIKLDFFNDASNPHIKELKFSFGNKTNDDIKVIVSDLSGKLYEEDEFYFNKLLISAFINNEKQVSYIFASLNVTSNIVWMNPKQFKFVYYSPTDNNDGYLCILSVVTNRDISKLSTNVDSSILSENSEVGLLISEKLFMENLLLPKLSSNMGSNITSNNFNVINTSDTTGIIKNKNTLNWYGIKVAALYYYPEINDFSMELFEGNKLKTRLSGIVKLTGYERIYSKLNMECITKFIYDNKNKKVSFEIYSTPIMECRPIFGLLDGIPAAVAKSVGNWSLKSFRDSLAFELANNFTDIINDIVNWNNLKISEVTNIILNVGFCIQGNMN
PROKKA_00004	tr|M1ZUL7|M1ZUL7_CLOBO P-47 protein OS=Clostridium botulinum CFSAN001627 GN=CFSAN001627_20700 PE=4 SV=1 !!!P-47	417	416	416	337	81.01	79	0	1	416	MNTYGWDIVYGCSNRVVNKHLKNYIDENKIEFLYSDINKKQEIKMIFDNWEIINGGTSNFLRIKIFIKEGYFKFRNTTVDLSGVIPILEIKLDFFNDASNPHIKELKFSFGNKTNDDIKVIVSDLSGKLYEEDEFYFNKLLISAFINNEKQVSYIFASLNVTSNIVWMNPKQFKFVYYSPTDNNDGYLCILSVVTNRDISKLSTNVDSSILSENSEVGLLISEKLFMENLLLPKLSSNMGSNITSNNFNVINTSDTTGIIKNKNTLNWYGIKVAALYYYPEINDFSMELFEGNKLKTRLSGIVKLTGYERIYSKLNMECITKFIYDNKNKKVSFEIYSTPIMECRPIFGLLDGIPAAVAKSVGNWSLKSFRDSLAFELANNFTDIINDIVNWNNLKISEVTNIILNVGFCIQGNMN
PROKKA_00004	tr|A7GBG1|A7GBG1_CLOBL P-47 protein OS=Clostridium botulinum (strain Langeland / NCTC 10281 / Type F) GN=p47 PE=4 SV=1 !!!P-47	417	416	416	337	81.01	79	0	1	416	MNTYGWDIVYGCSNRVVNKHLKNYIDENKIEFLYSDINKKQEIKMIFDNWEIINGGTSNFLRIKIFIKEGYFKFRNTTVDLSGVIPILEIKLDFFNDASNPHIKELKFSFGNKTNDDIKVIVSDLSGKLYEEDEFYFNKLLISAFINNEKQVSYIFASLNVTSNIVWMNPKQFKFVYYSPTDNNDGYLCILSVVTNRDISKLSTNVDSSILSENSEVGLLISEKLFMENLLLPKLSSNMGSNITSNNFNVINTSDTTGIIKNKNTLNWYGIKVAALYYYPEINDFSMELFEGNKLKTRLSGIVKLTGYERIYSKLNMECITKFIYDNKNKKVSFEIYSTPIMECRPIFGLLDGIPAAVAKSVGNWSLKSFRDSLAFELANNFTDIINDIVNWNNLKISEVTNIILNVGFCIQGNMN
PROKKA_00004	tr|A0A073CND8|A0A073CND8_CLOBO P-47 protein OS=Clostridium botulinum A2B3 87 GN=N496_18585 PE=4 SV=1 !!!P-47	417	415	416	306	73.56	109	1	1	416	MNTYGWDIVYGCSNRVVNKHLKNYIDENKIEFLYSDINKKQEIKMIFDNWEIINGGTSNFLRIKIFIKEGYFKFRNTTVDLSGVIPILEIKLDFFNDASNPHIKELKFSFGNKTNDDIKVIVSDLSGKLYEEDEFYFNKLLISAFINNEKQVSYIFASLNVTSNIVWMNPKQFKFVYYSPTDNNDGYLCILSVVTNRDISKLSTNVDSSILSENSEVGLLISEKLFMENLLLPKLSSNMGSNITSNNFNVINTSDTTGIIKNKNTLNWYGIKVAALYYYPEINDFSMELFEGNKLKTRLSGIVKLTGYERIYSKLNMECITKFIYDNKNKKVSFEIYSTPIMECRPIFGLLDGIPAAVAKSVGNWSLKSFRDSLAFELANNFTDIINDIVNWNNLKISEVTNIILNVGFCIQGNMN
PROKKA_00004	tr|B1L2G3|B1L2G3_CLOBM P-47 protein OS=Clostridium botulinum (strain Loch Maree / Type A3) GN=p47 PE=4 SV=1 !!!P-47	417	416	416	302	72.60	114	0	1	416	MNTYGWDIVYGCSNRVVNKHLKNYIDENKIEFLYSDINKKQEIKMIFDNWEIINGGTSNFLRIKIFIKEGYFKFRNTTVDLSGVIPILEIKLDFFNDASNPHIKELKFSFGNKTNDDIKVIVSDLSGKLYEEDEFYFNKLLISAFINNEKQVSYIFASLNVTSNIVWMNPKQFKFVYYSPTDNNDGYLCILSVVTNRDISKLSTNVDSSILSENSEVGLLISEKLFMENLLLPKLSSNMGSNITSNNFNVINTSDTTGIIKNKNTLNWYGIKVAALYYYPEINDFSMELFEGNKLKTRLSGIVKLTGYERIYSKLNMECITKFIYDNKNKKVSFEIYSTPIMECRPIFGLLDGIPAAVAKSVGNWSLKSFRDSLAFELANNFTDIINDIVNWNNLKISEVTNIILNVGFCIQGNMN
PROKKA_00004	tr|C1FUH7|C1FUH7_CLOBJ P-47 protein OS=Clostridium botulinum (strain Kyoto / Type A2) GN=p47 PE=4 SV=1 !!!P-47	417	416	416	300	72.12	116	0	1	416	MNTYGWDIVYGCSNRVVNKHLKNYIDENKIEFLYSDINKKQEIKMIFDNWEIINGGTSNFLRIKIFIKEGYFKFRNTTVDLSGVIPILEIKLDFFNDASNPHIKELKFSFGNKTNDDIKVIVSDLSGKLYEEDEFYFNKLLISAFINNEKQVSYIFASLNVTSNIVWMNPKQFKFVYYSPTDNNDGYLCILSVVTNRDISKLSTNVDSSILSENSEVGLLISEKLFMENLLLPKLSSNMGSNITSNNFNVINTSDTTGIIKNKNTLNWYGIKVAALYYYPEINDFSMELFEGNKLKTRLSGIVKLTGYERIYSKLNMECITKFIYDNKNKKVSFEIYSTPIMECRPIFGLLDGIPAAVAKSVGNWSLKSFRDSLAFELANNFTDIINDIVNWNNLKISEVTNIILNVGFCIQGNMN
PROKKA_00004	tr|A0A0A7FV57|A0A0A7FV57_9CLOT Clostridium P-47 family protein OS=Clostridium baratii str. Sullivan GN=U729_696 PE=4 SV=1 !!!P-47	417	491	297	80	26.94	167	50	3	258	TYGWDIVYGCSNRVVNK--HLKNYIDENKIEFLYSDINKKQEIKMIFDNWEIINGGTSNFLRIKIFIKEGYFKFRNTTVDLSGVIPI------LEIKLDFF-----NDASNPHIKELKFSFGNKTNDDIKVIV---------------SDLSGKLYEEDEF---YFNKLLISAFINNEKQVSYIFASLNVTSNIV------WMNPKQFKFVYYS----PTDNNDGYLCILSVVTNRDISKLSTNVDSSILSENSEVGLLISEKLFMENLLLPKLSSNMGSNITSNNFNVINTSDTTG
PROKKA_00004	tr|A0A0A7FV57|A0A0A7FV57_9CLOT Clostridium P-47 family protein OS=Clostridium baratii str. Sullivan GN=U729_696 PE=4 SV=1 !!!P-47	417	491	42	16	38.10	23	3	62	100	RIKIFIKEGYFKFRNTT-VDLS-GVIPILEIKLDF-FNDASN
PROKKA_00004	tr|A0A059PY44|A0A059PY44_9CLOT Toxin complex component ORF-X3 OS=Clostridium baratii PE=4 SV=1 !!!ORF-X3	417	491	297	80	26.94	167	50	3	258	TYGWDIVYGCSNRVVNK--HLKNYIDENKIEFLYSDINKKQEIKMIFDNWEIINGGTSNFLRIKIFIKEGYFKFRNTTVDLSGVIPI------LEIKLDFF-----NDASNPHIKELKFSFGNKTNDDIKVIV---------------SDLSGKLYEEDEF---YFNKLLISAFINNEKQVSYIFASLNVTSNIV------WMNPKQFKFVYYS----PTDNNDGYLCILSVVTNRDISKLSTNVDSSILSENSEVGLLISEKLFMENLLLPKLSSNMGSNITSNNFNVINTSDTTG
PROKKA_00004	tr|A0A059PY44|A0A059PY44_9CLOT Toxin complex component ORF-X3 OS=Clostridium baratii PE=4 SV=1 !!!ORF-X3	417	491	42	16	38.10	23	3	62	100	RIKIFIKEGYFKFRNTT-VDLS-GVIPILEIKLDF-FNDASN
PROKKA_00004	tr|A7GBF7|A7GBF7_CLOBL Toxin complex component ORF-X3 OS=Clostridium botulinum (strain Langeland / NCTC 10281 / Type F) GN=CLI_0845 PE=4 SV=1 !!!ORF-X3	417	490	386	95	24.61	232	59	3	340	TYGWDIVYGCSNRVVNKHLK-NYIDENKIEFLYSDINKKQEIKMIFDNWEIINGGTSNFLRIKIFIKEGYFKFRNTTVD--LSGVIPI----LEIK-----LDFFNDASNPHIKELKFSFGNKTN--DDIKVIV----SDLSG----------KLYEEDEF---YFNKLLISAFINNEKQVSYIFASLNVTSNIV------WMNPKQFKFVYYS-PTDNNDGYLCILSVVTNRDISKLSTN-VDSSILSENSEVGLLISEKLFMENLLLPKLSSNMGSNITSNNFNVINTSDTTGI------IKNKNTLNWYGIKVAALYYYPEINDFSMELFEGNKLKTRLSGIVKLTGYERIYSKLNMECITKFIYDNKNK---KVSFEIYSTP
PROKKA_00004	tr|C5UY10|C5UY10_CLOBO Toxin complex component ORF-X3 OS=Clostridium botulinum E1 str. 'BoNT E Beluga' GN=CLO_2647 PE=4 SV=1 !!!ORF-X3	417	487	298	82	27.52	160	56	3	258	TYGWDIVYGCSNRVVNK--HLKNYIDENKIEFLYSDINKKQEIKMIFDNWEIINGGTSNFLRIKIFIK-------------EGYFKFRNTTVDLSGVIPILEIKLDF---FNDASNPHIK--ELKFSFGNKTNDDIKVIV----SDLSG-------KLYEEDEF---YFNKLLISAFINNEKQVSYIFASLNVTSNIV------WMNPKQFKFVYYS-PTDNNDGYLCILSVVTNRDISK-LSTNVDSSILSENSEVGLLISEKLFMENLLLPKLSSNMGSNITSNNFNVINTSDTTG
PROKKA_00004	tr|C1FUH3|C1FUH3_CLOBJ Toxin complex component ORF-X3 OS=Clostridium botulinum (strain Kyoto / Type A2) GN=CLM_0891 PE=4 SV=1 !!!ORF-X3	417	490	384	91	23.70	238	55	3	340	TYGWDIVYGCSNRVVNKHLK-NYIDENKIEFLYSDINKKQEIKMIFDNWEIINGGTSNFLRIKIFIKEGYFKFRNTTVDLSGVIPI------LEIKLDFF-----NDASNPHIKELKFSFGNKTNDDIKVIV----SDLSG----------KLYEEDEF---YFNKLLISAFINNEKQVSYIFASLNVTSNIV------WMNPKQFKFVYYS-PTDNNDGYLCILSVVTNRDISK-LSTNVDSSILSENSEVGLLISEKLFMENLLLPKLSSNMGSNITSNNFNVINTSDTTGI------IKNKNTLNWYGIKVAALYYYPEINDFSMELFEGNKLKTRLSGIVKLTGYERIYSKLNMECITKFIYDNKNK---KVSFEIYSTP
PROKKA_00004	tr|B1L2F9|B1L2F9_CLOBM Toxin complex component ORF-X3 OS=Clostridium botulinum (strain Loch Maree / Type A3) GN=CLK_A0070 PE=4 SV=1 !!!ORF-X3	417	490	385	91	23.64	239	55	3	341	TYGWDIVYGCSNRVVNKHLK-NYIDENKIEFLYSDINKKQEIKMIFDNWEIINGGTSNFLRIKIFIKEGYFKFRNTTVDLSGVIPI------LEIKLDFF-----NDASNPHIKELKFSFGNKTNDDIKVIV----SDLSG----------KLYEEDEF---YFNKLLISAFINNEKQVSYIFASLNVTSNIV------WMNPKQFKFVYYS-PTDNNDGYLCILSVVTNRDISK-LSTNVDSSILSENSEVGLLISEKLFMENLLLPKLSSNMGSNITSNNFNVINTSDTTGI------IKNKNTLNWYGIKVAALYYYPEINDFSMELFEGNKLKTRLSGIVKLTGYERIYSKLNMECITKFIY---DNKNKKVSFEIYSTPI
PROKKA_00004	tr|A7GBF8|A7GBF8_CLOBL Toxin complex component ORF-X2 OS=Clostridium botulinum (strain Langeland / NCTC 10281 / Type F) GN=CLI_0846 PE=4 SV=1 !!!ORF-X2	417	750	269	65	24.16	162	42	5	239	GWDIVYGCSNRVVNKHLK-NYIDENKIEFLYSDINKKQEIKMIFDNWEIINGGTSNFLRIKIFIKEGYFKFRNTTVDLSGVI--------PILEIKLDFF------NDASNPHIKELKFSFGNKTNDD-------IKVIVSDLSGKLYEEDEFYFNKLLISAFINNEKQVSYIFAS--LNVTSNIV---WMNPKQFKFVYYSPTDNND------GYLCILSVVTNRDISKLSTNVDSSILS-ENSEVGLLISEKLFMENLLLPKLSSNM
PROKKA_00004	tr|A7GBF8|A7GBF8_CLOBL Toxin complex component ORF-X2 OS=Clostridium botulinum (strain Langeland / NCTC 10281 / Type F) GN=CLI_0846 PE=4 SV=1 !!!ORF-X2	417	750	31	10	32.26	21	0	136	166	YFNKLLISAFINNEKQVSYIFASLNVTSNIV
PROKKA_00004	tr|A0A059PYB0|A0A059PYB0_9CLOT Toxin complex component ORF-X2 OS=Clostridium baratii PE=4 SV=1 !!!ORF-X2	417	748	275	61	22.18	161	53	5	237	GWDIVYGCS----------NRVVNKHLKNYIDENKIEFLYSDINKKQEIKMIFDNWEIINGGTSNFLRIKIFIKEGYFKF-RNTTVDLSGVIPILEIKLDFFNDAS---------NPHIKELKFSFGNKTNDDIKVI----VSDLSGKLYEED----EFYFNKLLISAFINNEKQVSYIFASLNVTS---NIVWMNPKQFKFVYYSPT----------DNNDGYLCILSVVTNRDISKLSTNVDSSIL-SENSEVGLLISEKLFMENLLLPKLSS
PROKKA_00004	tr|A0A059PYE4|A0A059PYE4_9CLOT Toxin OS=Clostridium baratii GN=UC77_04385 PE=4 SV=1 !!! 	417	140	112	31	27.68	66	15	57	155	TSNFLRIKIFIKEGYFKFRNTT------VDLSGVIPILEIKLDFFNDASNPHIKELK----FSFGNKTNDDIKVIVSDLSGKLYEE---DEFYFNKLLISAFINNEKQVSYI
PROKKA_00004	tr|A0A0A7FVW8|A0A0A7FVW8_9CLOT Putative oRF-X1 OS=Clostridium baratii str. Sullivan GN=U729_698 PE=4 SV=1 !!!ORF-X1	417	140	112	31	27.68	66	15	57	155	TSNFLRIKIFIKEGYFKFRNTT------VDLSGVIPILEIKLDFFNDASNPHIKELK----FSFGNKTNDDIKVIVSDLSGKLYEE---DEFYFNKLLISAFINNEKQVSYI
PROKKA_00004	tr|A7GBF9|A7GBF9_CLOBL Toxin complex component ORF-X1 OS=Clostridium botulinum (strain Langeland / NCTC 10281 / Type F) GN=CLI_0847 PE=4 SV=1 !!!ORF-X1	417	142	85	23	27.06	48	14	57	129	TSNFLRIKIFIKEGYFKFRNTTVD------LSGVIPILEIKLDFFNDASNPHIKELKFSFGNKTNDDIK------VIVSDLSGKL
PROKKA_00004	tr|B2TSB9|B2TSB9_CLOBB Heamagglutinin components HA-70 OS=Clostridium botulinum (strain Eklund 17B / Type B) GN=ha70 PE=4 SV=1 !!!ha70	417	626	40	11	27.50	26	3	102	141	HIKELKFSFGNKTNDDIKVIVSDLSGKLYEEDEFYFNKLL
PROKKA_00004	tr|A0A0C1TY77|A0A0C1TY77_9CLOT Main hemagglutinin component OS=Clostridium argentinense CDC 2741 GN=ha-33 PE=4 SV=1 !!!ha33	417	285	48	12	25.00	30	6	23	70	NYIDENKIEFLYSDINKKQEIKMIFDNWEIINGGTSNFLRIKIFIKEG
PROKKA_00004	tr|C5UY12|C5UY12_CLOBO Toxin complex component ORF-X1 OS=Clostridium botulinum E1 str. 'BoNT E Beluga' GN=CLO_2649 PE=4 SV=1 !!!ORF-X1	417	144	114	27	23.68	70	17	57	155	TSNFLRIKIFIKEGYFKFRNTT------VDLSGVIPILEIKLDFF------NDASNPHIKELKFSFGNKTNDDIKVIVSDLSGKLYEE---DEFYFNKLLISAFINNEKQVSYI
PROKKA_00004	tr|C4IHL7|C4IHL7_CLOBU Toxin complex component ORF-X1 OS=Clostridium butyricum E4 str. BoNT E BL5262 GN=CLP_2748 PE=4 SV=1 !!!ORF-X1	417	144	114	27	23.68	70	17	57	155	TSNFLRIKIFIKEGYFKFRNTT------VDLSGVIPILEIKLDFF------NDASNPHIKELKFSFGNKTNDDIKVIVSDLSGKLYEE---DEFYFNKLLISAFINNEKQVSYI
PROKKA_00004	tr|M1ZPH7|M1ZPH7_CLOBO Hemagglutinin component HA70 OS=Clostridium botulinum CFSAN001627 GN=CFSAN001627_19663 PE=4 SV=1 !!!ha70	417	626	40	11	27.50	26	3	102	141	HIKELKFSFGNKTNDDIKVIVSDLSGKLYEEDEFYFNKLL
PROKKA_00004	tr|A0A0E1L2H2|A0A0E1L2H2_CLOBO Hemagglutinin components HA-22/23/53 OS=Clostridium botulinum CDC_1436 GN=ha-70 PE=4 SV=1 !!!ha70	417	626	40	11	27.50	26	3	102	141	HIKELKFSFGNKTNDDIKVIVSDLSGKLYEEDEFYFNKLL
PROKKA_00004	tr|A0A0B4W4X0|A0A0B4W4X0_CLOBO Hemagglutinin components HA-22/23/53 OS=Clostridium botulinum Prevot_594 GN=ha-70 PE=4 SV=1 !!!ha70	417	626	40	11	27.50	26	3	102	141	HIKELKFSFGNKTNDDIKVIVSDLSGKLYEEDEFYFNKLL
PROKKA_00004	tr|B1INQ0|B1INQ0_CLOBK Hemagglutinin component HA70 OS=Clostridium botulinum (strain Okra / Type B1) GN=ha70 PE=4 SV=1 !!!ha70	417	626	40	11	27.50	26	3	102	141	HIKELKFSFGNKTNDDIKVIVSDLSGKLYEEDEFYFNKLL
PROKKA_00004	tr|A0A060NA10|A0A060NA10_CLOBO Haemagglutinin component HA70 OS=Clostridium botulinum B str. Osaka05 GN=CBO05P2_179 PE=4 SV=1 !!!ha70	417	626	40	11	27.50	26	3	102	141	HIKELKFSFGNKTNDDIKVIVSDLSGKLYEEDEFYFNKLL
PROKKA_00004	tr|A5HZZ4|A5HZZ4_CLOBH Hemagglutinin component of the neurotoxin complex OS=Clostridium botulinum (strain Hall / ATCC 3502 / NCTC 13319 / Type A) GN=ha70 PE=1 SV=1 !!!ha70	417	626	40	11	27.50	26	3	102	141	HIKELKFSFGNKTNDDIKVIVSDLSGKLYEEDEFYFNKLL
PROKKA_00004	tr|C1FUH8|C1FUH8_CLOBJ Botulinum neurotoxin type A2, nontoxic-nonhemagglutinin component, NTNH OS=Clostridium botulinum (strain Kyoto / Type A2) GN=ntnH PE=4 SV=1 !!!ntnH	417	1159	41	11	26.83	29	1	220	259	LISEKLFMENLLLPKLSSNMG-SNITSNNFNVINTSDTTGI
PROKKA_00004	tr|S8BA68|S8BA68_CLOBO Hemagglutinin component HA70 OS=Clostridium botulinum CFSAN002367 GN=CFSAN002367_15786 PE=4 SV=1 !!!ha70	417	508	40	11	27.50	26	3	102	141	HIKELKFSFGNKTNDDIKVIVSDLSGKLYEEDEFYFNKLL
PROKKA_00005	tr|C5UY14|C5UY14_CLOBO Botulinum neurotoxin type E1, nontoxic-nonhemagglutinin component, NTNH OS=Clostridium botulinum E1 str. 'BoNT E Beluga' GN=ntnH PE=4 SV=1 !!!ntnH	1164	1163	1163	1163	100.00	0	0	1	1163	MKINGNLNIDSPVDNKNVAIVRSRKSDVFFKAFQVAPNIWIVPERYYGESLKINEDQKFDGGIYDSNFLSTNNEKDDFLQATIKLLQRINNNVVGAKLLSLISTAIPFPYENNTEDYRQTNYLSSKNNEHYYTANLVIFGPGSNIIKNNVIYYKKEYAESGMGTMLEIWFQPFLTHKYDEFYVDPALELIKCLIKSLYYLYGIKPNDNLNIPYRLRNEFNSLEYSELDMIDFLISGGIDYKLLNTNPYWFIDKYFIDTSKNFEKYKNDYEIKIKNNNYIANSIKLYLEQKFKINVKDIWELNLSYFSKEFQIMMPERYNNALNHYYRKEYYVIDYFKNYNINGFKNGQIKTKLPLSKYNKEIINKPELIVNLINQNNTVLMKSNIYGDGLKGTVDNFYSNYIIPYNLNYEHSINYSYLDNVNIEEIEKIPPINDEDIYPYRKNADTFIPVYNITKAKEINTTTPLPVNYLQAQMIDSNDINLSSDFLKVISSKGSLVYSFLNNTMDYLEFIKYDKPIDTDKKYYKWLKAIFRNYSLDITETQEISNQFGDTKIIPWIGRALNILNTNNSFVEEFKNLGPISLINKKENITIPKIKIDEIPSSMLNFSFKDLSENLFNIYCKNNFYLKKIYYNFLDQWWTQYYSQYFDLICMASKSVLAQEKLIKKLIQKQLRYLMENSNISSTNLILINLTTTNTLRDISNQSQIAINNIDKFFNNAAMCVFENNIYPKFTSFMEQCIKNINKSTKEFILKCTNINETEKSHLIMQNSFSNLDFDFLDIQNMKNLFNSYTELLIKEQTSPYELSLYAFQEQDNNVIGDTSGKNTLVEYPKDIGLVYGINNNAIHLTGANQNIKFTNDYFENGLTNNFSIYFWLRNLKQNTIKSKLIGSKEDNCGWEIYFENDGLVFNIIDSNGNEKNIYLSNISNNSWHYIVISINRLKDQLLIFIDNILVANEDIKEILNIYSSDIISLLSDNNNVYIEGLSVLNKTINSNEILTDYFSDLNNSYIRNFDEEILQYNRTYELFNYVFPEIAINKIEQNNNIYLSINNENNLNFKPLKFKLLNTNPNKQYVQKWDEVIFSVLDGTEKYLDISTTNNRIQLVDNKNNAQIFIINNDIFISNCLTLTYNNVNIYLSIKNQDYNWVICDLNHDIPKKSYLWILKNI
PROKKA_00005	tr|A0A0X1KH90|A0A0X1KH90_CLOBA Botulinum neurotoxin type E, nontoxic-nonhemagglutinin component, NTNH OS=Clostridium botulinum (strain Alaska E43 / Type E3) PE=1 SV=1 !!!ntnH	1164	1163	1163	1162	99.91	1	0	1	1163	MKINGNLNIDSPVDNKNVAIVRSRKSDVFFKAFQVAPNIWIVPERYYGESLKINEDQKFDGGIYDSNFLSTNNEKDDFLQATIKLLQRINNNVVGAKLLSLISTAIPFPYENNTEDYRQTNYLSSKNNEHYYTANLVIFGPGSNIIKNNVIYYKKEYAESGMGTMLEIWFQPFLTHKYDEFYVDPALELIKCLIKSLYYLYGIKPNDNLNIPYRLRNEFNSLEYSELDMIDFLISGGIDYKLLNTNPYWFIDKYFIDTSKNFEKYKNDYEIKIKNNNYIANSIKLYLEQKFKINVKDIWELNLSYFSKEFQIMMPERYNNALNHYYRKEYYVIDYFKNYNINGFKNGQIKTKLPLSKYNKEIINKPELIVNLINQNNTVLMKSNIYGDGLKGTVDNFYSNYIIPYNLNYEHSINYSYLDNVNIEEIEKIPPINDEDIYPYRKNADTFIPVYNITKAKEINTTTPLPVNYLQAQMIDSNDINLSSDFLKVISSKGSLVYSFLNNTMDYLEFIKYDKPIDTDKKYYKWLKAIFRNYSLDITETQEISNQFGDTKIIPWIGRALNILNTNNSFVEEFKNLGPISLINKKENITIPKIKIDEIPSSMLNFSFKDLSENLFNIYCKNNFYLKKIYYNFLDQWWTQYYSQYFDLICMASKSVLAQEKLIKKLIQKQLRYLMENSNISSTNLILINLTTTNTLRDISNQSQIAINNIDKFFNNAAMCVFENNIYPKFTSFMEQCIKNINKSTKEFILKCTNINETEKSHLIMQNSFSNLDFDFLDIQNMKNLFNSYTELLIKEQTSPYELSLYAFQEQDNNVIGDTSGKNTLVEYPKDIGLVYGINNNAIHLTGANQNIKFTNDYFENGLTNNFSIYFWLRNLKQNTIKSKLIGSKEDNCGWEIYFENDGLVFNIIDSNGNEKNIYLSNISNNSWHYIVISINRLKDQLLIFIDNILVANEDIKEILNIYSSDIISLLSDNNNVYIEGLSVLNKTINSNEILTDYFSDLNNSYIRNFDEEILQYNRTYELFNYVFPEIAINKIEQNNNIYLSINNENNLNFKPLKFKLLNTNPNKQYVQKWDEVIFSVLDGTEKYLDISTTNNRIQLVDNKNNAQIFIINNDIFISNCLTLTYNNVNIYLSIKNQDYNWVICDLNHDIPKKSYLWILKNI
PROKKA_00005	tr|C4IHM0|C4IHM0_CLOBU Botulinum neurotoxin type E, nontoxic-nonhemagglutinin component, NTNH OS=Clostridium butyricum E4 str. BoNT E BL5262 GN=ntnH PE=4 SV=1 !!!ntnH	1164	1163	1163	1148	98.71	15	0	1	1163	MKINGNLNIDSPVDNKNVAIVRSRKSDVFFKAFQVAPNIWIVPERYYGESLKINEDQKFDGGIYDSNFLSTNNEKDDFLQATIKLLQRINNNVVGAKLLSLISTAIPFPYENNTEDYRQTNYLSSKNNEHYYTANLVIFGPGSNIIKNNVIYYKKEYAESGMGTMLEIWFQPFLTHKYDEFYVDPALELIKCLIKSLYYLYGIKPNDNLNIPYRLRNEFNSLEYSELDMIDFLISGGIDYKLLNTNPYWFIDKYFIDTSKNFEKYKNDYEIKIKNNNYIANSIKLYLEQKFKINVKDIWELNLSYFSKEFQIMMPERYNNALNHYYRKEYYVIDYFKNYNINGFKNGQIKTKLPLSKYNKEIINKPELIVNLINQNNTVLMKSNIYGDGLKGTVDNFYSNYIIPYNLNYEHSINYSYLDNVNIEEIEKIPPINDEDIYPYRKNADTFIPVYNITKAKEINTTTPLPVNYLQAQMIDSNDINLSSDFLKVISSKGSLVYSFLNNTMDYLEFIKYDKPIDTDKKYYKWLKAIFRNYSLDITETQEISNQFGDTKIIPWIGRALNILNTNNSFVEEFKNLGPISLINKKENITIPKIKIDEIPSSMLNFSFKDLSENLFNIYCKNNFYLKKIYYNFLDQWWTQYYSQYFDLICMASKSVLAQEKLIKKLIQKQLRYLMENSNISSTNLILINLTTTNTLRDISNQSQIAINNIDKFFNNAAMCVFENNIYPKFTSFMEQCIKNINKSTKEFILKCTNINETEKSHLIMQNSFSNLDFDFLDIQNMKNLFNSYTELLIKEQTSPYELSLYAFQEQDNNVIGDTSGKNTLVEYPKDIGLVYGINNNAIHLTGANQNIKFTNDYFENGLTNNFSIYFWLRNLKQNTIKSKLIGSKEDNCGWEIYFENDGLVFNIIDSNGNEKNIYLSNISNNSWHYIVISINRLKDQLLIFIDNILVANEDIKEILNIYSSDIISLLSDNNNVYIEGLSVLNKTINSNEILTDYFSDLNNSYIRNFDEEILQYNRTYELFNYVFPEIAINKIEQNNNIYLSINNENNLNFKPLKFKLLNTNPNKQYVQKWDEVIFSVLDGTEKYLDISTTNNRIQLVDNKNNAQIFIINNDIFISNCLTLTYNNVNIYLSIKNQDYNWVICDLNHDIPKKSYLWILKNI
PROKKA_00005	tr|B1L2G4|B1L2G4_CLOBM Botulinum neurotoxin type A3, nontoxic-nonhemagglutinin component, NTNH OS=Clostridium botulinum (strain Loch Maree / Type A3) GN=ntnH PE=4 SV=1 !!!ntnH	1164	1159	1162	884	76.08	274	4	1	1161	MKINGNLNIDSPVDNKNVAIVRSRKSDVFFKAFQVAPNIWIVPERYYGESLKINEDQKFDGGIYDSNFLSTNNEKDDFLQATIKLLQRINNNVVGAKLLSLISTAIPFPYENNTEDYRQTNYLSSKNNEHYYTANLVIFGPGSNIIKNNVIYYKKEYAESGMGTMLEIWFQPFLTHKYDEFYVDPALELIKCLIKSLYYLYGIKPNDNLNIPYRLRNEFNSLEYSELDMIDFLISGGIDYKLLNTNPYWFIDKYFIDTSKNFEKYKNDYEIKIKNNNYIANSIKLYLEQKFKINVKDIWELNLSYFSKEFQIMMPERYNNALNHYYRKEYYVIDYFKNYNINGFKNGQIKTKLPLSKYNKEIINKPELIVNLINQNNTVLMKSNIYGDGLKGTVDNFYSNYIIPYNLNYEHSINYSYLDNVNIEEIEKIPPINDEDIYPYRKNADTFIPVYNITKAKEINTTTPLPVNYLQAQMIDSNDINLSSDFLKVISSKG-SLVYSFLNNTMDYLEFIKYDKPIDTDKKYYKWLKAIFRNYSLDITETQEISNQFGDTKIIPWIGRALNILNTNNSFVEEFKNLGPISLINKKENITIPKIKIDEIPSSMLNFSFKDLSENLFNIYCKNNFYLKKIYYNFLDQWWTQYYSQYFDLICMASKSVLAQEKLIKKLIQKQLRYLMENSNISSTNLILINLTTTNTLRDISNQSQIAINNIDKFFNNAAMCVFENNIYPKFTSFMEQCIKNINKSTKEFILKCTNINETEKSHLIMQNSFSNLDFDFLDIQNMKNLFNSYTELLIKEQTSPYELSLYAFQEQDNNVIGDTSGKNTLVEYPKDIGLVYGINNNAIHLTGANQNIKFTNDYFENGLTNNFSIYFWLRNLKQNTIKSKLIGSKEDNCGWEIYFENDGLVFNIIDSNGNEKNIYLSNISNNSWHYIVISINRLKDQLLIFIDNILVANEDIKEILNIYSSDIISLLSDNNNVYIEGLSVLNKTINSNEILTDYFSDLNNSYIRNFDEEILQYNRTYELFNYVFPEIAINKIEQNNNIYLSINNENNLNFKPLKFKLLNTNPNKQYVQKWDEVIFSVLDGTEKYLDISTTNNRIQLVDNKNNAQIFIINNDIFISNCLTLTYNNVNIYLSIKNQDYNWVICDLNHDIPKKSYLWILK
PROKKA_00005	tr|A7GBG2|A7GBG2_CLOBL Botulinum neurotoxin type F, nontoxic-nonhemagglutinin component, NTNH OS=Clostridium botulinum (strain Langeland / NCTC 10281 / Type F) GN=ntnH PE=4 SV=1 !!!ntnH	1164	1163	1164	882	75.77	280	2	1	1163	MKINGNLNIDSPVDNKNVAIVRSRKSDVFFKAFQVAPNIWIVPERYYGESLKINEDQKFDGGIYDSNFLSTNNEKDDFLQATIKLLQRINNNVVGAKLLSLISTAIPFPYENNTEDYRQTNYLSSKNNEHYYTANLVIFGPGSNIIKNNVIYYKKEYAESGMGTMLEIWFQPFLTHKYDEFYVDPALELIKCLIKSLYYLYGIKPNDNLNIPYRLRNEFNSLEYSELDMIDFLISGGIDYKLLNTNPYWFIDKYFIDTSKNFEKYKNDYEIKIKNNNYIANSIKLYLEQKFKINVKDIWELNLSYFSKEFQIMMPERYNNALNHYYRKEYYVIDYFKNYNINGFKNGQIKTKLPLSKYNKEIINKPELIVNLINQNNTVLMKSNIYGDGLKGTVDNFYSNYIIPYNLNYEHSINYSYLDNVNIEEIEKIPPINDEDIYPYRKNADTFIPVYNITKAKEINTTTPLPVNYLQAQMIDSNDINLSSDFLKVISSKG-SLVYSFLNNTMDYLEFIKYDKPIDTDKKYYKWLKAIFRNYSLDITETQEISNQFGDTKIIPWIGRALNILNTNNSFVEEFKNLGPISLINKKENITIPKIKIDEIPSSMLNFSFKDLSENLFNIYCKNNFYLKKIYYNFLDQWWTQYYSQYFDLICMASKSVLAQEKLIKKLIQKQLRYLMENSNISSTNLILINLTTTNTLRDISNQSQIAINNIDKFFNNAAMCVFENNIYPKFTSFMEQCIKNINKSTKEFILKCTNINETEKSHLIMQNSFSNLDFDFLDIQNMKNLFNSYTELLIKEQTSPYELSLYAFQEQDNNVIGDTSGKNTLVEYPKDIGLVYGINNNAIHLTGANQNIKFTNDYFENGLTNNFSIYFWLRNLKQNTIKSKLIGSKEDNCGWEIYFENDGLVFNIIDSNGNEKNIYLSNISNNSWHYIVISINRLKDQLLIFIDNILVANEDIKEILNIYSSDIISLLSDNNNVYIEGLSVLNKTINSNEILTDYFSDLNNSYIRNFDEEILQYNRTYELFNYVFPEIAINKIEQNNNIYLSINNENNLNFKPLKFKLLNTNPNKQYVQKWDEVIFSVLDGTEKYLDISTTNNRIQLVDNKNNAQIFIINNDIFISNCLTLTYNNVNIYLSIKNQDYNWVICDLNHDIPKKSYLWILKNI
PROKKA_00005	tr|C1FUH8|C1FUH8_CLOBJ Botulinum neurotoxin type A2, nontoxic-nonhemagglutinin component, NTNH OS=Clostridium botulinum (strain Kyoto / Type A2) GN=ntnH PE=4 SV=1 !!!ntnH	1164	1159	1162	883	75.99	275	4	1	1161	MKINGNLNIDSPVDNKNVAIVRSRKSDVFFKAFQVAPNIWIVPERYYGESLKINEDQKFDGGIYDSNFLSTNNEKDDFLQATIKLLQRINNNVVGAKLLSLISTAIPFPYENNTEDYRQTNYLSSKNNEHYYTANLVIFGPGSNIIKNNVIYYKKEYAESGMGTMLEIWFQPFLTHKYDEFYVDPALELIKCLIKSLYYLYGIKPNDNLNIPYRLRNEFNSLEYSELDMIDFLISGGIDYKLLNTNPYWFIDKYFIDTSKNFEKYKNDYEIKIKNNNYIANSIKLYLEQKFKINVKDIWELNLSYFSKEFQIMMPERYNNALNHYYRKEYYVIDYFKNYNINGFKNGQIKTKLPLSKYNKEIINKPELIVNLINQNNTVLMKSNIYGDGLKGTVDNFYSNYIIPYNLNYEHSINYSYLDNVNIEEIEKIPPINDEDIYPYRKNADTFIPVYNITKAKEINTTTPLPVNYLQAQMIDSNDINLSSDFLKVISSKG-SLVYSFLNNTMDYLEFIKYDKPIDTDKKYYKWLKAIFRNYSLDITETQEISNQFGDTKIIPWIGRALNILNTNNSFVEEFKNLGPISLINKKENITIPKIKIDEIPSSMLNFSFKDLSENLFNIYCKNNFYLKKIYYNFLDQWWTQYYSQYFDLICMASKSVLAQEKLIKKLIQKQLRYLMENSNISSTNLILINLTTTNTLRDISNQSQIAINNIDKFFNNAAMCVFENNIYPKFTSFMEQCIKNINKSTKEFILKCTNINETEKSHLIMQNSFSNLDFDFLDIQNMKNLFNSYTELLIKEQTSPYELSLYAFQEQDNNVIGDTSGKNTLVEYPKDIGLVYGINNNAIHLTGANQNIKFTNDYFENGLTNNFSIYFWLRNLKQNTIKSKLIGSKEDNCGWEIYFENDGLVFNIIDSNGNEKNIYLSNISNNSWHYIVISINRLKDQLLIFIDNILVANEDIKEILNIYSSDIISLLSDNNNVYIEGLSVLNKTINSNEILTDYFSDLNNSYIRNFDEEILQYNRTYELFNYVFPEIAINKIEQNNNIYLSINNENNLNFKPLKFKLLNTNPNKQYVQKWDEVIFSVLDGTEKYLDISTTNNRIQLVDNKNNAQIFIINNDIFISNCLTLTYNNVNIYLSIKNQDYNWVICDLNHDIPKKSYLWILK
PROKKA_00005	tr|A5HZZ8|A5HZZ8_CLOBH Type A progenitor toxin nontoxic-nonha OS=Clostridium botulinum (strain Hall / ATCC 3502 / NCTC 13319 / Type A) GN=ntnH PE=4 SV=1 !!!ntnH	1164	1193	1198	794	66.28	362	42	1	1161	MKINGNLNIDSPVDNKNVAIVRSRKSDVFFKAFQVAPNIWIVPERYYGESLKINEDQKFDGGIYDSNFLSTNNEKDDFLQATIKLLQRINNNVVGAKLLSLISTAIPFPYENNT---------------------------------EDYRQTNYLSSKNNEHYYTANLVIFGPGSNIIKNNVIYYKKEYAESGMGTMLEIWFQPFLTHKYDEFYVDPALELIKCLIKSLYYLYGIKPNDNLNIPYRLRNEFNSLEYSELDMIDFLISGGIDYKLLNTNPYWFIDKYFIDTSKNFEKYKNDYEIKIKNNNYIANSIKLYLEQKFKINVKDIWELNLSYFSKEFQIMMPERYNNALNHYYRKEYYVIDYFKNYNINGFKNGQIKTKLPLSKYNKEIINKPELIVNLINQNNTVLMKSNIYGDGLKGTVDNFYSNYIIPYNLNYEHSINYS---YLDNVNIEEIEKIPPINDEDIYPYRKNADTFIPVYNITKAKEINTTTPLPVNYLQAQMIDSNDINLSSDFLKVISSKG-SLVYSFLNNTMDYLEFIKYDKPIDTDKKYYKWLKAIFRNYSLDITETQEISNQFGDTKIIPWIGRALNILNTNNSFVEEFKNLGPISLINKKENITIPKIKIDEIPSSMLNFSFKDLSENLFNIYCKNNFYLKKIYYNFLDQWWTQYYSQYFDLICMASKSVLAQEKLIKKLIQKQLRYLMENSNISSTNLILINLTTTNTLRDISNQSQIAINNIDKFFNNAAMCVFENNIYPKFTSFMEQCIKNINKSTKEFILKCTNINETEKSHLIMQNSFSNLDFDFLDIQNMKNLFNSYTELLIKEQTSPYELSLYAFQEQDNNVIGDTSGKNTLVEYPKDIGLVYGINNNAIHLTGANQNIKFTNDYFENGLTNNFSIYFWLRNLKQNTIKSKLIGSKEDNCGWEIYFENDGLVFNIIDSNGNEKNIYLSNISNNSWHYIVISINRLKDQLLIFIDNILVANEDIKEILNIYSSDIISLLSDNNNVYIEGLSVLNKTINSNEILTDYFSDLNNSYIRNFDEEILQYNRTYELFNYVFPEIAINKIEQNNNIYLSINNENNLNFKPLKFKLLNTNPNKQYVQKWDEVIFSVLDGTEKYLDISTTNNRIQLVDNKNNAQIFIINNDIFISNCLTLTYNNVNIYLSIKNQDYNWVICDLNHDIPKKSYLWILK
PROKKA_00005	tr|B1INP6|B1INP6_CLOBK Botulinum neurotoxin type B1, nontoxic-nonhemagglutinin component, NTNH OS=Clostridium botulinum (strain Okra / Type B1) GN=ntnH PE=4 SV=1 !!!ntnH	1164	1197	1200	722	60.17	438	40	1	1163	MKINGNLNIDSPVDNKNVAIVRSRKSDVFFKAFQVAPNIWIVPERYYGESLKINEDQKFDGGIYDSNFLSTNNEKDDFLQATIKLLQRINNNVVGAKLLSLISTAIPFPYENNT---------------------------------EDYRQTNYLSSKNNEHYYTANLVIFGPGSNIIKNNVIYYKKEYAESGMGTMLEIWFQPFLTHKYDEFYVDPALELIKCLIKSLYYLYGIKPNDNLNIPYRLRNEFNSLEYSELDMIDFLISGGIDYKLLNTNPYWFIDKYFIDTSKNFEKYKNDYEIKIKNNNYIANSIKLYLEQKFKINVKDIWELNLSYFSKEFQIMMPERYNNALNHYYRKEYYVIDYFKNYNINGFKNGQIKTKLPLSKYNKEIINKPELIVNLINQNNTVLMKSNIYGDGLKGTVDNFYSNYIIPYNLNYEHSINYS---YLDNVNIEEIEKIPPINDEDIYPYRKNADTFIPVYNITKAKEINTTTPLPVNYLQAQMIDSNDINLSSDFLKVISSKG-SLVYSFLNNTMDYLEFIKYDKPIDTDKKYYKWLKAIFRNYSLDITETQEISNQFGDTKIIPWIGRALNILNTNNSFVEEFKNLGPISLINKKENITIPKIKIDEIPSSMLNFSFKDLSENLFNIYCKNNFYLKKIYYNFLDQWWTQYYSQYFDLICMASKSVLAQEKLIKKLIQKQLRYLMENSNISSTNLILINLTTTNTLRDISNQSQIAINNIDKFFNNAAMCVFENNIYPKFTSFMEQCIKNINKSTKEFILKCTNINETEKSHLIMQNSFSNLDFDFLDIQNMKNLFNSYTELLIKEQTSPYELSLYAFQEQDNNVIGDTSGKNTLVEYPKDIGLVYGINNNAIHLTGANQNIKFTNDYFENGLTNNFSIYFWLRNLKQNTIKSKLIGSKEDNCGWEIYFENDGLVFNIIDSNGNEKNIYLSNISNNSWHYIVISINRLKDQLLIFIDNILVANEDIKEILNIYSSDIISLLSDNNNVYIEGLSVLNKTINSNEILTDYFSDLNNSYIRNFDEEILQYNRTYELFNYVFPEIAINKIEQNNNIYLSINNENNLNFKPLKFKLLNTNPNKQYVQKWDEVIFSVLDGTEKYLDISTTNNRIQLVDNKNNAQIFIINNDIFISNCLTLTYNNVNIYLSIKNQDYNWVICDLNHDIPKKSYLWILKNI
PROKKA_00005	tr|A0A060N6G5|A0A060N6G5_CLOBO Nontoxic-nonhemagglutinin component, NTNH OS=Clostridium botulinum B str. Osaka05 GN=CBO05P2_175 PE=4 SV=1 !!!ntnH	1164	1197	1200	724	60.33	436	40	1	1163	MKINGNLNIDSPVDNKNVAIVRSRKSDVFFKAFQVAPNIWIVPERYYGESLKINEDQKFDGGIYDSNFLSTNNEKDDFLQATIKLLQRINNNVVGAKLLSLISTAIPFPYENNT---------------------------------EDYRQTNYLSSKNNEHYYTANLVIFGPGSNIIKNNVIYYKKEYAESGMGTMLEIWFQPFLTHKYDEFYVDPALELIKCLIKSLYYLYGIKPNDNLNIPYRLRNEFNSLEYSELDMIDFLISGGIDYKLLNTNPYWFIDKYFIDTSKNFEKYKNDYEIKIKNNNYIANSIKLYLEQKFKINVKDIWELNLSYFSKEFQIMMPERYNNALNHYYRKEYYVIDYFKNYNINGFKNGQIKTKLPLSKYNKEIINKPELIVNLINQNNTVLMKSNIYGDGLKGTVDNFYSNYIIPYNLNYEHSINYS---YLDNVNIEEIEKIPPINDEDIYPYRKNADTFIPVYNITKAKEINTTTPLPVNYLQAQMIDSNDINLSSDFLKVISSKG-SLVYSFLNNTMDYLEFIKYDKPIDTDKKYYKWLKAIFRNYSLDITETQEISNQFGDTKIIPWIGRALNILNTNNSFVEEFKNLGPISLINKKENITIPKIKIDEIPSSMLNFSFKDLSENLFNIYCKNNFYLKKIYYNFLDQWWTQYYSQYFDLICMASKSVLAQEKLIKKLIQKQLRYLMENSNISSTNLILINLTTTNTLRDISNQSQIAINNIDKFFNNAAMCVFENNIYPKFTSFMEQCIKNINKSTKEFILKCTNINETEKSHLIMQNSFSNLDFDFLDIQNMKNLFNSYTELLIKEQTSPYELSLYAFQEQDNNVIGDTSGKNTLVEYPKDIGLVYGINNNAIHLTGANQNIKFTNDYFENGLTNNFSIYFWLRNLKQNTIKSKLIGSKEDNCGWEIYFENDGLVFNIIDSNGNEKNIYLSNISNNSWHYIVISINRLKDQLLIFIDNILVANEDIKEILNIYSSDIISLLSDNNNVYIEGLSVLNKTINSNEILTDYFSDLNNSYIRNFDEEILQYNRTYELFNYVFPEIAINKIEQNNNIYLSINNENNLNFKPLKFKLLNTNPNKQYVQKWDEVIFSVLDGTEKYLDISTTNNRIQLVDNKNNAQIFIINNDIFISNCLTLTYNNVNIYLSIKNQDYNWVICDLNHDIPKKSYLWILKNI
PROKKA_00005	tr|B2TSC3|B2TSC3_CLOBB Botulinum neurotoxin type B OS=Clostridium botulinum (strain Eklund 17B / Type B) GN=ntnH PE=4 SV=1 !!!ntnH	1164	1197	1200	714	59.50	446	40	1	1163	MKINGNLNIDSPVDNKNVAIVRSRKSDVFFKAFQVAPNIWIVPERYYGESLKINEDQKFDGGIYDSNFLSTNNEKDDFLQATIKLLQRINNNVVGAKLLSLISTAIPFPYENNT---------------------------------EDYRQTNYLSSKNNEHYYTANLVIFGPGSNIIKNNVIYYKKEYAESGMGTMLEIWFQPFLTHKYDEFYVDPALELIKCLIKSLYYLYGIKPNDNLNIPYRLRNEFNSLEYSELDMIDFLISGGIDYKLLNTNPYWFIDKYFIDTSKNFEKYKNDYEIKIKNNNYIANSIKLYLEQKFKINVKDIWELNLSYFSKEFQIMMPERYNNALNHYYRKEYYVIDYFKNYNINGFKNGQIKTKLPLSKYNKEIINKPELIVNLINQNNTVLMKSNIYGDGLKGTVDNFYSNYIIPYNLNYEHSINYS---YLDNVNIEEIEKIPPINDEDIYPYRKNADTFIPVYNITKAKEINTTTPLPVNYLQAQMIDSNDINLSSDFLKVISSKG-SLVYSFLNNTMDYLEFIKYDKPIDTDKKYYKWLKAIFRNYSLDITETQEISNQFGDTKIIPWIGRALNILNTNNSFVEEFKNLGPISLINKKENITIPKIKIDEIPSSMLNFSFKDLSENLFNIYCKNNFYLKKIYYNFLDQWWTQYYSQYFDLICMASKSVLAQEKLIKKLIQKQLRYLMENSNISSTNLILINLTTTNTLRDISNQSQIAINNIDKFFNNAAMCVFENNIYPKFTSFMEQCIKNINKSTKEFILKCTNINETEKSHLIMQNSFSNLDFDFLDIQNMKNLFNSYTELLIKEQTSPYELSLYAFQEQDNNVIGDTSGKNTLVEYPKDIGLVYGINNNAIHLTGANQNIKFTNDYFENGLTNNFSIYFWLRNLKQNTIKSKLIGSKEDNCGWEIYFENDGLVFNIIDSNGNEKNIYLSNISNNSWHYIVISINRLKDQLLIFIDNILVANEDIKEILNIYSSDIISLLSDNNNVYIEGLSVLNKTINSNEILTDYFSDLNNSYIRNFDEEILQYNRTYELFNYVFPEIAINKIEQNNNIYLSINNENNLNFKPLKFKLLNTNPNKQYVQKWDEVIFSVLDGTEKYLDISTTNNRIQLVDNKNNAQIFIINNDIFISNCLTLTYNNVNIYLSIKNQDYNWVICDLNHDIPKKSYLWILKNI
PROKKA_00005	tr|C5VU80|C5VU80_CLOBO Botulinum neurotoxin type D, nontoxic-nonhemagglutinin component, NTNH OS=Clostridium botulinum D str. 1873 GN=ntnH PE=4 SV=1 !!!ntnH	1164	1196	1199	676	56.38	483	40	1	1162	MKINGNLNIDSPVDNKNVAIVRSRKSDVFFKAFQVAPNIWIVPERYYGESLKINEDQKFDGGIYDSNFLSTNNEKDDFLQATIKLLQRINNNVVGAKLLSLISTAIPFPY-------------------ENNTE--------------DYRQTNYLSSKNNEHYYTANLVIFGPGSNIIKNNVIYYKKEYAESGMGTMLEIWFQPFLTHKYDEFYVDPALELIKCLIKSLYYLYGIKPNDNLNIPYRLRNEFNSLEYSELDMIDFLISGGIDYKLLNTNPYWFIDKYFIDTSKNFEKYKNDYEIKIKNNNYIANSIKLYLEQKFKINVKDIWELNLSYFSKEFQIMMPERYNNALNHYYRKEYYVIDYFKNYNINGFKNGQIKTKLPLSKYNKEIINKPELIVNLINQNNTVLMKSNIYGDGLKGTVDNFYSNYIIPYNLNYEHSINYS---YLDNVNIEEIEKIPPINDEDIYPYRKNADTFIPVYNITKAKEINTTTPLPVNYLQAQMIDSNDINLSSDFLKVISSKG-SLVYSFLNNTMDYLEFIKYDKPIDTDKKYYKWLKAIFRNYSLDITETQEISNQFGDTKIIPWIGRALNILNTNNSFVEEFKNLGPISLINKKENITIPKIKIDEIPSSMLNFSFKDLSENLFNIYCKNNFYLKKIYYNFLDQWWTQYYSQYFDLICMASKSVLAQEKLIKKLIQKQLRYLMENSNISSTNLILINLTTTNTLRDISNQSQIAINNIDKFFNNAAMCVFENNIYPKFTSFMEQCIKNINKSTKEFILKCTNINETEKSHLIMQNSFSNLDFDFLDIQNMKNLFNSYTELLIKEQTSPYELSLYAFQEQDNNVIGDTSGKNTLVEYPKDIGLVYGINNNAIHLTGANQNIKFTNDYFENGLTNNFSIYFWLRNLKQNTIKSKLIGSKEDNCGWEIYFENDGLVFNIIDSNGNEKNIYLSNISNNSWHYIVISINRLKDQLLIFIDNILVANEDIKEILNIYSSDIISLLSDNNNVYIEGLSVLNKTINSNEILTDYFSDLNNSYIRNFDEEILQYNRTYELFNYVFPEIAINKIEQNNNIYLSINNENNLNFKPLKFKLLNTNPNKQYVQKWDEVIFSVLDGTEKYLDISTTNNRIQLVDNKNNAQIFIINNDIFISNCLTLTYNNVNIYLSIKNQDYNWVICDLNHDIPKKSYLWILKN
PROKKA_00005	tr|B1BE43|B1BE43_CLOBO Botulinum neurotoxin type C, nontoxic-nonhemagglutinin component NTNH OS=Clostridium botulinum C str. Eklund GN=CBC_A0166 PE=4 SV=1 !!!ntnH	1164	1196	1199	670	55.88	489	40	1	1162	MKINGNLNIDSPVDNKNVAIVRSRKSDVFFKAFQVAPNIWIVPERYYGESLKINEDQKFDGGIYDSNFLSTNNEKDDFLQATIKLLQRINNNVVGAKLLSLISTAIPFPY-------------------ENNTE--------------DYRQTNYLSSKNNEHYYTANLVIFGPGSNIIKNNVIYYKKEYAESGMGTMLEIWFQPFLTHKYDEFYVDPALELIKCLIKSLYYLYGIKPNDNLNIPYRLRNEFNSLEYSELDMIDFLISGGIDYKLLNTNPYWFIDKYFIDTSKNFEKYKNDYEIKIKNNNYIANSIKLYLEQKFKINVKDIWELNLSYFSKEFQIMMPERYNNALNHYYRKEYYVIDYFKNYNINGFKNGQIKTKLPLSKYNKEIINKPELIVNLINQNNTVLMKSNIYGDGLKGTVDNFYSNYIIPYNLNYEHSINYS---YLDNVNIEEIEKIPPINDEDIYPYRKNADTFIPVYNITKAKEINTTTPLPVNYLQAQMIDSNDINLSSDFLKVISSKG-SLVYSFLNNTMDYLEFIKYDKPIDTDKKYYKWLKAIFRNYSLDITETQEISNQFGDTKIIPWIGRALNILNTNNSFVEEFKNLGPISLINKKENITIPKIKIDEIPSSMLNFSFKDLSENLFNIYCKNNFYLKKIYYNFLDQWWTQYYSQYFDLICMASKSVLAQEKLIKKLIQKQLRYLMENSNISSTNLILINLTTTNTLRDISNQSQIAINNIDKFFNNAAMCVFENNIYPKFTSFMEQCIKNINKSTKEFILKCTNINETEKSHLIMQNSFSNLDFDFLDIQNMKNLFNSYTELLIKEQTSPYELSLYAFQEQDNNVIGDTSGKNTLVEYPKDIGLVYGINNNAIHLTGANQNIKFTNDYFENGLTNNFSIYFWLRNLKQNTIKSKLIGSKEDNCGWEIYFENDGLVFNIIDSNGNEKNIYLSNISNNSWHYIVISINRLKDQLLIFIDNILVANEDIKEILNIYSSDIISLLSDNNNVYIEGLSVLNKTINSNEILTDYFSDLNNSYIRNFDEEILQYNRTYELFNYVFPEIAINKIEQNNNIYLSINNENNLNFKPLKFKLLNTNPNKQYVQKWDEVIFSVLDGTEKYLDISTTNNRIQLVDNKNNAQIFIINNDIFISNCLTLTYNNVNIYLSIKNQDYNWVICDLNHDIPKKSYLWILKN
PROKKA_00005	tr|A7GBF8|A7GBF8_CLOBL Toxin complex component ORF-X2 OS=Clostridium botulinum (strain Langeland / NCTC 10281 / Type F) GN=CLI_0846 PE=4 SV=1 !!!ORF-X2	1164	750	36	15	41.67	18	3	721	753	VFENNIY---PKFTSFMEQCIKNINKSTKEFILKCT
PROKKA_00005	tr|B1L2G1|B1L2G1_CLOBM Toxin complex component ORF-X1 OS=Clostridium botulinum (strain Loch Maree / Type A3) GN=CLK_A0072 PE=4 SV=1 !!!ORF-X1	1164	142	85	29	34.12	52	4	554	636	IPWIGRALNILNTNNSFVEEFKNLGPISLIN-KKENITIPKIKIDEIPSSMLNFSFKDLSENLFNIYCKNNFYLKKIYYN-FLDQ
PROKKA_00005	tr|A0A059PY44|A0A059PY44_9CLOT Toxin complex component ORF-X3 OS=Clostridium baratii PE=4 SV=1 !!!ORF-X3	1164	491	31	11	35.48	19	1	336	365	FKNYNI-NGFKNGQIKTKLPLSKYNKEIINK
PROKKA_00005	tr|A0A0A7FV57|A0A0A7FV57_9CLOT Clostridium P-47 family protein OS=Clostridium baratii str. Sullivan GN=U729_696 PE=4 SV=1 !!!P-47	1164	491	31	11	35.48	19	1	336	365	FKNYNI-NGFKNGQIKTKLPLSKYNKEIINK
PROKKA_00005	tr|C1FUH5|C1FUH5_CLOBJ Toxin complex component ORF-X1 OS=Clostridium botulinum (strain Kyoto / Type A2) GN=CLM_0893 PE=4 SV=1 !!!ORF-X1	1164	142	69	22	31.88	46	1	554	622	IPWIGRALNILNTNNSFVEEFKNLGPISLINKKENITIPKIKIDEIPSSMLNFSFKDLSENLFNIYCKN
PROKKA_00005	tr|A7GBF7|A7GBF7_CLOBL Toxin complex component ORF-X3 OS=Clostridium botulinum (strain Langeland / NCTC 10281 / Type F) GN=CLI_0845 PE=4 SV=1 !!!ORF-X3	1164	490	25	8	32.00	17	0	341	365	INGFKNGQIKTKLPLSKYNKEIINK
PROKKA_00005	tr|B1L2F9|B1L2F9_CLOBM Toxin complex component ORF-X3 OS=Clostridium botulinum (strain Loch Maree / Type A3) GN=CLK_A0070 PE=4 SV=1 !!!ORF-X3	1164	490	25	8	32.00	17	0	341	365	INGFKNGQIKTKLPLSKYNKEIINK
PROKKA_00005	tr|C1FUH3|C1FUH3_CLOBJ Toxin complex component ORF-X3 OS=Clostridium botulinum (strain Kyoto / Type A2) GN=CLM_0891 PE=4 SV=1 !!!ORF-X3	1164	490	25	8	32.00	17	0	341	365	INGFKNGQIKTKLPLSKYNKEIINK
PROKKA_00006	tr|A7GBG2|A7GBG2_CLOBL Botulinum neurotoxin type F, nontoxic-nonhemagglutinin component, NTNH OS=Clostridium botulinum (strain Langeland / NCTC 10281 / Type F) GN=ntnH PE=4 SV=1 !!!ntnH	1253	1163	1142	265	23.20	701	176	5	1090	NSFNYNDPVNDRTILYIKPGGCQEFYKSFNIMKNIWIIPERNVIGTTPQDFHPPTSL-----KNGDSSYYDPNYLQSDEEKDRFLKIVTKIFNRINNNLSGGILLEELSKANPYLGNDNTPDNQFHIGDASAVEIKFSNGIQDILLPNVIIMGAEPDLFETNSSNISLRNNYMPSNHGFGSIAIVTFSPEYSFRFNDNSMNEFIQDPALTLMHELIHSLHGLYGAK---GITTKYTITQKQNPLITNIRGTNIEEFLTFGGTDLNIITSAQ---SNDIYTNLLADYKKIASKL-SKVQVSNPLLNPYKDVFEAKYGLDKDASGIYSVNINKFNDIFKKLYSFTEFDLATKFQVKCRQTYIGQYKYFKLSNLLNDSIYNISEGYNINNLKVNFRGQNANLNPRIITPITGRGLVKKII---RFCKNIVSVKGIRKSICIEINNGELFFVASENSYNDDNINT----------PKEIDDTVTSNNNYENDLDQVILNFNSESAPGLSDEKLNLTIQN-DAYIPKYDSNGTSDIEQHDVNELNVFFYLDAQKVPEGENNVNLTSSIDTALLEQPKIYTFFSS--EFINNV--NKPVQA-ALFVSWIQQVLVDFTTEANQKSTVDKIADISIVVPYIGLALNIGNEAQKGNFKDALELLGAGILLEFEPELLIPTILVFTIKSFLGSSDNKNKVIKAINNALKERDEKWKEVYSFIVSNWMTKINTQFNKRKEQMYQALQNQVNAIKTIIESKYNSYTLEEKN---------ELTNKYDIKQIENELNQKVSIAMNNIDRFLTESSISYLMKLINEVKINKLREYDENVKTYLLNYIIQHGSILGESQQELNSMVTDTLNNSIPFKLSSYTDDKILISYFNKFFKRIKSSSVLNMRYK-----NDKYVDTSGYDSNININGDVYKYPTNKNQFGIYNDKL----SEVNIS-QNDYIIYDNKYKN-FSISFWVRIPNYD---NKIVNVNNEYTIINCMRDNNSGWKVSLNHNEIIWTLQDNAGINQKLAFNYGNANGISDYINKWIFVTITNDRLGDSKL-YINGNLIDQKSILNLGNIHVSDNI-LFKIVNCSYTRYIGIRYFNIFDKELDETEIQTLYNNEPNANILKDFWGNYLLYDKEYYLLN
PROKKA_00006	tr|B1L2G4|B1L2G4_CLOBM Botulinum neurotoxin type A3, nontoxic-nonhemagglutinin component, NTNH OS=Clostridium botulinum (strain Loch Maree / Type A3) GN=ntnH PE=4 SV=1 !!!ntnH	1253	1159	1144	264	23.08	700	180	5	1090	NSFNYNDPVNDRTILYIKPGGCQEFYKSFNIMKNIWIIPERNVIGTTPQDFHPPTSL-----KNGDSSYYDPNYLQSDEEKDRFLKIVTKIFNRINNNLSGGILLEELSKANPYLGNDNTPDNQFHIGDASAVEIKFSNGIQDILLPNVIIMGAEPDLFETNSSNISLRNNYMPSNHGFGSIAIVTFSPEYSFRFNDNSMNEFIQDPALTLMHELIHSLHGLYGAKGITTKYTITQKQNPLITNIRGTNIE--EFLTFGGTDLNIITSAQ---SNDIYTNLLADYKKIASKL-SKVQVSNPLLNPYKDVFEAKYGLDKDASGIYSVNINKFNDIFKKLYSFTEFDLATK--FQVKCRQTYIGQY---KYFKLSNLLNDSIYNISEGYNINNLKVNFRGQNANLNPRIITPITGRGLVKKIIRFCKNIVSVKGIRKSICIEINNGELFFVASENSYND------DNI----NTPKEIDDTVTSNNNYENDLDQVILNFNSESAPGLSDEKLNLTIQN-DAYIPKYDSNGTSDIEQHDVNELNVFFYLDAQKVPEGENNVNLTSSIDTALLEQPK--IYTFFSS--EFINNV--NKPVQA-ALFVSWIQQVLVDFTTEANQKSTVDKIADISIVVPYIGLALNIGNEAQKGNFKDALELLGAGILLEFEPELLIPTILVFTIKSFLGSSDNKNKVIKAINNALKERDEKWKEVYSFIVSNWMTKINTQFNKRKEQMYQALQNQVNAIKTIIESKYNSYTLEEKN---------ELTNKYDIKQIENELNQKVSIAMNNIDRFLTESSISYLMKLINEVKINKLREYDENVKTYLLNYIIQHGSILGESQQELNSMVTDTLNNSIPFKLSSYTDDKILISYFNKFFKRIKSSSVLNMRYK-----NDKYVDTSGYDSNININGDVYKYPTNKNQFGIYNDKL----SEVNIS-QNDYIIYDNKYKN-FSISFWVRIPNYDNKIVNVNNEYTIINCM--RDNNSGWKVSLNHNEIIWTLQDNAGINQKLAFNYGNANGISDYINKWIFVTITNDRLGDSKL-YINGNLIDQKSILNLGNIHVSDNI-LFKIVNCSYTRYIGIRYFNIFDKELDETEIQTLYNNEPNANILKDFWGNYLLYDKEYYLLN
PROKKA_00006	tr|C5VU80|C5VU80_CLOBO Botulinum neurotoxin type D, nontoxic-nonhemagglutinin component, NTNH OS=Clostridium botulinum D str. 1873 GN=ntnH PE=4 SV=1 !!!ntnH	1253	1196	1179	285	24.17	681	213	7	1094	FNYNDPVNDRTILYIKPGGCQEFYKSFNIMKNIWIIPERNVIGTTPQDFHPPTSLKNGDSSYYDPNYLQSDEEKDRFLKIVTKIFNRINNNLSGGILLEELSKANP----YLGNDNTPDNQFHIGD------------ASAVEIKF----------SNGIQDILLPNVIIMGAEPDLFETNSSNISLRNNYMPSNHGFGSIAIVTFSPEYSFRFNDNSMNEFIQDPALTLMHELIHSLHGLYGAK---GITTKYTI-TQKQNPLITNIRGTNIEEFLTFGGTDLNIITSAQ---SNDIYTN---LLADYKKIASKLSKVQVSNPLLNPYKDVFEAKYGLDKDASGIYSVNINKFNDIFKKLYSFTEFDLATKFQVKCRQTYIGQYKYFKLSNLLNDSIYNISEGYNINNLKVNFRGQNANLNPRIITPITGRGLVKKIIRFCKNIVSVKGIRKSICIEINNGELFFVASENSYNDDNINTPKEIDDT--VTSNNNYE---NDLDQVILNFNS----ESAPGLSDEKLNLTIQN-DAYIPKYDSNGTSDIEQHDVNELNVFFYLDAQKVPEGENNVNLTSSIDTALLEQPK----IYTFFSS-----EFINNVNKPVQAALFVSWIQQVLVDFTTEANQKSTVDKIADISIVVPYIGLALNIGNEAQKGNFKDALELLGAGILLEFEPELLIPTILVFTIK-SFLGSSDNKNKVIKAINNALKERDEK----WKEVYSFIVSNWMTKINTQFNKRKEQMYQALQNQVNAIKTIIESKYNSY--------TLEEKNELTNKYDIKQIENELNQKVSIAMNNIDRFLTESSISYLMKLINEVKINKLREYDENVKTYLLNYIIQHGSILGESQQELNSMVTDTLNNSIPFKLSSYTDDKILISYFN----KFFKRIKSSSVLNMRYKNDKYVDTSGYDSNI--NINGDVYKYPTNKNQFGIYNDKLSEVN---------ISQNDYIIYDNKY------KNFSISFWVRIPNYDNKIVNVNNEYTIINCMRDNNSGWKVSLNHNEIIWTLQDNAGINQKLAFNYGNANGISDYINK-WIFVTITNDRLGDSKL-YINGNLIDQKSILNLGNIHVSDNILFKIVNCSYTRYIGIRYFNIFDKELDETEIQTLYNNEPNANILKDFWGNYLLYDKEYYLLNVLKP
PROKKA_00006	tr|B1BE43|B1BE43_CLOBO Botulinum neurotoxin type C, nontoxic-nonhemagglutinin component NTNH OS=Clostridium botulinum C str. Eklund GN=CBC_A0166 PE=4 SV=1 !!!ntnH	1253	1196	1188	289	24.33	668	231	7	1094	FNYNDPVNDRTILYIKPGGCQEFYKSFNIMKNIWIIPERNVIGTTPQDFHPPTSLKNGDSSYYDPNYLQSDEEKDRFLKIVTKIFNRINNNLSGGILLEELSKANP----YLGNDNTPDNQFHIGD------------ASAVEIKF-----SNGIQ-----DILLPNVIIMGAEPDLFETNSSNISLRNNYMPSNHGFGSIAIVTFSPEYSFRFNDNSMNEFIQDPALTLMHELIHSLHGLYGAK---GITTKYTI-TQKQNPLITNIRGTNIEEFLTFGGTDLNIITSAQ---SNDIYTN---LLADYKKIASKLSKVQVSNPLLNPYKDVFEAKYGLDKDASGIYSVNINKFNDIFKKLYSFTEFDLATKFQVKCRQTYIGQYKYFKLSNLLNDSIYNISEGYNIN-------NLKVNFRGQNANLNPRIITPITGRGLV-KKIIRFCKNIVSVKGIRKSICIEINNGELFFVASENSYNDDNINTPKEIDDTVTSNNNYE---NDLDQVILNFNS----ESAPGLSDEKLNLTIQN-DAYIPKYDSNGTSDIEQHDVNELNVFFYLDAQKVPEGENNVNLTSSIDTALLEQPK--IYTFFSS-----EFINNVNKPVQAALFVSWIQQVLVDFTTEANQKSTVDKIADISIVVPYIGLALNIGNEAQKGNFKDALELLGAGILLEFEPELLIPTILVFTIK-SFLGSSDNKNKVIKAINNALKERDEK----WKEVYSFIVSNWMTKINTQFNKRKEQMYQALQNQVNAIKTIIESKYNSY--------TLEEKNELTNKYDIKQIENELNQKVSIAMNNIDRFLTESS------------ISYLMKLINEVKINKLREY-------DENVKTYLLN-YIIQHGSILGESQQELNSMVTDTLNNSIPFKLSSYTDDKILISYFNKFFKRIKSSSVLNMRYKNDKYVDTSGYDSNININGDVYKYPTNKNQFGIYNDKLSEVNISQNDYIIYDNKY------KNFSISFWVRIPNYDNKIVNVNNEYTIINCMRDNNSGWKVSLNHNEIIWTLQDNAGINQKLAFNYGNANGISDYI-NKWIFVTITNDRLGDSKL-YINGNLIDQKSILNLGNIHVSDNILFKIVNCSYTRYIGIRYFNIFDKELDETEIQTLYNNEPNANILKDFWGNYLLYDKEYYLLNVLKP
PROKKA_00006	tr|A0A0X1KH90|A0A0X1KH90_CLOBA Botulinum neurotoxin type E, nontoxic-nonhemagglutinin component, NTNH OS=Clostridium botulinum (strain Alaska E43 / Type E3) PE=1 SV=1 !!!ntnH	1253	1163	1223	280	22.89	759	184	3	1170	KINS-FNYNDPVNDRTILYIKPGGCQEFYKSFNIMKNIWIIPERNVIGTTPQDFHPPTSLK-----NGDSSYYDPNYLQSDEEKDRFLKIVTKIFNRINNNLSGGILLEELSKANPYLGNDNTPDNQFHIGDASAVEIKFSNGIQDILLPNVIIMGAEPDLFETNSSNISLRNNYMPSNHGFGSIAIVTFSPEYSFRFNDNSMNEFIQDPALTLMHELIHSLHGLYGAK---GITTKYTITQKQNPLITNIRGTNIEEFLTFGGTDLNIITSAQS---NDIYTNLLADYKKIASKLS-KVQVSNPLLNPYKDVFEAKYGLDKDASGIYSVNINKFNDIFKKLYSFTEFDLATKFQVKCRQTYIGQY---KYFKLSNLLNDSIYNISEGYNINNLKVNFRGQNANLNPRIITPITGRGLVKKIIRFCKNIVSVKGIRKSICIEIN-NGELFFVASENSYND----DNINTPKEIDDTVTSNNNYENDLDQVILNFNSESAPGLSDEKLNLTIQN-DAYIPKYDSNGTSDIEQHDVNELNVFFYLDAQKVPEGENNVNLTSSIDTALLEQPK-IYTFFSS-----EFINNVNKPVQA-ALFVSWIQQVLVDFTTEANQKSTVDKIADISIVVPYIGLALNIGNEAQKGNFKDALELLGAGILLEFEPELLIPTILVFTIKSFLGSSDNKNKVIKAINNALKERDEKWKEVYSFIVSNWMTKINTQFNKRKEQMYQALQNQVNAIKTIIESKYNSYTLEEKN---------ELTNKYDIKQIENELNQKVSIAMNNIDRFLTESSISYLMKLINEVKINKLREYDENVKTYLLNYIIQHGSILGESQQELNSMVTDTLNNSIPFKLSSYTDDKILISYFNKFFKRIKSS----SVLNMRYKNDKYV-DTSGYDSNININGDVYKYPTNKNQ-FGIYNDKLSEVNISQNDYIIYDNKY------KNFSISFWVRIPNYDNKIVNVNNEYTIINCMRDNNSGWKVSLNHNEIIWTLQDNAGINQKLAFNYGNANGISDYINKWIFVTITNDRLGDSKL-YINGNLIDQKSILNLGNIHVSDNILFKIVNCSYTRYIGIRYFNIFDKELDETEIQTLYNNEPNANILKDFWGNYLLYDKEYYLLNVLKPN---NFIDRRTDSTLSINNIRSTILLANRL-YSGIKVKIQRVNNSSTNDNLVRKNDQVYINFVASKTHLFPLYADTNTTN
PROKKA_00006	tr|C5UY14|C5UY14_CLOBO Botulinum neurotoxin type E1, nontoxic-nonhemagglutinin component, NTNH OS=Clostridium botulinum E1 str. 'BoNT E Beluga' GN=ntnH PE=4 SV=1 !!!ntnH	1253	1163	1223	280	22.89	759	184	3	1170	KINS-FNYNDPVNDRTILYIKPGGCQEFYKSFNIMKNIWIIPERNVIGTTPQDFHPPTSLK-----NGDSSYYDPNYLQSDEEKDRFLKIVTKIFNRINNNLSGGILLEELSKANPYLGNDNTPDNQFHIGDASAVEIKFSNGIQDILLPNVIIMGAEPDLFETNSSNISLRNNYMPSNHGFGSIAIVTFSPEYSFRFNDNSMNEFIQDPALTLMHELIHSLHGLYGAK---GITTKYTITQKQNPLITNIRGTNIEEFLTFGGTDLNIITSAQS---NDIYTNLLADYKKIASKLS-KVQVSNPLLNPYKDVFEAKYGLDKDASGIYSVNINKFNDIFKKLYSFTEFDLATKFQVKCRQTYIGQY---KYFKLSNLLNDSIYNISEGYNINNLKVNFRGQNANLNPRIITPITGRGLVKKIIRFCKNIVSVKGIRKSICIEIN-NGELFFVASENSYND----DNINTPKEIDDTVTSNNNYENDLDQVILNFNSESAPGLSDEKLNLTIQN-DAYIPKYDSNGTSDIEQHDVNELNVFFYLDAQKVPEGENNVNLTSSIDTALLEQPK-IYTFFSS-----EFINNVNKPVQA-ALFVSWIQQVLVDFTTEANQKSTVDKIADISIVVPYIGLALNIGNEAQKGNFKDALELLGAGILLEFEPELLIPTILVFTIKSFLGSSDNKNKVIKAINNALKERDEKWKEVYSFIVSNWMTKINTQFNKRKEQMYQALQNQVNAIKTIIESKYNSYTLEEKN---------ELTNKYDIKQIENELNQKVSIAMNNIDRFLTESSISYLMKLINEVKINKLREYDENVKTYLLNYIIQHGSILGESQQELNSMVTDTLNNSIPFKLSSYTDDKILISYFNKFFKRIKSS----SVLNMRYKNDKYV-DTSGYDSNININGDVYKYPTNKNQ-FGIYNDKLSEVNISQNDYIIYDNKY------KNFSISFWVRIPNYDNKIVNVNNEYTIINCMRDNNSGWKVSLNHNEIIWTLQDNAGINQKLAFNYGNANGISDYINKWIFVTITNDRLGDSKL-YINGNLIDQKSILNLGNIHVSDNILFKIVNCSYTRYIGIRYFNIFDKELDETEIQTLYNNEPNANILKDFWGNYLLYDKEYYLLNVLKPN---NFIDRRTDSTLSINNIRSTILLANRL-YSGIKVKIQRVNNSSTNDNLVRKNDQVYINFVASKTHLFPLYADTNTTN
PROKKA_00006	tr|C1FUH8|C1FUH8_CLOBJ Botulinum neurotoxin type A2, nontoxic-nonhemagglutinin component, NTNH OS=Clostridium botulinum (strain Kyoto / Type A2) GN=ntnH PE=4 SV=1 !!!ntnH	1253	1159	1257	286	22.75	772	199	5	1197	NSFNYNDPVNDRTILYIKPGGCQEFYKSFNIMKNIWIIPERNVIGTTPQDFHPPTSL-----KNGDSSYYDPNYLQSDEEKDRFLKIVTKIFNRINNNLSGGILLEELSKANPYLGNDNTPDNQFHIGDASAVEIKFSNGIQDILLPNVIIMGAEPDLFETNSSNISLRNNYMPSNHGFGSIAIVTFSPEYSFRFNDNSMNEFIQDPALTLMHELIHSLHGLYGAK---GITTKYTITQKQNPLITNIRGTNIEEFLTFGGTDLNIITSAQ---SNDIYTNLLADYKKIASKL-SKVQVSNPLLNPYKDVFEAKYGLDKDASGIYSVNINKFNDIFKKLYSFTEFDLATK--FQVKCRQTYIGQY---KYFKLSNLLNDSIYNISEGYNINNLKVNFRGQNANLNPRIITPITGRGLVKKIIRFCKNIVSVKGIRKSICIEINNGELFFVASENSYND------DNI----NTPKEIDDTVTSNNNYENDLDQVILNFNSESAPGLSDEKLNLTIQN-DAYIPKYDSNGTSDIEQHDVNELNVFFYLDAQKVPEGENNVNLTSSIDTALLEQPK--IYTFFSS--EFINNV--NKPVQA-ALFVSWIQQVLVDFTTEANQKSTVDKIADISIVVPYIGLALNIGNEAQKGNFKDALELLGAGILLEFEPELLIPTILVFTIKSFLGSSDNKNKVIKAINNALKERDEKWKEVYSFIVSNWMTKINTQFNKRKEQMYQALQNQVNAIKTIIESKYNSYTLEEKN---------ELTNKYDIKQIENELNQKVSIAMNNIDRFLTESSISYLMKLINEVKINKLREYDENVKTYLLNYIIQHGSILGESQQELNSMVTDTLNNSIPFKLSSYTDDKILISYFNKFFKRIKSSSVLNMRYK-----NDKYVDTSGYDSNININGDVYKYPTNKNQFGIYNDKL----SEVNIS-QNDYIIYDNKYKN-FSISFWVRIPNYD---NKIVNVNNEYTIINCMRDNNSGWKVSLNHNEIIWTLQDNAGINQKLAFNYGNANGISDYINKWIFVTITNDRLGDSKL-YINGNLIDQKSILNLGNIHVSDNI-LFKIVNCSYTRYIGIRYFNIFDKELDETEIQTLYNNEPNANILKDFWGNYLLYDKEYYLLNVLKPNNFIDRRTDSTLSINNI-RSTILLANRLYSGIKVKIQRVNNSSTNDNLVRKNDQVYINFVASKTHLFPLYADTNTTNKEKTIKSSSSGNRF---NQVVVMNSVGNNC
PROKKA_00006	tr|C4IHM0|C4IHM0_CLOBU Botulinum neurotoxin type E, nontoxic-nonhemagglutinin component, NTNH OS=Clostridium butyricum E4 str. BoNT E BL5262 GN=ntnH PE=4 SV=1 !!!ntnH	1253	1163	1144	259	22.64	717	168	3	1094	KINS-FNYNDPVNDRTILYIKPGGCQEFYKSFNIMKNIWIIPERNVIGTTPQDFHPPTSLK-----NGDSSYYDPNYLQSDEEKDRFLKIVTKIFNRINNNLSGGILLEELSKANPYLGNDNTPDNQFHIGDASAVEIKFSNGIQDILLPNVIIMGAEPDLFETNSSNISLRNNYMPSNHGFGSIAIVTFSPEYSFRFNDNSMNEFIQDPALTLMHELIHSLHGLYGAK---GITTKYTITQKQNPLITNIRGTNIEEFLTFGGTDLNIITSAQS---NDIYTNLLADYKKIASKLS-KVQVSNPLLNPYKDVFEAKYGLDKDASGIYSVNINKFNDIFKKLYSFTEFDLATKFQVKCRQTYIGQY---KYFKLSNLLNDSIYNISEGYNINNLKVNFRGQNANLNPRIITPITGRGLVKKIIRFCKNIVSVKGIRKSICIEIN-NGELFFVASENSYND----DNINTPKEIDDTVTSNNNYENDLDQVILNFNSESAPGLSDEKLNLTIQN-DAYIPKYDSNGTSDIEQHDVNELNVFFYLDAQKVPEGENNVNLTSSIDTALLEQPK-IYTFFSS-----EFINNVNKPVQA-ALFVSWIQQVLVDFTTEANQKSTVDKIADISIVVPYIGLALNIGNEAQKGNFKDALELLGAGILLEFEPELLIPTILVFTIKSFLGSSDNKNKVIKAINNALKERDEKWKEVYSFIVSNWMTKINTQFNKRKEQMYQALQNQVNAIKTIIESKYNSYTLEEKN---------ELTNKYDIKQIENELNQKVSIAMNNIDRFLTESSISYLMKLINEVKINKLREYDENVKTYLLNYIIQHGSILGESQQELNSMVTDTLNNSIPFKLSSYTDDKILISYFNKFFKRIKSS----SVLNMRYKNDKYV-DTSGYDSNININGDVYKYPTNKNQ-FGIYNDKLSEVNISQNDYIIYDNKY------KNFSISFWVRIPNYDNKIVNVNNEYTIINCMRDNNSGWKVSLNHNEIIWTLQDNAGINQKLAFNYGNANGISDYINK-WIFVTITNDRLGDSKL-YINGNLIDQKSILNLGNIHVSDNILFKIVNCSYTRYIGIRYFNIFDKELDETEIQTLYNNEPNANILKDFWGNYLLYDKEYYLLNVLKP
PROKKA_00006	tr|A0A060N6G5|A0A060N6G5_CLOBO Nontoxic-nonhemagglutinin component, NTNH OS=Clostridium botulinum B str. Osaka05 GN=CBO05P2_175 PE=4 SV=1 !!!ntnH	1253	1197	284	75	26.41	166	43	10	265	NDPVNDRTILYIKPGGCQEFYKSFNIMKNIWIIPERNVIGTTPQDFHPPTSLKNGDSSYYDPNYLQSDEEKDRFLKIVTKIFNRINNNLSGGILLEELSKANPY----LGNDNTPDNQFHIGDASAVEIKFSNGIQD-ILLP---------------------NVIIMGAEPDLFETNSSNISLRNNYMPSNHGFGSIAIVTFSPEYSFRFNDNSMNEFIQDPALTLMHELIHSLHGLYGAKGITTKYTITQKQNPLITNIRGT--NIEEFLTFGGTDLNIITS
PROKKA_00006	tr|B1INP6|B1INP6_CLOBK Botulinum neurotoxin type B1, nontoxic-nonhemagglutinin component, NTNH OS=Clostridium botulinum (strain Okra / Type B1) GN=ntnH PE=4 SV=1 !!!ntnH	1253	1197	380	89	23.42	231	60	10	355	NDPVNDRTILYIKPGGCQEFYKSFNIMKNIWIIPERNVIGTTPQDFHPPTSLKNGDSSYYDPNYLQSDEEKDRFLKIVTKIFNRINNNLSGGILLEELSKANPY----LGNDNTPDNQFHIGDASAVEIKFSNGIQD-ILLP---------------------NVIIMGAEPDLFETNSSNISLRNNYMPSNHGFGSIAIVTFSPEYSFRFNDNSMNEFIQDPALTLMHELIHSLHGLYGAKGITTKYTITQKQNPLITNIRGT--NIEEFLTFGGTDLNIITSAQ---SNDIYTN---LLADYKKIASKLSKVQVSNPLLNPYKDVFEAKYGLDKDASGIYSVNINKFNDIFKKLYSFTEFDLATKFQVKCRQTYIGQY
PROKKA_00006	tr|A5HZZ8|A5HZZ8_CLOBH Type A progenitor toxin nontoxic-nonha OS=Clostridium botulinum (strain Hall / ATCC 3502 / NCTC 13319 / Type A) GN=ntnH PE=4 SV=1 !!!ntnH	1253	1193	380	89	23.42	231	60	10	355	NDPVNDRTILYIKPGGCQEFYKSFNIMKNIWIIPERNVIGTTPQDFHPPTSLKNGDSSYYDPNYLQSDEEKDRFLKIVTKIFNRINNNLSGGILLEELSKANPY----LGNDNTPDNQFHIGDASAVEIKFSNGIQD-ILLP---------------------NVIIMGAEPDLFETNSSNISLRNNYMPSNHGFGSIAIVTFSPEYSFRFNDNSMNEFIQDPALTLMHELIHSLHGLYGAKGITTKYTITQKQNPLITNIRGT--NIEEFLTFGGTDLNIITSAQ---SNDIYTN---LLADYKKIASKLSKVQVSNPLLNPYKDVFEAKYGLDKDASGIYSVNINKFNDIFKKLYSFTEFDLATKFQVKCRQTYIGQY
PROKKA_00006	tr|B2TSC3|B2TSC3_CLOBB Botulinum neurotoxin type B OS=Clostridium botulinum (strain Eklund 17B / Type B) GN=ntnH PE=4 SV=1 !!!ntnH	1253	1197	380	91	23.95	229	60	10	355	NDPVNDRTILYIKPGGCQEFYKSFNIMKNIWIIPERNVIGTTPQDFHPPTSLKNGDSSYYDPNYLQSDEEKDRFLKIVTKIFNRINNNLSGGILLEELSKANPY----LGNDNTPDNQFHIGDASAVEIKFSNGIQD-ILLP---------------------NVIIMGAEPDLFETNSSNISLRNNYMPSNHGFGSIAIVTFSPEYSFRFNDNSMNEFIQDPALTLMHELIHSLHGLYGAKGITTKYTITQKQNPLITNIRGT--NIEEFLTFGGTDLNIITSAQS---NDIYTN---LLADYKKIASKLSKVQVSNPLLNPYKDVFEAKYGLDKDASGIYSVNINKFNDIFKKLYSFTEFDLATKFQVKCRQTYIGQY
PROKKA_00006	tr|A0A0C1QVR0|A0A0C1QVR0_9CLOT Transcriptional regulator BotR, P-21 OS=Clostridium argentinense CDC 2741 GN=botR PE=4 SV=1 !!!BotR	1253	178	49	15	30.61	29	5	853	901	LNMRYKNDKYVDTSGYDSNININGDVYKYPTNKNQFGIYNDKLSEVNIS
PROKKA_00006	tr|A5HZZ7|A5HZZ7_CLOBH RNA polymerase ECF-type sigma factor OS=Clostridium botulinum (strain Hall / ATCC 3502 / NCTC 13319 / Type A) GN=botR PE=4 SV=1 !!!BotR	1253	178	43	12	27.91	28	3	976	1015	NYGNANGISDYINKWI---FVTITNDRLGDSKLYINGNLIDQK
PROKKA_00006	tr|S8CEF4|S8CEF4_CLOBO Transcriptional regulator BotR, P-21 OS=Clostridium botulinum CFSAN002367 GN=CFSAN002367_15806 PE=4 SV=1 !!!BotR	1253	178	43	12	27.91	28	3	976	1015	NYGNANGISDYINKWI---FVTITNDRLGDSKLYINGNLIDQK
PROKKA_00006	tr|A0A0D1AER2|A0A0D1AER2_CLOBO Transcriptional regulator OS=Clostridium botulinum B2 450 GN=N495_19875 PE=4 SV=1 !!! 	1253	178	43	12	27.91	28	3	976	1015	NYGNANGISDYINKWI---FVTITNDRLGDSKLYINGNLIDQK
PROKKA_00006	tr|A0A073CP83|A0A073CP83_CLOBO Transcriptional regulator OS=Clostridium botulinum A2B3 87 GN=N496_19575 PE=4 SV=1 !!! 	1253	178	43	12	27.91	28	3	976	1015	NYGNANGISDYINKWI---FVTITNDRLGDSKLYINGNLIDQK
PROKKA_00006	tr|A0A060N3U8|A0A060N3U8_CLOBO Transcriptional regulator botR OS=Clostridium botulinum B str. Osaka05 GN=CBO05P2_176 PE=4 SV=1 !!!BotR	1253	178	43	12	27.91	28	3	976	1015	NYGNANGISDYINKWI---FVTITNDRLGDSKLYINGNLIDQK
PROKKA_00007	tr|B2TSC2|B2TSC2_CLOBB Putative RNA polymerase sigma factor OS=Clostridium botulinum (strain Eklund 17B / Type B) GN=botR PE=4 SV=1 !!!BotR	74	179	13	6	46.15	7	0	1	13	MNRNIIGKKVRII
PROKKA_00008	tr|B1INP8|B1INP8_CLOBK Hemagglutinin component HA33 OS=Clostridium botulinum (strain Okra / Type B1) GN=ha33 PE=1 SV=1 !!!ha33	415	294	113	28	24.78	80	5	33	143	IKSKNIVNCILYGPPGTGKTTLANIMANYVDRK--FYKLNATTASVKDIQEIASSLDTLLGYNGVVVYIDELQHFSKKQQQSLLEFIEKGQITLIASTTENPYFVLHKAILSR
PROKKA_00008	tr|A0A0X1KH90|A0A0X1KH90_CLOBA Botulinum neurotoxin type E, nontoxic-nonhemagglutinin component, NTNH OS=Clostridium botulinum (strain Alaska E43 / Type E3) PE=1 SV=1 !!!ntnH	415	1163	33	11	33.33	22	0	6	38	ERMRPTKLEDFVGQKQIIGEGKPLYNIIKSKNI
PROKKA_00008	tr|C5UY14|C5UY14_CLOBO Botulinum neurotoxin type E1, nontoxic-nonhemagglutinin component, NTNH OS=Clostridium botulinum E1 str. 'BoNT E Beluga' GN=ntnH PE=4 SV=1 !!!ntnH	415	1163	33	11	33.33	22	0	6	38	ERMRPTKLEDFVGQKQIIGEGKPLYNIIKSKNI
PROKKA_00008	tr|C4IHM0|C4IHM0_CLOBU Botulinum neurotoxin type E, nontoxic-nonhemagglutinin component, NTNH OS=Clostridium butyricum E4 str. BoNT E BL5262 GN=ntnH PE=4 SV=1 !!!ntnH	415	1163	33	11	33.33	22	0	6	38	ERMRPTKLEDFVGQKQIIGEGKPLYNIIKSKNI
PROKKA_00009	tr|C5UY11|C5UY11_CLOBO Toxin complex component ORF-X2 OS=Clostridium botulinum E1 str. 'BoNT E Beluga' GN=CLO_2648 PE=4 SV=1 !!!ORF-X2	213	748	59	12	20.34	47	0	131	189	LKDKIIKYEDEIQKLKNERDKFRELSNYNENKYYEIAIRSRERNFRKENNIKSNVIEIN
PROKKA_00009	tr|B1L2G2|B1L2G2_CLOBM Transcriptional regulator BotR, P-21 OS=Clostridium botulinum (strain Loch Maree / Type A3) GN=botR PE=4 SV=1 !!!BotR	213	184	60	23	38.33	31	6	128	181	INILKDKIIKYEDEIQKLKNERDKFRE---LS-NYNE--NKYYEIAIRSRERNFRKENNI
PROKKA_00009	tr|C1FUH3|C1FUH3_CLOBJ Toxin complex component ORF-X3 OS=Clostridium botulinum (strain Kyoto / Type A2) GN=CLM_0891 PE=4 SV=1 !!!ORF-X3	213	490	18	7	38.89	11	0	66	83	SYEKYDIISDGDRKKIKF
PROKKA_00009	tr|A7GBF7|A7GBF7_CLOBL Toxin complex component ORF-X3 OS=Clostridium botulinum (strain Langeland / NCTC 10281 / Type F) GN=CLI_0845 PE=4 SV=1 !!!ORF-X3	213	490	18	7	38.89	11	0	66	83	SYEKYDIISDGDRKKIKF
PROKKA_00009	tr|B1BE46|B1BE46_CLOBO Non-toxin haemagglutinin HA-70 OS=Clostridium botulinum C str. Eklund GN=CBC_A0169 PE=4 SV=1 !!!ha70	213	623	38	15	39.47	22	1	72	109	IISDGDRKKIKFPNVDEVVDNNFRNKKRLKFILNSFFL
PROKKA_00010	tr|A0A059PYB0|A0A059PYB0_9CLOT Toxin complex component ORF-X2 OS=Clostridium baratii PE=4 SV=1 !!!ORF-X2	584	748	38	16	42.11	21	1	223	260	VLWWKICSKIPLRPCEFMILKKDCVYEKNRKYYIRIRR
PROKKA_00010	tr|A0A059PYB0|A0A059PYB0_9CLOT Toxin complex component ORF-X2 OS=Clostridium baratii PE=4 SV=1 !!!ORF-X2	584	748	35	12	34.29	21	2	365	399	QQFYRDCMVSLQLGDARHLAIINLVLQGTNSYLIR
PROKKA_00010	tr|C5UY11|C5UY11_CLOBO Toxin complex component ORF-X2 OS=Clostridium botulinum E1 str. 'BoNT E Beluga' GN=CLO_2648 PE=4 SV=1 !!!ORF-X2	584	748	80	24	30.00	38	18	223	286	VLWWKICSKIPLRPC-EFMILKKDCVYEKNRKYYIRIRRCK--------PHGFVNKA--LNIR-----KEQSFRINKEIY
PROKKA_00010	tr|C5UY11|C5UY11_CLOBO Toxin complex component ORF-X2 OS=Clostridium botulinum E1 str. 'BoNT E Beluga' GN=CLO_2648 PE=4 SV=1 !!!ORF-X2	584	748	28	12	42.86	16	0	365	392	QQFYRDCMVSLQLGDARHLAIINLVLQG
PROKKA_00010	tr|A7GBF8|A7GBF8_CLOBL Toxin complex component ORF-X2 OS=Clostridium botulinum (strain Langeland / NCTC 10281 / Type F) GN=CLI_0846 PE=4 SV=1 !!!ORF-X2	584	750	29	10	34.48	19	0	34	62	LKIYKEEELDYYKEKFNYFKKKGRIVNCV
PROKKA_00010	tr|B1BE46|B1BE46_CLOBO Non-toxin haemagglutinin HA-70 OS=Clostridium botulinum C str. Eklund GN=CBC_A0169 PE=4 SV=1 !!!ha70	584	623	32	8	25.00	24	0	188	219	TREIPDYTSILKFDFLLDKYLKNSDEKEFFRY
PROKKA_00010	tr|B1BE47|B1BE47_CLOBO Clostridium toxin-associated regulator BotR OS=Clostridium botulinum C str. Eklund GN=botR PE=4 SV=1 !!!BotR	584	179	60	13	21.67	43	4	238	293	EFMILKKDCVYEKNRKYYIRIRRCKPHGFVNKALNIRKEQSFRIN----KEIYDLVMKVV
PROKKA_00010	tr|C4IHM0|C4IHM0_CLOBU Botulinum neurotoxin type E, nontoxic-nonhemagglutinin component, NTNH OS=Clostridium butyricum E4 str. BoNT E BL5262 GN=ntnH PE=4 SV=1 !!!ntnH	584	1163	29	10	34.48	19	0	140	168	EEYIESTFDNNKLNMKDYTMNFISFIRDN
PROKKA_00010	tr|M1ZPH7|M1ZPH7_CLOBO Hemagglutinin component HA70 OS=Clostridium botulinum CFSAN001627 GN=CFSAN001627_19663 PE=4 SV=1 !!!ha70	584	626	15	6	40.00	9	0	250	264	KNRKYYIRIRRCKPH
PROKKA_00012	tr|A0A059PY44|A0A059PY44_9CLOT Toxin complex component ORF-X3 OS=Clostridium baratii PE=4 SV=1 !!!ORF-X3	411	491	35	13	37.14	21	1	235	269	GRYGMLLDITDRNLRLDLKNNQAKGYSKKSRKQKV
PROKKA_00012	tr|A0A0A7FV57|A0A0A7FV57_9CLOT Clostridium P-47 family protein OS=Clostridium baratii str. Sullivan GN=U729_696 PE=4 SV=1 !!!P-47	411	491	35	13	37.14	21	1	235	269	GRYGMLLDITDRNLRLDLKNNQAKGYSKKSRKQKV
PROKKA_00012	tr|A0A060N6G5|A0A060N6G5_CLOBO Nontoxic-nonhemagglutinin component, NTNH OS=Clostridium botulinum B str. Osaka05 GN=CBO05P2_175 PE=4 SV=1 !!!ntnH	411	1197	17	7	41.18	10	0	376	392	INSSDSYIEETKKIGKL
PROKKA_00012	tr|B1INP6|B1INP6_CLOBK Botulinum neurotoxin type B1, nontoxic-nonhemagglutinin component, NTNH OS=Clostridium botulinum (strain Okra / Type B1) GN=ntnH PE=4 SV=1 !!!ntnH	411	1197	17	7	41.18	10	0	376	392	INSSDSYIEETKKIGKL
PROKKA_00012	tr|B2TSC3|B2TSC3_CLOBB Botulinum neurotoxin type B OS=Clostridium botulinum (strain Eklund 17B / Type B) GN=ntnH PE=4 SV=1 !!!ntnH	411	1197	35	11	31.43	24	0	376	410	INSSDSYIEETKKIGKLYEENAEGAFQLLIKKINE
PROKKA_00012	tr|A5HZZ8|A5HZZ8_CLOBH Type A progenitor toxin nontoxic-nonha OS=Clostridium botulinum (strain Hall / ATCC 3502 / NCTC 13319 / Type A) GN=ntnH PE=4 SV=1 !!!ntnH	411	1193	17	7	41.18	10	0	376	392	INSSDSYIEETKKIGKL
PROKKA_00013	tr|B1INP8|B1INP8_CLOBK Hemagglutinin component HA33 OS=Clostridium botulinum (strain Okra / Type B1) GN=ha33 PE=1 SV=1 !!!ha33	104	294	32	9	28.12	23	0	33	64	IKSKKICNCIFYGPPGTGKTTLANIMAKYVDK
PROKKA_00013	tr|A0A060N6G5|A0A060N6G5_CLOBO Nontoxic-nonhemagglutinin component, NTNH OS=Clostridium botulinum B str. Osaka05 GN=CBO05P2_175 PE=4 SV=1 !!!ntnH	104	1197	16	7	43.75	9	0	27	42	TPLYNLIKSKKICNCI
PROKKA_00013	tr|A0A060N6G5|A0A060N6G5_CLOBO Nontoxic-nonhemagglutinin component, NTNH OS=Clostridium botulinum B str. Osaka05 GN=CBO05P2_175 PE=4 SV=1 !!!ntnH	104	1197	26	9	34.62	17	0	8	33	MRPSKIEDFVGQRHILGKNTPLYNLI
PROKKA_00013	tr|B1INP6|B1INP6_CLOBK Botulinum neurotoxin type B1, nontoxic-nonhemagglutinin component, NTNH OS=Clostridium botulinum (strain Okra / Type B1) GN=ntnH PE=4 SV=1 !!!ntnH	104	1197	26	9	34.62	17	0	8	33	MRPSKIEDFVGQRHILGKNTPLYNLI
PROKKA_00013	tr|C4IHM0|C4IHM0_CLOBU Botulinum neurotoxin type E, nontoxic-nonhemagglutinin component, NTNH OS=Clostridium butyricum E4 str. BoNT E BL5262 GN=ntnH PE=4 SV=1 !!!ntnH	104	1163	29	10	34.48	19	0	10	38	PSKIEDFVGQRHILGKNTPLYNLIKSKKI
PROKKA_00013	tr|C5UY14|C5UY14_CLOBO Botulinum neurotoxin type E1, nontoxic-nonhemagglutinin component, NTNH OS=Clostridium botulinum E1 str. 'BoNT E Beluga' GN=ntnH PE=4 SV=1 !!!ntnH	104	1163	29	10	34.48	19	0	10	38	PSKIEDFVGQRHILGKNTPLYNLIKSKKI
PROKKA_00013	tr|A0A0X1KH90|A0A0X1KH90_CLOBA Botulinum neurotoxin type E, nontoxic-nonhemagglutinin component, NTNH OS=Clostridium botulinum (strain Alaska E43 / Type E3) PE=1 SV=1 !!!ntnH	104	1163	29	10	34.48	19	0	10	38	PSKIEDFVGQRHILGKNTPLYNLIKSKKI
PROKKA_00014	tr|A0A073CND8|A0A073CND8_CLOBO P-47 protein OS=Clostridium botulinum A2B3 87 GN=N496_18585 PE=4 SV=1 !!!P-47	38	415	30	8	26.67	21	1	9	37	NGVFAKVIEGGQMKIG-DEIEIASGIEKMY
