PROKKA_00001	tr|B2TSB9|B2TSB9_CLOBB Heamagglutinin components HA-70 OS=Clostridium botulinum (strain Eklund 17B / Type B) GN=ha70 PE=4 SV=1 !!!ha70	67	626	36	11	30.56	24	1	8	42	IASIGPIANINAVVDIIAKIFP-TLPDISENVPFIL
PROKKA_00001	tr|A0A0C1TZQ5|A0A0C1TZQ5_9CLOT Hemagglutinin components HA-22/23/53 OS=Clostridium argentinense CDC 2741 GN=ha-70 PE=4 SV=1 !!!ha70	67	629	25	7	28.00	18	0	38	62	VPFILAQAIIPVNGKPTPVIKKPII
PROKKA_00001	tr|A7GBG2|A7GBG2_CLOBL Botulinum neurotoxin type F, nontoxic-nonhemagglutinin component, NTNH OS=Clostridium botulinum (strain Langeland / NCTC 10281 / Type F) GN=ntnH PE=4 SV=1 !!!ntnH	67	1163	13	6	46.15	7	0	22	34	DIIAKIFPTLPDI
PROKKA_00001	tr|A5HZZ8|A5HZZ8_CLOBH Type A progenitor toxin nontoxic-nonha OS=Clostridium botulinum (strain Hall / ATCC 3502 / NCTC 13319 / Type A) GN=ntnH PE=4 SV=1 !!!ntnH	67	1193	14	6	42.86	8	0	10	23	SIGPIANINAVVDI
PROKKA_00001	tr|B1INP6|B1INP6_CLOBK Botulinum neurotoxin type B1, nontoxic-nonhemagglutinin component, NTNH OS=Clostridium botulinum (strain Okra / Type B1) GN=ntnH PE=4 SV=1 !!!ntnH	67	1197	14	6	42.86	8	0	10	23	SIGPIANINAVVDI
PROKKA_00003	tr|A0A073CN83|A0A073CN83_CLOBO Hemagglutinin OS=Clostridium botulinum A2B3 87 GN=N496_19565 PE=4 SV=1 !!! 	469	146	15	7	46.67	8	0	130	144	FKIKSAAESQEFMNY
PROKKA_00004	tr|B1BE43|B1BE43_CLOBO Botulinum neurotoxin type C, nontoxic-nonhemagglutinin component NTNH OS=Clostridium botulinum C str. Eklund GN=CBC_A0166 PE=4 SV=1 !!!ntnH	90	1196	92	27	29.35	52	13	10	89	SREELIKQLIKE--TKLISAKGVQETLKDIFTNTFKGMLE---------AKLDNHLGYSDL-ILPRDIEGSFDLQVMKKNQNHILIVFDKFI
PROKKA_00004	tr|A0A060N6G5|A0A060N6G5_CLOBO Nontoxic-nonhemagglutinin component, NTNH OS=Clostridium botulinum B str. Osaka05 GN=CBO05P2_175 PE=4 SV=1 !!!ntnH	90	1197	37	12	32.43	23	2	7	41	MSFSREELIKQLIK--ETKLISAKGVQETLKDIFTNT
PROKKA_00005	tr|A0A0X1KH90|A0A0X1KH90_CLOBA Botulinum neurotoxin type E, nontoxic-nonhemagglutinin component, NTNH OS=Clostridium botulinum (strain Alaska E43 / Type E3) PE=1 SV=1 !!!ntnH	323	1163	134	35	26.12	85	14	2	133	IIWTLIDINGKIKSVFFEYSIKEDISEYINRWFFVTITNN--SDNAKIYINGKLESHIDIRDIREVIANDEIIFKLDGNIDRTQFIWMKYFSVFNTELSQSNIEERYKIQSYSEYLKDFWGNPLMYNKEYYMFN
PROKKA_00005	tr|C5UY14|C5UY14_CLOBO Botulinum neurotoxin type E1, nontoxic-nonhemagglutinin component, NTNH OS=Clostridium botulinum E1 str. 'BoNT E Beluga' GN=ntnH PE=4 SV=1 !!!ntnH	323	1163	134	35	26.12	85	14	2	133	IIWTLIDINGKIKSVFFEYSIKEDISEYINRWFFVTITNN--SDNAKIYINGKLESHIDIRDIREVIANDEIIFKLDGNIDRTQFIWMKYFSVFNTELSQSNIEERYKIQSYSEYLKDFWGNPLMYNKEYYMFN
PROKKA_00005	tr|B1INP6|B1INP6_CLOBK Botulinum neurotoxin type B1, nontoxic-nonhemagglutinin component, NTNH OS=Clostridium botulinum (strain Okra / Type B1) GN=ntnH PE=4 SV=1 !!!ntnH	323	1197	134	27	20.15	93	14	2	133	IIWTLIDINGKIKSVFFEYSIKEDISEYINRWFFVTITNNS--DNAKIYINGKLESHIDIRDIREVIANDEIIFKLDGNIDRTQFIWMKYFSVFNTELSQSNIEERYKIQSYSEYLKDFWGNPLMYNKEYYMFN
PROKKA_00005	tr|A0A060N6G5|A0A060N6G5_CLOBO Nontoxic-nonhemagglutinin component, NTNH OS=Clostridium botulinum B str. Osaka05 GN=CBO05P2_175 PE=4 SV=1 !!!ntnH	323	1197	134	29	21.64	91	14	2	133	IIWTLIDINGKIKSVFFEYSIKEDISEYINRWFFVTITNNS--DNAKIYINGKLESHIDIRDIREVIANDEIIFKLDGNIDRTQFIWMKYFSVFNTELSQSNIEERYKIQSYSEYLKDFWGNPLMYNKEYYMFN
PROKKA_00005	tr|C4IHM0|C4IHM0_CLOBU Botulinum neurotoxin type E, nontoxic-nonhemagglutinin component, NTNH OS=Clostridium butyricum E4 str. BoNT E BL5262 GN=ntnH PE=4 SV=1 !!!ntnH	323	1163	134	34	25.37	86	14	2	133	IIWTLIDINGKIKSVFFEYSIKEDISEYINRWFFVTITNN--SDNAKIYINGKLESHIDIRDIREVIANDEIIFKLDGNIDRTQFIWMKYFSVFNTELSQSNIEERYKIQSYSEYLKDFWGNPLMYNKEYYMFN
PROKKA_00005	tr|B1BE43|B1BE43_CLOBO Botulinum neurotoxin type C, nontoxic-nonhemagglutinin component NTNH OS=Clostridium botulinum C str. Eklund GN=CBC_A0166 PE=4 SV=1 !!!ntnH	323	1196	134	30	22.39	90	14	2	133	IIWTLIDINGKIKSVFFEYSIKEDISEYINRWFFVTITNN--SDNAKIYINGKLESHIDIRDIREVIANDEIIFKLDGNIDRTQFIWMKYFSVFNTELSQSNIEERYKIQSYSEYLKDFWGNPLMYNKEYYMFN
PROKKA_00005	tr|B2TSC3|B2TSC3_CLOBB Botulinum neurotoxin type B OS=Clostridium botulinum (strain Eklund 17B / Type B) GN=ntnH PE=4 SV=1 !!!ntnH	323	1197	134	27	20.15	93	14	2	133	IIWTLIDINGKIKSVFFEYSIKEDISEYINRWFFVTITNNS--DNAKIYINGKLESHIDIRDIREVIANDEIIFKLDGNIDRTQFIWMKYFSVFNTELSQSNIEERYKIQSYSEYLKDFWGNPLMYNKEYYMFN
PROKKA_00005	tr|C5VU80|C5VU80_CLOBO Botulinum neurotoxin type D, nontoxic-nonhemagglutinin component, NTNH OS=Clostridium botulinum D str. 1873 GN=ntnH PE=4 SV=1 !!!ntnH	323	1196	134	29	21.64	91	14	2	133	IIWTLIDINGKIKSVFFEYSIKEDISEYINRWFFVTITNN--SDNAKIYINGKLESHIDIRDIREVIANDEIIFKLDGNIDRTQFIWMKYFSVFNTELSQSNIEERYKIQSYSEYLKDFWGNPLMYNKEYYMFN
PROKKA_00005	tr|B1L2G4|B1L2G4_CLOBM Botulinum neurotoxin type A3, nontoxic-nonhemagglutinin component, NTNH OS=Clostridium botulinum (strain Loch Maree / Type A3) GN=ntnH PE=4 SV=1 !!!ntnH	323	1159	134	29	21.64	91	14	2	133	IIWTLIDINGKIKSVFFEYSIKEDISEYINRWFFVTITNN--SDNAKIYINGKLESHIDIRDIREVIANDEIIFKLDGNIDRTQFIWMKYFSVFNTELSQSNIEERYKIQSYSEYLKDFWGNPLMYNKEYYMFN
PROKKA_00005	tr|B1L2G4|B1L2G4_CLOBM Botulinum neurotoxin type A3, nontoxic-nonhemagglutinin component, NTNH OS=Clostridium botulinum (strain Loch Maree / Type A3) GN=ntnH PE=4 SV=1 !!!ntnH	323	1159	162	44	27.16	88	30	125	264	YNKEYYM---FNAGNKNSYIKLKKDSPVGEILTRSKYNQNSKYINYRDL---YIGEKFIIRRKSNSQSINDDIVRKEDYIYLDF---FNLNQEWRV-YIYKYFKKEEEKLFLAPISDSD------------DFYNTIQIKEYDEQPTYSCQLLFKKDEESTD
PROKKA_00005	tr|C1FUH8|C1FUH8_CLOBJ Botulinum neurotoxin type A2, nontoxic-nonhemagglutinin component, NTNH OS=Clostridium botulinum (strain Kyoto / Type A2) GN=ntnH PE=4 SV=1 !!!ntnH	323	1159	134	28	20.90	92	14	2	133	IIWTLIDINGKIKSVFFEYSIKEDISEYINRWFFVTITNN--SDNAKIYINGKLESHIDIRDIREVIANDEIIFKLDGNIDRTQFIWMKYFSVFNTELSQSNIEERYKIQSYSEYLKDFWGNPLMYNKEYYMFN
PROKKA_00005	tr|C1FUH8|C1FUH8_CLOBJ Botulinum neurotoxin type A2, nontoxic-nonhemagglutinin component, NTNH OS=Clostridium botulinum (strain Kyoto / Type A2) GN=ntnH PE=4 SV=1 !!!ntnH	323	1159	162	45	27.78	87	30	125	264	YNKEYYM---FNAGNKNSYIKLKKDSPVGEILTRSKYNQNSKYINYRDL---YIGEKFIIRRKSNSQSINDDIVRKEDYIYLDF---FNLNQEWRV-YIYKYFKKEEEKLFLAPISDSD------------DFYNTIQIKEYDEQPTYSCQLLFKKDEESTD
PROKKA_00005	tr|A5HZZ8|A5HZZ8_CLOBH Type A progenitor toxin nontoxic-nonha OS=Clostridium botulinum (strain Hall / ATCC 3502 / NCTC 13319 / Type A) GN=ntnH PE=4 SV=1 !!!ntnH	323	1193	134	28	20.90	92	14	2	133	IIWTLIDINGKIKSVFFEYSIKEDISEYINRWFFVTITNN--SDNAKIYINGKLESHIDIRDIREVIANDEIIFKLDGNIDRTQFIWMKYFSVFNTELSQSNIEERYKIQSYSEYLKDFWGNPLMYNKEYYMFN
PROKKA_00005	tr|A7GBG2|A7GBG2_CLOBL Botulinum neurotoxin type F, nontoxic-nonhemagglutinin component, NTNH OS=Clostridium botulinum (strain Langeland / NCTC 10281 / Type F) GN=ntnH PE=4 SV=1 !!!ntnH	323	1163	134	28	20.90	92	14	2	133	IIWTLIDINGKIKSVFFEYSIKEDISEYINRWFFVTITNN--SDNAKIYINGKLESHIDIRDIREVIANDEIIFKLDGNIDRTQFIWMKYFSVFNTELSQSNIEERYKIQSYSEYLKDFWGNPLMYNKEYYMFN
PROKKA_00005	tr|C5VU79|C5VU79_CLOBO Hemagglutinin component HA33 OS=Clostridium botulinum D str. 1873 GN=ha33 PE=4 SV=1 !!!ha33	323	285	74	21	28.38	44	9	166	230	NYRDLYIGEKFIIRRKSNSQSINDDIVRKEDYIYLDFFNLNQEWRV------YIYKYFKKEEEKLFL---APIS
PROKKA_00005	tr|C5VU79|C5VU79_CLOBO Hemagglutinin component HA33 OS=Clostridium botulinum D str. 1873 GN=ha33 PE=4 SV=1 !!!ha33	323	285	42	10	23.81	32	0	138	179	NSYIKLKKDSPVGEILTRSKYNQNSKYINYRDLYIGEKFIIR
PROKKA_00005	tr|A0A0C1TY77|A0A0C1TY77_9CLOT Main hemagglutinin component OS=Clostridium argentinense CDC 2741 GN=ha-33 PE=4 SV=1 !!!ha33	323	285	45	11	24.44	34	0	143	187	LKKDSPVGEILTRSKYNQNSKYINYRDLYIGEKFIIRRKSNSQSI
PROKKA_00006	tr|B2TSC3|B2TSC3_CLOBB Botulinum neurotoxin type B OS=Clostridium botulinum (strain Eklund 17B / Type B) GN=ntnH PE=4 SV=1 !!!ntnH	821	1197	824	184	22.33	525	115	2	784	ERKKGIFA-NLIIFGPGPVLNENETIAIGIQNHFASREGFGGIMQMKFCPEYVSVFNNVQENKGASIFNRRGYFSDPALILMHELIHVLHGLYGIIVNDLPIVPNEKKFFMQSTDAIQAE--ELYTFGGQDPSIISPSTDKSIY-DKVLQNFRGIV-DRLNKVLVCISDPNININIYKNKFKDKFVEDSEGKYSIDVESFDKLYKSLMFGFTETNIAENYKIKTRASYFSDSLPPVKIKNLLDNEIYTIEEGFNISDKNMEKEYRGQNKAINKQAYEEISKEHLAIYKIQMCKS-VKAPGICIDVDNEDLFFIADKNSFSDDLSKNERIAYNTQNNYI---ENDFSINELILDTDLISKIELPSENTESLTDFNVYVPEYKKQLAIKKIFTDE--NT----IFQYLYSQT-----FPLDIRDISLTSSFDDALLFSNKVYSFFSMDYIKTANKVVEAGLFAGWVKQIVDDFVIEANKSSTMDKIADISLIVPYIGLALNVGNETAKGNFENAFEIAGASILLEFIPELLIPVVGAFLLESYIDN--KNKIIETINSALTKRDEKWIDMYGLIVAQWLSTVNTQFYTIKEGMYKALNYQAQALEEIIKYKYNIYSEKERSNINIDFNDVNS-----KLNEGINQAIDNINNFINECSVSYLMKKMIPLAVEKLLDFDNTLRKNLLNYIDENKLYLIGSAEYEKSKVDKYLKTSIPFDLSMY---------TNNTILIEIFNKYNSDILNNIILNLRYRDNKLI-DLSGYGAKVEVYDGVKL---NDKNQFKLTSSANSKIRVIQNQNIIF-NSMFLDFSVSFWIR
PROKKA_00006	tr|A0A060N6G5|A0A060N6G5_CLOBO Nontoxic-nonhemagglutinin component, NTNH OS=Clostridium botulinum B str. Osaka05 GN=CBO05P2_175 PE=4 SV=1 !!!ntnH	821	1197	694	147	21.18	444	103	2	661	ERKKGIFA-NLIIFGPGPVLNENETIAIGIQNHFASREGFGGIMQMKFCPEYVSVFNNVQENKGASIFNRRGYFSDPALILMHELIHVLHGLYGIIVNDLPIVPNEKKFFMQSTDAIQAE--ELYTFGGQDPSIISPSTDKSIY-DKVLQNFRGIV-DRLNKVLVCISDPNININIYKNKFKDKFVEDSEGKYSIDVESFDKLYKSLMFGFTETNIAENYKIKTRASYFSDSLPP-VKIKNLLDNEIYTIEEGFNISDKNMEKEYRGQNKAINKQAYEEISKEHLAIYKIQMCKSVKAPGICIDVDNEDLFFIADKNSFSDDLSKNERIAYNTQNNYIENDFSINELILDTDLISKIELPSENTESLTDFNVY-------VPEYKKQLAIKKIFTDENTIFQYLYSQT-----FPLDIRDISLTSSFDDALLFSNKVYSFFSMDYIKTANKVVEAGLFAGWVKQIVDDFVIEANKSSTMDKIADISLIVPYIGLALNVGNETAKGNFENAFEIAGASILLEFIPELLIPVVGAFLLESYIDNKNKIIETINSALTKRDEKWIDMYGL-----------IVAQWLSTVNTQFYTIKEGMYKALNYQAQALEEIIKYKYNIYSEKERSNINIDFNDVNSK-----LNEGINQAIDNINNFINECSVSYLMKKMIPLAVEKLLDFDNTLRKNLLNYI
PROKKA_00006	tr|C5UY14|C5UY14_CLOBO Botulinum neurotoxin type E1, nontoxic-nonhemagglutinin component, NTNH OS=Clostridium botulinum E1 str. 'BoNT E Beluga' GN=ntnH PE=4 SV=1 !!!ntnH	821	1163	868	207	23.85	494	167	9	814	ANLIIFGPGPVLNENETIAIGIQNHFASREGFGGIMQMKFCPEYVSVFNNVQENKGASIFNRRGYFSDPALILMHELIHVLHGLYGIIVNDLPIVPNEKKFFMQSTDAIQAE--ELYTFGGQDPSIISPSTDKSIYDKVLQNFRGIVDRLNKVLVCISDPNININIYKNKFKDKFVEDSEGKYSIDVESFDKLYKSLMFGFTETNIAENYKIKTRASYFSDS---LPPVKIKNLLDN----EIYTIEEGFNISDKNMEKEYRGQNKAINKQAYEEISKEHLAIYKIQMCKSVKAPGICIDVDNEDLFFIADKNSFSDDLS-------KNERIAYNTQNNYIENDFSINELILDTDLISKIE-LPSENTESLTDF----NVYVPEYKKQLAIKKIFTDENTIFQYLYSQTFPLDIRDISLTSSFDDALLFSNK---VYSFF--SMDY---IKTANKVVEAGLFAGWVKQIVDDFVIEANKSSTMDKIADISLIVPYIGLALNVGNETAKGNFENAFEIAGASILLE-----FIPELLIPVVGAFLLE-SYIDNKNKIIETINSALTKRDEKWIDMYGLIVAQWLSTVNTQFYTIKEGMYKALNYQAQALEEIIKYKYNIYSEKERSNIN------IDFNDVNSKLNEGINQ---AIDNINNFINECSVSYLMKKMIPLAVEKLLDFDNTLRKNLLNYIDENKLYLIGSAEYEKSK-VDKYLKTSIPFDLSMYTNNTILIEIFNKYNSDILNN-------IILNLRYRDNKLI-DLSGYGAKVEVYDGVKLN---DKNQFKLTSSANSKIRVIQNQNIIF------NSMFLDFSVSFWIRIPKYKNDGIQNYIHNEYTIINCMKNNSGWK
PROKKA_00006	tr|A0A0X1KH90|A0A0X1KH90_CLOBA Botulinum neurotoxin type E, nontoxic-nonhemagglutinin component, NTNH OS=Clostridium botulinum (strain Alaska E43 / Type E3) PE=1 SV=1 !!!ntnH	821	1163	868	207	23.85	494	167	9	814	ANLIIFGPGPVLNENETIAIGIQNHFASREGFGGIMQMKFCPEYVSVFNNVQENKGASIFNRRGYFSDPALILMHELIHVLHGLYGIIVNDLPIVPNEKKFFMQSTDAIQAE--ELYTFGGQDPSIISPSTDKSIYDKVLQNFRGIVDRLNKVLVCISDPNININIYKNKFKDKFVEDSEGKYSIDVESFDKLYKSLMFGFTETNIAENYKIKTRASYFSDS---LPPVKIKNLLDN----EIYTIEEGFNISDKNMEKEYRGQNKAINKQAYEEISKEHLAIYKIQMCKSVKAPGICIDVDNEDLFFIADKNSFSDDLS-------KNERIAYNTQNNYIENDFSINELILDTDLISKIE-LPSENTESLTDF----NVYVPEYKKQLAIKKIFTDENTIFQYLYSQTFPLDIRDISLTSSFDDALLFSNK---VYSFF--SMDY---IKTANKVVEAGLFAGWVKQIVDDFVIEANKSSTMDKIADISLIVPYIGLALNVGNETAKGNFENAFEIAGASILLE-----FIPELLIPVVGAFLLE-SYIDNKNKIIETINSALTKRDEKWIDMYGLIVAQWLSTVNTQFYTIKEGMYKALNYQAQALEEIIKYKYNIYSEKERSNIN------IDFNDVNSKLNEGINQ---AIDNINNFINECSVSYLMKKMIPLAVEKLLDFDNTLRKNLLNYIDENKLYLIGSAEYEKSK-VDKYLKTSIPFDLSMYTNNTILIEIFNKYNSDILNN-------IILNLRYRDNKLI-DLSGYGAKVEVYDGVKLN---DKNQFKLTSSANSKIRVIQNQNIIF------NSMFLDFSVSFWIRIPKYKNDGIQNYIHNEYTIINCMKNNSGWK
PROKKA_00006	tr|C4IHM0|C4IHM0_CLOBU Botulinum neurotoxin type E, nontoxic-nonhemagglutinin component, NTNH OS=Clostridium butyricum E4 str. BoNT E BL5262 GN=ntnH PE=4 SV=1 !!!ntnH	821	1163	868	206	23.73	495	167	9	814	ANLIIFGPGPVLNENETIAIGIQNHFASREGFGGIMQMKFCPEYVSVFNNVQENKGASIFNRRGYFSDPALILMHELIHVLHGLYGIIVNDLPIVPNEKKFFMQSTDAIQAE--ELYTFGGQDPSIISPSTDKSIYDKVLQNFRGIVDRLNKVLVCISDPNININIYKNKFKDKFVEDSEGKYSIDVESFDKLYKSLMFGFTETNIAENYKIKTRASYFSDS---LPPVKIKNLLDN----EIYTIEEGFNISDKNMEKEYRGQNKAINKQAYEEISKEHLAIYKIQMCKSVKAPGICIDVDNEDLFFIADKNSFSDDLS-------KNERIAYNTQNNYIENDFSINELILDTDLISKIE-LPSENTESLTDF----NVYVPEYKKQLAIKKIFTDENTIFQYLYSQTFPLDIRDISLTSSFDDALLFSNK---VYSFF--SMDY---IKTANKVVEAGLFAGWVKQIVDDFVIEANKSSTMDKIADISLIVPYIGLALNVGNETAKGNFENAFEIAGASILLE-----FIPELLIPVVGAFLLE-SYIDNKNKIIETINSALTKRDEKWIDMYGLIVAQWLSTVNTQFYTIKEGMYKALNYQAQALEEIIKYKYNIYSEKERSNIN------IDFNDVNSKLNEGINQ---AIDNINNFINECSVSYLMKKMIPLAVEKLLDFDNTLRKNLLNYIDENKLYLIGSAEYEKSK-VDKYLKTSIPFDLSMYTNNTILIEIFNKYNSDILNN-------IILNLRYRDNKLI-DLSGYGAKVEVYDGVKLN---DKNQFKLTSSANSKIRVIQNQNIIF------NSMFLDFSVSFWIRIPKYKNDGIQNYIHNEYTIINCMKNNSGWK
PROKKA_00006	tr|A5HZZ8|A5HZZ8_CLOBH Type A progenitor toxin nontoxic-nonha OS=Clostridium botulinum (strain Hall / ATCC 3502 / NCTC 13319 / Type A) GN=ntnH PE=4 SV=1 !!!ntnH	821	1193	609	136	22.33	389	84	2	588	ERKKGIFA-NLIIFGPGPVLNENETIAIGIQNHFASREGFGGIMQMKFCPEYVSVFNNVQENKGASIFNRRGYFSDPALILMHELIHVLHGLYGIIVNDLPIVPNEKKFFMQSTDAIQAE--ELYTFGGQDPSIISPSTDKSIY-DKVLQNFRGIV-DRLNKVLVCISDPNININIYKNKFKDKFVEDSEGKYSIDVESFDKLYKSLMFGFTETNIAENYKIKTRASYFSDSLPPVKIKNLLDNEIYTIEEGFNISDKNMEKEYRGQNKAINKQAYEEISKEHLAIYKIQMCKS-VKAPGICIDVDNEDLFFIADKNSFSDDLSKNERIAYNTQNNYIENDFSINELILDTDLISKIELPSENTESLTDFNVYVPEYKKQLAIKKIFTDE--NT----IFQYLYSQT-----FPLDIRDISLTSSFDDALLFSNKVYSFFSMDYIKTANKVVEAGLFAGWVKQIVDDFVIEANKSSTMDKIADISLIVPYIGLALNVGNETAKGNFENAFEIAGASILLEFIPELLIPVVGAF-----LLESYIDNKNKIIETINSALTKRDEKWIDMYGLIVAQWLSTVNTQFYTIKEGMYKALNYQAQALEEIIKYK
PROKKA_00006	tr|B1INP6|B1INP6_CLOBK Botulinum neurotoxin type B1, nontoxic-nonhemagglutinin component, NTNH OS=Clostridium botulinum (strain Okra / Type B1) GN=ntnH PE=4 SV=1 !!!ntnH	821	1197	693	145	20.92	447	101	2	661	ERKKGIFA-NLIIFGPGPVLNENETIAIGIQNHFASREGFGGIMQMKFCPEYVSVFNNVQENKGASIFNRRGYFSDPALILMHELIHVLHGLYGIIVNDLPIVPNEKKFFMQSTDAIQAE--ELYTFGGQDPSIISPSTDKSIY-DKVLQNFRGIV-DRLNKVLVCISDPNININIYKNKFKDKFVEDSEGKYSIDVESFDKLYKSLMFGFTETNIAENYKIKTRASYFSDSLPPVKIKNLLDNEIYTIEEGFNISDKNMEKEYRGQNKAINKQAYEEISKEHLAIYKIQMCKS-VKAPGICIDVDNEDLFFIADKNSFSDDLSKNERIAYNTQNNYIENDFSINELILDTDLISKIELPSENTESLTDFNVYVPEYKKQLAIKKIFTDE--NT----IFQYLYSQT-----FPLDIRDISLTSSFDDALLFSNKVYSFFSMDYIKTANKVVEAGLFAGWVKQIVDDFVIEANKSSTMDKIADISLIVPYIGLALNVGNETAKGNFENAFEIAGASILLEFIPELLIPVVGAFLLESYIDNKNKIIETINSALTKRDEKWIDMYGL-----------IVAQWLSTVNTQFYTIKEGMYKALNYQAQALEEIIKYKYNIYSEKERSNINIDFNDVNSK-----LNEGINQAIDNINNFINECSVSYLMKKMIPLAVEKLLDFDNTLRKNLLNYI
PROKKA_00006	tr|B1L2G4|B1L2G4_CLOBM Botulinum neurotoxin type A3, nontoxic-nonhemagglutinin component, NTNH OS=Clostridium botulinum (strain Loch Maree / Type A3) GN=ntnH PE=4 SV=1 !!!ntnH	821	1159	273	54	19.78	194	25	387	640	TIFQYLYSQTFPLDIRDISLTSSFDDALLFSNK--VYSFFS-----MDYIKTANKVVEAGLFAGWVKQIVDDFVIEANKSSTMDKIADISLIVPYIGLALNVGNETAKGNFENAFEIAGASILLEFIPELLIPVVG------AFLLESYIDNKNKIIETINSALTKRDEKWIDMYGLIVAQWLSTVNTQFYTIKEGMYKALNYQAQALEEIIKYKYNIY------SEKERSNINIDFNDVNSKLNEGINQAIDNINNFINECSVSYLMKKMIP
PROKKA_00006	tr|C1FUH8|C1FUH8_CLOBJ Botulinum neurotoxin type A2, nontoxic-nonhemagglutinin component, NTNH OS=Clostridium botulinum (strain Kyoto / Type A2) GN=ntnH PE=4 SV=1 !!!ntnH	821	1159	209	45	21.53	145	19	393	588	YSQTFPLDIRDISLTSSFDDALLFSNK--VYSFFS-----MDYIKTANKVVEAGLFAGWVKQIVDDFVIEANKSSTMDKIADISLIVPYIGLALNVGNETAKGNFENAFEIAGASILLEFIPELLIP------VVGAFLLESYIDNKNKIIETINSALTKRDEKWIDMYGLIVAQWLSTVNTQFYTIKEGMYKALNYQAQALEEIIKYK
PROKKA_00006	tr|C5VU80|C5VU80_CLOBO Botulinum neurotoxin type D, nontoxic-nonhemagglutinin component, NTNH OS=Clostridium botulinum D str. 1873 GN=ntnH PE=4 SV=1 !!!ntnH	821	1196	96	28	29.17	51	17	9	104	ANLIIFGPGPVLNENETIAIGIQNHFASREGFGGIMQMKFCPEYVSVFNNVQENKGASIFNRRGYFSDPALILMHELIHVLHGLYGIIVNDLPIVP
PROKKA_00006	tr|B1BE43|B1BE43_CLOBO Botulinum neurotoxin type C, nontoxic-nonhemagglutinin component NTNH OS=Clostridium botulinum C str. Eklund GN=CBC_A0166 PE=4 SV=1 !!!ntnH	821	1196	96	27	28.12	52	17	9	104	ANLIIFGPGPVLNENETIAIGIQNHFASREGFGGIMQMKFCPEYVSVFNNVQENKGASIFNRRGYFSDPALILMHELIHVLHGLYGIIVNDLPIVP
PROKKA_00006	tr|A7GBG2|A7GBG2_CLOBL Botulinum neurotoxin type F, nontoxic-nonhemagglutinin component, NTNH OS=Clostridium botulinum (strain Langeland / NCTC 10281 / Type F) GN=ntnH PE=4 SV=1 !!!ntnH	821	1163	209	42	20.10	148	19	393	588	YSQTFPLDIRDISLTSSFDDALLFSNK--VYSFFS-----MDYIKTANKVVEAGLFAGWVKQIVDDFVIEANKSSTMDKIADISLIVPYIGLALNVGNETAKGNFENAFEIAGASILLEFIPELLIP------VVGAFLLESYIDNKNKIIETINSALTKRDEKWIDMYGLIVAQWLSTVNTQFYTIKEGMYKALNYQAQALEEIIKYK
PROKKA_00006	tr|C5UY13|C5UY13_CLOBO P-47 protein OS=Clostridium botulinum E1 str. 'BoNT E Beluga' GN=p47 PE=4 SV=1 !!!P-47	821	416	90	27	30.00	43	20	653	738	LRKNLLNYIDENKLYLIGSAEYEKSKVDKYLKTSIPFD----LSMYTNNTILIEIFNKYNSDILNNIILNLRYRDNKLIDLSGYGAKVEV
PROKKA_00006	tr|B1BE46|B1BE46_CLOBO Non-toxin haemagglutinin HA-70 OS=Clostridium botulinum C str. Eklund GN=CBC_A0169 PE=4 SV=1 !!!ha70	821	623	50	13	26.00	31	6	180	229	KFVEDSEGKYSIDVESFDKLYKSLMFGFTETNIAENYKIKTRASYFSDSL
PROKKA_00006	tr|A0A059PYB0|A0A059PYB0_9CLOT Toxin complex component ORF-X2 OS=Clostridium baratii PE=4 SV=1 !!!ORF-X2	821	748	26	9	34.62	17	0	727	752	IDLSGYGAKVEVYDGVKLNDKNQFKL
PROKKA_00007	tr|A0A060N6G5|A0A060N6G5_CLOBO Nontoxic-nonhemagglutinin component, NTNH OS=Clostridium botulinum B str. Osaka05 GN=CBO05P2_175 PE=4 SV=1 !!!ntnH	128	1197	116	41	35.34	60	15	6	118	NNFNYNDPIDNNNIIMMEPPFARGMGRYYKAFKITDRIWIILERYTFGYK---PEDFNKSSGIFNRDVWEYYDPDYLNTNDKKNIFLQTMIKLFNRIKSKPLGEKLLEMIINGIPY
PROKKA_00007	tr|A0A060N6G5|A0A060N6G5_CLOBO Nontoxic-nonhemagglutinin component, NTNH OS=Clostridium botulinum B str. Osaka05 GN=CBO05P2_175 PE=4 SV=1 !!!ntnH	128	1197	47	10	21.28	33	4	51	93	TFGYKPEDFNKSSGIFNRDV----WEYYDPDYLNTNDKKNIFLQTMI
PROKKA_00007	tr|B1INP6|B1INP6_CLOBK Botulinum neurotoxin type B1, nontoxic-nonhemagglutinin component, NTNH OS=Clostridium botulinum (strain Okra / Type B1) GN=ntnH PE=4 SV=1 !!!ntnH	128	1197	116	41	35.34	60	15	6	118	NNFNYNDPIDNNNIIMMEPPFARGMGRYYKAFKITDRIWIILERYTFGYK---PEDFNKSSGIFNRDVWEYYDPDYLNTNDKKNIFLQTMIKLFNRIKSKPLGEKLLEMIINGIPY
PROKKA_00007	tr|B1INP6|B1INP6_CLOBK Botulinum neurotoxin type B1, nontoxic-nonhemagglutinin component, NTNH OS=Clostridium botulinum (strain Okra / Type B1) GN=ntnH PE=4 SV=1 !!!ntnH	128	1197	47	10	21.28	33	4	51	93	TFGYKPEDFNKSSGIFNRDV----WEYYDPDYLNTNDKKNIFLQTMI
PROKKA_00007	tr|A5HZZ8|A5HZZ8_CLOBH Type A progenitor toxin nontoxic-nonha OS=Clostridium botulinum (strain Hall / ATCC 3502 / NCTC 13319 / Type A) GN=ntnH PE=4 SV=1 !!!ntnH	128	1193	116	41	35.34	60	15	6	118	NNFNYNDPIDNNNIIMMEPPFARGMGRYYKAFKITDRIWIILERYTFGYK---PEDFNKSSGIFNRDVWEYYDPDYLNTNDKKNIFLQTMIKLFNRIKSKPLGEKLLEMIINGIPY
PROKKA_00007	tr|A5HZZ8|A5HZZ8_CLOBH Type A progenitor toxin nontoxic-nonha OS=Clostridium botulinum (strain Hall / ATCC 3502 / NCTC 13319 / Type A) GN=ntnH PE=4 SV=1 !!!ntnH	128	1193	47	10	21.28	33	4	51	93	TFGYKPEDFNKSSGIFNRDV----WEYYDPDYLNTNDKKNIFLQTMI
PROKKA_00007	tr|B2TSC3|B2TSC3_CLOBB Botulinum neurotoxin type B OS=Clostridium botulinum (strain Eklund 17B / Type B) GN=ntnH PE=4 SV=1 !!!ntnH	128	1197	116	41	35.34	60	15	6	118	NNFNYNDPIDNNNIIMMEPPFARGMGRYYKAFKITDRIWIILERYTFGYK---PEDFNKSSGIFNRDVWEYYDPDYLNTNDKKNIFLQTMIKLFNRIKSKPLGEKLLEMIINGIPY
PROKKA_00007	tr|B2TSC3|B2TSC3_CLOBB Botulinum neurotoxin type B OS=Clostridium botulinum (strain Eklund 17B / Type B) GN=ntnH PE=4 SV=1 !!!ntnH	128	1197	47	11	23.40	32	4	51	93	TFGYKPEDFNKSSGIFNRDV----WEYYDPDYLNTNDKKNIFLQTMI
PROKKA_00007	tr|C4IHM0|C4IHM0_CLOBU Botulinum neurotoxin type E, nontoxic-nonhemagglutinin component, NTNH OS=Clostridium butyricum E4 str. BoNT E BL5262 GN=ntnH PE=4 SV=1 !!!ntnH	128	1163	115	42	36.52	58	15	7	118	NFNYNDPIDNNNIIMMEPPFARGMGRYYKAFKITDRIWIILERYTFGYK---PEDFNKSSGIFNRDVWEYYDPDYLNTNDKKNIFLQTMIKLFNRIKSKPLGEKLLEMIINGIPY
PROKKA_00007	tr|A0A0X1KH90|A0A0X1KH90_CLOBA Botulinum neurotoxin type E, nontoxic-nonhemagglutinin component, NTNH OS=Clostridium botulinum (strain Alaska E43 / Type E3) PE=1 SV=1 !!!ntnH	128	1163	115	42	36.52	58	15	7	118	NFNYNDPIDNNNIIMMEPPFARGMGRYYKAFKITDRIWIILERYTFGYK---PEDFNKSSGIFNRDVWEYYDPDYLNTNDKKNIFLQTMIKLFNRIKSKPLGEKLLEMIINGIPY
PROKKA_00007	tr|C5UY14|C5UY14_CLOBO Botulinum neurotoxin type E1, nontoxic-nonhemagglutinin component, NTNH OS=Clostridium botulinum E1 str. 'BoNT E Beluga' GN=ntnH PE=4 SV=1 !!!ntnH	128	1163	115	42	36.52	58	15	7	118	NFNYNDPIDNNNIIMMEPPFARGMGRYYKAFKITDRIWIILERYTFGYK---PEDFNKSSGIFNRDVWEYYDPDYLNTNDKKNIFLQTMIKLFNRIKSKPLGEKLLEMIINGIPY
PROKKA_00007	tr|C1FUH8|C1FUH8_CLOBJ Botulinum neurotoxin type A2, nontoxic-nonhemagglutinin component, NTNH OS=Clostridium botulinum (strain Kyoto / Type A2) GN=ntnH PE=4 SV=1 !!!ntnH	128	1159	116	41	35.34	60	15	6	118	NNFNYNDPIDNNNIIMMEPPFARGMGRYYKAFKITDRIWIILERYTFGYK---PEDFNKSSGIFNRDVWEYYDPDYLNTNDKKNIFLQTMIKLFNRIKSKPLGEKLLEMIINGIPY
PROKKA_00007	tr|C1FUH8|C1FUH8_CLOBJ Botulinum neurotoxin type A2, nontoxic-nonhemagglutinin component, NTNH OS=Clostridium botulinum (strain Kyoto / Type A2) GN=ntnH PE=4 SV=1 !!!ntnH	128	1159	26	7	26.92	19	0	52	77	FGYKPEDFNKSSGIFNRDVWEYYDPD
PROKKA_00007	tr|B1L2G4|B1L2G4_CLOBM Botulinum neurotoxin type A3, nontoxic-nonhemagglutinin component, NTNH OS=Clostridium botulinum (strain Loch Maree / Type A3) GN=ntnH PE=4 SV=1 !!!ntnH	128	1159	116	39	33.62	62	15	6	118	NNFNYNDPIDNNNIIMMEPPFARGMGRYYKAFKITDRIWIILERYTFGYK---PEDFNKSSGIFNRDVWEYYDPDYLNTNDKKNIFLQTMIKLFNRIKSKPLGEKLLEMIINGIPY
PROKKA_00007	tr|B1L2G4|B1L2G4_CLOBM Botulinum neurotoxin type A3, nontoxic-nonhemagglutinin component, NTNH OS=Clostridium botulinum (strain Loch Maree / Type A3) GN=ntnH PE=4 SV=1 !!!ntnH	128	1159	26	7	26.92	19	0	52	77	FGYKPEDFNKSSGIFNRDVWEYYDPD
PROKKA_00007	tr|A7GBG2|A7GBG2_CLOBL Botulinum neurotoxin type F, nontoxic-nonhemagglutinin component, NTNH OS=Clostridium botulinum (strain Langeland / NCTC 10281 / Type F) GN=ntnH PE=4 SV=1 !!!ntnH	128	1163	116	40	34.48	61	15	6	118	NNFNYNDPIDNNNIIMMEPPFARGMGRYYKAFKITDRIWIILERYTFGYK---PEDFNKSSGIFNRDVWEYYDPDYLNTNDKKNIFLQTMIKLFNRIKSKPLGEKLLEMIINGIPY
PROKKA_00007	tr|A7GBG2|A7GBG2_CLOBL Botulinum neurotoxin type F, nontoxic-nonhemagglutinin component, NTNH OS=Clostridium botulinum (strain Langeland / NCTC 10281 / Type F) GN=ntnH PE=4 SV=1 !!!ntnH	128	1163	29	9	31.03	20	0	60	88	NKSSGIFNRDVWEYYDPDYLNTNDKKNIF
PROKKA_00007	tr|A7GBG2|A7GBG2_CLOBL Botulinum neurotoxin type F, nontoxic-nonhemagglutinin component, NTNH OS=Clostridium botulinum (strain Langeland / NCTC 10281 / Type F) GN=ntnH PE=4 SV=1 !!!ntnH	128	1163	26	7	26.92	19	0	52	77	FGYKPEDFNKSSGIFNRDVWEYYDPD
PROKKA_00007	tr|B1BE43|B1BE43_CLOBO Botulinum neurotoxin type C, nontoxic-nonhemagglutinin component NTNH OS=Clostridium botulinum C str. Eklund GN=CBC_A0166 PE=4 SV=1 !!!ntnH	128	1196	116	37	31.90	64	15	6	118	NNFNYNDPIDNNNIIMMEPPFARGMGRYYKAFKITDRIWIILERYTFGYK---PEDFNKSSGIFNRDVWEYYDPDYLNTNDKKNIFLQTMIKLFNRIKSKPLGEKLLEMIINGIPY
PROKKA_00007	tr|C5VU80|C5VU80_CLOBO Botulinum neurotoxin type D, nontoxic-nonhemagglutinin component, NTNH OS=Clostridium botulinum D str. 1873 GN=ntnH PE=4 SV=1 !!!ntnH	128	1196	116	37	31.90	64	15	6	118	NNFNYNDPIDNNNIIMMEPPFARGMGRYYKAFKITDRIWIILERYTFGYK---PEDFNKSSGIFNRDVWEYYDPDYLNTNDKKNIFLQTMIKLFNRIKSKPLGEKLLEMIINGIPY
PROKKA_00007	tr|A0A0A7FV57|A0A0A7FV57_9CLOT Clostridium P-47 family protein OS=Clostridium baratii str. Sullivan GN=U729_696 PE=4 SV=1 !!!P-47	128	491	76	18	23.68	52	6	5	80	INNFNYNDPIDNNNIIMMEPPFARGMGRYYKAFKITDRIWIILERYTFGYKPEDFNKSSGIFNRDVWEYYDPDYLN
PROKKA_00007	tr|A0A059PY44|A0A059PY44_9CLOT Toxin complex component ORF-X3 OS=Clostridium baratii PE=4 SV=1 !!!ORF-X3	128	491	76	18	23.68	52	6	5	80	INNFNYNDPIDNNNIIMMEPPFARGMGRYYKAFKITDRIWIILERYTFGYKPEDFNKSSGIFNRDVWEYYDPDYLN
PROKKA_00007	tr|B1L2F9|B1L2F9_CLOBM Toxin complex component ORF-X3 OS=Clostridium botulinum (strain Loch Maree / Type A3) GN=CLK_A0070 PE=4 SV=1 !!!ORF-X3	128	490	37	10	27.03	27	0	44	80	WIILERYTFGYKPEDFNKSSGIFNRDVWEYYDPDYLN
PROKKA_00007	tr|A7GBF7|A7GBF7_CLOBL Toxin complex component ORF-X3 OS=Clostridium botulinum (strain Langeland / NCTC 10281 / Type F) GN=CLI_0845 PE=4 SV=1 !!!ORF-X3	128	490	37	10	27.03	27	0	44	80	WIILERYTFGYKPEDFNKSSGIFNRDVWEYYDPDYLN
PROKKA_00007	tr|C1FUH3|C1FUH3_CLOBJ Toxin complex component ORF-X3 OS=Clostridium botulinum (strain Kyoto / Type A2) GN=CLM_0891 PE=4 SV=1 !!!ORF-X3	128	490	37	10	27.03	27	0	44	80	WIILERYTFGYKPEDFNKSSGIFNRDVWEYYDPDYLN
PROKKA_00007	tr|A0A0C1TY77|A0A0C1TY77_9CLOT Main hemagglutinin component OS=Clostridium argentinense CDC 2741 GN=ha-33 PE=4 SV=1 !!!ha33	128	285	42	12	28.57	24	6	17	52	NNIIMMEPPFARGMGRYYKAFKITDRIWII------LERYTF
PROKKA_00007	tr|C5UY10|C5UY10_CLOBO Toxin complex component ORF-X3 OS=Clostridium botulinum E1 str. 'BoNT E Beluga' GN=CLO_2647 PE=4 SV=1 !!!ORF-X3	128	487	16	5	31.25	11	0	65	80	IFNRDVWEYYDPDYLN
PROKKA_00008	tr|A5HZZ8|A5HZZ8_CLOBH Type A progenitor toxin nontoxic-nonha OS=Clostridium botulinum (strain Hall / ATCC 3502 / NCTC 13319 / Type A) GN=ntnH PE=4 SV=1 !!!ntnH	1211	1193	1196	1077	90.05	116	3	13	1208	MNINDNLSINSPVDNKNVVVVRARKTDTVFKAFKVAPNIWVAPERYYGESLSIDEEYKVDGGIYDSNFLSQDSEKDKFLQAIITLLKRINSTNAGEKLLSLISTAIPFPYGYIGGGYYAPNMITFGSAPKSNKKLNSLISSTIPFPYAGYRETNYLSSEDNKSFYASNIVIFGPGANIVENNTVFYKKEDAENGMGTMTEIWFQPFLTYKYDEFYIDPAIELIKCLIKSLYFLYGIKPSDDLVIPYRLRSELENIEYSQLNIVDLLVSGGIDPKFINTDPYWFIDNYFSNAKKVFEDHRNIYETEIEGNNAIGNDIKLRLKQKFRININDIWELNLNYFSKEFSIMMPDRFNNALKHFYRKQYYKIDYPENYSINGFVNGQINAQLSLSDRNQDIINKPEEIINLLNGNNVSLMRSNIYGDGLKSTVDDFYSNYKIPYNRAYEYHFNNSNDSSLDNVNIGVIDNIPEIIDVNPYKENCDKFSPVQKITSTREINTNIPWPINYLQAQNTNNEKFSLSSDFVEVVSSKDKSLVYSFLSNVMFYLDSIKDNSPIDTDKKYYLWLREIFRNYSFDITATQEINTDCGINKVVTWFGKALNILNTSDSFVEEFQNLGPISLINKKENLSMPKIEIDEIPNSMLNLSFKDLSENLFNIFSKNNSYFEKIYYDFLDQWWTQYYSQYFDLICMAKRSVLAQESLIKKIIQKKLSYLIGNSNISSDNLALMNLTTTNTLRDISNESQIAMNNVNNFLNNVAICVFQTNIYPKFISFMEQCINNINKNTREFIQKCTNITENEKLQLINQNIFSSLDFDFLNIENLKSLFNSETGLLIKEETSPYELVLYAFQEPGNNAIGDASGKNTSIEYSKDIGLVYGINSDALYLNGSNQSISFSNDFFENGLTNSFSIYFWLRNLGKDTIKSKLIGSKEDNCGWEIYFQDTGLVFNMIDSNGNEKNIYLSDVSNNSWHYITISVDRLKEQLLIFIDDNLVANESIKEILNIYSSNTISLVNENNPIYVEGLSILNRSITSEEVVNNYFTYLNNSYIRDISGERLEYNKTYELYNYVFPESSLYEVTENNNIYLSIKNTNNLNIQGAKFKLINIDANKQYVQKWDEGVVCLLGDEEKYVDISSENNRIQLVSSKDTAKRIIFNNDIFRPNCLTFAYNNKYLSLSLRDRNYNWIICNNNDNIPKAAHLWALK
PROKKA_00008	tr|B1INP6|B1INP6_CLOBK Botulinum neurotoxin type B1, nontoxic-nonhemagglutinin component, NTNH OS=Clostridium botulinum (strain Okra / Type B1) GN=ntnH PE=4 SV=1 !!!ntnH	1211	1197	1198	1056	88.15	141	1	13	1210	MNINDNLSINSPVDNKNVVVVRARKTDTVFKAFKVAPNIWVAPERYYGESLSIDEEYKVDGGIYDSNFLSQDSEKDKFLQAIITLLKRINSTNAGEKLLSLISTAIPFPYGYIGGGYYAPNMITFGSAPKSNKKLNSLISSTIPFPYAGYRETNYLSSEDNKSFYASNIVIFGPGANIVENNTVFYKKEDAENGMGTMTEIWFQPFLTYKYDEFYIDPAIELIKCLIKSLYFLYGIKPSDDLVIPYRLRSELENIEYSQLNIVDLLVSGGIDPKFINTDPYWFIDNYFSNAKKVFEDHRNIYETEIEGNNAIGNDIKLRLKQKFRININDIWELNLNYFSKEFSIMMPDRFNNALKHFYRKQYYKIDYPENYSINGFVNGQINAQLSLSDRNQDIINKPEEIINLLNGNNVSLMRSNIYGDGLKSTVDDFYSNYKIPYNRAYEYHFNNSNDSSLDNVNIGVIDNIPEIIDVNPYKENCDKFSPVQKITSTREINTNIPWPINYLQAQNTNNEKFSLSSDFVEVVSSKDKSLVYSFLSNVMFYLDSIKDNSPIDTDKKYYLWLREIFRNYSFDITATQEINTDCGINKVVTWFGKALNILNTSDSFVEEFQNLGPISLINKKENLSMPKIEIDEIPNSMLNLSFKDLSENLFNIFSKNNSYFEKIYYDFLDQWWTQYYSQYFDLICMAKRSVLAQESLIKKIIQKKLSYLIGNSNISSDNLALMNLTTTNTLRDISNESQIAMNNVNNFLNNVAICVFQTNIYPKFISFMEQCINNINKNTREFIQKCTNITENEKLQLINQNIFSSLDFDFLNIENLKSLFNSETGLLIKEETSPYELVLYAFQEPGNNAIGDASGKNTSIEYSKDIGLVYGINSDALYLNGSNQSISFSNDFFENGLTNSFSIYFWLRNLGKDTIKSKLIGSKEDNCGWEIYFQDTGLVFNMIDSNGNEKNIYLSDVSNNSWHYITISVDRLKEQLLIFIDDNLVANESIKEILNIYSSNTISLVNENNPIYVEGLSILNRSITSEEVVNNYFTYLNNSYIRDISGERLEYNKTYELYNYVFPESSLYEVTENNNIYLSIKNTNNLNIQGAKFKLINIDANKQYVQKWDEGVVCLLGDEEKYVDISSENNRIQLVSSKDTAKRIIFNNDIFRPNCLTFAYNNKYLSLSLRDRNYNWIICNNNDNIPKAAHLWALKGI
PROKKA_00008	tr|B2TSC3|B2TSC3_CLOBB Botulinum neurotoxin type B OS=Clostridium botulinum (strain Eklund 17B / Type B) GN=ntnH PE=4 SV=1 !!!ntnH	1211	1197	1198	1037	86.56	160	1	13	1210	MNINDNLSINSPVDNKNVVVVRARKTDTVFKAFKVAPNIWVAPERYYGESLSIDEEYKVDGGIYDSNFLSQDSEKDKFLQAIITLLKRINSTNAGEKLLSLISTAIPFPYGYIGGGYYAPNMITFGSAPKSNKKLNSLISSTIPFPYAGYRETNYLSSEDNKSFYASNIVIFGPGANIVENNTVFYKKEDAENGMGTMTEIWFQPFLTYKYDEFYIDPAIELIKCLIKSLYFLYGIKPSDDLVIPYRLRSELENIEYSQLNIVDLLVSGGIDPKFINTDPYWFIDNYFSNAKKVFEDHRNIYETEIEGNNAIGNDIKLRLKQKFRININDIWELNLNYFSKEFSIMMPDRFNNALKHFYRKQYYKIDYPENYSINGFVNGQINAQLSLSDRNQDIINKPEEIINLLNGNNVSLMRSNIYGDGLKSTVDDFYSNYKIPYNRAYEYHFNNSNDSSLDNVNIGVIDNIPEIIDVNPYKENCDKFSPVQKITSTREINTNIPWPINYLQAQNTNNEKFSLSSDFVEVVSSKDKSLVYSFLSNVMFYLDSIKDNSPIDTDKKYYLWLREIFRNYSFDITATQEINTDCGINKVVTWFGKALNILNTSDSFVEEFQNLGPISLINKKENLSMPKIEIDEIPNSMLNLSFKDLSENLFNIFSKNNSYFEKIYYDFLDQWWTQYYSQYFDLICMAKRSVLAQESLIKKIIQKKLSYLIGNSNISSDNLALMNLTTTNTLRDISNESQIAMNNVNNFLNNVAICVFQTNIYPKFISFMEQCINNINKNTREFIQKCTNITENEKLQLINQNIFSSLDFDFLNIENLKSLFNSETGLLIKEETSPYELVLYAFQEPGNNAIGDASGKNTSIEYSKDIGLVYGINSDALYLNGSNQSISFSNDFFENGLTNSFSIYFWLRNLGKDTIKSKLIGSKEDNCGWEIYFQDTGLVFNMIDSNGNEKNIYLSDVSNNSWHYITISVDRLKEQLLIFIDDNLVANESIKEILNIYSSNTISLVNENNPIYVEGLSILNRSITSEEVVNNYFTYLNNSYIRDISGERLEYNKTYELYNYVFPESSLYEVTENNNIYLSIKNTNNLNIQGAKFKLINIDANKQYVQKWDEGVVCLLGDEEKYVDISSENNRIQLVSSKDTAKRIIFNNDIFRPNCLTFAYNNKYLSLSLRDRNYNWIICNNNDNIPKAAHLWALKGI
PROKKA_00008	tr|A0A060N6G5|A0A060N6G5_CLOBO Nontoxic-nonhemagglutinin component, NTNH OS=Clostridium botulinum B str. Osaka05 GN=CBO05P2_175 PE=4 SV=1 !!!ntnH	1211	1197	1198	1035	86.39	162	1	13	1210	MNINDNLSINSPVDNKNVVVVRARKTDTVFKAFKVAPNIWVAPERYYGESLSIDEEYKVDGGIYDSNFLSQDSEKDKFLQAIITLLKRINSTNAGEKLLSLISTAIPFPYGYIGGGYYAPNMITFGSAPKSNKKLNSLISSTIPFPYAGYRETNYLSSEDNKSFYASNIVIFGPGANIVENNTVFYKKEDAENGMGTMTEIWFQPFLTYKYDEFYIDPAIELIKCLIKSLYFLYGIKPSDDLVIPYRLRSELENIEYSQLNIVDLLVSGGIDPKFINTDPYWFIDNYFSNAKKVFEDHRNIYETEIEGNNAIGNDIKLRLKQKFRININDIWELNLNYFSKEFSIMMPDRFNNALKHFYRKQYYKIDYPENYSINGFVNGQINAQLSLSDRNQDIINKPEEIINLLNGNNVSLMRSNIYGDGLKSTVDDFYSNYKIPYNRAYEYHFNNSNDSSLDNVNIGVIDNIPEIIDVNPYKENCDKFSPVQKITSTREINTNIPWPINYLQAQNTNNEKFSLSSDFVEVVSSKDKSLVYSFLSNVMFYLDSIKDNSPIDTDKKYYLWLREIFRNYSFDITATQEINTDCGINKVVTWFGKALNILNTSDSFVEEFQNLGPISLINKKENLSMPKIEIDEIPNSMLNLSFKDLSENLFNIFSKNNSYFEKIYYDFLDQWWTQYYSQYFDLICMAKRSVLAQESLIKKIIQKKLSYLIGNSNISSDNLALMNLTTTNTLRDISNESQIAMNNVNNFLNNVAICVFQTNIYPKFISFMEQCINNINKNTREFIQKCTNITENEKLQLINQNIFSSLDFDFLNIENLKSLFNSETGLLIKEETSPYELVLYAFQEPGNNAIGDASGKNTSIEYSKDIGLVYGINSDALYLNGSNQSISFSNDFFENGLTNSFSIYFWLRNLGKDTIKSKLIGSKEDNCGWEIYFQDTGLVFNMIDSNGNEKNIYLSDVSNNSWHYITISVDRLKEQLLIFIDDNLVANESIKEILNIYSSNTISLVNENNPIYVEGLSILNRSITSEEVVNNYFTYLNNSYIRDISGERLEYNKTYELYNYVFPESSLYEVTENNNIYLSIKNTNNLNIQGAKFKLINIDANKQYVQKWDEGVVCLLGDEEKYVDISSENNRIQLVSSKDTAKRIIFNNDIFRPNCLTFAYNNKYLSLSLRDRNYNWIICNNNDNIPKAAHLWALKGI
PROKKA_00008	tr|B1L2G4|B1L2G4_CLOBM Botulinum neurotoxin type A3, nontoxic-nonhemagglutinin component, NTNH OS=Clostridium botulinum (strain Loch Maree / Type A3) GN=ntnH PE=4 SV=1 !!!ntnH	1211	1159	1202	864	71.88	289	49	13	1208	MNINDNLSINSPVDNKNVVVVRARKTDTVFKAFKVAPNIWVAPERYYGESLSIDEEYKVDGGIYDSNFLSQDSEKDKFLQAIITLLKRINSTNAGEKLLSLISTAIPFPYGYIGGGYYAPNMITFGSAPKSNKKLNSLISSTIPFPY----AGYRETNYLSSEDNKSFYASNIVIFGPGANIVENNTVFYKKEDAENGMGTMTEIWFQPFLTYKYDEFYIDPAIELIKCLIKSLYFLYGIKPSDDLVIPYRLRSELENIEYSQLNIVDLLVSGGIDPKFINTDPYWFIDNYFSNAKKVFEDHRNIYETEIEGNNAIGNDIKLRLKQKFRININDIWELNLNYFSKEFSIMMPDRFNNALKHFYRKQYYKIDYPENYSINGFVNGQINAQLSLSDRNQDIINKPEEIINLLNGNNVSLMRSNIYGDGLKSTVDDFYSNYKIPYNRAYEYHFNNSNDSSLDNVNIGVIDNIPEI--IDVNPYKENCDKFSPVQKITSTREINTNIPWPINYLQAQNTNNEKFSLSSDFVEVVSSKDKSLVYSFLSNVMFYLDSIKDNSPIDTDKKYYLWLREIFRNYSFDITATQEINTDCGINKVVTWFGKALNILNTSDSFVEEFQNLGPISLINKKENLSMPKIEIDEIPNSMLNLSFKDLSENLFNIFSKNNSYFEKIYYDFLDQWWTQYYSQYFDLICMAKRSVLAQESLIKKIIQKKLSYLIGNSNISSDNLALMNLTTTNTLRDISNESQIAMNNVNNFLNNVAICVFQTNIYPKFISFMEQCINNINKNTREFIQKCTNITENEKLQLINQNIFSSLDFDFLNIENLKSLFNSETGLLIKEETSPYELVLYAFQEPGNNAIGDASGKNTSIEYSKDIGLVYGINSDALYLNGSNQSISFSNDFFENGLTNSFSIYFWLRNLGKDTIKSKLIGSKEDNCGWEIYFQDTGLVFNMIDSNGNEKNIYLSDVSNNSWHYITISVDRLKEQLLIFIDDNLVANESIKEILNIYSSNTISLVNENNPIYVEGLSILNRSITSEEVVNNYFTYLNNSYIRDISGERLEYNKTYELYNYVFPESSLYEVTENNNIYLSIKNTNNLNIQGAKFKLINIDANKQYVQKWDEGVVCLLGDEEKYVDISSENNRIQLVSSKDTAKRIIFNNDIFRPNCLTFAYNNKYLSLSLRDRNYNWIICNNNDNIPKAAHLWALK
PROKKA_00008	tr|C1FUH8|C1FUH8_CLOBJ Botulinum neurotoxin type A2, nontoxic-nonhemagglutinin component, NTNH OS=Clostridium botulinum (strain Kyoto / Type A2) GN=ntnH PE=4 SV=1 !!!ntnH	1211	1159	1202	869	72.30	284	49	13	1208	MNINDNLSINSPVDNKNVVVVRARKTDTVFKAFKVAPNIWVAPERYYGESLSIDEEYKVDGGIYDSNFLSQDSEKDKFLQAIITLLKRINSTNAGEKLLSLISTAIPFPYGYIGGGYYAPNMITFGSAPKSNKKLNSLISSTIPFPY----AGYRETNYLSSEDNKSFYASNIVIFGPGANIVENNTVFYKKEDAENGMGTMTEIWFQPFLTYKYDEFYIDPAIELIKCLIKSLYFLYGIKPSDDLVIPYRLRSELENIEYSQLNIVDLLVSGGIDPKFINTDPYWFIDNYFSNAKKVFEDHRNIYETEIEGNNAIGNDIKLRLKQKFRININDIWELNLNYFSKEFSIMMPDRFNNALKHFYRKQYYKIDYPENYSINGFVNGQINAQLSLSDRNQDIINKPEEIINLLNGNNVSLMRSNIYGDGLKSTVDDFYSNYKIPYNRAYEYHFNNSNDSSLDNVNIGVIDNIPEI--IDVNPYKENCDKFSPVQKITSTREINTNIPWPINYLQAQNTNNEKFSLSSDFVEVVSSKDKSLVYSFLSNVMFYLDSIKDNSPIDTDKKYYLWLREIFRNYSFDITATQEINTDCGINKVVTWFGKALNILNTSDSFVEEFQNLGPISLINKKENLSMPKIEIDEIPNSMLNLSFKDLSENLFNIFSKNNSYFEKIYYDFLDQWWTQYYSQYFDLICMAKRSVLAQESLIKKIIQKKLSYLIGNSNISSDNLALMNLTTTNTLRDISNESQIAMNNVNNFLNNVAICVFQTNIYPKFISFMEQCINNINKNTREFIQKCTNITENEKLQLINQNIFSSLDFDFLNIENLKSLFNSETGLLIKEETSPYELVLYAFQEPGNNAIGDASGKNTSIEYSKDIGLVYGINSDALYLNGSNQSISFSNDFFENGLTNSFSIYFWLRNLGKDTIKSKLIGSKEDNCGWEIYFQDTGLVFNMIDSNGNEKNIYLSDVSNNSWHYITISVDRLKEQLLIFIDDNLVANESIKEILNIYSSNTISLVNENNPIYVEGLSILNRSITSEEVVNNYFTYLNNSYIRDISGERLEYNKTYELYNYVFPESSLYEVTENNNIYLSIKNTNNLNIQGAKFKLINIDANKQYVQKWDEGVVCLLGDEEKYVDISSENNRIQLVSSKDTAKRIIFNNDIFRPNCLTFAYNNKYLSLSLRDRNYNWIICNNNDNIPKAAHLWALK
PROKKA_00008	tr|A7GBG2|A7GBG2_CLOBL Botulinum neurotoxin type F, nontoxic-nonhemagglutinin component, NTNH OS=Clostridium botulinum (strain Langeland / NCTC 10281 / Type F) GN=ntnH PE=4 SV=1 !!!ntnH	1211	1163	1204	867	72.01	290	47	13	1210	MNINDNLSINSPVDNKNVVVVRARKTDTVFKAFKVAPNIWVAPERYYGESLSIDEEYKVDGGIYDSNFLSQDSEKDKFLQAIITLLKRINSTNAGEKLLSLISTAIPFPYGYIGGGYYAPNMITFGSAPKSNKKLNSLISSTIPFPY----AGYRETNYLSSEDNKSFYASNIVIFGPGANIVENNTVFYKKEDAENGMGTMTEIWFQPFLTYKYDEFYIDPAIELIKCLIKSLYFLYGIKPSDDLVIPYRLRSELENIEYSQLNIVDLLVSGGIDPKFINTDPYWFIDNYFSNAKKVFEDHRNIYETEIEGNNAIGNDIKLRLKQKFRININDIWELNLNYFSKEFSIMMPDRFNNALKHFYRKQYYKIDYPENYSINGFVNGQINAQLSLSDRNQDIINKPEEIINLLNGNNVSLMRSNIYGDGLKSTVDDFYSNYKIPYNRAYEYHFNNSNDSSLDNVNIGVIDNIPEI--IDVNPYKENCDKFSPVQKITSTREINTNIPWPINYLQAQNTNNEKFSLSSDFVEVVSSKDKSLVYSFLSNVMFYLDSIKDNSPIDTDKKYYLWLREIFRNYSFDITATQEINTDCGINKVVTWFGKALNILNTSDSFVEEFQNLGPISLINKKENLSMPKIEIDEIPNSMLNLSFKDLSENLFNIFSKNNSYFEKIYYDFLDQWWTQYYSQYFDLICMAKRSVLAQESLIKKIIQKKLSYLIGNSNISSDNLALMNLTTTNTLRDISNESQIAMNNVNNFLNNVAICVFQTNIYPKFISFMEQCINNINKNTREFIQKCTNITENEKLQLINQNIFSSLDFDFLNIENLKSLFNSETGLLIKEETSPYELVLYAFQEPGNNAIGDASGKNTSIEYSKDIGLVYGINSDALYLNGSNQSISFSNDFFENGLTNSFSIYFWLRNLGKDTIKSKLIGSKEDNCGWEIYFQDTGLVFNMIDSNGNEKNIYLSDVSNNSWHYITISVDRLKEQLLIFIDDNLVANESIKEILNIYSSNTISLVNENNPIYVEGLSILNRSITSEEVVNNYFTYLNNSYIRDISGERLEYNKTYELYNYVFPESSLYEVTENNNIYLSIKNTNNLNIQGAKFKLINIDANKQYVQKWDEGVVCLLGDEEKYVDISSENNRIQLVSSKDTAKRIIFNNDIFRPNCLTFAYNNKYLSLSLRDRNYNWIICNNNDNIPKAAHLWALKGI
PROKKA_00008	tr|B1BE43|B1BE43_CLOBO Botulinum neurotoxin type C, nontoxic-nonhemagglutinin component NTNH OS=Clostridium botulinum C str. Eklund GN=CBC_A0166 PE=4 SV=1 !!!ntnH	1211	1196	1197	812	67.84	384	1	13	1209	MNINDNLSINSPVDNKNVVVVRARKTDTVFKAFKVAPNIWVAPERYYGESLSIDEEYKVDGGIYDSNFLSQDSEKDKFLQAIITLLKRINSTNAGEKLLSLISTAIPFPYGYIGGGYYAPNMITFGSAPKSNKKLNSLISSTIPFPYAGYRETNYLSSEDNKSFYASNIVIFGPGANIVENNTVFYKKEDAENGMGTMTEIWFQPFLTYKYDEFYIDPAIELIKCLIKSLYFLYGIKPSDDLVIPYRLRSELENIEYSQLNIVDLLVSGGIDPKFINTDPYWFIDNYFSNAKKVFEDHRNIYETEIEGNNAIGNDIKLRLKQKFRININDIWELNLNYFSKEFSIMMPDRFNNALKHFYRKQYYKIDYPENYSINGFVNGQINAQLSLSDRNQDIINKPEEIINLLNGNNVSLMRSNIYGDGLKSTVDDFYSNYKIPYNRAYEYHFNNSNDSSLDNVNIGVIDNIPEIIDVNPYKENCDKFSPVQKITSTREINTNIPWPINYLQAQNTNNEKFSLSSDFVEVVSSKDKSLVYSFLSNVMFYLDSIKDNSPIDTDKKYYLWLREIFRNYSFDITATQEINTDCGINKVVTWFGKALNILNTSDSFVEEFQNLGPISLINKKENLSMPKIEIDEIPNSMLNLSFKDLSENLFNIFSKNNSYFEKIYYDFLDQWWTQYYSQYFDLICMAKRSVLAQESLIKKIIQKKLSYLIGNSNISSDNLALMNLTTTNTLRDISNESQIAMNNVNNFLNNVAICVFQTNIYPKFISFMEQCINNINKNTREFIQKCTNITENEKLQLINQNIFSSLDFDFLNIENLKSLFNSETGLLIKEETSPYELVLYAFQEPGNNAIGDASGKNTSIEYSKDIGLVYGINSDALYLNGSNQSISFSNDFFENGLTNSFSIYFWLRNLGKDTIKSKLIGSKEDNCGWEIYFQDTGLVFNMIDSNGNEKNIYLSDVSNNSWHYITISVDRLKEQLLIFIDDNLVANESIKEILNIYSSNTISLVNENNPIYVEGLSILNRSITSEEVVNNYFTYLNNSYIRDISGERLEYNKTYELYNYVFPESSLYEVTENNNIYLSIKNTNNLNIQGAKFKLINIDANKQYVQKWDEGVVCLLGDEEKYVDISSENNRIQLVSSKDTAKRIIFNNDIFRPNCLTFAYNNKYLSLSLRDRNYNWIICNNNDNIPKAAHLWALKG
PROKKA_00008	tr|C5VU80|C5VU80_CLOBO Botulinum neurotoxin type D, nontoxic-nonhemagglutinin component, NTNH OS=Clostridium botulinum D str. 1873 GN=ntnH PE=4 SV=1 !!!ntnH	1211	1196	1197	809	67.59	387	1	13	1209	MNINDNLSINSPVDNKNVVVVRARKTDTVFKAFKVAPNIWVAPERYYGESLSIDEEYKVDGGIYDSNFLSQDSEKDKFLQAIITLLKRINSTNAGEKLLSLISTAIPFPYGYIGGGYYAPNMITFGSAPKSNKKLNSLISSTIPFPYAGYRETNYLSSEDNKSFYASNIVIFGPGANIVENNTVFYKKEDAENGMGTMTEIWFQPFLTYKYDEFYIDPAIELIKCLIKSLYFLYGIKPSDDLVIPYRLRSELENIEYSQLNIVDLLVSGGIDPKFINTDPYWFIDNYFSNAKKVFEDHRNIYETEIEGNNAIGNDIKLRLKQKFRININDIWELNLNYFSKEFSIMMPDRFNNALKHFYRKQYYKIDYPENYSINGFVNGQINAQLSLSDRNQDIINKPEEIINLLNGNNVSLMRSNIYGDGLKSTVDDFYSNYKIPYNRAYEYHFNNSNDSSLDNVNIGVIDNIPEIIDVNPYKENCDKFSPVQKITSTREINTNIPWPINYLQAQNTNNEKFSLSSDFVEVVSSKDKSLVYSFLSNVMFYLDSIKDNSPIDTDKKYYLWLREIFRNYSFDITATQEINTDCGINKVVTWFGKALNILNTSDSFVEEFQNLGPISLINKKENLSMPKIEIDEIPNSMLNLSFKDLSENLFNIFSKNNSYFEKIYYDFLDQWWTQYYSQYFDLICMAKRSVLAQESLIKKIIQKKLSYLIGNSNISSDNLALMNLTTTNTLRDISNESQIAMNNVNNFLNNVAICVFQTNIYPKFISFMEQCINNINKNTREFIQKCTNITENEKLQLINQNIFSSLDFDFLNIENLKSLFNSETGLLIKEETSPYELVLYAFQEPGNNAIGDASGKNTSIEYSKDIGLVYGINSDALYLNGSNQSISFSNDFFENGLTNSFSIYFWLRNLGKDTIKSKLIGSKEDNCGWEIYFQDTGLVFNMIDSNGNEKNIYLSDVSNNSWHYITISVDRLKEQLLIFIDDNLVANESIKEILNIYSSNTISLVNENNPIYVEGLSILNRSITSEEVVNNYFTYLNNSYIRDISGERLEYNKTYELYNYVFPESSLYEVTENNNIYLSIKNTNNLNIQGAKFKLINIDANKQYVQKWDEGVVCLLGDEEKYVDISSENNRIQLVSSKDTAKRIIFNNDIFRPNCLTFAYNNKYLSLSLRDRNYNWIICNNNDNIPKAAHLWALKG
PROKKA_00008	tr|C5UY14|C5UY14_CLOBO Botulinum neurotoxin type E1, nontoxic-nonhemagglutinin component, NTNH OS=Clostridium botulinum E1 str. 'BoNT E Beluga' GN=ntnH PE=4 SV=1 !!!ntnH	1211	1163	1204	789	65.53	368	47	13	1210	MNINDNLSINSPVDNKNVVVVRARKTDTVFKAFKVAPNIWVAPERYYGESLSIDEEYKVDGGIYDSNFLSQDSEKDKFLQAIITLLKRINSTNAGEKLLSLISTAIPFPYGYIGGGYYAPNMITFGSAPKSNKKLNSLISSTIPFPYAG----YRETNYLSSEDNKSFYASNIVIFGPGANIVENNTVFYKKEDAENGMGTMTEIWFQPFLTYKYDEFYIDPAIELIKCLIKSLYFLYGIKPSDDLVIPYRLRSELENIEYSQLNIVDLLVSGGIDPKFINTDPYWFIDNYFSNAKKVFEDHRNIYETEIEGNNAIGNDIKLRLKQKFRININDIWELNLNYFSKEFSIMMPDRFNNALKHFYRKQYYKIDYPENYSINGFVNGQINAQLSLSDRNQDIINKPEEIINLLNGNNVSLMRSNIYGDGLKSTVDDFYSNYKIPYNRAYEYHFNNSNDSSLDNVNIGVIDNIPEI--IDVNPYKENCDKFSPVQKITSTREINTNIPWPINYLQAQNTNNEKFSLSSDFVEVVSSKDKSLVYSFLSNVMFYLDSIKDNSPIDTDKKYYLWLREIFRNYSFDITATQEINTDCGINKVVTWFGKALNILNTSDSFVEEFQNLGPISLINKKENLSMPKIEIDEIPNSMLNLSFKDLSENLFNIFSKNNSYFEKIYYDFLDQWWTQYYSQYFDLICMAKRSVLAQESLIKKIIQKKLSYLIGNSNISSDNLALMNLTTTNTLRDISNESQIAMNNVNNFLNNVAICVFQTNIYPKFISFMEQCINNINKNTREFIQKCTNITENEKLQLINQNIFSSLDFDFLNIENLKSLFNSETGLLIKEETSPYELVLYAFQEPGNNAIGDASGKNTSIEYSKDIGLVYGINSDALYLNGSNQSISFSNDFFENGLTNSFSIYFWLRNLGKDTIKSKLIGSKEDNCGWEIYFQDTGLVFNMIDSNGNEKNIYLSDVSNNSWHYITISVDRLKEQLLIFIDDNLVANESIKEILNIYSSNTISLVNENNPIYVEGLSILNRSITSEEVVNNYFTYLNNSYIRDISGERLEYNKTYELYNYVFPESSLYEVTENNNIYLSIKNTNNLNIQGAKFKLINIDANKQYVQKWDEGVVCLLGDEEKYVDISSENNRIQLVSSKDTAKRIIFNNDIFRPNCLTFAYNNKYLSLSLRDRNYNWIICNNNDNIPKAAHLWALKGI
PROKKA_00008	tr|A0A0X1KH90|A0A0X1KH90_CLOBA Botulinum neurotoxin type E, nontoxic-nonhemagglutinin component, NTNH OS=Clostridium botulinum (strain Alaska E43 / Type E3) PE=1 SV=1 !!!ntnH	1211	1163	1204	789	65.53	368	47	13	1210	MNINDNLSINSPVDNKNVVVVRARKTDTVFKAFKVAPNIWVAPERYYGESLSIDEEYKVDGGIYDSNFLSQDSEKDKFLQAIITLLKRINSTNAGEKLLSLISTAIPFPYGYIGGGYYAPNMITFGSAPKSNKKLNSLISSTIPFPYAG----YRETNYLSSEDNKSFYASNIVIFGPGANIVENNTVFYKKEDAENGMGTMTEIWFQPFLTYKYDEFYIDPAIELIKCLIKSLYFLYGIKPSDDLVIPYRLRSELENIEYSQLNIVDLLVSGGIDPKFINTDPYWFIDNYFSNAKKVFEDHRNIYETEIEGNNAIGNDIKLRLKQKFRININDIWELNLNYFSKEFSIMMPDRFNNALKHFYRKQYYKIDYPENYSINGFVNGQINAQLSLSDRNQDIINKPEEIINLLNGNNVSLMRSNIYGDGLKSTVDDFYSNYKIPYNRAYEYHFNNSNDSSLDNVNIGVIDNIPEI--IDVNPYKENCDKFSPVQKITSTREINTNIPWPINYLQAQNTNNEKFSLSSDFVEVVSSKDKSLVYSFLSNVMFYLDSIKDNSPIDTDKKYYLWLREIFRNYSFDITATQEINTDCGINKVVTWFGKALNILNTSDSFVEEFQNLGPISLINKKENLSMPKIEIDEIPNSMLNLSFKDLSENLFNIFSKNNSYFEKIYYDFLDQWWTQYYSQYFDLICMAKRSVLAQESLIKKIIQKKLSYLIGNSNISSDNLALMNLTTTNTLRDISNESQIAMNNVNNFLNNVAICVFQTNIYPKFISFMEQCINNINKNTREFIQKCTNITENEKLQLINQNIFSSLDFDFLNIENLKSLFNSETGLLIKEETSPYELVLYAFQEPGNNAIGDASGKNTSIEYSKDIGLVYGINSDALYLNGSNQSISFSNDFFENGLTNSFSIYFWLRNLGKDTIKSKLIGSKEDNCGWEIYFQDTGLVFNMIDSNGNEKNIYLSDVSNNSWHYITISVDRLKEQLLIFIDDNLVANESIKEILNIYSSNTISLVNENNPIYVEGLSILNRSITSEEVVNNYFTYLNNSYIRDISGERLEYNKTYELYNYVFPESSLYEVTENNNIYLSIKNTNNLNIQGAKFKLINIDANKQYVQKWDEGVVCLLGDEEKYVDISSENNRIQLVSSKDTAKRIIFNNDIFRPNCLTFAYNNKYLSLSLRDRNYNWIICNNNDNIPKAAHLWALKGI
PROKKA_00008	tr|C4IHM0|C4IHM0_CLOBU Botulinum neurotoxin type E, nontoxic-nonhemagglutinin component, NTNH OS=Clostridium butyricum E4 str. BoNT E BL5262 GN=ntnH PE=4 SV=1 !!!ntnH	1211	1163	1204	789	65.53	368	47	13	1210	MNINDNLSINSPVDNKNVVVVRARKTDTVFKAFKVAPNIWVAPERYYGESLSIDEEYKVDGGIYDSNFLSQDSEKDKFLQAIITLLKRINSTNAGEKLLSLISTAIPFPYGYIGGGYYAPNMITFGSAPKSNKKLNSLISSTIPFPYAG----YRETNYLSSEDNKSFYASNIVIFGPGANIVENNTVFYKKEDAENGMGTMTEIWFQPFLTYKYDEFYIDPAIELIKCLIKSLYFLYGIKPSDDLVIPYRLRSELENIEYSQLNIVDLLVSGGIDPKFINTDPYWFIDNYFSNAKKVFEDHRNIYETEIEGNNAIGNDIKLRLKQKFRININDIWELNLNYFSKEFSIMMPDRFNNALKHFYRKQYYKIDYPENYSINGFVNGQINAQLSLSDRNQDIINKPEEIINLLNGNNVSLMRSNIYGDGLKSTVDDFYSNYKIPYNRAYEYHFNNSNDSSLDNVNIGVIDNIPEI--IDVNPYKENCDKFSPVQKITSTREINTNIPWPINYLQAQNTNNEKFSLSSDFVEVVSSKDKSLVYSFLSNVMFYLDSIKDNSPIDTDKKYYLWLREIFRNYSFDITATQEINTDCGINKVVTWFGKALNILNTSDSFVEEFQNLGPISLINKKENLSMPKIEIDEIPNSMLNLSFKDLSENLFNIFSKNNSYFEKIYYDFLDQWWTQYYSQYFDLICMAKRSVLAQESLIKKIIQKKLSYLIGNSNISSDNLALMNLTTTNTLRDISNESQIAMNNVNNFLNNVAICVFQTNIYPKFISFMEQCINNINKNTREFIQKCTNITENEKLQLINQNIFSSLDFDFLNIENLKSLFNSETGLLIKEETSPYELVLYAFQEPGNNAIGDASGKNTSIEYSKDIGLVYGINSDALYLNGSNQSISFSNDFFENGLTNSFSIYFWLRNLGKDTIKSKLIGSKEDNCGWEIYFQDTGLVFNMIDSNGNEKNIYLSDVSNNSWHYITISVDRLKEQLLIFIDDNLVANESIKEILNIYSSNTISLVNENNPIYVEGLSILNRSITSEEVVNNYFTYLNNSYIRDISGERLEYNKTYELYNYVFPESSLYEVTENNNIYLSIKNTNNLNIQGAKFKLINIDANKQYVQKWDEGVVCLLGDEEKYVDISSENNRIQLVSSKDTAKRIIFNNDIFRPNCLTFAYNNKYLSLSLRDRNYNWIICNNNDNIPKAAHLWALKGI
PROKKA_00008	tr|C1FUH5|C1FUH5_CLOBJ Toxin complex component ORF-X1 OS=Clostridium botulinum (strain Kyoto / Type A2) GN=CLM_0893 PE=4 SV=1 !!!ORF-X1	1211	142	84	27	32.14	47	10	589	666	QEINTDCGINKV---VTWFGKALNILNTSDSFVEEFQNLGPISLINKKEN---LSMPKIEIDEIPNSMLNLSFKDLSENLFNIF
PROKKA_00008	tr|A0A059PYE4|A0A059PYE4_9CLOT Toxin OS=Clostridium baratii GN=UC77_04385 PE=4 SV=1 !!! 	1211	140	41	17	41.46	23	1	601	640	VTWFGKALNILNTSDSFVEEFQNLGPISLIN-KKENLSMPK
PROKKA_00008	tr|A0A0A7FVW8|A0A0A7FVW8_9CLOT Putative oRF-X1 OS=Clostridium baratii str. Sullivan GN=U729_698 PE=4 SV=1 !!!ORF-X1	1211	140	41	17	41.46	23	1	601	640	VTWFGKALNILNTSDSFVEEFQNLGPISLIN-KKENLSMPK
PROKKA_00008	tr|A0A0D1BS75|A0A0D1BS75_CLOBO Hemagglutinin OS=Clostridium botulinum B2 450 GN=N495_19885 PE=4 SV=1 !!! 	1211	146	23	11	47.83	12	0	882	904	VYGINSDALYLNGSNQSISFSND
PROKKA_00008	tr|A0A060N976|A0A060N976_CLOBO Hemagglutinin component HA17 OS=Clostridium botulinum B str. Osaka05 GN=CBO05P2_178 PE=4 SV=1 !!!ha17	1211	146	23	11	47.83	12	0	882	904	VYGINSDALYLNGSNQSISFSND
PROKKA_00008	tr|A0A0E1L447|A0A0E1L447_CLOBO Hemagglutinin component HA-17 OS=Clostridium botulinum CDC_1436 GN=ha-17 PE=4 SV=1 !!!ha17	1211	146	23	11	47.83	12	0	882	904	VYGINSDALYLNGSNQSISFSND
PROKKA_00008	tr|A0A0B4W498|A0A0B4W498_CLOBO Hemagglutinin component HA-17 OS=Clostridium botulinum Prevot_594 GN=ha-17 PE=4 SV=1 !!!ha17	1211	146	23	11	47.83	12	0	882	904	VYGINSDALYLNGSNQSISFSND
PROKKA_00008	tr|A0A073CN83|A0A073CN83_CLOBO Hemagglutinin OS=Clostridium botulinum A2B3 87 GN=N496_19565 PE=4 SV=1 !!! 	1211	146	23	11	47.83	12	0	882	904	VYGINSDALYLNGSNQSISFSND
PROKKA_00008	tr|A5HZZ5|A5HZZ5_CLOBH Hemagglutinin component of the neurotoxin complex OS=Clostridium botulinum (strain Hall / ATCC 3502 / NCTC 13319 / Type A) GN=ha17 PE=1 SV=1 !!!ha17	1211	146	23	10	43.48	13	0	882	904	VYGINSDALYLNGSNQSISFSND
PROKKA_00008	tr|B1BE46|B1BE46_CLOBO Non-toxin haemagglutinin HA-70 OS=Clostridium botulinum C str. Eklund GN=CBC_A0169 PE=4 SV=1 !!!ha70	1211	623	76	23	30.26	42	11	1075	1145	FPESSLYEVTENNNIYLSIKNTNNLNIQGAKF-KLINIDANKQYVQKWDEGVVCLLGDEEKYVDI----SSENNRI
PROKKA_00008	tr|A7GBF8|A7GBF8_CLOBL Toxin complex component ORF-X2 OS=Clostridium botulinum (strain Langeland / NCTC 10281 / Type F) GN=CLI_0846 PE=4 SV=1 !!!ORF-X2	1211	750	14	8	57.14	6	0	772	785	NIYPKFISFMEQCI
PROKKA_00009	tr|M1ZWZ6|M1ZWZ6_CLOBO Transcriptional regulator BotR, P-21 OS=Clostridium botulinum CFSAN001627 GN=CFSAN001627_10483 PE=4 SV=1 !!!BotR	179	178	178	178	100.00	0	0	1	178	MNKLFLQIKMLKNDNEEFQEIFKHFEKTINIFTRKYNIYDNYNDILYHLWYTLKKVDLSNFNTQNDLERYISRTLKRYCLDICNKRKIDKKIIYNSEIADKKLSLIANSYSSYSEFEFNDLISILPDDQKKIIYMKFVEDIKEIDIAKKLNISRQSVYKNKIMALERLEPILKKLINM
PROKKA_00009	tr|A5HZZ7|A5HZZ7_CLOBH RNA polymerase ECF-type sigma factor OS=Clostridium botulinum (strain Hall / ATCC 3502 / NCTC 13319 / Type A) GN=botR PE=4 SV=1 !!!BotR	179	178	178	175	98.31	3	0	1	178	MNKLFLQIKMLKNDNEEFQEIFKHFEKTINIFTRKYNIYDNYNDILYHLWYTLKKVDLSNFNTQNDLERYISRTLKRYCLDICNKRKIDKKIIYNSEIADKKLSLIANSYSSYSEFEFNDLISILPDDQKKIIYMKFVEDIKEIDIAKKLNISRQSVYKNKIMALERLEPILKKLINM
PROKKA_00009	tr|S8CEF4|S8CEF4_CLOBO Transcriptional regulator BotR, P-21 OS=Clostridium botulinum CFSAN002367 GN=CFSAN002367_15806 PE=4 SV=1 !!!BotR	179	178	178	175	98.31	3	0	1	178	MNKLFLQIKMLKNDNEEFQEIFKHFEKTINIFTRKYNIYDNYNDILYHLWYTLKKVDLSNFNTQNDLERYISRTLKRYCLDICNKRKIDKKIIYNSEIADKKLSLIANSYSSYSEFEFNDLISILPDDQKKIIYMKFVEDIKEIDIAKKLNISRQSVYKNKIMALERLEPILKKLINM
PROKKA_00009	tr|A0A060N3U8|A0A060N3U8_CLOBO Transcriptional regulator botR OS=Clostridium botulinum B str. Osaka05 GN=CBO05P2_176 PE=4 SV=1 !!!BotR	179	178	178	174	97.75	4	0	1	178	MNKLFLQIKMLKNDNEEFQEIFKHFEKTINIFTRKYNIYDNYNDILYHLWYTLKKVDLSNFNTQNDLERYISRTLKRYCLDICNKRKIDKKIIYNSEIADKKLSLIANSYSSYSEFEFNDLISILPDDQKKIIYMKFVEDIKEIDIAKKLNISRQSVYKNKIMALERLEPILKKLINM
PROKKA_00009	tr|A0A073CP83|A0A073CP83_CLOBO Transcriptional regulator OS=Clostridium botulinum A2B3 87 GN=N496_19575 PE=4 SV=1 !!! 	179	178	178	174	97.75	4	0	1	178	MNKLFLQIKMLKNDNEEFQEIFKHFEKTINIFTRKYNIYDNYNDILYHLWYTLKKVDLSNFNTQNDLERYISRTLKRYCLDICNKRKIDKKIIYNSEIADKKLSLIANSYSSYSEFEFNDLISILPDDQKKIIYMKFVEDIKEIDIAKKLNISRQSVYKNKIMALERLEPILKKLINM
PROKKA_00009	tr|A0A0D1AER2|A0A0D1AER2_CLOBO Transcriptional regulator OS=Clostridium botulinum B2 450 GN=N495_19875 PE=4 SV=1 !!! 	179	178	178	173	97.19	5	0	1	178	MNKLFLQIKMLKNDNEEFQEIFKHFEKTINIFTRKYNIYDNYNDILYHLWYTLKKVDLSNFNTQNDLERYISRTLKRYCLDICNKRKIDKKIIYNSEIADKKLSLIANSYSSYSEFEFNDLISILPDDQKKIIYMKFVEDIKEIDIAKKLNISRQSVYKNKIMALERLEPILKKLINM
PROKKA_00009	tr|B2TSC2|B2TSC2_CLOBB Putative RNA polymerase sigma factor OS=Clostridium botulinum (strain Eklund 17B / Type B) GN=botR PE=4 SV=1 !!!BotR	179	179	172	161	93.60	11	0	1	172	MNKLFLQIKMLKNDNEEFQEIFKHFEKTINIFTRKYNIYDNYNDILYHLWYTLKKVDLSNFNTQNDLERYISRTLKRYCLDICNKRKIDKKIIYNSEIADKKLSLIANSYSSYSEFEFNDLISILPDDQKKIIYMKFVEDIKEIDIAKKLNISRQSVYKNKIMALERLEPIL
PROKKA_00009	tr|A0A0C1QVR0|A0A0C1QVR0_9CLOT Transcriptional regulator BotR, P-21 OS=Clostridium argentinense CDC 2741 GN=botR PE=4 SV=1 !!!BotR	179	178	178	104	58.43	74	0	1	178	MNKLFLQIKMLKNDNEEFQEIFKHFEKTINIFTRKYNIYDNYNDILYHLWYTLKKVDLSNFNTQNDLERYISRTLKRYCLDICNKRKIDKKIIYNSEIADKKLSLIANSYSSYSEFEFNDLISILPDDQKKIIYMKFVEDIKEIDIAKKLNISRQSVYKNKIMALERLEPILKKLINM
PROKKA_00009	tr|A7GBG0|A7GBG0_CLOBL Transcriptional regulator BotR, P-21 OS=Clostridium botulinum (strain Langeland / NCTC 10281 / Type F) GN=botR PE=4 SV=1 !!!BotR	179	178	178	109	61.24	69	0	1	178	MNKLFLQIKMLKNDNEEFQEIFKHFEKTINIFTRKYNIYDNYNDILYHLWYTLKKVDLSNFNTQNDLERYISRTLKRYCLDICNKRKIDKKIIYNSEIADKKLSLIANSYSSYSEFEFNDLISILPDDQKKIIYMKFVEDIKEIDIAKKLNISRQSVYKNKIMALERLEPILKKLINM
PROKKA_00009	tr|B1L2G2|B1L2G2_CLOBM Transcriptional regulator BotR, P-21 OS=Clostridium botulinum (strain Loch Maree / Type A3) GN=botR PE=4 SV=1 !!!BotR	179	184	175	108	61.71	67	0	4	178	LFLQIKMLKNDNEEFQEIFKHFEKTINIFTRKYNIYDNYNDILYHLWYTLKKVDLSNFNTQNDLERYISRTLKRYCLDICNKRKIDKKIIYNSEIADKKLSLIANSYSSYSEFEFNDLISILPDDQKKIIYMKFVEDIKEIDIAKKLNISRQSVYKNKIMALERLEPILKKLINM
PROKKA_00009	tr|A0A073CMR9|A0A073CMR9_CLOBO Transcriptional regulator OS=Clostridium botulinum A2B3 87 GN=N496_18580 PE=4 SV=1 !!! 	179	178	178	107	60.11	71	0	1	178	MNKLFLQIKMLKNDNEEFQEIFKHFEKTINIFTRKYNIYDNYNDILYHLWYTLKKVDLSNFNTQNDLERYISRTLKRYCLDICNKRKIDKKIIYNSEIADKKLSLIANSYSSYSEFEFNDLISILPDDQKKIIYMKFVEDIKEIDIAKKLNISRQSVYKNKIMALERLEPILKKLINM
PROKKA_00009	tr|B1BE47|B1BE47_CLOBO Clostridium toxin-associated regulator BotR OS=Clostridium botulinum C str. Eklund GN=botR PE=4 SV=1 !!!BotR	179	179	179	85	47.49	93	1	1	178	MNKLFLQIKMLKNDNEEFQEIFKHFEKTIN-IFTRKYNIYDNYNDILYHLWYTLKKVDLSNFNTQNDLERYISRTLKRYCLDICNKRKIDKKIIYNSEIADKKLSLIANSYSSYSEFEFNDLISILPDDQKKIIYMKFVEDIKEIDIAKKLNISRQSVYKNKIMALERLEPILKKLINM
PROKKA_00009	tr|A0A0A7FV57|A0A0A7FV57_9CLOT Clostridium P-47 family protein OS=Clostridium baratii str. Sullivan GN=U729_696 PE=4 SV=1 !!!P-47	179	491	37	13	35.14	24	0	84	120	NKRKIDKKIIYNSEIADKKLSLIANSYSSYSEFEFND
PROKKA_00009	tr|A0A059PY44|A0A059PY44_9CLOT Toxin complex component ORF-X3 OS=Clostridium baratii PE=4 SV=1 !!!ORF-X3	179	491	37	13	35.14	24	0	84	120	NKRKIDKKIIYNSEIADKKLSLIANSYSSYSEFEFND
PROKKA_00009	tr|B2TSC3|B2TSC3_CLOBB Botulinum neurotoxin type B OS=Clostridium botulinum (strain Eklund 17B / Type B) GN=ntnH PE=4 SV=1 !!!ntnH	179	1197	34	10	29.41	24	0	65	98	NDLERYISRTLKRYCLDICNKRKIDKKIIYNSEI
PROKKA_00009	tr|M1ZPH7|M1ZPH7_CLOBO Hemagglutinin component HA70 OS=Clostridium botulinum CFSAN001627 GN=CFSAN001627_19663 PE=4 SV=1 !!!ha70	179	626	33	10	30.30	23	0	36	68	YNIYDNYNDILYHLWYTLKKVDLSNFNTQNDLE
PROKKA_00009	tr|B1INP6|B1INP6_CLOBK Botulinum neurotoxin type B1, nontoxic-nonhemagglutinin component, NTNH OS=Clostridium botulinum (strain Okra / Type B1) GN=ntnH PE=4 SV=1 !!!ntnH	179	1197	34	9	26.47	25	0	65	98	NDLERYISRTLKRYCLDICNKRKIDKKIIYNSEI
PROKKA_00009	tr|A0A060N6G5|A0A060N6G5_CLOBO Nontoxic-nonhemagglutinin component, NTNH OS=Clostridium botulinum B str. Osaka05 GN=CBO05P2_175 PE=4 SV=1 !!!ntnH	179	1197	28	9	32.14	17	2	25	50	FEKTINIFTRKYNIY--DNYNDILYHLW
PROKKA_00009	tr|A0A060N6G5|A0A060N6G5_CLOBO Nontoxic-nonhemagglutinin component, NTNH OS=Clostridium botulinum B str. Osaka05 GN=CBO05P2_175 PE=4 SV=1 !!!ntnH	179	1197	34	8	23.53	26	0	65	98	NDLERYISRTLKRYCLDICNKRKIDKKIIYNSEI
PROKKA_00009	tr|A0A060NA10|A0A060NA10_CLOBO Haemagglutinin component HA70 OS=Clostridium botulinum B str. Osaka05 GN=CBO05P2_179 PE=4 SV=1 !!!ha70	179	626	33	9	27.27	24	0	36	68	YNIYDNYNDILYHLWYTLKKVDLSNFNTQNDLE
PROKKA_00009	tr|S8BA68|S8BA68_CLOBO Hemagglutinin component HA70 OS=Clostridium botulinum CFSAN002367 GN=CFSAN002367_15786 PE=4 SV=1 !!!ha70	179	508	32	9	28.12	23	0	36	67	YNIYDNYNDILYHLWYTLKKVDLSNFNTQNDL
PROKKA_00009	tr|A0A0B4W4X0|A0A0B4W4X0_CLOBO Hemagglutinin components HA-22/23/53 OS=Clostridium botulinum Prevot_594 GN=ha-70 PE=4 SV=1 !!!ha70	179	626	32	9	28.12	23	0	36	67	YNIYDNYNDILYHLWYTLKKVDLSNFNTQNDL
PROKKA_00009	tr|A0A0E1L2H2|A0A0E1L2H2_CLOBO Hemagglutinin components HA-22/23/53 OS=Clostridium botulinum CDC_1436 GN=ha-70 PE=4 SV=1 !!!ha70	179	626	33	9	27.27	24	0	36	68	YNIYDNYNDILYHLWYTLKKVDLSNFNTQNDLE
PROKKA_00009	tr|B1INQ0|B1INQ0_CLOBK Hemagglutinin component HA70 OS=Clostridium botulinum (strain Okra / Type B1) GN=ha70 PE=4 SV=1 !!!ha70	179	626	33	9	27.27	24	0	36	68	YNIYDNYNDILYHLWYTLKKVDLSNFNTQNDLE
PROKKA_00009	tr|C5VU78|C5VU78_CLOBO Hemagglutinin component HA17 OS=Clostridium botulinum D str. 1873 GN=ha17 PE=4 SV=1 !!!ha17	179	146	34	11	32.35	23	0	29	62	INIFTRKYNIYDNYNDILYHLWYTLKKVDLSNFN
PROKKA_00009	tr|A5HZZ4|A5HZZ4_CLOBH Hemagglutinin component of the neurotoxin complex OS=Clostridium botulinum (strain Hall / ATCC 3502 / NCTC 13319 / Type A) GN=ha70 PE=1 SV=1 !!!ha70	179	626	33	9	27.27	24	0	36	68	YNIYDNYNDILYHLWYTLKKVDLSNFNTQNDLE
PROKKA_00010	tr|A5HZZ6|A5HZZ6_CLOBH Hemagglutinin component of the neurotoxin complex OS=Clostridium botulinum (strain Hall / ATCC 3502 / NCTC 13319 / Type A) GN=ha33 PE=1 SV=1 !!!ha33	294	293	293	289	98.63	4	0	1	293	MEHYSVIQNSLNDKIVTISCKADTNLFFYQVAGNVSLFQQTRNYLERWRLIYDSNKAAYKIKSMDIHNTNLVLTWNAPTHNISTQQDSNADNQYWLLLKDIGNNSFIIASYKNPNLVLYADTVARNLKLSTLNNSNYIKFIIEDYIISDLNNFTCKISPILDRNKVVQQVDMTNLNVNLYTWDYGRNQKWTIRYNEEKAAYQFFNTILSNGVLTWIFSNGNTVRVSSSNDQNNDAQYWLINPVSDTDETYTITNLRDTTKALDLYNSQTANGTAIQVFNYHGDDNQKWNIRNP
PROKKA_00010	tr|B2TSC1|B2TSC1_CLOBB Haemagglutinin component OS=Clostridium botulinum (strain Eklund 17B / Type B) GN=ha33 PE=4 SV=1  !!!ha33	294	292	293	265	90.44	27	1	1	293	MEHYSVIQNSLNDKIVTISCKADTNLFFYQVAGNVSLFQQTRNYLERWRLIYDSNKAAYKIKSMDIHNTNLVLTWNAPTHNISTQQDSNADNQYWLLLKDIGNNSFIIASYKNPNLVLYADTVARNLKLSTLNNSNYIKFIIEDYIISDLNNFTCKISPILDRNKVVQQVDMTNLNVNLYTWDYGRNQKWTIRYNEEKAAYQFFNTILSNGVLTWIFSNGNTVRVSSSNDQNNDAQYWLINPVSDTDETYTITNLRDTTKALDLYNSQTANGTAIQVFNYHGDDNQKWNIRNP
PROKKA_00010	tr|B1INP8|B1INP8_CLOBK Hemagglutinin component HA33 OS=Clostridium botulinum (strain Okra / Type B1) GN=ha33 PE=1 SV=1 !!!ha33	294	294	295	248	84.07	44	3	1	293	MEHYSVIQNSLNDKIVTISCKADTNLFFYQVAGN--VSLFQQTRNYLERWRLIYDSNKAAYKIKSMDIHNTNLVLTWNAPTHNISTQQDSNADNQYWLLLKDIGNNSFIIASYKNPNLVLYADTVARNLKLSTLNNSNYIKFIIEDYIISDLNNFTCKISPILDRNKVVQQVDMTNLNVNLYTWDYGRNQKWTIRYNEEKAAYQFFNTILSNGVLTWIFSNGNTVRVSSSNDQNNDAQYWLINPVSDTDETYTITNLRDTTKALDLYNSQTANGTAIQVFNYHGDDNQKWNIRNP
PROKKA_00010	tr|A0A0C1TY77|A0A0C1TY77_9CLOT Main hemagglutinin component OS=Clostridium argentinense CDC 2741 GN=ha-33 PE=4 SV=1 !!!ha33	294	285	282	118	41.84	153	11	11	290	LNDKIVTISCKADTNLFFYQVA-GNVSLFQQTRNYLERWRLIYDSNKAAYKIKSMDIHNTNLVLTWNAPTHNISTQQDSNADNQYWLLLKDIGNNSFIIASYKNPNLVL-YADTVARNLKLSTLNNSNYIKFIIEDYIISDLNNFTCKISPILDRNKVVQQVDMTNLNVNLYTWDYGRNQKWTIRYNEEKAAYQFFNTILSNGVLTWIFSNGNTVRVSSSNDQNNDAQYWLINPVSDTDETYTITNLRDTTKALDLYNSQTANGTAIQVFNYHGDDNQKWNI
PROKKA_00010	tr|C5VU79|C5VU79_CLOBO Hemagglutinin component HA33 OS=Clostridium botulinum D str. 1873 GN=ha33 PE=4 SV=1 !!!ha33	294	285	278	113	40.65	156	9	12	288	NDKIVTISCKADTNLFFYQVA-GNVSLFQQTRNYLERWRLIYDSNKAAYKIKSMDIHNTNLVLTWNAPTHNISTQQDSNADNQYWLLLKDIGNNSFIIASYKNPNLVLYADTVARNLKLSTLNNSNYIKFIIEDYIISDLNNFTCKISPILDRNKVVQQVDMTNLNVNLYTWDYGRNQKWTIRYNEEKAAYQFFNTILSNGVLTWIFSNGNTVRVSSSNDQNNDAQYWLINPVSDTDETYTITNLRDTTKALDLYNSQTANGTAIQVFNYHGDDNQKW
PROKKA_00010	tr|A0A0C1QVX2|A0A0C1QVX2_9CLOT Hemagglutinin component HA-17 OS=Clostridium argentinense CDC 2741 GN=ha-17 PE=4 SV=1 !!!ha17	294	147	80	27	33.75	49	4	187	266	NQKWTIRYNEEKAAYQFFNTILSNGVLTWIFSNGNTVRVSSSNDQNNDAQYWLINPVSDTDETYTITNLRDTTKALDLYN
PROKKA_00010	tr|A0A0C1QVX2|A0A0C1QVX2_9CLOT Hemagglutinin component HA-17 OS=Clostridium argentinense CDC 2741 GN=ha-17 PE=4 SV=1 !!!ha17	294	147	68	23	33.82	41	4	46	112	ERWRLIYDSNKAAYKIKSMDIHNTNLVLTWNAPTHNISTQ-QDSNADNQYWLLLKDIGNNSFIIASYK
PROKKA_00010	tr|A0A0C1QVX2|A0A0C1QVX2_9CLOT Hemagglutinin component HA-17 OS=Clostridium argentinense CDC 2741 GN=ha-17 PE=4 SV=1 !!!ha17	294	147	102	30	29.41	60	12	59	153	YKIKSMDIHNTNLVLTWNAPTHNISTQQDSNADN-QYWLLLKDIGNNSFIIASYKNPNLVLYADT----VARNLKLSTLNNSNYIKFIIED--YIISDLNNF
PROKKA_00010	tr|B2TSC0|B2TSC0_CLOBB Hemagglutinin component HA-17 OS=Clostridium botulinum (strain Eklund 17B / Type B) GN=ha17 PE=4 SV=1 !!!ha17	294	146	96	30	31.25	58	8	59	151	YKIKSMDIHNTNLVLTWNAPTHNISTQQDSNADNQYWLLLKDIGNNSFIIASYKNPNLVLYADTVARNLKLSTLNNSNY---IKFIIEDYIISDLN
PROKKA_00010	tr|B2TSC0|B2TSC0_CLOBB Hemagglutinin component HA-17 OS=Clostridium botulinum (strain Eklund 17B / Type B) GN=ha17 PE=4 SV=1 !!!ha17	294	146	86	20	23.26	55	11	185	267	GRNQKWTIRYNEEKAAYQFFNTILSNGVLTWIFSNGNTVRVSSSNDQNNDAQYWLINPVSDTDETYTITNLRDTTK---ALDLYNS
PROKKA_00010	tr|A5HZZ5|A5HZZ5_CLOBH Hemagglutinin component of the neurotoxin complex OS=Clostridium botulinum (strain Hall / ATCC 3502 / NCTC 13319 / Type A) GN=ha17 PE=1 SV=1 !!!ha17	294	146	96	30	31.25	58	8	59	151	YKIKSMDIHNTNLVLTWNAPTHNISTQQDSNADNQYWLLLKDIGNNSFIIASYKNPNLVLYADTVARNLKLSTLNNSNY---IKFIIEDYIISDLN
PROKKA_00010	tr|A5HZZ5|A5HZZ5_CLOBH Hemagglutinin component of the neurotoxin complex OS=Clostridium botulinum (strain Hall / ATCC 3502 / NCTC 13319 / Type A) GN=ha17 PE=1 SV=1 !!!ha17	294	146	86	20	23.26	55	11	185	267	GRNQKWTIRYNEEKAAYQFFNTILSNGVLTWIFSNGNTVRVSSSNDQNNDAQYWLINPVSDTDETYTITNLRDTTK---ALDLYNS
PROKKA_00010	tr|A0A0D1BS75|A0A0D1BS75_CLOBO Hemagglutinin OS=Clostridium botulinum B2 450 GN=N495_19885 PE=4 SV=1 !!! 	294	146	96	30	31.25	58	8	59	151	YKIKSMDIHNTNLVLTWNAPTHNISTQQDSNADNQYWLLLKDIGNNSFIIASYKNPNLVLYADTVARNLKLSTLNNSNY---IKFIIEDYIISDLN
PROKKA_00010	tr|A0A0D1BS75|A0A0D1BS75_CLOBO Hemagglutinin OS=Clostridium botulinum B2 450 GN=N495_19885 PE=4 SV=1 !!! 	294	146	31	9	29.03	22	0	185	215	GRNQKWTIRYNEEKAAYQFFNTILSNGVLTW
PROKKA_00010	tr|A0A0D1BS75|A0A0D1BS75_CLOBO Hemagglutinin OS=Clostridium botulinum B2 450 GN=N495_19885 PE=4 SV=1 !!! 	294	146	95	21	22.11	68	6	26	120	LFFYQVAGNVSLFQQTRNYLERWRLIYDSNKAAYKIKSMDIHNTNLVLTWNAPTHNISTQQDSNADNQYWLLLKDIGNNSFIIASYKNPNLVLYA
PROKKA_00010	tr|A0A060N976|A0A060N976_CLOBO Hemagglutinin component HA17 OS=Clostridium botulinum B str. Osaka05 GN=CBO05P2_178 PE=4 SV=1 !!!ha17	294	146	96	30	31.25	58	8	59	151	YKIKSMDIHNTNLVLTWNAPTHNISTQQDSNADNQYWLLLKDIGNNSFIIASYKNPNLVLYADTVARNLKLSTLNNSNY---IKFIIEDYIISDLN
PROKKA_00010	tr|A0A060N976|A0A060N976_CLOBO Hemagglutinin component HA17 OS=Clostridium botulinum B str. Osaka05 GN=CBO05P2_178 PE=4 SV=1 !!!ha17	294	146	31	9	29.03	22	0	185	215	GRNQKWTIRYNEEKAAYQFFNTILSNGVLTW
PROKKA_00010	tr|A0A060N976|A0A060N976_CLOBO Hemagglutinin component HA17 OS=Clostridium botulinum B str. Osaka05 GN=CBO05P2_178 PE=4 SV=1 !!!ha17	294	146	95	21	22.11	68	6	26	120	LFFYQVAGNVSLFQQTRNYLERWRLIYDSNKAAYKIKSMDIHNTNLVLTWNAPTHNISTQQDSNADNQYWLLLKDIGNNSFIIASYKNPNLVLYA
PROKKA_00010	tr|A0A0E1L447|A0A0E1L447_CLOBO Hemagglutinin component HA-17 OS=Clostridium botulinum CDC_1436 GN=ha-17 PE=4 SV=1 !!!ha17	294	146	96	30	31.25	58	8	59	151	YKIKSMDIHNTNLVLTWNAPTHNISTQQDSNADNQYWLLLKDIGNNSFIIASYKNPNLVLYADTVARNLKLSTLNNSNY---IKFIIEDYIISDLN
PROKKA_00010	tr|A0A0E1L447|A0A0E1L447_CLOBO Hemagglutinin component HA-17 OS=Clostridium botulinum CDC_1436 GN=ha-17 PE=4 SV=1 !!!ha17	294	146	31	9	29.03	22	0	185	215	GRNQKWTIRYNEEKAAYQFFNTILSNGVLTW
PROKKA_00010	tr|A0A0E1L447|A0A0E1L447_CLOBO Hemagglutinin component HA-17 OS=Clostridium botulinum CDC_1436 GN=ha-17 PE=4 SV=1 !!!ha17	294	146	95	21	22.11	68	6	26	120	LFFYQVAGNVSLFQQTRNYLERWRLIYDSNKAAYKIKSMDIHNTNLVLTWNAPTHNISTQQDSNADNQYWLLLKDIGNNSFIIASYKNPNLVLYA
PROKKA_00010	tr|A0A0B4W498|A0A0B4W498_CLOBO Hemagglutinin component HA-17 OS=Clostridium botulinum Prevot_594 GN=ha-17 PE=4 SV=1 !!!ha17	294	146	96	30	31.25	58	8	59	151	YKIKSMDIHNTNLVLTWNAPTHNISTQQDSNADNQYWLLLKDIGNNSFIIASYKNPNLVLYADTVARNLKLSTLNNSNY---IKFIIEDYIISDLN
PROKKA_00010	tr|A0A0B4W498|A0A0B4W498_CLOBO Hemagglutinin component HA-17 OS=Clostridium botulinum Prevot_594 GN=ha-17 PE=4 SV=1 !!!ha17	294	146	86	20	23.26	55	11	185	267	GRNQKWTIRYNEEKAAYQFFNTILSNGVLTWIFSNGNTVRVSSSNDQNNDAQYWLINPVSDTDETYTITNLRDTTK---ALDLYNS
PROKKA_00010	tr|A0A0B4W498|A0A0B4W498_CLOBO Hemagglutinin component HA-17 OS=Clostridium botulinum Prevot_594 GN=ha-17 PE=4 SV=1 !!!ha17	294	146	95	21	22.11	68	6	26	120	LFFYQVAGNVSLFQQTRNYLERWRLIYDSNKAAYKIKSMDIHNTNLVLTWNAPTHNISTQQDSNADNQYWLLLKDIGNNSFIIASYKNPNLVLYA
PROKKA_00010	tr|B1INP9|B1INP9_CLOBK Hemagglutinin component HA17 OS=Clostridium botulinum (strain Okra / Type B1) GN=ha17 PE=4 SV=1 !!!ha17	294	146	96	29	30.21	59	8	59	151	YKIKSMDIHNTNLVLTWNAPTHNISTQQDSNADNQYWLLLKDIGNNSFIIASYKNPNLVLYADTVARNLKLSTLNNSNY---IKFIIEDYIISDLN
PROKKA_00010	tr|B1INP9|B1INP9_CLOBK Hemagglutinin component HA17 OS=Clostridium botulinum (strain Okra / Type B1) GN=ha17 PE=4 SV=1 !!!ha17	294	146	31	9	29.03	22	0	185	215	GRNQKWTIRYNEEKAAYQFFNTILSNGVLTW
PROKKA_00010	tr|B1INP9|B1INP9_CLOBK Hemagglutinin component HA17 OS=Clostridium botulinum (strain Okra / Type B1) GN=ha17 PE=4 SV=1 !!!ha17	294	146	95	21	22.11	68	6	26	120	LFFYQVAGNVSLFQQTRNYLERWRLIYDSNKAAYKIKSMDIHNTNLVLTWNAPTHNISTQQDSNADNQYWLLLKDIGNNSFIIASYKNPNLVLYA
PROKKA_00010	tr|A0A073CN83|A0A073CN83_CLOBO Hemagglutinin OS=Clostridium botulinum A2B3 87 GN=N496_19565 PE=4 SV=1 !!! 	294	146	31	10	32.26	21	0	185	215	GRNQKWTIRYNEEKAAYQFFNTILSNGVLTW
PROKKA_00010	tr|A0A073CN83|A0A073CN83_CLOBO Hemagglutinin OS=Clostridium botulinum A2B3 87 GN=N496_19565 PE=4 SV=1 !!! 	294	146	96	29	30.21	59	8	59	151	YKIKSMDIHNTNLVLTWNAPTHNISTQQDSNADNQYWLLLKDIGNNSFIIASYKNPNLVLYADTVARNLKLSTLNNSNY---IKFIIEDYIISDLN
PROKKA_00010	tr|A0A073CN83|A0A073CN83_CLOBO Hemagglutinin OS=Clostridium botulinum A2B3 87 GN=N496_19565 PE=4 SV=1 !!! 	294	146	95	21	22.11	68	6	26	120	LFFYQVAGNVSLFQQTRNYLERWRLIYDSNKAAYKIKSMDIHNTNLVLTWNAPTHNISTQQDSNADNQYWLLLKDIGNNSFIIASYKNPNLVLYA
PROKKA_00010	tr|C5VU78|C5VU78_CLOBO Hemagglutinin component HA17 OS=Clostridium botulinum D str. 1873 GN=ha17 PE=4 SV=1 !!!ha17	294	146	60	20	33.33	36	4	59	118	YKIKSMDIHNTNLVLTWNAPTHNISTQQDSNADNQYWLLLKDIGNNSFIIASYKNPNLVL
PROKKA_00010	tr|C5VU78|C5VU78_CLOBO Hemagglutinin component HA17 OS=Clostridium botulinum D str. 1873 GN=ha17 PE=4 SV=1 !!!ha17	294	146	29	9	31.03	20	0	187	215	NQKWTIRYNEEKAAYQFFNTILSNGVLTW
PROKKA_00010	tr|B1BE45|B1BE45_CLOBO Non-toxin haemagglutinin HA-17 OS=Clostridium botulinum C str. Eklund GN=CBC_A0168 PE=4 SV=1 !!!ha17	294	146	29	10	34.48	19	0	187	215	NQKWTIRYNEEKAAYQFFNTILSNGVLTW
PROKKA_00010	tr|B1BE45|B1BE45_CLOBO Non-toxin haemagglutinin HA-17 OS=Clostridium botulinum C str. Eklund GN=CBC_A0168 PE=4 SV=1 !!!ha17	294	146	39	15	38.46	20	4	59	97	YKIKSMDIHNTNLVLTWNAPTHNISTQQDSNADNQYWLL
PROKKA_00011	tr|A5HZZ5|A5HZZ5_CLOBH Hemagglutinin component of the neurotoxin complex OS=Clostridium botulinum (strain Hall / ATCC 3502 / NCTC 13319 / Type A) GN=ha17 PE=1 SV=1 !!!ha17	147	146	146	146	100.00	0	0	1	146	MSVERTFLPNGNYNIKSIFSGSLYLNPVSKSLTFSNESSANNQKWNVEYMAENRCFKISNVAEPNKYLSYDNFGFISLDSLSNRCYWFPIKIAVNTYIMLSLNKVNELDYAWDIYDTNENILSQPLLLLPNFDIYNSNQMFKLEKI
PROKKA_00011	tr|B1INP9|B1INP9_CLOBK Hemagglutinin component HA17 OS=Clostridium botulinum (strain Okra / Type B1) GN=ha17 PE=4 SV=1 !!!ha17	147	146	146	143	97.95	3	0	1	146	MSVERTFLPNGNYNIKSIFSGSLYLNPVSKSLTFSNESSANNQKWNVEYMAENRCFKISNVAEPNKYLSYDNFGFISLDSLSNRCYWFPIKIAVNTYIMLSLNKVNELDYAWDIYDTNENILSQPLLLLPNFDIYNSNQMFKLEKI
PROKKA_00011	tr|A0A0D1BS75|A0A0D1BS75_CLOBO Hemagglutinin OS=Clostridium botulinum B2 450 GN=N495_19885 PE=4 SV=1 !!! 	147	146	146	144	98.63	2	0	1	146	MSVERTFLPNGNYNIKSIFSGSLYLNPVSKSLTFSNESSANNQKWNVEYMAENRCFKISNVAEPNKYLSYDNFGFISLDSLSNRCYWFPIKIAVNTYIMLSLNKVNELDYAWDIYDTNENILSQPLLLLPNFDIYNSNQMFKLEKI
PROKKA_00011	tr|A0A060N976|A0A060N976_CLOBO Hemagglutinin component HA17 OS=Clostridium botulinum B str. Osaka05 GN=CBO05P2_178 PE=4 SV=1 !!!ha17	147	146	146	144	98.63	2	0	1	146	MSVERTFLPNGNYNIKSIFSGSLYLNPVSKSLTFSNESSANNQKWNVEYMAENRCFKISNVAEPNKYLSYDNFGFISLDSLSNRCYWFPIKIAVNTYIMLSLNKVNELDYAWDIYDTNENILSQPLLLLPNFDIYNSNQMFKLEKI
PROKKA_00011	tr|A0A0E1L447|A0A0E1L447_CLOBO Hemagglutinin component HA-17 OS=Clostridium botulinum CDC_1436 GN=ha-17 PE=4 SV=1 !!!ha17	147	146	146	144	98.63	2	0	1	146	MSVERTFLPNGNYNIKSIFSGSLYLNPVSKSLTFSNESSANNQKWNVEYMAENRCFKISNVAEPNKYLSYDNFGFISLDSLSNRCYWFPIKIAVNTYIMLSLNKVNELDYAWDIYDTNENILSQPLLLLPNFDIYNSNQMFKLEKI
PROKKA_00011	tr|A0A073CN83|A0A073CN83_CLOBO Hemagglutinin OS=Clostridium botulinum A2B3 87 GN=N496_19565 PE=4 SV=1 !!! 	147	146	146	143	97.95	3	0	1	146	MSVERTFLPNGNYNIKSIFSGSLYLNPVSKSLTFSNESSANNQKWNVEYMAENRCFKISNVAEPNKYLSYDNFGFISLDSLSNRCYWFPIKIAVNTYIMLSLNKVNELDYAWDIYDTNENILSQPLLLLPNFDIYNSNQMFKLEKI
PROKKA_00011	tr|A0A0B4W498|A0A0B4W498_CLOBO Hemagglutinin component HA-17 OS=Clostridium botulinum Prevot_594 GN=ha-17 PE=4 SV=1 !!!ha17	147	146	146	141	96.58	5	0	1	146	MSVERTFLPNGNYNIKSIFSGSLYLNPVSKSLTFSNESSANNQKWNVEYMAENRCFKISNVAEPNKYLSYDNFGFISLDSLSNRCYWFPIKIAVNTYIMLSLNKVNELDYAWDIYDTNENILSQPLLLLPNFDIYNSNQMFKLEKI
PROKKA_00011	tr|B2TSC0|B2TSC0_CLOBB Hemagglutinin component HA-17 OS=Clostridium botulinum (strain Eklund 17B / Type B) GN=ha17 PE=4 SV=1 !!!ha17	147	146	146	139	95.21	7	0	1	146	MSVERTFLPNGNYNIKSIFSGSLYLNPVSKSLTFSNESSANNQKWNVEYMAENRCFKISNVAEPNKYLSYDNFGFISLDSLSNRCYWFPIKIAVNTYIMLSLNKVNELDYAWDIYDTNENILSQPLLLLPNFDIYNSNQMFKLEKI
PROKKA_00011	tr|C5VU78|C5VU78_CLOBO Hemagglutinin component HA17 OS=Clostridium botulinum D str. 1873 GN=ha17 PE=4 SV=1 !!!ha17	147	146	146	92	63.01	54	0	1	146	MSVERTFLPNGNYNIKSIFSGSLYLNPVSKSLTFSNESSANNQKWNVEYMAENRCFKISNVAEPNKYLSYDNFGFISLDSLSNRCYWFPIKIAVNTYIMLSLNKVNELDYAWDIYDTNENILSQPLLLLPNFDIYNSNQMFKLEKI
PROKKA_00011	tr|B1BE45|B1BE45_CLOBO Non-toxin haemagglutinin HA-17 OS=Clostridium botulinum C str. Eklund GN=CBC_A0168 PE=4 SV=1 !!!ha17	147	146	146	90	61.64	56	0	1	146	MSVERTFLPNGNYNIKSIFSGSLYLNPVSKSLTFSNESSANNQKWNVEYMAENRCFKISNVAEPNKYLSYDNFGFISLDSLSNRCYWFPIKIAVNTYIMLSLNKVNELDYAWDIYDTNENILSQPLLLLPNFDIYNSNQMFKLEKI
PROKKA_00011	tr|A0A0C1QVX2|A0A0C1QVX2_9CLOT Hemagglutinin component HA-17 OS=Clostridium argentinense CDC 2741 GN=ha-17 PE=4 SV=1 !!!ha17	147	147	150	84	56.00	59	7	1	146	MSVERTFLPNGNYNIKSIFSGSLYLNPVSKSLTFSNESSANNQKWNVEYMAENRCFKISNVAEPNKYLSYDNFGFISL----DSLSNRCYWFPIKIAVNTYIMLSLNKVNELDYAWDIYDTNENILSQPLLLLPNFDIYNSNQMFKLEKI
PROKKA_00011	tr|A0A0C1TY77|A0A0C1TY77_9CLOT Main hemagglutinin component OS=Clostridium argentinense CDC 2741 GN=ha-33 PE=4 SV=1 !!!ha33	147	285	36	12	33.33	24	0	36	71	NESSANNQKWNVEYMAENRCFKISNVAEPNKYLSYD
PROKKA_00011	tr|B2TSC1|B2TSC1_CLOBB Haemagglutinin component OS=Clostridium botulinum (strain Eklund 17B / Type B) GN=ha33 PE=4 SV=1  !!!ha33	147	292	85	21	24.71	54	10	40	117	ANNQKWNVEYMAENRCFKISNVAEPNKYLSY--DNFGFISLDSLS---NRCYWF--PIKIAVNTYIMLSLNKVNELDYAWDIYDT
PROKKA_00011	tr|B2TSC1|B2TSC1_CLOBB Haemagglutinin component OS=Clostridium botulinum (strain Eklund 17B / Type B) GN=ha33 PE=4 SV=1  !!!ha33	147	292	96	26	27.08	62	8	13	103	YNIKSIFSGS----LYLNPVSKSLTFSNESSANNQKWNVEYMAENRCFKISNVAEPNKYLSYDNFGF-ISLDSLSNRCYWFPIKIAVNTYIMLSLN
PROKKA_00011	tr|B2TSC1|B2TSC1_CLOBB Haemagglutinin component OS=Clostridium botulinum (strain Eklund 17B / Type B) GN=ha33 PE=4 SV=1  !!!ha33	147	292	76	20	26.32	48	8	43	111	QKWNVEYMAENRCFKISNVAEPNKYL------SYDNFGFISLDSLSNRCYWFPIK-IAVNTYIMLSLNKVNELDYA
PROKKA_00011	tr|A5HZZ6|A5HZZ6_CLOBH Hemagglutinin component of the neurotoxin complex OS=Clostridium botulinum (strain Hall / ATCC 3502 / NCTC 13319 / Type A) GN=ha33 PE=1 SV=1 !!!ha33	147	293	96	30	31.25	58	8	13	103	YNIKS--IFSGSLYL--NPVSKSLTFSNESSANNQKWNVEYMAENRCFKISNVAEPNKYLSYDNFGF-ISLDSLSNRCYWFPIKIAVNTYIMLSLN
PROKKA_00011	tr|A5HZZ6|A5HZZ6_CLOBH Hemagglutinin component of the neurotoxin complex OS=Clostridium botulinum (strain Hall / ATCC 3502 / NCTC 13319 / Type A) GN=ha33 PE=1 SV=1 !!!ha33	147	293	31	9	29.03	22	0	40	70	ANNQKWNVEYMAENRCFKISNVAEPNKYLSY
PROKKA_00011	tr|B1INP8|B1INP8_CLOBK Hemagglutinin component HA33 OS=Clostridium botulinum (strain Okra / Type B1) GN=ha33 PE=1 SV=1 !!!ha33	147	294	92	27	29.35	57	8	13	99	YNIKS--IFSGSLYL--NPVSKSLTFSNESSANNQKWNVEYMAENRCFKISNVAEPNKYLSYDNFGF-ISLDSLSNRCYWFPIKIAVNTYIM
PROKKA_00011	tr|B1INP8|B1INP8_CLOBK Hemagglutinin component HA33 OS=Clostridium botulinum (strain Okra / Type B1) GN=ha33 PE=1 SV=1 !!!ha33	147	294	29	9	31.03	20	0	42	70	NQKWNVEYMAENRCFKISNVAEPNKYLSY
PROKKA_00011	tr|B1INP8|B1INP8_CLOBK Hemagglutinin component HA33 OS=Clostridium botulinum (strain Okra / Type B1) GN=ha33 PE=1 SV=1 !!!ha33	147	294	75	19	25.33	50	6	43	111	QKWNVEYMAENRCFKIS--NVAEPNKYLSYDNFGF---ISLDSLSNRCYWFPIK-IAVNTYIMLSLNKVNELDYA
PROKKA_00011	tr|B1L2G4|B1L2G4_CLOBM Botulinum neurotoxin type A3, nontoxic-nonhemagglutinin component, NTNH OS=Clostridium botulinum (strain Loch Maree / Type A3) GN=ntnH PE=4 SV=1 !!!ntnH	147	1159	23	10	43.48	13	0	15	37	IKSIFSGSLYLNPVSKSLTFSNE
PROKKA_00011	tr|C1FUH8|C1FUH8_CLOBJ Botulinum neurotoxin type A2, nontoxic-nonhemagglutinin component, NTNH OS=Clostridium botulinum (strain Kyoto / Type A2) GN=ntnH PE=4 SV=1 !!!ntnH	147	1159	23	10	43.48	13	0	15	37	IKSIFSGSLYLNPVSKSLTFSNE
PROKKA_00011	tr|A5HZZ8|A5HZZ8_CLOBH Type A progenitor toxin nontoxic-nonha OS=Clostridium botulinum (strain Hall / ATCC 3502 / NCTC 13319 / Type A) GN=ntnH PE=4 SV=1 !!!ntnH	147	1193	23	10	43.48	13	0	15	37	IKSIFSGSLYLNPVSKSLTFSNE
PROKKA_00011	tr|A7GBG2|A7GBG2_CLOBL Botulinum neurotoxin type F, nontoxic-nonhemagglutinin component, NTNH OS=Clostridium botulinum (strain Langeland / NCTC 10281 / Type F) GN=ntnH PE=4 SV=1 !!!ntnH	147	1163	23	9	39.13	14	0	15	37	IKSIFSGSLYLNPVSKSLTFSNE
PROKKA_00011	tr|C5VU79|C5VU79_CLOBO Hemagglutinin component HA33 OS=Clostridium botulinum D str. 1873 GN=ha33 PE=4 SV=1 !!!ha33	147	285	35	12	34.29	22	1	25	58	LNPVSKS-LTFSNESSANNQKWNVEYMAENRCFKI
PROKKA_00011	tr|C5VU79|C5VU79_CLOBO Hemagglutinin component HA33 OS=Clostridium botulinum D str. 1873 GN=ha33 PE=4 SV=1 !!!ha33	147	285	68	17	25.00	44	7	26	88	NPVSKSLTFSNESSANNQKWNVEYMAENRCFKISNVAEPNKYLSY-----DNFGFISLDSLSNRCYWF
PROKKA_00011	tr|C5VU79|C5VU79_CLOBO Hemagglutinin component HA33 OS=Clostridium botulinum D str. 1873 GN=ha33 PE=4 SV=1 !!!ha33	147	285	36	11	30.56	24	1	41	75	NNQKWNVEYMAENRC-FKISNVAEPNKYLSYDNFGF
PROKKA_00011	tr|B2TSC3|B2TSC3_CLOBB Botulinum neurotoxin type B OS=Clostridium botulinum (strain Eklund 17B / Type B) GN=ntnH PE=4 SV=1 !!!ntnH	147	1197	27	12	44.44	12	3	95	121	NTYIMLSLNKVNELDYAWDIYDTNENI
PROKKA_00011	tr|B1BE43|B1BE43_CLOBO Botulinum neurotoxin type C, nontoxic-nonhemagglutinin component NTNH OS=Clostridium botulinum C str. Eklund GN=CBC_A0166 PE=4 SV=1 !!!ntnH	147	1196	12	6	50.00	6	0	114	125	IYDTNENILSQP
PROKKA_00011	tr|B1INP6|B1INP6_CLOBK Botulinum neurotoxin type B1, nontoxic-nonhemagglutinin component, NTNH OS=Clostridium botulinum (strain Okra / Type B1) GN=ntnH PE=4 SV=1 !!!ntnH	147	1197	22	8	36.36	14	0	20	41	SGSLYLNPVSKSLTFSNESSAN
PROKKA_00011	tr|A0A060N6G5|A0A060N6G5_CLOBO Nontoxic-nonhemagglutinin component, NTNH OS=Clostridium botulinum B str. Osaka05 GN=CBO05P2_175 PE=4 SV=1 !!!ntnH	147	1197	22	8	36.36	14	0	20	41	SGSLYLNPVSKSLTFSNESSAN
PROKKA_00012	tr|M1ZPH7|M1ZPH7_CLOBO Hemagglutinin component HA70 OS=Clostridium botulinum CFSAN001627 GN=CFSAN001627_19663 PE=4 SV=1 !!!ha70	627	626	626	626	100.00	0	0	1	626	MNSSIKKIYNDIQEKVINYSDTIDLADGNYVVRRGDGWILSRQNQILGGSVISNGSTGIVGDLRVNDNAIPYYYPTPSFNEEYIKNNIQTVFTNFTEANQIPIGFEFSKTAPSNKNLYMYLQYTYIRYEIIKVLQHEIIERAVLYVPSLGYVKSIEFNPGEKINKDFYFLTNDKCILNEQFLYKKILETTKNIPTNNIFNSKVSSTQRVLPYSNGLYVINKGDGYIRTNDKDLIGTLLIEAGSSGSIIQPRLRNTTRPLFTTSNDTKFSQQYTEERLKDAFNVQLFNTSTSLFKFVEEAPSDKNICIKAYNTYEKYELIDYQNGSIVNKAEYYLPSLGYCEVTNAPSPESEVVKMQVAEDGFIQNGPEEEIVVGVIDPSENIQEINTAISDNYTYNIPGIVNNNPFYILFTVNTTGIYKINTQNNLPPLKIYEAIGSGNRNLQAGNLCNNNIKAINYITGVDDPNTKSYLVVLLNKDKNYYIRVPQTSPNIENQIKFKREEGDLRNLMNSSVNIIDNLNSTGAHYYTRQSPDVGNYISYEFTVPGNFNNKDTSNIRLYTSNNQGIGTLFRVIETIDGYKLIGIRQNLHLLNNTNSIRLLNGAIYILKVEVTELNNYNIRLHIDITN
PROKKA_00012	tr|A5HZZ4|A5HZZ4_CLOBH Hemagglutinin component of the neurotoxin complex OS=Clostridium botulinum (strain Hall / ATCC 3502 / NCTC 13319 / Type A) GN=ha70 PE=1 SV=1 !!!ha70	627	626	626	606	96.81	20	0	1	626	MNSSIKKIYNDIQEKVINYSDTIDLADGNYVVRRGDGWILSRQNQILGGSVISNGSTGIVGDLRVNDNAIPYYYPTPSFNEEYIKNNIQTVFTNFTEANQIPIGFEFSKTAPSNKNLYMYLQYTYIRYEIIKVLQHEIIERAVLYVPSLGYVKSIEFNPGEKINKDFYFLTNDKCILNEQFLYKKILETTKNIPTNNIFNSKVSSTQRVLPYSNGLYVINKGDGYIRTNDKDLIGTLLIEAGSSGSIIQPRLRNTTRPLFTTSNDTKFSQQYTEERLKDAFNVQLFNTSTSLFKFVEEAPSDKNICIKAYNTYEKYELIDYQNGSIVNKAEYYLPSLGYCEVTNAPSPESEVVKMQVAEDGFIQNGPEEEIVVGVIDPSENIQEINTAISDNYTYNIPGIVNNNPFYILFTVNTTGIYKINTQNNLPPLKIYEAIGSGNRNLQAGNLCNNNIKAINYITGVDDPNTKSYLVVLLNKDKNYYIRVPQTSPNIENQIKFKREEGDLRNLMNSSVNIIDNLNSTGAHYYTRQSPDVGNYISYEFTVPGNFNNKDTSNIRLYTSNNQGIGTLFRVIETIDGYKLIGIRQNLHLLNNTNSIRLLNGAIYILKVEVTELNNYNIRLHIDITN
PROKKA_00012	tr|A0A060NA10|A0A060NA10_CLOBO Haemagglutinin component HA70 OS=Clostridium botulinum B str. Osaka05 GN=CBO05P2_179 PE=4 SV=1 !!!ha70	627	626	626	600	95.85	26	0	1	626	MNSSIKKIYNDIQEKVINYSDTIDLADGNYVVRRGDGWILSRQNQILGGSVISNGSTGIVGDLRVNDNAIPYYYPTPSFNEEYIKNNIQTVFTNFTEANQIPIGFEFSKTAPSNKNLYMYLQYTYIRYEIIKVLQHEIIERAVLYVPSLGYVKSIEFNPGEKINKDFYFLTNDKCILNEQFLYKKILETTKNIPTNNIFNSKVSSTQRVLPYSNGLYVINKGDGYIRTNDKDLIGTLLIEAGSSGSIIQPRLRNTTRPLFTTSNDTKFSQQYTEERLKDAFNVQLFNTSTSLFKFVEEAPSDKNICIKAYNTYEKYELIDYQNGSIVNKAEYYLPSLGYCEVTNAPSPESEVVKMQVAEDGFIQNGPEEEIVVGVIDPSENIQEINTAISDNYTYNIPGIVNNNPFYILFTVNTTGIYKINTQNNLPPLKIYEAIGSGNRNLQAGNLCNNNIKAINYITGVDDPNTKSYLVVLLNKDKNYYIRVPQTSPNIENQIKFKREEGDLRNLMNSSVNIIDNLNSTGAHYYTRQSPDVGNYISYEFTVPGNFNNKDTSNIRLYTSNNQGIGTLFRVIETIDGYKLIGIRQNLHLLNNTNSIRLLNGAIYILKVEVTELNNYNIRLHIDITN
PROKKA_00012	tr|A0A0E1L2H2|A0A0E1L2H2_CLOBO Hemagglutinin components HA-22/23/53 OS=Clostridium botulinum CDC_1436 GN=ha-70 PE=4 SV=1 !!!ha70	627	626	626	599	95.69	27	0	1	626	MNSSIKKIYNDIQEKVINYSDTIDLADGNYVVRRGDGWILSRQNQILGGSVISNGSTGIVGDLRVNDNAIPYYYPTPSFNEEYIKNNIQTVFTNFTEANQIPIGFEFSKTAPSNKNLYMYLQYTYIRYEIIKVLQHEIIERAVLYVPSLGYVKSIEFNPGEKINKDFYFLTNDKCILNEQFLYKKILETTKNIPTNNIFNSKVSSTQRVLPYSNGLYVINKGDGYIRTNDKDLIGTLLIEAGSSGSIIQPRLRNTTRPLFTTSNDTKFSQQYTEERLKDAFNVQLFNTSTSLFKFVEEAPSDKNICIKAYNTYEKYELIDYQNGSIVNKAEYYLPSLGYCEVTNAPSPESEVVKMQVAEDGFIQNGPEEEIVVGVIDPSENIQEINTAISDNYTYNIPGIVNNNPFYILFTVNTTGIYKINTQNNLPPLKIYEAIGSGNRNLQAGNLCNNNIKAINYITGVDDPNTKSYLVVLLNKDKNYYIRVPQTSPNIENQIKFKREEGDLRNLMNSSVNIIDNLNSTGAHYYTRQSPDVGNYISYEFTVPGNFNNKDTSNIRLYTSNNQGIGTLFRVIETIDGYKLIGIRQNLHLLNNTNSIRLLNGAIYILKVEVTELNNYNIRLHIDITN
PROKKA_00012	tr|A0A0B4W4X0|A0A0B4W4X0_CLOBO Hemagglutinin components HA-22/23/53 OS=Clostridium botulinum Prevot_594 GN=ha-70 PE=4 SV=1 !!!ha70	627	626	626	598	95.53	28	0	1	626	MNSSIKKIYNDIQEKVINYSDTIDLADGNYVVRRGDGWILSRQNQILGGSVISNGSTGIVGDLRVNDNAIPYYYPTPSFNEEYIKNNIQTVFTNFTEANQIPIGFEFSKTAPSNKNLYMYLQYTYIRYEIIKVLQHEIIERAVLYVPSLGYVKSIEFNPGEKINKDFYFLTNDKCILNEQFLYKKILETTKNIPTNNIFNSKVSSTQRVLPYSNGLYVINKGDGYIRTNDKDLIGTLLIEAGSSGSIIQPRLRNTTRPLFTTSNDTKFSQQYTEERLKDAFNVQLFNTSTSLFKFVEEAPSDKNICIKAYNTYEKYELIDYQNGSIVNKAEYYLPSLGYCEVTNAPSPESEVVKMQVAEDGFIQNGPEEEIVVGVIDPSENIQEINTAISDNYTYNIPGIVNNNPFYILFTVNTTGIYKINTQNNLPPLKIYEAIGSGNRNLQAGNLCNNNIKAINYITGVDDPNTKSYLVVLLNKDKNYYIRVPQTSPNIENQIKFKREEGDLRNLMNSSVNIIDNLNSTGAHYYTRQSPDVGNYISYEFTVPGNFNNKDTSNIRLYTSNNQGIGTLFRVIETIDGYKLIGIRQNLHLLNNTNSIRLLNGAIYILKVEVTELNNYNIRLHIDITN
PROKKA_00012	tr|B1INQ0|B1INQ0_CLOBK Hemagglutinin component HA70 OS=Clostridium botulinum (strain Okra / Type B1) GN=ha70 PE=4 SV=1 !!!ha70	627	626	626	597	95.37	29	0	1	626	MNSSIKKIYNDIQEKVINYSDTIDLADGNYVVRRGDGWILSRQNQILGGSVISNGSTGIVGDLRVNDNAIPYYYPTPSFNEEYIKNNIQTVFTNFTEANQIPIGFEFSKTAPSNKNLYMYLQYTYIRYEIIKVLQHEIIERAVLYVPSLGYVKSIEFNPGEKINKDFYFLTNDKCILNEQFLYKKILETTKNIPTNNIFNSKVSSTQRVLPYSNGLYVINKGDGYIRTNDKDLIGTLLIEAGSSGSIIQPRLRNTTRPLFTTSNDTKFSQQYTEERLKDAFNVQLFNTSTSLFKFVEEAPSDKNICIKAYNTYEKYELIDYQNGSIVNKAEYYLPSLGYCEVTNAPSPESEVVKMQVAEDGFIQNGPEEEIVVGVIDPSENIQEINTAISDNYTYNIPGIVNNNPFYILFTVNTTGIYKINTQNNLPPLKIYEAIGSGNRNLQAGNLCNNNIKAINYITGVDDPNTKSYLVVLLNKDKNYYIRVPQTSPNIENQIKFKREEGDLRNLMNSSVNIIDNLNSTGAHYYTRQSPDVGNYISYEFTVPGNFNNKDTSNIRLYTSNNQGIGTLFRVIETIDGYKLIGIRQNLHLLNNTNSIRLLNGAIYILKVEVTELNNYNIRLHIDITN
PROKKA_00012	tr|B2TSB9|B2TSB9_CLOBB Heamagglutinin components HA-70 OS=Clostridium botulinum (strain Eklund 17B / Type B) GN=ha70 PE=4 SV=1 !!!ha70	627	626	626	591	94.41	35	0	1	626	MNSSIKKIYNDIQEKVINYSDTIDLADGNYVVRRGDGWILSRQNQILGGSVISNGSTGIVGDLRVNDNAIPYYYPTPSFNEEYIKNNIQTVFTNFTEANQIPIGFEFSKTAPSNKNLYMYLQYTYIRYEIIKVLQHEIIERAVLYVPSLGYVKSIEFNPGEKINKDFYFLTNDKCILNEQFLYKKILETTKNIPTNNIFNSKVSSTQRVLPYSNGLYVINKGDGYIRTNDKDLIGTLLIEAGSSGSIIQPRLRNTTRPLFTTSNDTKFSQQYTEERLKDAFNVQLFNTSTSLFKFVEEAPSDKNICIKAYNTYEKYELIDYQNGSIVNKAEYYLPSLGYCEVTNAPSPESEVVKMQVAEDGFIQNGPEEEIVVGVIDPSENIQEINTAISDNYTYNIPGIVNNNPFYILFTVNTTGIYKINTQNNLPPLKIYEAIGSGNRNLQAGNLCNNNIKAINYITGVDDPNTKSYLVVLLNKDKNYYIRVPQTSPNIENQIKFKREEGDLRNLMNSSVNIIDNLNSTGAHYYTRQSPDVGNYISYEFTVPGNFNNKDTSNIRLYTSNNQGIGTLFRVIETIDGYKLIGIRQNLHLLNNTNSIRLLNGAIYILKVEVTELNNYNIRLHIDITN
PROKKA_00012	tr|S8BA68|S8BA68_CLOBO Hemagglutinin component HA70 OS=Clostridium botulinum CFSAN002367 GN=CFSAN002367_15786 PE=4 SV=1 !!!ha70	627	508	508	488	96.06	20	0	119	626	MYLQYTYIRYEIIKVLQHEIIERAVLYVPSLGYVKSIEFNPGEKINKDFYFLTNDKCILNEQFLYKKILETTKNIPTNNIFNSKVSSTQRVLPYSNGLYVINKGDGYIRTNDKDLIGTLLIEAGSSGSIIQPRLRNTTRPLFTTSNDTKFSQQYTEERLKDAFNVQLFNTSTSLFKFVEEAPSDKNICIKAYNTYEKYELIDYQNGSIVNKAEYYLPSLGYCEVTNAPSPESEVVKMQVAEDGFIQNGPEEEIVVGVIDPSENIQEINTAISDNYTYNIPGIVNNNPFYILFTVNTTGIYKINTQNNLPPLKIYEAIGSGNRNLQAGNLCNNNIKAINYITGVDDPNTKSYLVVLLNKDKNYYIRVPQTSPNIENQIKFKREEGDLRNLMNSSVNIIDNLNSTGAHYYTRQSPDVGNYISYEFTVPGNFNNKDTSNIRLYTSNNQGIGTLFRVIETIDGYKLIGIRQNLHLLNNTNSIRLLNGAIYILKVEVTELNNYNIRLHIDITN
PROKKA_00012	tr|S8BA68|S8BA68_CLOBO Hemagglutinin component HA70 OS=Clostridium botulinum CFSAN002367 GN=CFSAN002367_15786 PE=4 SV=1 !!!ha70	627	508	141	41	29.08	97	3	15	153	KVINYSDTIDLADGNYVVRRGDGWILSRQNQILGGSVISNGSTGIVGDLRVNDNAIPYYYPT--PSFNEEYIKNNIQTVFTNFTEANQIPIGFEFSKTAPSNKNLYMYLQYTYIRYEIIKVLQHEIIERAVLYVPSLGYVK
PROKKA_00012	tr|B1BE46|B1BE46_CLOBO Non-toxin haemagglutinin HA-70 OS=Clostridium botulinum C str. Eklund GN=CBC_A0169 PE=4 SV=1 !!!ha70	627	623	627	436	69.54	186	5	1	626	MNSSIKKIYNDIQEKVINYSDTIDLADGNYVVRRGDGWILSRQNQILGGSVISNGSTGIVGDLRVNDNAIPYYYPTPSFNEEYIKNNIQTVFTNFTEANQIPIGFEFSKTAPSNKNLYMYLQYTYIRYEIIKVLQHEIIERAVLYVPSLGYVKSIEFNPGEKINKDFYFLTNDKCILNEQFLYKKILETTKNIPTNNIFNSK-VSSTQRVLPYSNGLYVINKGDGYIRTNDKDLIGTLLIEAGSSGSIIQPRLRNTTRPLFTTSNDTKFSQQYTEERLKDAFNVQLFNTSTSLFKFVEEAPSDKNICIKAYNTYEKYELIDYQNGSIVNKAEYYLPSLGYCEVTNAPSPESEVVKMQVAEDGFIQNGPEEEIVVGVIDPSENIQEINTAISDNYTYNIPGIVNNNPFYILFTVNTTGIYKINTQNNLPPLKIYEAIGSGNRNLQAGNLCNNNIKAINYITGVDDPNTKSYLVVLLNKDKNYYIRVPQTSPNIENQIKFKREEGDLRNLMNSSVNIIDNLNSTGAHYYTRQSPDVGNYISYEFTVPGNFNNKDTSNIRLYTSNNQGIGTLFRVIETIDGYKLIGIRQNLHLLNNTNSIRLLNGAIYILKVEVTELNNYNIRLHIDITN
PROKKA_00012	tr|A0A0C1TZQ5|A0A0C1TZQ5_9CLOT Hemagglutinin components HA-22/23/53 OS=Clostridium argentinense CDC 2741 GN=ha-70 PE=4 SV=1 !!!ha70	627	629	631	439	69.57	185	7	1	626	MNSSIKKIYNDIQEKVINYSDTIDLADGNYVVRRGDGWILSRQNQILGGSVISNGSTGIVGDLRVNDNAIPYYYPTPSFNEEYIKNNIQTVFTNFTEANQIPIGFEFSKTAPSNKNLYMYLQYTYIRYEIIKVLQHEIIERAVLYVPSLGYVKSIEFNPGEKINKDFYFLTNDKCILNEQFLYKKI--LETTKNIPTNNI--FNSKVSSTQRVLPYSNGLYVINKGDGYIRTNDKDLIGTLLIEAGSSGSIIQPRLRNTTRPLFTTSNDTKFSQQYTEERLKDAFNVQLFNTSTSLFKFVEEAPSDKNICIKAYNTYEKYELIDYQNGSIVNKAEYYLPSLGYCEVTNAPSPESEVVKMQVAEDGFIQNGPEEEIVVGVIDPSENIQEINTAISDNYTYNIPGIVNNNPFYILFTVNTTGIYKINTQNNLPPLKIYEAIGSGNRNLQAGNLCNNNIKAINYITGVDDPNTKSYLVVLLNKDKNYYIRVPQTSPNIENQIKFKREEGDLRNLM-NSSVNIIDNLNSTGAHYYTRQSPDVGNYISYEFTVPGNFNNKDTSNIRLYTSNNQGIGTLFRVIETIDGYKLIGIRQNLHLLNNTNSIRLLNGAIYILKVEVTELNNYNIRLHIDITN
PROKKA_00012	tr|A0A059PYB0|A0A059PYB0_9CLOT Toxin complex component ORF-X2 OS=Clostridium baratii PE=4 SV=1 !!!ORF-X2	627	748	104	22	21.15	78	4	174	277	KCILNEQFLYKKILETTKNIPTNNIFNSKVSSTQRVLPYSNGLYVINKGDGYIRTNDKDLIGTLLIEAGSSGSIIQPRLRNTTRPLFTTSNDTKFSQQYTEERL
PROKKA_00012	tr|C5VU80|C5VU80_CLOBO Botulinum neurotoxin type D, nontoxic-nonhemagglutinin component, NTNH OS=Clostridium botulinum D str. 1873 GN=ntnH PE=4 SV=1 !!!ntnH	627	1196	72	19	26.39	51	2	345	416	APSPESEVVKMQVAEDGFIQNGPEEEIVVGVIDPSENIQEINTAISDNYTYNIPGIVNNNPFYILFTVNTTG
PROKKA_00012	tr|M1ZWZ6|M1ZWZ6_CLOBO Transcriptional regulator BotR, P-21 OS=Clostridium botulinum CFSAN001627 GN=CFSAN001627_10483 PE=4 SV=1 !!!BotR	627	178	33	10	30.30	23	0	395	427	YNIPGIVNNNPFYILFTVNTTGIYKINTQNNLP
PROKKA_00012	tr|C1FUH7|C1FUH7_CLOBJ P-47 protein OS=Clostridium botulinum (strain Kyoto / Type A2) GN=p47 PE=4 SV=1 !!!P-47	627	416	142	37	26.06	91	14	329	462	KAEYYLP---SLGYCEVTNAPSPESEVVKMQVAEDGFIQNGPEEEIVVGVIDPSENIQEINTAISDNYTYNIPGIVNNNPFYILFTVNTTGIYKINTQNNLPPLKI-----YEAIGSGNRNLQAGNLCNNNIKAINYITGVD
PROKKA_00012	tr|A0A073CP83|A0A073CP83_CLOBO Transcriptional regulator OS=Clostridium botulinum A2B3 87 GN=N496_19575 PE=4 SV=1 !!! 	627	178	33	10	30.30	23	0	395	427	YNIPGIVNNNPFYILFTVNTTGIYKINTQNNLP
PROKKA_00012	tr|A5HZZ7|A5HZZ7_CLOBH RNA polymerase ECF-type sigma factor OS=Clostridium botulinum (strain Hall / ATCC 3502 / NCTC 13319 / Type A) GN=botR PE=4 SV=1 !!!BotR	627	178	33	10	30.30	23	0	395	427	YNIPGIVNNNPFYILFTVNTTGIYKINTQNNLP
PROKKA_00012	tr|S8CEF4|S8CEF4_CLOBO Transcriptional regulator BotR, P-21 OS=Clostridium botulinum CFSAN002367 GN=CFSAN002367_15806 PE=4 SV=1 !!!BotR	627	178	33	10	30.30	23	0	395	427	YNIPGIVNNNPFYILFTVNTTGIYKINTQNNLP
PROKKA_00012	tr|B2TSC2|B2TSC2_CLOBB Putative RNA polymerase sigma factor OS=Clostridium botulinum (strain Eklund 17B / Type B) GN=botR PE=4 SV=1 !!!BotR	627	179	33	10	30.30	23	0	395	427	YNIPGIVNNNPFYILFTVNTTGIYKINTQNNLP
PROKKA_00012	tr|A0A060N3U8|A0A060N3U8_CLOBO Transcriptional regulator botR OS=Clostridium botulinum B str. Osaka05 GN=CBO05P2_176 PE=4 SV=1 !!!BotR	627	178	33	10	30.30	23	0	395	427	YNIPGIVNNNPFYILFTVNTTGIYKINTQNNLP
PROKKA_00012	tr|A0A0D1AER2|A0A0D1AER2_CLOBO Transcriptional regulator OS=Clostridium botulinum B2 450 GN=N495_19875 PE=4 SV=1 !!! 	627	178	33	10	30.30	23	0	395	427	YNIPGIVNNNPFYILFTVNTTGIYKINTQNNLP
PROKKA_00012	tr|B1BE43|B1BE43_CLOBO Botulinum neurotoxin type C, nontoxic-nonhemagglutinin component NTNH OS=Clostridium botulinum C str. Eklund GN=CBC_A0166 PE=4 SV=1 !!!ntnH	627	1196	69	18	26.09	49	2	348	416	PESEVVKMQVAEDGFIQNGPEEEIVVGVIDPSENIQEINTAISDNYTYNIPGIVNNNPFYILFTVNTTG
PROKKA_00012	tr|B1BE45|B1BE45_CLOBO Non-toxin haemagglutinin HA-17 OS=Clostridium botulinum C str. Eklund GN=CBC_A0168 PE=4 SV=1 !!!ha17	627	146	20	11	55.00	5	4	104	123	GFEFSKTAPSNKNLYMYLQY
PROKKA_00013	tr|C4IHM0|C4IHM0_CLOBU Botulinum neurotoxin type E, nontoxic-nonhemagglutinin component, NTNH OS=Clostridium butyricum E4 str. BoNT E BL5262 GN=ntnH PE=4 SV=1 !!!ntnH	79	1163	29	10	34.48	12	7	32	60	CNINKEDIQKWFVVYREHGEAVLSTVNGT
PROKKA_00013	tr|C4IHM0|C4IHM0_CLOBU Botulinum neurotoxin type E, nontoxic-nonhemagglutinin component, NTNH OS=Clostridium butyricum E4 str. BoNT E BL5262 GN=ntnH PE=4 SV=1 !!!ntnH	79	1163	44	12	27.27	28	4	21	64	DNVSFGMLAQECNINKEDIQKWFVVYREHGEAVLSTVNGTYTRD
PROKKA_00013	tr|A0A0X1KH90|A0A0X1KH90_CLOBA Botulinum neurotoxin type E, nontoxic-nonhemagglutinin component, NTNH OS=Clostridium botulinum (strain Alaska E43 / Type E3) PE=1 SV=1 !!!ntnH	79	1163	29	10	34.48	12	7	32	60	CNINKEDIQKWFVVYREHGEAVLSTVNGT
PROKKA_00013	tr|A0A0X1KH90|A0A0X1KH90_CLOBA Botulinum neurotoxin type E, nontoxic-nonhemagglutinin component, NTNH OS=Clostridium botulinum (strain Alaska E43 / Type E3) PE=1 SV=1 !!!ntnH	79	1163	44	12	27.27	28	4	21	64	DNVSFGMLAQECNINKEDIQKWFVVYREHGEAVLSTVNGTYTRD
PROKKA_00013	tr|C5UY14|C5UY14_CLOBO Botulinum neurotoxin type E1, nontoxic-nonhemagglutinin component, NTNH OS=Clostridium botulinum E1 str. 'BoNT E Beluga' GN=ntnH PE=4 SV=1 !!!ntnH	79	1163	29	10	34.48	12	7	32	60	CNINKEDIQKWFVVYREHGEAVLSTVNGT
PROKKA_00013	tr|C5UY14|C5UY14_CLOBO Botulinum neurotoxin type E1, nontoxic-nonhemagglutinin component, NTNH OS=Clostridium botulinum E1 str. 'BoNT E Beluga' GN=ntnH PE=4 SV=1 !!!ntnH	79	1163	44	12	27.27	28	4	21	64	DNVSFGMLAQECNINKEDIQKWFVVYREHGEAVLSTVNGTYTRD
PROKKA_00013	tr|B1INP8|B1INP8_CLOBK Hemagglutinin component HA33 OS=Clostridium botulinum (strain Okra / Type B1) GN=ha33 PE=1 SV=1 !!!ha33	79	294	31	12	38.71	18	1	23	52	VSFGMLAQECNINKEDI-QKWFVVYREHGEA
PROKKA_00013	tr|C5VU79|C5VU79_CLOBO Hemagglutinin component HA33 OS=Clostridium botulinum D str. 1873 GN=ha33 PE=4 SV=1 !!!ha33	79	285	18	8	44.44	10	0	35	52	NKEDIQKWFVVYREHGEA
PROKKA_00013	tr|B1INP6|B1INP6_CLOBK Botulinum neurotoxin type B1, nontoxic-nonhemagglutinin component, NTNH OS=Clostridium botulinum (strain Okra / Type B1) GN=ntnH PE=4 SV=1 !!!ntnH	79	1197	31	10	32.26	19	2	13	43	EIVKKYLSDNVSFGMLAQECNINKEDIQKWF
PROKKA_00013	tr|A0A0C1TY77|A0A0C1TY77_9CLOT Main hemagglutinin component OS=Clostridium argentinense CDC 2741 GN=ha-33 PE=4 SV=1 !!!ha33	79	285	20	7	35.00	13	0	33	52	NINKEDIQKWFVVYREHGEA
PROKKA_00014	tr|C5UY11|C5UY11_CLOBO Toxin complex component ORF-X2 OS=Clostridium botulinum E1 str. 'BoNT E Beluga' GN=CLO_2648 PE=4 SV=1 !!!ORF-X2	345	748	30	12	40.00	18	0	160	189	INGTINDNSEVKGYLQEEDNKLIGNININD
PROKKA_00014	tr|C5UY10|C5UY10_CLOBO Toxin complex component ORF-X3 OS=Clostridium botulinum E1 str. 'BoNT E Beluga' GN=CLO_2647 PE=4 SV=1 !!!ORF-X3	345	487	80	22	27.50	41	17	18	82	NEDDKKNIEYEAKSLLDNMYFTIKNTKFNGKNLFTGEKLNIQ---------GSTYNTDIKLMDFKV------PKEDSIFI
PROKKA_00014	tr|A5HZZ8|A5HZZ8_CLOBH Type A progenitor toxin nontoxic-nonha OS=Clostridium botulinum (strain Hall / ATCC 3502 / NCTC 13319 / Type A) GN=ntnH PE=4 SV=1 !!!ntnH	345	1193	72	21	29.17	47	4	5	75	LKELSLIYKNNTLNEDDKKNIEYEAKSLLDNMYFTIKNTKFNGKNLFTGE-KLNIQGSTYNTDIKLMDFKVP
PROKKA_00014	tr|A0A0C1TZQ5|A0A0C1TZQ5_9CLOT Hemagglutinin components HA-22/23/53 OS=Clostridium argentinense CDC 2741 GN=ha-70 PE=4 SV=1 !!!ha70	345	629	152	41	26.97	68	43	182	309	IGNININDKEYNI-QLETTMEYALKTNL--NSIKTTIINKNNHT----FRGNTSIVDIQDN---SGMTYTSKEITIYEFKEIIANNKSNNKNKQIVFELSNNKKITFDINNKDI--------------NLYIFDEEYNSFDISDILNSSNII
PROKKA_00014	tr|A0A0C1TZQ5|A0A0C1TZQ5_9CLOT Hemagglutinin components HA-22/23/53 OS=Clostridium argentinense CDC 2741 GN=ha-70 PE=4 SV=1 !!!ha70	345	629	30	12	40.00	14	4	158	185	FSINGTIN--DNSEVKGYLQEEDNKLIGNI
PROKKA_00014	tr|A0A060N3U8|A0A060N3U8_CLOBO Transcriptional regulator botR OS=Clostridium botulinum B str. Osaka05 GN=CBO05P2_176 PE=4 SV=1 !!!BotR	345	178	27	13	48.15	9	5	105	126	LKKYNLE-----KANKIIFYESEMVDK
PROKKA_00014	tr|A0A0D1AER2|A0A0D1AER2_CLOBO Transcriptional regulator OS=Clostridium botulinum B2 450 GN=N495_19875 PE=4 SV=1 !!! 	345	178	27	13	48.15	9	5	105	126	LKKYNLE-----KANKIIFYESEMVDK
PROKKA_00014	tr|A0A073CP83|A0A073CP83_CLOBO Transcriptional regulator OS=Clostridium botulinum A2B3 87 GN=N496_19575 PE=4 SV=1 !!! 	345	178	27	13	48.15	9	5	105	126	LKKYNLE-----KANKIIFYESEMVDK
PROKKA_00014	tr|A5HZZ7|A5HZZ7_CLOBH RNA polymerase ECF-type sigma factor OS=Clostridium botulinum (strain Hall / ATCC 3502 / NCTC 13319 / Type A) GN=botR PE=4 SV=1 !!!BotR	345	178	27	13	48.15	9	5	105	126	LKKYNLE-----KANKIIFYESEMVDK
PROKKA_00014	tr|S8CEF4|S8CEF4_CLOBO Transcriptional regulator BotR, P-21 OS=Clostridium botulinum CFSAN002367 GN=CFSAN002367_15806 PE=4 SV=1 !!!BotR	345	178	27	13	48.15	9	5	105	126	LKKYNLE-----KANKIIFYESEMVDK
PROKKA_00014	tr|A5HZZ6|A5HZZ6_CLOBH Hemagglutinin component of the neurotoxin complex OS=Clostridium botulinum (strain Hall / ATCC 3502 / NCTC 13319 / Type A) GN=ha33 PE=1 SV=1 !!!ha33	345	293	22	11	50.00	7	4	303	320	LNSSN----IIEEKVLSELNNY
PROKKA_00015	tr|A7GBF8|A7GBF8_CLOBL Toxin complex component ORF-X2 OS=Clostridium botulinum (strain Langeland / NCTC 10281 / Type F) GN=CLI_0846 PE=4 SV=1 !!!ORF-X2	48	750	16	7	43.75	9	0	18	33	EIERINRINTSVRSRN
PROKKA_00015	tr|B2TSC2|B2TSC2_CLOBB Putative RNA polymerase sigma factor OS=Clostridium botulinum (strain Eklund 17B / Type B) GN=botR PE=4 SV=1 !!!BotR	48	179	35	14	40.00	17	4	7	41	KKVNIAADSPSEIERINRINTSVRSRNIAVRIFKK
PROKKA_00016	tr|B1BE43|B1BE43_CLOBO Botulinum neurotoxin type C, nontoxic-nonhemagglutinin component NTNH OS=Clostridium botulinum C str. Eklund GN=CBC_A0166 PE=4 SV=1 !!!ntnH	62	1196	44	13	29.55	31	0	8	51	FIKKIEIIEALVSLYEQKYEFDDEIIEDLKLKYRPVFPEELKNI
PROKKA_00016	tr|C5UY10|C5UY10_CLOBO Toxin complex component ORF-X3 OS=Clostridium botulinum E1 str. 'BoNT E Beluga' GN=CLO_2647 PE=4 SV=1 !!!ORF-X3	62	487	12	7	58.33	5	0	36	47	LKLKYRPVFPEE
PROKKA_00016	tr|A7GBF7|A7GBF7_CLOBL Toxin complex component ORF-X3 OS=Clostridium botulinum (strain Langeland / NCTC 10281 / Type F) GN=CLI_0845 PE=4 SV=1 !!!ORF-X3	62	490	12	7	58.33	5	0	36	47	LKLKYRPVFPEE
PROKKA_00016	tr|B1L2F9|B1L2F9_CLOBM Toxin complex component ORF-X3 OS=Clostridium botulinum (strain Loch Maree / Type A3) GN=CLK_A0070 PE=4 SV=1 !!!ORF-X3	62	490	12	7	58.33	5	0	36	47	LKLKYRPVFPEE
PROKKA_00016	tr|C1FUH3|C1FUH3_CLOBJ Toxin complex component ORF-X3 OS=Clostridium botulinum (strain Kyoto / Type A2) GN=CLM_0891 PE=4 SV=1 !!!ORF-X3	62	490	12	7	58.33	5	0	36	47	LKLKYRPVFPEE
PROKKA_00016	tr|B1INP6|B1INP6_CLOBK Botulinum neurotoxin type B1, nontoxic-nonhemagglutinin component, NTNH OS=Clostridium botulinum (strain Okra / Type B1) GN=ntnH PE=4 SV=1 !!!ntnH	62	1197	37	10	27.03	27	0	8	44	FIKKIEIIEALVSLYEQKYEFDDEIIEDLKLKYRPVF
PROKKA_00016	tr|A5HZZ8|A5HZZ8_CLOBH Type A progenitor toxin nontoxic-nonha OS=Clostridium botulinum (strain Hall / ATCC 3502 / NCTC 13319 / Type A) GN=ntnH PE=4 SV=1 !!!ntnH	62	1193	37	10	27.03	27	0	8	44	FIKKIEIIEALVSLYEQKYEFDDEIIEDLKLKYRPVF
PROKKA_00016	tr|A0A060N6G5|A0A060N6G5_CLOBO Nontoxic-nonhemagglutinin component, NTNH OS=Clostridium botulinum B str. Osaka05 GN=CBO05P2_175 PE=4 SV=1 !!!ntnH	62	1197	41	11	26.83	30	0	4	44	IEWIFIKKIEIIEALVSLYEQKYEFDDEIIEDLKLKYRPVF
PROKKA_00016	tr|B2TSC2|B2TSC2_CLOBB Putative RNA polymerase sigma factor OS=Clostridium botulinum (strain Eklund 17B / Type B) GN=botR PE=4 SV=1 !!!BotR	62	179	14	8	57.14	6	0	46	59	EELKNIQKNLEKTI
PROKKA_00016	tr|A7GBG2|A7GBG2_CLOBL Botulinum neurotoxin type F, nontoxic-nonhemagglutinin component, NTNH OS=Clostridium botulinum (strain Langeland / NCTC 10281 / Type F) GN=ntnH PE=4 SV=1 !!!ntnH	62	1163	33	12	36.36	20	1	9	40	IKKIEIIEALVSLY-EQKYEFDDEIIEDLKLKY
PROKKA_00017	tr|C5VU80|C5VU80_CLOBO Botulinum neurotoxin type D, nontoxic-nonhemagglutinin component, NTNH OS=Clostridium botulinum D str. 1873 GN=ntnH PE=4 SV=1 !!!ntnH	37	1196	21	10	47.62	7	4	11	27	YYNYLKESFAN----VNLSEE
PROKKA_00017	tr|B1BE43|B1BE43_CLOBO Botulinum neurotoxin type C, nontoxic-nonhemagglutinin component NTNH OS=Clostridium botulinum C str. Eklund GN=CBC_A0166 PE=4 SV=1 !!!ntnH	37	1196	21	10	47.62	7	4	11	27	YYNYLKESFAN----VNLSEE
PROKKA_00017	tr|B2TSC3|B2TSC3_CLOBB Botulinum neurotoxin type B OS=Clostridium botulinum (strain Eklund 17B / Type B) GN=ntnH PE=4 SV=1 !!!ntnH	37	1197	12	7	58.33	5	0	10	21	EYYNYLKESFAN
PROKKA_00017	tr|B2TSC3|B2TSC3_CLOBB Botulinum neurotoxin type B OS=Clostridium botulinum (strain Eklund 17B / Type B) GN=ntnH PE=4 SV=1 !!!ntnH	37	1197	12	6	50.00	6	0	8	19	VNEYYNYLKESF
PROKKA_00017	tr|B2TSC3|B2TSC3_CLOBB Botulinum neurotoxin type B OS=Clostridium botulinum (strain Eklund 17B / Type B) GN=ntnH PE=4 SV=1 !!!ntnH	37	1197	14	5	35.71	9	0	2	15	KIKHTKVNEYYNYL
PROKKA_00017	tr|A0A060N6G5|A0A060N6G5_CLOBO Nontoxic-nonhemagglutinin component, NTNH OS=Clostridium botulinum B str. Osaka05 GN=CBO05P2_175 PE=4 SV=1 !!!ntnH	37	1197	12	7	58.33	5	0	10	21	EYYNYLKESFAN
PROKKA_00017	tr|A0A060N6G5|A0A060N6G5_CLOBO Nontoxic-nonhemagglutinin component, NTNH OS=Clostridium botulinum B str. Osaka05 GN=CBO05P2_175 PE=4 SV=1 !!!ntnH	37	1197	12	6	50.00	6	0	8	19	VNEYYNYLKESF
PROKKA_00017	tr|B1INP6|B1INP6_CLOBK Botulinum neurotoxin type B1, nontoxic-nonhemagglutinin component, NTNH OS=Clostridium botulinum (strain Okra / Type B1) GN=ntnH PE=4 SV=1 !!!ntnH	37	1197	12	6	50.00	6	0	8	19	VNEYYNYLKESF
PROKKA_00017	tr|B1INP6|B1INP6_CLOBK Botulinum neurotoxin type B1, nontoxic-nonhemagglutinin component, NTNH OS=Clostridium botulinum (strain Okra / Type B1) GN=ntnH PE=4 SV=1 !!!ntnH	37	1197	11	6	54.55	5	0	11	21	YYNYLKESFAN
PROKKA_00017	tr|A7GBG2|A7GBG2_CLOBL Botulinum neurotoxin type F, nontoxic-nonhemagglutinin component, NTNH OS=Clostridium botulinum (strain Langeland / NCTC 10281 / Type F) GN=ntnH PE=4 SV=1 !!!ntnH	37	1163	11	7	63.64	4	0	11	21	YYNYLKESFAN
PROKKA_00017	tr|C1FUH8|C1FUH8_CLOBJ Botulinum neurotoxin type A2, nontoxic-nonhemagglutinin component, NTNH OS=Clostridium botulinum (strain Kyoto / Type A2) GN=ntnH PE=4 SV=1 !!!ntnH	37	1159	11	7	63.64	4	0	11	21	YYNYLKESFAN
PROKKA_00017	tr|B1L2G4|B1L2G4_CLOBM Botulinum neurotoxin type A3, nontoxic-nonhemagglutinin component, NTNH OS=Clostridium botulinum (strain Loch Maree / Type A3) GN=ntnH PE=4 SV=1 !!!ntnH	37	1159	11	7	63.64	4	0	11	21	YYNYLKESFAN
PROKKA_00017	tr|C4IHM0|C4IHM0_CLOBU Botulinum neurotoxin type E, nontoxic-nonhemagglutinin component, NTNH OS=Clostridium butyricum E4 str. BoNT E BL5262 GN=ntnH PE=4 SV=1 !!!ntnH	37	1163	23	8	34.78	15	0	10	32	EYYNYLKESFANVNLSEEHRMDI
PROKKA_00017	tr|A0A0X1KH90|A0A0X1KH90_CLOBA Botulinum neurotoxin type E, nontoxic-nonhemagglutinin component, NTNH OS=Clostridium botulinum (strain Alaska E43 / Type E3) PE=1 SV=1 !!!ntnH	37	1163	23	8	34.78	15	0	10	32	EYYNYLKESFANVNLSEEHRMDI
PROKKA_00017	tr|C5UY14|C5UY14_CLOBO Botulinum neurotoxin type E1, nontoxic-nonhemagglutinin component, NTNH OS=Clostridium botulinum E1 str. 'BoNT E Beluga' GN=ntnH PE=4 SV=1 !!!ntnH	37	1163	23	8	34.78	15	0	10	32	EYYNYLKESFANVNLSEEHRMDI
PROKKA_00017	tr|C5UY11|C5UY11_CLOBO Toxin complex component ORF-X2 OS=Clostridium botulinum E1 str. 'BoNT E Beluga' GN=CLO_2648 PE=4 SV=1 !!!ORF-X2	37	748	22	7	31.82	15	0	10	31	EYYNYLKESFANVNLSEEHRMD
PROKKA_00017	tr|B1BE46|B1BE46_CLOBO Non-toxin haemagglutinin HA-70 OS=Clostridium botulinum C str. Eklund GN=CBC_A0169 PE=4 SV=1 !!!ha70	37	623	11	5	45.45	6	0	1	11	MKIKHTKVNEY
PROKKA_00017	tr|A5HZZ8|A5HZZ8_CLOBH Type A progenitor toxin nontoxic-nonha OS=Clostridium botulinum (strain Hall / ATCC 3502 / NCTC 13319 / Type A) GN=ntnH PE=4 SV=1 !!!ntnH	37	1193	11	6	54.55	5	0	11	21	YYNYLKESFAN
PROKKA_00018	tr|C1FUH8|C1FUH8_CLOBJ Botulinum neurotoxin type A2, nontoxic-nonhemagglutinin component, NTNH OS=Clostridium botulinum (strain Kyoto / Type A2) GN=ntnH PE=4 SV=1 !!!ntnH	39	1159	16	5	31.25	11	0	14	29	TIVGEFMHFKISYIIA
PROKKA_00018	tr|A5HZZ8|A5HZZ8_CLOBH Type A progenitor toxin nontoxic-nonha OS=Clostridium botulinum (strain Hall / ATCC 3502 / NCTC 13319 / Type A) GN=ntnH PE=4 SV=1 !!!ntnH	39	1193	16	5	31.25	11	0	14	29	TIVGEFMHFKISYIIA
PROKKA_00019	tr|C5UY11|C5UY11_CLOBO Toxin complex component ORF-X2 OS=Clostridium botulinum E1 str. 'BoNT E Beluga' GN=CLO_2648 PE=4 SV=1 !!!ORF-X2	111	748	55	17	30.91	34	4	9	63	LIETIFENIDQRLKQNFYNFYENLFNMNNKEENLKLLIKDIIQREFIVAELTKIS
PROKKA_00019	tr|B2TSC1|B2TSC1_CLOBB Haemagglutinin component OS=Clostridium botulinum (strain Eklund 17B / Type B) GN=ha33 PE=4 SV=1  !!!ha33	111	292	22	9	40.91	13	0	37	58	NKEENLKLLIKDIIQREFIVAE
PROKKA_00019	tr|B1INP8|B1INP8_CLOBK Hemagglutinin component HA33 OS=Clostridium botulinum (strain Okra / Type B1) GN=ha33 PE=1 SV=1 !!!ha33	111	294	22	9	40.91	13	0	37	58	NKEENLKLLIKDIIQREFIVAE
PROKKA_00019	tr|A5HZZ6|A5HZZ6_CLOBH Hemagglutinin component of the neurotoxin complex OS=Clostridium botulinum (strain Hall / ATCC 3502 / NCTC 13319 / Type A) GN=ha33 PE=1 SV=1 !!!ha33	111	293	22	9	40.91	13	0	37	58	NKEENLKLLIKDIIQREFIVAE
PROKKA_00019	tr|A5HZZ6|A5HZZ6_CLOBH Hemagglutinin component of the neurotoxin complex OS=Clostridium botulinum (strain Hall / ATCC 3502 / NCTC 13319 / Type A) GN=ha33 PE=1 SV=1 !!!ha33	111	293	19	9	47.37	8	2	61	77	KISDMDLHKTK--HTFIAP
PROKKA_00019	tr|B1BE43|B1BE43_CLOBO Botulinum neurotoxin type C, nontoxic-nonhemagglutinin component NTNH OS=Clostridium botulinum C str. Eklund GN=CBC_A0166 PE=4 SV=1 !!!ntnH	111	1196	25	9	36.00	16	0	12	36	TIFENIDQRLKQNFYNFYENLFNMN
PROKKA_00019	tr|C4IHM0|C4IHM0_CLOBU Botulinum neurotoxin type E, nontoxic-nonhemagglutinin component, NTNH OS=Clostridium butyricum E4 str. BoNT E BL5262 GN=ntnH PE=4 SV=1 !!!ntnH	111	1163	97	28	28.87	52	17	6	87	PEYLIETIFENIDQRLKQNFY---------NFYENL---FNMNNKEENLKLLIKDIIQREFIVAELTKISDMDLH---KTKHTFIAPNKINKLKRYN
PROKKA_00019	tr|A0A0X1KH90|A0A0X1KH90_CLOBA Botulinum neurotoxin type E, nontoxic-nonhemagglutinin component, NTNH OS=Clostridium botulinum (strain Alaska E43 / Type E3) PE=1 SV=1 !!!ntnH	111	1163	97	28	28.87	52	17	6	87	PEYLIETIFENIDQRLKQNFY---------NFYENL---FNMNNKEENLKLLIKDIIQREFIVAELTKISDMDLH---KTKHTFIAPNKINKLKRYN
PROKKA_00019	tr|C5UY14|C5UY14_CLOBO Botulinum neurotoxin type E1, nontoxic-nonhemagglutinin component, NTNH OS=Clostridium botulinum E1 str. 'BoNT E Beluga' GN=ntnH PE=4 SV=1 !!!ntnH	111	1163	97	28	28.87	52	17	6	87	PEYLIETIFENIDQRLKQNFY---------NFYENL---FNMNNKEENLKLLIKDIIQREFIVAELTKISDMDLH---KTKHTFIAPNKINKLKRYN
PROKKA_00020	tr|B1BE43|B1BE43_CLOBO Botulinum neurotoxin type C, nontoxic-nonhemagglutinin component NTNH OS=Clostridium botulinum C str. Eklund GN=CBC_A0166 PE=4 SV=1 !!!ntnH	260	1196	70	18	25.71	43	9	3	63	YWLYNSIFVT---------NFFYLKSETNKQINITFNLDFIYNICTIISDKWNNNLNFIYMEYPRLLLDH
PROKKA_00020	tr|A0A073CND8|A0A073CND8_CLOBO P-47 protein OS=Clostridium botulinum A2B3 87 GN=N496_18585 PE=4 SV=1 !!!P-47	260	415	36	13	36.11	23	0	214	249	KVYVDSILYDKILKNQVSTIYNDKINQFEISDLFSN
PROKKA_00020	tr|A0A059PYB0|A0A059PYB0_9CLOT Toxin complex component ORF-X2 OS=Clostridium baratii PE=4 SV=1 !!!ORF-X2	260	748	46	12	26.09	31	3	186	231	TDNTSGIPDAVYGIFSSYEYLDKSQNKVKVYVDSILYDKILKNQVS
PROKKA_00021	tr|A0A060N3U8|A0A060N3U8_CLOBO Transcriptional regulator botR OS=Clostridium botulinum B str. Osaka05 GN=CBO05P2_176 PE=4 SV=1 !!!BotR	127	178	34	13	38.24	21	0	75	108	IDINNKLFLDLGLILISSTINNKFSLIIKNYSEH
PROKKA_00021	tr|A5HZZ7|A5HZZ7_CLOBH RNA polymerase ECF-type sigma factor OS=Clostridium botulinum (strain Hall / ATCC 3502 / NCTC 13319 / Type A) GN=botR PE=4 SV=1 !!!BotR	127	178	34	13	38.24	21	0	75	108	IDINNKLFLDLGLILISSTINNKFSLIIKNYSEH
PROKKA_00021	tr|S8CEF4|S8CEF4_CLOBO Transcriptional regulator BotR, P-21 OS=Clostridium botulinum CFSAN002367 GN=CFSAN002367_15806 PE=4 SV=1 !!!BotR	127	178	34	13	38.24	21	0	75	108	IDINNKLFLDLGLILISSTINNKFSLIIKNYSEH
PROKKA_00021	tr|A0A0D1AER2|A0A0D1AER2_CLOBO Transcriptional regulator OS=Clostridium botulinum B2 450 GN=N495_19875 PE=4 SV=1 !!! 	127	178	34	13	38.24	21	0	75	108	IDINNKLFLDLGLILISSTINNKFSLIIKNYSEH
PROKKA_00021	tr|A0A073CP83|A0A073CP83_CLOBO Transcriptional regulator OS=Clostridium botulinum A2B3 87 GN=N496_19575 PE=4 SV=1 !!! 	127	178	34	13	38.24	21	0	75	108	IDINNKLFLDLGLILISSTINNKFSLIIKNYSEH
PROKKA_00021	tr|C5VU80|C5VU80_CLOBO Botulinum neurotoxin type D, nontoxic-nonhemagglutinin component, NTNH OS=Clostridium botulinum D str. 1873 GN=ntnH PE=4 SV=1 !!!ntnH	127	1196	74	23	31.08	28	23	54	111	GFVSLISKKRIARMIGCCEKNIDINNKLFLDLGLILISSTINNK----------------FSLIIKNYSEHYSK
PROKKA_00021	tr|M1ZWZ6|M1ZWZ6_CLOBO Transcriptional regulator BotR, P-21 OS=Clostridium botulinum CFSAN001627 GN=CFSAN001627_10483 PE=4 SV=1 !!!BotR	127	178	34	13	38.24	21	0	75	108	IDINNKLFLDLGLILISSTINNKFSLIIKNYSEH
PROKKA_00021	tr|B2TSC2|B2TSC2_CLOBB Putative RNA polymerase sigma factor OS=Clostridium botulinum (strain Eklund 17B / Type B) GN=botR PE=4 SV=1 !!!BotR	127	179	34	12	35.29	22	0	75	108	IDINNKLFLDLGLILISSTINNKFSLIIKNYSEH
PROKKA_00021	tr|B1BE43|B1BE43_CLOBO Botulinum neurotoxin type C, nontoxic-nonhemagglutinin component NTNH OS=Clostridium botulinum C str. Eklund GN=CBC_A0166 PE=4 SV=1 !!!ntnH	127	1196	34	14	41.18	15	5	54	87	GFVSLISKKRIARMIGCCEKNIDINNKLFLDLGL
PROKKA_00021	tr|C5UY12|C5UY12_CLOBO Toxin complex component ORF-X1 OS=Clostridium botulinum E1 str. 'BoNT E Beluga' GN=CLO_2649 PE=4 SV=1 !!!ORF-X1	127	144	38	13	34.21	22	3	9	43	YCNNKYKKIIKKYKIYNNIN---IDKTYIQFSLTQIKQ
PROKKA_00021	tr|C4IHL7|C4IHL7_CLOBU Toxin complex component ORF-X1 OS=Clostridium butyricum E4 str. BoNT E BL5262 GN=CLP_2748 PE=4 SV=1 !!!ORF-X1	127	144	38	13	34.21	22	3	9	43	YCNNKYKKIIKKYKIYNNIN---IDKTYIQFSLTQIKQ
