PROKKA_00001	tr|A7GBF8|A7GBF8_CLOBL Toxin complex component ORF-X2 OS=Clostridium botulinum (strain Langeland / NCTC 10281 / Type F) GN=CLI_0846 PE=4 SV=1 !!!ORF-X2	751	750	750	728	97.07	22	0	1	750	MNNLKPFIYYDWEKTILKNTKENYSINEIIPKTFFMELHGTKITNSTLNGTWKSWNLTNEGEGSYPVLKCIIDDGYLDMNFGASSEKIPLKNVWIKLCMKINPNSDGTYSIPEKSSSFYIKDNSLKISKDNLILDKYLNKLMLSYFKNNIKNIEMFINKSRIQTKVVGDLSLLGWNTENSVSFRTMNEFIKKDNLYPKDFKAVYSYRKMTFTATGTFDSWEMTTGADGRNIRFKCPIKYAVYDLDGDVFNSSTENFLLIQVDLTYFDSKTTINDPTGENDGKQFNLKIKTNDDKLKNVLIVTYNLTDTDGSMSSEDKDFLSLAFRNWFNENIQQFEQIFAYILLDETAKIPEYQWLKPTQISYGSASVETANDEPDLDASIFSAMSMVENNTNSTPSHAVDNRMLQLTKTQAAFGISFPLFIEHFLKQALLSSQFISVDDIVADINTLTITNNKQIIFGKVENSDGKNVDSSLKPGKLKLSLQNNLIVLELFDLTWEQGRGVTGHFDFRQEYELALESKSGKQIPILKVHDEPEIEYYVEEAQWKTNEDMIVSAVVGTVFSMILGASMKLAGSALSKAGKLIRSKATTIKGRKKIYINRSNVRQLRKDSGVTEIELERINRRNSSIAAEDARLISNNGTTSIQTLGDMKKKPMSTGQRIAIGAKKIAGTAVMFGAVGLGMNFGEMLINYINAMENNDYSAIPGINSFMQQCIGAMQWPDKDSELKVTFSKLQGIYLLGGTLEKNNKTDNK
PROKKA_00001	tr|A0A059PYB0|A0A059PYB0_9CLOT Toxin complex component ORF-X2 OS=Clostridium baratii PE=4 SV=1 !!!ORF-X2	751	748	756	382	50.53	360	14	1	750	MNNLKPFIYYDWEKTILKNTKENYSINEIIPKTFFMELHGTKITNSTLNGTWKSWNLTNEGEGSYPVLKCIIDDGYLDMNFGASSEKIPLKNVWIKLCMKINPNSDGTYSIPEKSSSFYIKDNSLKISKDNLILDKYLNKLMLSYFKNNIKNIEMFINKSRIQTKVVGDLSLLGWNTENSVSFRTMNEFIKKDNLYPKDFKAVYSYRKMTFTATGTFDSWEMTTGADGRNIRFKCPIKYAVYDLDGDVFNSSTENFLLIQVDLTYFDSKTTINDPTGENDGKQFNLKIKT-NDDKLKNVLIVTYNLTDTDGSMSSEDKDFLSLAFRNWFNENIQQFEQIFAYILLDETAKIPEYQWLKPTQISYGSASVETANDE----PDLDASIFSAMSMVENNTNSTPSHAVDNRMLQLTKTQAAFGISFPLFIEHFLKQALLSSQFISVDDIVADINTLTITNNKQIIFGKVENSDGKNVDSSLKPGKLKLSLQNNLIVLELFDLTWEQGRGVTGHFDFRQEYELALESKSGKQIPILKVHDEPEIEYYVEEAQWKTNEDMIVSAVVGTVFSMILGASMKLAGSALSKAGKLIRSKATTIKGRKKIYINRSNVRQLRKDSGVTEIELERINRRNSSIAAEDARLISNNGTTSIQTLGDMKKKPMSTGQRIAI-GAKKIAGTAVMFGAVGLGMNFGEMLINYINAMENNDYSAIPGINSFMQQCIGAMQWPDKDSELKVTFSKLQGIYLLGGTLEKNNKTDNK
PROKKA_00001	tr|C5UY11|C5UY11_CLOBO Toxin complex component ORF-X2 OS=Clostridium botulinum E1 str. 'BoNT E Beluga' GN=CLO_2648 PE=4 SV=1 !!!ORF-X2	751	748	752	381	50.66	353	18	1	743	MNNLKPFIYYDWEKTILKNTKENYSINEIIPKTFFMELHGTKITNSTLNGTWKSWNLTNEGEGSYPVLKCIIDDGYLDMNFGASSEKIPLKNVWIKLCMKINPNSDGTYSIPEKSSSFYIKDNSLKISKDNLILDKYLNKLMLSYFKNNIKNIEMFINKSRIQTKVVGDLSLLGWNTENSVSFRTMNEFIKKDNLYPKDFKAVYSYRKMTFTATGTFDSWEMTTGADGRNIRFKCPIKYAVYDLDGDVFNSSTENFLLIQVDLTYFDSKTTINDPTGENDGKQFNLKIKTND-DKLKNVLIVTYNLTDTDGSMSSEDKDFLSLAFRNWFNENIQQFEQIFAYILLDETAKIPEYQWLKPTQISYGSASVETAN------DEPDLDASIFSAMSMVENNTNSTPSHAVDNRMLQLTKTQAAFGISFPLFIEHFLKQALLSSQFISVDDIVADINTLTITNNKQIIFGKVENSDGKNVDSSLKPGKLKLSLQNNLIVLELFDLTWEQGRGVTGHFDFRQEYELALESKSGKQIPILKVHDEPEIEYYVEEAQWKTNEDMIVSAVVGTVFSMILGASMKLAGSALS-KAGKLIRSKATTIKGRKKIYINRSNVRQLRKDSGVTEIELERINRRNSSIAAEDARLISNNGTTSIQTLGDMKKKPMSTGQRIAI-GAKKIAGTAVMFGAVGLGMNFGEMLINYINAMENNDYSAIPGINSFMQQCIGAMQWPDKDSELKVTFSKLQGIYLLGGTLEK
PROKKA_00001	tr|C5UY10|C5UY10_CLOBO Toxin complex component ORF-X3 OS=Clostridium botulinum E1 str. 'BoNT E Beluga' GN=CLO_2647 PE=4 SV=1 !!!ORF-X3	751	487	278	74	26.62	169	35	173	433	LGWNTENSVSFRTMNEFIKKDNLYPKDFKAVYSYRKMTFTATGTFDSWEMTTGADGRNIRFKCPIKYAVYDLDGDVFNSSTENF----LLIQVDLTYFDSKTTINDPTGEN-DGKQFNLKIKTNDDKLKN---VLIVTY----NLTDTDGSMSSEDKDFLSLAF----RNWFNENIQQFEQIFAYILLDETAKIPE-YQWLKPTQISYGSASVETANDEPDLDASIFSAMSMVENNTNSTPSHAVDNRMLQLTKTQAAFGISFPLFIEHFLKQALLSS
PROKKA_00001	tr|C5UY10|C5UY10_CLOBO Toxin complex component ORF-X3 OS=Clostridium botulinum E1 str. 'BoNT E Beluga' GN=CLO_2647 PE=4 SV=1 !!!ORF-X3	751	487	44	16	36.36	24	4	31	74	PKTFFMELHGTKITNSTLNGTWKSWNLTNEGEGSYPVLKCIIDD
PROKKA_00001	tr|A0A0A7FV57|A0A0A7FV57_9CLOT Clostridium P-47 family protein OS=Clostridium baratii str. Sullivan GN=U729_696 PE=4 SV=1 !!!P-47	751	491	282	67	23.76	176	39	173	433	LGWNTENSVSFRTMNEFIKKDNLYPKDFKAVYSYRKMTFTATGTFDSWEMTTGADGRNIRFKCPIKYAVYDLDGDVFNSSTENF----LLIQVDLTYFDSKTTINDPTGENDGKQF-NLKIKTNDDKLKN---VLIVTYNLTD--------TDGSMSSEDKDFLSLAF----RNWFNENIQQFEQIFAYILLD-ETAKIPEYQWLKPTQISYGSASVETANDEPDLDASIFSAMSMVENNTNSTPSHAVDNRMLQLTKTQAAFGISFPLFIEHFLKQALLSS
PROKKA_00001	tr|A0A0A7FV57|A0A0A7FV57_9CLOT Clostridium P-47 family protein OS=Clostridium baratii str. Sullivan GN=U729_696 PE=4 SV=1 !!!P-47	751	491	77	24	31.17	45	8	673	745	FGAVGLGMNFGEMLINYINAM----ENNDYSAIPGINSFMQQCIGAMQWPDKDSELKVTFSKLQGIYLLGGTLEKNN
PROKKA_00001	tr|A0A059PY44|A0A059PY44_9CLOT Toxin complex component ORF-X3 OS=Clostridium baratii PE=4 SV=1 !!!ORF-X3	751	491	282	67	23.76	176	39	173	433	LGWNTENSVSFRTMNEFIKKDNLYPKDFKAVYSYRKMTFTATGTFDSWEMTTGADGRNIRFKCPIKYAVYDLDGDVFNSSTENF----LLIQVDLTYFDSKTTINDPTGENDGKQF-NLKIKTNDDKLKN---VLIVTYNLTD--------TDGSMSSEDKDFLSLAF----RNWFNENIQQFEQIFAYILLD-ETAKIPEYQWLKPTQISYGSASVETANDEPDLDASIFSAMSMVENNTNSTPSHAVDNRMLQLTKTQAAFGISFPLFIEHFLKQALLSS
PROKKA_00001	tr|A0A059PY44|A0A059PY44_9CLOT Toxin complex component ORF-X3 OS=Clostridium baratii PE=4 SV=1 !!!ORF-X3	751	491	77	24	31.17	45	8	673	745	FGAVGLGMNFGEMLINYINAM----ENNDYSAIPGINSFMQQCIGAMQWPDKDSELKVTFSKLQGIYLLGGTLEKNN
PROKKA_00001	tr|C1FUH3|C1FUH3_CLOBJ Toxin complex component ORF-X3 OS=Clostridium botulinum (strain Kyoto / Type A2) GN=CLM_0891 PE=4 SV=1 !!!ORF-X3	751	490	282	71	25.18	171	40	173	433	LGWNTENSVSFRTMNEFIKKDNLYPKDFKAVYSYRKMTFTATGTFDSWEMTTGADGRNIRFKCPIKYAVYDLDGDVFNSSTENF----LLIQVDLTYFDSKTTINDPTGENDGKQF-NLKIKTNDDKLKNVLIVT----------YNLTDTDGSMSSEDKDFLSLAF----RNWFNENIQQFEQIFAYILLD-ETAKIPEYQWLKPTQISYGSASVETANDEPDLDASIFSAMSMVENNTNS-TPSHAVDNRMLQLTKTQAAFGISFPLFIEHFLKQALLSS
PROKKA_00001	tr|C1FUH3|C1FUH3_CLOBJ Toxin complex component ORF-X3 OS=Clostridium botulinum (strain Kyoto / Type A2) GN=CLM_0891 PE=4 SV=1 !!!ORF-X3	751	490	104	28	26.92	61	15	642	745	IQTLGDMKKKPMSTGQRIAIGAKKIAGTAVMFGAVGLGMNFGEMLINYINAMENNDYSAIPGINSFMQQCIGAMQWPDKDSELKVTFSKLQGIYLLGGTLEKNN
PROKKA_00001	tr|A7GBF7|A7GBF7_CLOBL Toxin complex component ORF-X3 OS=Clostridium botulinum (strain Langeland / NCTC 10281 / Type F) GN=CLI_0845 PE=4 SV=1 !!!ORF-X3	751	490	281	69	24.56	174	38	173	433	LGWNTENSVSFRTMNEFIKKDNLYPKDFKAVYSYRKMTFTATGTFDSWEMTTGADGRNIRFKCPIKYAVYDLDGDVFNSSTENF----LLIQVDLTYFDSKTTINDPTGENDGKQF-NLKIKTNDDKLKNVLIVT----------YNLTDTDGSMSSEDKDFLSLAF----RNWFNENIQQFEQIFAYILLD-ETAKIPEYQWLKPTQISYGSASVETANDEPDLDASIFSAMSMVENNTNSTPSHAVDNRMLQLTKTQAAFGISFPLFIEHFLKQALLSS
PROKKA_00001	tr|B1L2F9|B1L2F9_CLOBM Toxin complex component ORF-X3 OS=Clostridium botulinum (strain Loch Maree / Type A3) GN=CLK_A0070 PE=4 SV=1 !!!ORF-X3	751	490	242	61	25.21	147	34	173	394	LGWNTENSVSFRTMNEFIKKDNLYPKDFKAVYSYRKMTFTATGTFDSWEMTTGADGRNIRFKCPIKYAVYDLDGDVFNSSTENF----LLIQVDLTYFDSKTTINDPTGENDGKQF-NLKIKTNDDKLKNVLIVT----------YNLTDTDGSMSSEDKDFLSLAF----RNWFNENIQQFEQIFAYILLD-ETAKIPEYQWLKPTQISYGSASVETANDEPDLDASIFSAMSMVENNTNS
PROKKA_00001	tr|B1L2F9|B1L2F9_CLOBM Toxin complex component ORF-X3 OS=Clostridium botulinum (strain Loch Maree / Type A3) GN=CLK_A0070 PE=4 SV=1 !!!ORF-X3	751	490	104	29	27.88	60	15	642	745	IQTLGDMKKKPMSTGQRIAIGAKKIAGTAVMFGAVGLGMNFGEMLINYINAMENNDYSAIPGINSFMQQCIGAMQWPDKDSELKVTFSKLQGIYLLGGTLEKNN
PROKKA_00001	tr|A7GBG1|A7GBG1_CLOBL P-47 protein OS=Clostridium botulinum (strain Langeland / NCTC 10281 / Type F) GN=p47 PE=4 SV=1 !!!P-47	751	416	260	68	26.15	166	26	174	433	GWNTENSVSFRTMNEFIKKDNLYPKDFKAVYSYRKMTFTATGTFDSWEMTTGADGRNIRFKCPIKYAVYDLDGDVFNSSTENFLLIQVDLTYFDSKTTINDPTGENDGKQFNLKIKTNDDKLKNVLIVTYNLTDTDGSMSSEDKDFLSLAFRNWFNENIQQFEQIFAYILLDETAKIPEYQWLKPTQISYGSASVETANDEPDLDASIFSAMSMVENNTNSTPSHAVDNRMLQLTKTQAAFGISFPLFIEHFLKQALLSS
PROKKA_00001	tr|M1ZUL7|M1ZUL7_CLOBO P-47 protein OS=Clostridium botulinum CFSAN001627 GN=CFSAN001627_20700 PE=4 SV=1 !!!P-47	751	416	261	68	26.05	165	28	174	433	GWNTENSVSFRTMNEFIKKDNLYPKDFKAVYSYRKMTFTATGTFDSWEMTTGADGRNIRFKCPIKYAVYDLDGDVFNSSTENFLLIQVDLTYFDSKTTINDPTGENDGK-QFNLKIKTNDDKLKNVLIVTYNLTDTDGSMSSEDKDFLSLAFRNWFNENIQQFEQIFAYILLDETAKIPEYQWLKPTQISYGSASVETANDEPDLDASIFSAMSMVENNTNSTPSHAVDNRMLQLTKTQAAFGISFPLFIEHFLKQALLSS
PROKKA_00001	tr|C1FUH7|C1FUH7_CLOBJ P-47 protein OS=Clostridium botulinum (strain Kyoto / Type A2) GN=p47 PE=4 SV=1 !!!P-47	751	416	265	71	26.79	158	36	174	433	GWNTENSVSFRTMN----EFIKKDNLYPKDFKAVYSYRKMTFTATGTFDSWEMTTGADGRNIRFKCPIKYAVYDLDGDVFNSSTENFLLIQVDLTYFDSKTTINDPTGENDGK-QFNLKIKTNDDKLKNVLIVTYNLTDTDGSMSSEDKDFLSLAFRNWFNENIQQFEQIFAYILLDETAKIPEYQWLKPTQISYGSASVETANDEPDLDASIFSAMSMVENNTNSTPSHAVDNRMLQLTKTQAAFGISFPLFIEHFLKQALLSS
PROKKA_00001	tr|A0A073CND8|A0A073CND8_CLOBO P-47 protein OS=Clostridium botulinum A2B3 87 GN=N496_18585 PE=4 SV=1 !!!P-47	751	415	261	65	24.90	168	28	174	433	GWNTENSVSFRTMNEFIKKDNLYPKDFKAVYSYRKMTFTATGTFDSWEMTTGADGRNIRFKCPIKYAVYDLDGDVFNSSTENFLLIQVDLTYFDSKTTINDPTGENDGK-QFNLKIKTNDDKLKNVLIVTYNLTDTDGSMSSEDKDFLSLAFRNWFNENIQQFEQIFAYILLDETAKIPEYQWLKPTQISYGSASVETANDEPDLDASIFSAMSMVENNTNSTPSHAVDNRMLQLTKTQAAFGISFPLFIEHFLKQALLSS
PROKKA_00001	tr|B1L2G3|B1L2G3_CLOBM P-47 protein OS=Clostridium botulinum (strain Loch Maree / Type A3) GN=p47 PE=4 SV=1 !!!P-47	751	416	257	69	26.85	152	36	174	425	GWNTENSVSFRTMN----EFIKKDNLYPKDFKAVYSYRKMTFTATGTFDSWEMTTGADGRNIRFKCPIKYAVYDLDGDVFNSSTENFLLIQVDLTYFDSKTTINDPTGENDGK-QFNLKIKTNDDKLKNVLIVTYNLTDTDGSMSSEDKDFLSLAFRNWFNENIQQFEQIFAYILLDETAKIPEYQWLKPTQISYGSASVETANDEPDLDASIFSAMSMVENNTNSTPSHAVDNRMLQLTKTQAAFGISFPLFIEHF
PROKKA_00001	tr|C5UY13|C5UY13_CLOBO P-47 protein OS=Clostridium botulinum E1 str. 'BoNT E Beluga' GN=p47 PE=4 SV=1 !!!P-47	751	416	262	63	24.05	171	28	174	434	GWNTENSVSFRTMNEFIKKDNLYPKDFKAVYSYRKMTFTATGTFDSWEMTTGADGRNIRFKCPIKYAVYDLDGDVFNSSTENFLLIQVDLTYFDSKTTINDPTGENDGK-QFNLKIKTNDDKLKNVLIVTYNLTDTDGSMSSEDKDFLSLAFRNWFNENIQQFEQIFAYILLDETAKIPEYQWLKPTQISYGSASVETANDEPDLDASIFSAMSMVENNTNSTPSHAVDNRMLQLTKTQAAFGISFPLFIEHFLKQALLSSQ
PROKKA_00001	tr|C5UY13|C5UY13_CLOBO P-47 protein OS=Clostridium botulinum E1 str. 'BoNT E Beluga' GN=p47 PE=4 SV=1 !!!P-47	751	416	125	30	24.00	77	18	54	167	SWNLTNEGEGSYPVLKCIIDDGYLDMNFGASSEKIPLKNVWIKLCMKINPNSDGTY-SIPEKSSSF----------YIKDNSLKISKDNLILDKYLNKLMLSYFKNNIKNIEMFINKSRIQTKVV
PROKKA_00001	tr|C4IHM0|C4IHM0_CLOBU Botulinum neurotoxin type E, nontoxic-nonhemagglutinin component, NTNH OS=Clostridium butyricum E4 str. BoNT E BL5262 GN=ntnH PE=4 SV=1 !!!ntnH	751	1163	36	15	41.67	18	3	692	727	AMENNDYSAIPGINSFMQQCIGAMQWPDKDSELKVT
PROKKA_00001	tr|A0A0X1KH90|A0A0X1KH90_CLOBA Botulinum neurotoxin type E, nontoxic-nonhemagglutinin component, NTNH OS=Clostridium botulinum (strain Alaska E43 / Type E3) PE=1 SV=1 !!!ntnH	751	1163	36	15	41.67	18	3	692	727	AMENNDYSAIPGINSFMQQCIGAMQWPDKDSELKVT
PROKKA_00001	tr|C5UY14|C5UY14_CLOBO Botulinum neurotoxin type E1, nontoxic-nonhemagglutinin component, NTNH OS=Clostridium botulinum E1 str. 'BoNT E Beluga' GN=ntnH PE=4 SV=1 !!!ntnH	751	1163	36	15	41.67	18	3	692	727	AMENNDYSAIPGINSFMQQCIGAMQWPDKDSELKVT
PROKKA_00001	tr|S8BA68|S8BA68_CLOBO Hemagglutinin component HA70 OS=Clostridium botulinum CFSAN002367 GN=CFSAN002367_15786 PE=4 SV=1 !!!ha70	751	508	46	12	26.09	31	3	69	111	KCIIDDGYLDMNFGASSEKIPLKNVW---IKLCMKINPNSDGTYSI
PROKKA_00001	tr|B2TSB9|B2TSB9_CLOBB Heamagglutinin components HA-70 OS=Clostridium botulinum (strain Eklund 17B / Type B) GN=ha70 PE=4 SV=1 !!!ha70	751	626	46	12	26.09	31	3	69	111	KCIIDDGYLDMNFGASSEKIPLKNVW---IKLCMKINPNSDGTYSI
PROKKA_00001	tr|A0A0B4W4X0|A0A0B4W4X0_CLOBO Hemagglutinin components HA-22/23/53 OS=Clostridium botulinum Prevot_594 GN=ha-70 PE=4 SV=1 !!!ha70	751	626	46	12	26.09	31	3	69	111	KCIIDDGYLDMNFGASSEKIPLKNVW---IKLCMKINPNSDGTYSI
PROKKA_00001	tr|B1INQ0|B1INQ0_CLOBK Hemagglutinin component HA70 OS=Clostridium botulinum (strain Okra / Type B1) GN=ha70 PE=4 SV=1 !!!ha70	751	626	46	12	26.09	31	3	69	111	KCIIDDGYLDMNFGASSEKIPLKNVW---IKLCMKINPNSDGTYSI
PROKKA_00001	tr|A0A0E1L2H2|A0A0E1L2H2_CLOBO Hemagglutinin components HA-22/23/53 OS=Clostridium botulinum CDC_1436 GN=ha-70 PE=4 SV=1 !!!ha70	751	626	46	12	26.09	31	3	69	111	KCIIDDGYLDMNFGASSEKIPLKNVW---IKLCMKINPNSDGTYSI
PROKKA_00001	tr|A0A060NA10|A0A060NA10_CLOBO Haemagglutinin component HA70 OS=Clostridium botulinum B str. Osaka05 GN=CBO05P2_179 PE=4 SV=1 !!!ha70	751	626	46	12	26.09	31	3	69	111	KCIIDDGYLDMNFGASSEKIPLKNVW---IKLCMKINPNSDGTYSI
PROKKA_00001	tr|M1ZPH7|M1ZPH7_CLOBO Hemagglutinin component HA70 OS=Clostridium botulinum CFSAN001627 GN=CFSAN001627_19663 PE=4 SV=1 !!!ha70	751	626	46	12	26.09	31	3	69	111	KCIIDDGYLDMNFGASSEKIPLKNVW---IKLCMKINPNSDGTYSI
PROKKA_00001	tr|A5HZZ4|A5HZZ4_CLOBH Hemagglutinin component of the neurotoxin complex OS=Clostridium botulinum (strain Hall / ATCC 3502 / NCTC 13319 / Type A) GN=ha70 PE=1 SV=1 !!!ha70	751	626	46	12	26.09	31	3	69	111	KCIIDDGYLDMNFGASSEKIPLKNVW---IKLCMKINPNSDGTYSI
PROKKA_00001	tr|A0A059PYE4|A0A059PYE4_9CLOT Toxin OS=Clostridium baratii GN=UC77_04385 PE=4 SV=1 !!! 	751	140	45	14	31.11	29	2	586	630	ATTIKGRKKIYINRSNVRQLRKDSGVTEIELERINRRNSSIAAED
PROKKA_00001	tr|A0A0A7FVW8|A0A0A7FVW8_9CLOT Putative oRF-X1 OS=Clostridium baratii str. Sullivan GN=U729_698 PE=4 SV=1 !!!ORF-X1	751	140	45	14	31.11	29	2	586	630	ATTIKGRKKIYINRSNVRQLRKDSGVTEIELERINRRNSSIAAED
PROKKA_00001	tr|B2TSC3|B2TSC3_CLOBB Botulinum neurotoxin type B OS=Clostridium botulinum (strain Eklund 17B / Type B) GN=ntnH PE=4 SV=1 !!!ntnH	751	1197	19	8	42.11	11	0	697	715	DYSAIPGINSFMQQCIGAM
PROKKA_00001	tr|A0A060N6G5|A0A060N6G5_CLOBO Nontoxic-nonhemagglutinin component, NTNH OS=Clostridium botulinum B str. Osaka05 GN=CBO05P2_175 PE=4 SV=1 !!!ntnH	751	1197	19	8	42.11	11	0	697	715	DYSAIPGINSFMQQCIGAM
PROKKA_00001	tr|B1INP6|B1INP6_CLOBK Botulinum neurotoxin type B1, nontoxic-nonhemagglutinin component, NTNH OS=Clostridium botulinum (strain Okra / Type B1) GN=ntnH PE=4 SV=1 !!!ntnH	751	1197	19	8	42.11	11	0	697	715	DYSAIPGINSFMQQCIGAM
PROKKA_00001	tr|A5HZZ8|A5HZZ8_CLOBH Type A progenitor toxin nontoxic-nonha OS=Clostridium botulinum (strain Hall / ATCC 3502 / NCTC 13319 / Type A) GN=ntnH PE=4 SV=1 !!!ntnH	751	1193	38	14	36.84	21	3	690	727	INAMENNDYSAIPGINSFMQQCIGAMQWPDKDSELKVT
PROKKA_00002	tr|A7GBF9|A7GBF9_CLOBL Toxin complex component ORF-X1 OS=Clostridium botulinum (strain Langeland / NCTC 10281 / Type F) GN=CLI_0847 PE=4 SV=1 !!!ORF-X1	143	142	142	128	90.14	14	0	1	142	MKQTFPFNFDDALLNTGGSIHLEKVNQNCSPNYQYFKIKFIEGYLHIKNKSGDILEKYDLKDLISLIALKKDYLKLSPLNNKKPKEFTNIKNKHLENRFNLYVINEDINGKITKNGILEEIILNRLLLSIFLENEENLLQIA
PROKKA_00002	tr|C1FUH5|C1FUH5_CLOBJ Toxin complex component ORF-X1 OS=Clostridium botulinum (strain Kyoto / Type A2) GN=CLM_0893 PE=4 SV=1 !!!ORF-X1	143	142	142	127	89.44	15	0	1	142	MKQTFPFNFDDALLNTGGSIHLEKVNQNCSPNYQYFKIKFIEGYLHIKNKSGDILEKYDLKDLISLIALKKDYLKLSPLNNKKPKEFTNIKNKHLENRFNLYVINEDINGKITKNGILEEIILNRLLLSIFLENEENLLQIA
PROKKA_00002	tr|B1L2G1|B1L2G1_CLOBM Toxin complex component ORF-X1 OS=Clostridium botulinum (strain Loch Maree / Type A3) GN=CLK_A0072 PE=4 SV=1 !!!ORF-X1	143	142	142	125	88.03	17	0	1	142	MKQTFPFNFDDALLNTGGSIHLEKVNQNCSPNYQYFKIKFIEGYLHIKNKSGDILEKYDLKDLISLIALKKDYLKLSPLNNKKPKEFTNIKNKHLENRFNLYVINEDINGKITKNGILEEIILNRLLLSIFLENEENLLQIA
PROKKA_00002	tr|C5UY12|C5UY12_CLOBO Toxin complex component ORF-X1 OS=Clostridium botulinum E1 str. 'BoNT E Beluga' GN=CLO_2649 PE=4 SV=1 !!!ORF-X1	143	144	142	103	72.54	39	0	1	142	MKQTFPFNFDDALLNTGGSIHLEKVNQNCSPNYQYFKIKFIEGYLHIKNKSGDILEKYDLKDLISLIALKKDYLKLSPLNNKKPKEFTNIKNKHLENRFNLYVINEDINGKITKNGILEEIILNRLLLSIFLENEENLLQIA
PROKKA_00002	tr|C4IHL7|C4IHL7_CLOBU Toxin complex component ORF-X1 OS=Clostridium butyricum E4 str. BoNT E BL5262 GN=CLP_2748 PE=4 SV=1 !!!ORF-X1	143	144	142	103	72.54	39	0	1	142	MKQTFPFNFDDALLNTGGSIHLEKVNQNCSPNYQYFKIKFIEGYLHIKNKSGDILEKYDLKDLISLIALKKDYLKLSPLNNKKPKEFTNIKNKHLENRFNLYVINEDINGKITKNGILEEIILNRLLLSIFLENEENLLQIA
PROKKA_00002	tr|A0A059PYE4|A0A059PYE4_9CLOT Toxin OS=Clostridium baratii GN=UC77_04385 PE=4 SV=1 !!! 	143	140	142	90	63.38	50	2	1	142	MKQTFPFNFDDALLNTGGSIHLEKVNQNCSPNYQYFKIKFIEGYLHIKNKSGDILEKYDLKDLISLIALKKDYLKLSPLNNKKPKEFTNIKNKHLENRFNLYVINEDINGKITKNGILEEIILNRLLLSIFLENEENLLQIA
PROKKA_00002	tr|A0A0A7FVW8|A0A0A7FVW8_9CLOT Putative oRF-X1 OS=Clostridium baratii str. Sullivan GN=U729_698 PE=4 SV=1 !!!ORF-X1	143	140	142	90	63.38	50	2	1	142	MKQTFPFNFDDALLNTGGSIHLEKVNQNCSPNYQYFKIKFIEGYLHIKNKSGDILEKYDLKDLISLIALKKDYLKLSPLNNKKPKEFTNIKNKHLENRFNLYVINEDINGKITKNGILEEIILNRLLLSIFLENEENLLQIA
PROKKA_00002	tr|A7GBG1|A7GBG1_CLOBL P-47 protein OS=Clostridium botulinum (strain Langeland / NCTC 10281 / Type F) GN=p47 PE=4 SV=1 !!!P-47	143	416	113	32	28.32	66	15	30	141	SPNYQYFKIKFIEGYLHIKNKSGDILEKYDLKDLISLIALKKDYL-KLSPLNNKKPKEFTNIKNKHLENRFNLYVINEDINGKITKNGILEEIILNRLLLSIFLENEENLLQI
PROKKA_00002	tr|M1ZUL7|M1ZUL7_CLOBO P-47 protein OS=Clostridium botulinum CFSAN001627 GN=CFSAN001627_20700 PE=4 SV=1 !!!P-47	143	416	113	32	28.32	66	15	30	141	SPNYQYFKIKFIEGYLHIKNKSGDILEKYDLKDLISLIALKKDYL-KLSPLNNKKPKEFTNIKNKHLENRFNLYVINEDINGKITKNGILEEIILNRLLLSIFLENEENLLQI
PROKKA_00002	tr|A0A073CND8|A0A073CND8_CLOBO P-47 protein OS=Clostridium botulinum A2B3 87 GN=N496_18585 PE=4 SV=1 !!!P-47	143	415	112	30	26.79	69	13	30	141	SPNYQYFKIKFIEGYLHIKNKSGDILEKYDLKDLISLIALKKDYLKLSPLNNKKPKEFTNIKNKHLENRFNLYVINEDINGKITKNGILEEIILNRLLLSIFLENEENLLQI
PROKKA_00002	tr|B1L2G3|B1L2G3_CLOBM P-47 protein OS=Clostridium botulinum (strain Loch Maree / Type A3) GN=p47 PE=4 SV=1 !!!P-47	143	416	112	30	26.79	69	13	30	141	SPNYQYFKIKFIEGYLHIKNKSGDILEKYDLKDLISLIALKKDYLKLSPLNNKKPKEFTNIKNKHLENRFNLYVINEDINGKITKNGILEEIILNRLLLSIFLENEENLLQI
PROKKA_00002	tr|C5UY13|C5UY13_CLOBO P-47 protein OS=Clostridium botulinum E1 str. 'BoNT E Beluga' GN=p47 PE=4 SV=1 !!!P-47	143	416	116	32	27.59	63	21	30	141	SPNYQYFKIKFIEGYLHIKNKSGDILEKYDLKDLISLIALKKDYLKLSPLNNKKPKE----FTNIKNKHLENRFNLYVINEDINGKITKNGILEEIILNRLLLSIFLENEENLLQI
PROKKA_00002	tr|C1FUH7|C1FUH7_CLOBJ P-47 protein OS=Clostridium botulinum (strain Kyoto / Type A2) GN=p47 PE=4 SV=1 !!!P-47	143	416	140	34	24.29	82	24	2	141	KQTFPFNFDDALLNTGGSIHLEKVNQNCSPNYQYFKIKFIEGYLHIKNKSGDILEKYDLKDLISLIALKKDYLKLSPLNNKKPKEFTNIKNKHLENRFNLYVINEDINGKITKNGILEEIILNRLLLSIFLENEENLLQI
PROKKA_00002	tr|A0A059PYB0|A0A059PYB0_9CLOT Toxin complex component ORF-X2 OS=Clostridium baratii PE=4 SV=1 !!!ORF-X2	143	748	55	19	34.55	31	5	9	63	FDDALLNTGGSIHLEKVNQNCSPNYQYFKIKFIEGYLHIKNKSGDILEKYDLKDL
PROKKA_00002	tr|A7GBF7|A7GBF7_CLOBL Toxin complex component ORF-X3 OS=Clostridium botulinum (strain Langeland / NCTC 10281 / Type F) GN=CLI_0845 PE=4 SV=1 !!!ORF-X3	143	490	41	12	29.27	26	3	14	51	LNTGGSIHLEKVNQ---NCSPNYQYFKIKFIEGYLHIKNKS
PROKKA_00002	tr|C1FUH3|C1FUH3_CLOBJ Toxin complex component ORF-X3 OS=Clostridium botulinum (strain Kyoto / Type A2) GN=CLM_0891 PE=4 SV=1 !!!ORF-X3	143	490	41	11	26.83	27	3	14	51	LNTGGSIHLEKVNQ---NCSPNYQYFKIKFIEGYLHIKNKS
PROKKA_00002	tr|B1L2F9|B1L2F9_CLOBM Toxin complex component ORF-X3 OS=Clostridium botulinum (strain Loch Maree / Type A3) GN=CLK_A0070 PE=4 SV=1 !!!ORF-X3	143	490	41	11	26.83	27	3	14	51	LNTGGSIHLEKVNQ---NCSPNYQYFKIKFIEGYLHIKNKS
PROKKA_00002	tr|C5UY10|C5UY10_CLOBO Toxin complex component ORF-X3 OS=Clostridium botulinum E1 str. 'BoNT E Beluga' GN=CLO_2647 PE=4 SV=1 !!!ORF-X3	143	487	31	8	25.81	23	0	21	51	HLEKVNQNCSPNYQYFKIKFIEGYLHIKNKS
PROKKA_00002	tr|C5VU80|C5VU80_CLOBO Botulinum neurotoxin type D, nontoxic-nonhemagglutinin component, NTNH OS=Clostridium botulinum D str. 1873 GN=ntnH PE=4 SV=1 !!!ntnH	143	1196	31	14	45.16	16	1	45	75	LHIKNKSGDILEKYDLKDLISLIALKKDYLK
PROKKA_00002	tr|C5VU80|C5VU80_CLOBO Botulinum neurotoxin type D, nontoxic-nonhemagglutinin component, NTNH OS=Clostridium botulinum D str. 1873 GN=ntnH PE=4 SV=1 !!!ntnH	143	1196	34	10	29.41	23	1	49	82	NKSGDILEKYDLKDLISLIALKKDYLKLSPLNNK
PROKKA_00002	tr|A0A0A7FV57|A0A0A7FV57_9CLOT Clostridium P-47 family protein OS=Clostridium baratii str. Sullivan GN=U729_696 PE=4 SV=1 !!!P-47	143	491	41	12	29.27	26	3	14	51	LNTGGSIHLEKVNQN---CSPNYQYFKIKFIEGYLHIKNKS
PROKKA_00002	tr|A0A059PY44|A0A059PY44_9CLOT Toxin complex component ORF-X3 OS=Clostridium baratii PE=4 SV=1 !!!ORF-X3	143	491	41	12	29.27	26	3	14	51	LNTGGSIHLEKVNQN---CSPNYQYFKIKFIEGYLHIKNKS
PROKKA_00002	tr|B1BE43|B1BE43_CLOBO Botulinum neurotoxin type C, nontoxic-nonhemagglutinin component NTNH OS=Clostridium botulinum C str. Eklund GN=CBC_A0166 PE=4 SV=1 !!!ntnH	143	1196	31	14	45.16	16	1	45	75	LHIKNKSGDILEKYDLKDLISLIALKKDYLK
PROKKA_00002	tr|B1INP8|B1INP8_CLOBK Hemagglutinin component HA33 OS=Clostridium botulinum (strain Okra / Type B1) GN=ha33 PE=1 SV=1 !!!ha33	143	294	14	8	57.14	6	0	100	113	NLYVINEDINGKIT
PROKKA_00002	tr|A0A060N6G5|A0A060N6G5_CLOBO Nontoxic-nonhemagglutinin component, NTNH OS=Clostridium botulinum B str. Osaka05 GN=CBO05P2_175 PE=4 SV=1 !!!ntnH	143	1197	53	20	37.74	24	9	47	97	IKNKSG-DILEKYDLKDLISLI-ALKKDYLKLSPLNNKKPKEFTNIKNKHLEN
PROKKA_00002	tr|B1INP6|B1INP6_CLOBK Botulinum neurotoxin type B1, nontoxic-nonhemagglutinin component, NTNH OS=Clostridium botulinum (strain Okra / Type B1) GN=ntnH PE=4 SV=1 !!!ntnH	143	1197	53	20	37.74	24	9	47	97	IKNKSG-DILEKYDLKDLISLI-ALKKDYLKLSPLNNKKPKEFTNIKNKHLEN
PROKKA_00003	tr|A0A073CMR9|A0A073CMR9_CLOBO Transcriptional regulator OS=Clostridium botulinum A2B3 87 GN=N496_18580 PE=4 SV=1 !!! 	179	178	178	176	98.88	2	0	1	178	MKNLFFLMNTLKDDNEKFKKIYMNYKDLIDIFTTKYNLSENYNDILNHFWIILKKADLNKFNTEDDLNKYISKCLKRYCLSICMKKNRDKKIIYNSEITDINLNLIQDNCFNDIEFEFKDLISILPNTQKNIIYMKFFKDMKDIEIAKKLKISRQSVYKNKNLALEKLKPILKELINI
PROKKA_00003	tr|A7GBG0|A7GBG0_CLOBL Transcriptional regulator BotR, P-21 OS=Clostridium botulinum (strain Langeland / NCTC 10281 / Type F) GN=botR PE=4 SV=1 !!!BotR	179	178	178	162	91.01	16	0	1	178	MKNLFFLMNTLKDDNEKFKKIYMNYKDLIDIFTTKYNLSENYNDILNHFWIILKKADLNKFNTEDDLNKYISKCLKRYCLSICMKKNRDKKIIYNSEITDINLNLIQDNCFNDIEFEFKDLISILPNTQKNIIYMKFFKDMKDIEIAKKLKISRQSVYKNKNLALEKLKPILKELINI
PROKKA_00003	tr|B1L2G2|B1L2G2_CLOBM Transcriptional regulator BotR, P-21 OS=Clostridium botulinum (strain Loch Maree / Type A3) GN=botR PE=4 SV=1 !!!BotR	179	184	178	159	89.33	19	0	1	178	MKNLFFLMNTLKDDNEKFKKIYMNYKDLIDIFTTKYNLSENYNDILNHFWIILKKADLNKFNTEDDLNKYISKCLKRYCLSICMKKNRDKKIIYNSEITDINLNLIQDNCFNDIEFEFKDLISILPNTQKNIIYMKFFKDMKDIEIAKKLKISRQSVYKNKNLALEKLKPILKELINI
PROKKA_00003	tr|A0A0C1QVR0|A0A0C1QVR0_9CLOT Transcriptional regulator BotR, P-21 OS=Clostridium argentinense CDC 2741 GN=botR PE=4 SV=1 !!!BotR	179	178	178	109	61.24	69	0	1	178	MKNLFFLMNTLKDDNEKFKKIYMNYKDLIDIFTTKYNLSENYNDILNHFWIILKKADLNKFNTEDDLNKYISKCLKRYCLSICMKKNRDKKIIYNSEITDINLNLIQDNCFNDIEFEFKDLISILPNTQKNIIYMKFFKDMKDIEIAKKLKISRQSVYKNKNLALEKLKPILKELINI
PROKKA_00003	tr|M1ZWZ6|M1ZWZ6_CLOBO Transcriptional regulator BotR, P-21 OS=Clostridium botulinum CFSAN001627 GN=CFSAN001627_10483 PE=4 SV=1 !!!BotR	179	178	178	109	61.24	69	0	1	178	MKNLFFLMNTLKDDNEKFKKIYMNYKDLIDIFTTKYNLSENYNDILNHFWIILKKADLNKFNTEDDLNKYISKCLKRYCLSICMKKNRDKKIIYNSEITDINLNLIQDNCFNDIEFEFKDLISILPNTQKNIIYMKFFKDMKDIEIAKKLKISRQSVYKNKNLALEKLKPILKELINI
PROKKA_00003	tr|A0A073CP83|A0A073CP83_CLOBO Transcriptional regulator OS=Clostridium botulinum A2B3 87 GN=N496_19575 PE=4 SV=1 !!! 	179	178	178	109	61.24	69	0	1	178	MKNLFFLMNTLKDDNEKFKKIYMNYKDLIDIFTTKYNLSENYNDILNHFWIILKKADLNKFNTEDDLNKYISKCLKRYCLSICMKKNRDKKIIYNSEITDINLNLIQDNCFNDIEFEFKDLISILPNTQKNIIYMKFFKDMKDIEIAKKLKISRQSVYKNKNLALEKLKPILKELINI
PROKKA_00003	tr|A5HZZ7|A5HZZ7_CLOBH RNA polymerase ECF-type sigma factor OS=Clostridium botulinum (strain Hall / ATCC 3502 / NCTC 13319 / Type A) GN=botR PE=4 SV=1 !!!BotR	179	178	178	108	60.67	70	0	1	178	MKNLFFLMNTLKDDNEKFKKIYMNYKDLIDIFTTKYNLSENYNDILNHFWIILKKADLNKFNTEDDLNKYISKCLKRYCLSICMKKNRDKKIIYNSEITDINLNLIQDNCFNDIEFEFKDLISILPNTQKNIIYMKFFKDMKDIEIAKKLKISRQSVYKNKNLALEKLKPILKELINI
PROKKA_00003	tr|S8CEF4|S8CEF4_CLOBO Transcriptional regulator BotR, P-21 OS=Clostridium botulinum CFSAN002367 GN=CFSAN002367_15806 PE=4 SV=1 !!!BotR	179	178	178	108	60.67	70	0	1	178	MKNLFFLMNTLKDDNEKFKKIYMNYKDLIDIFTTKYNLSENYNDILNHFWIILKKADLNKFNTEDDLNKYISKCLKRYCLSICMKKNRDKKIIYNSEITDINLNLIQDNCFNDIEFEFKDLISILPNTQKNIIYMKFFKDMKDIEIAKKLKISRQSVYKNKNLALEKLKPILKELINI
PROKKA_00003	tr|A0A0D1AER2|A0A0D1AER2_CLOBO Transcriptional regulator OS=Clostridium botulinum B2 450 GN=N495_19875 PE=4 SV=1 !!! 	179	178	178	108	60.67	70	0	1	178	MKNLFFLMNTLKDDNEKFKKIYMNYKDLIDIFTTKYNLSENYNDILNHFWIILKKADLNKFNTEDDLNKYISKCLKRYCLSICMKKNRDKKIIYNSEITDINLNLIQDNCFNDIEFEFKDLISILPNTQKNIIYMKFFKDMKDIEIAKKLKISRQSVYKNKNLALEKLKPILKELINI
PROKKA_00003	tr|A0A060N3U8|A0A060N3U8_CLOBO Transcriptional regulator botR OS=Clostridium botulinum B str. Osaka05 GN=CBO05P2_176 PE=4 SV=1 !!!BotR	179	178	178	108	60.67	70	0	1	178	MKNLFFLMNTLKDDNEKFKKIYMNYKDLIDIFTTKYNLSENYNDILNHFWIILKKADLNKFNTEDDLNKYISKCLKRYCLSICMKKNRDKKIIYNSEITDINLNLIQDNCFNDIEFEFKDLISILPNTQKNIIYMKFFKDMKDIEIAKKLKISRQSVYKNKNLALEKLKPILKELINI
PROKKA_00003	tr|B2TSC2|B2TSC2_CLOBB Putative RNA polymerase sigma factor OS=Clostridium botulinum (strain Eklund 17B / Type B) GN=botR PE=4 SV=1 !!!BotR	179	179	172	104	60.47	68	0	1	172	MKNLFFLMNTLKDDNEKFKKIYMNYKDLIDIFTTKYNLSENYNDILNHFWIILKKADLNKFNTEDDLNKYISKCLKRYCLSICMKKNRDKKIIYNSEITDINLNLIQDNCFNDIEFEFKDLISILPNTQKNIIYMKFFKDMKDIEIAKKLKISRQSVYKNKNLALEKLKPIL
PROKKA_00003	tr|B1BE47|B1BE47_CLOBO Clostridium toxin-associated regulator BotR OS=Clostridium botulinum C str. Eklund GN=botR PE=4 SV=1 !!!BotR	179	179	187	86	45.99	84	17	1	178	MKNLFFLMNTLKDDNEKFKKIYMNYKDLIDIFTTKY---------NLSENYNDILNHFWIILKKADLNKFNTEDDLNKYISKCLKRYCLSICMKKNRDKKIIYNSEITDINLNLIQDNCFNDIEFEFKDLISILPNTQKNIIYMKFFKDMKDIEIAKKLKISRQSVYKNKNLALEKLKPILKELINI
PROKKA_00003	tr|B1INP6|B1INP6_CLOBK Botulinum neurotoxin type B1, nontoxic-nonhemagglutinin component, NTNH OS=Clostridium botulinum (strain Okra / Type B1) GN=ntnH PE=4 SV=1 !!!ntnH	179	1197	22	12	54.55	10	0	103	124	LNLIQDNCFNDIEFEFKDLISI
PROKKA_00003	tr|A0A060N6G5|A0A060N6G5_CLOBO Nontoxic-nonhemagglutinin component, NTNH OS=Clostridium botulinum B str. Osaka05 GN=CBO05P2_175 PE=4 SV=1 !!!ntnH	179	1197	22	12	54.55	10	0	103	124	LNLIQDNCFNDIEFEFKDLISI
PROKKA_00003	tr|A5HZZ8|A5HZZ8_CLOBH Type A progenitor toxin nontoxic-nonha OS=Clostridium botulinum (strain Hall / ATCC 3502 / NCTC 13319 / Type A) GN=ntnH PE=4 SV=1 !!!ntnH	179	1193	19	10	52.63	9	0	100	118	DINLNLIQDNCFNDIEFEF
PROKKA_00003	tr|B2TSC3|B2TSC3_CLOBB Botulinum neurotoxin type B OS=Clostridium botulinum (strain Eklund 17B / Type B) GN=ntnH PE=4 SV=1 !!!ntnH	179	1197	22	11	50.00	11	0	103	124	LNLIQDNCFNDIEFEFKDLISI
PROKKA_00003	tr|A0A060NA10|A0A060NA10_CLOBO Haemagglutinin component HA70 OS=Clostridium botulinum B str. Osaka05 GN=CBO05P2_179 PE=4 SV=1 !!!ha70	179	626	56	17	30.36	32	7	15	63	NEKFKKIY-------MNYKDLIDIFTTKYNLSENYNDILNHFWIILKKADLNKFNT
PROKKA_00003	tr|A0A0B4W4X0|A0A0B4W4X0_CLOBO Hemagglutinin components HA-22/23/53 OS=Clostridium botulinum Prevot_594 GN=ha-70 PE=4 SV=1 !!!ha70	179	626	56	17	30.36	32	7	15	63	NEKFKKIY-------MNYKDLIDIFTTKYNLSENYNDILNHFWIILKKADLNKFNT
PROKKA_00003	tr|A0A0E1L2H2|A0A0E1L2H2_CLOBO Hemagglutinin components HA-22/23/53 OS=Clostridium botulinum CDC_1436 GN=ha-70 PE=4 SV=1 !!!ha70	179	626	56	17	30.36	32	7	15	63	NEKFKKIY-------MNYKDLIDIFTTKYNLSENYNDILNHFWIILKKADLNKFNT
PROKKA_00003	tr|B1INQ0|B1INQ0_CLOBK Hemagglutinin component HA70 OS=Clostridium botulinum (strain Okra / Type B1) GN=ha70 PE=4 SV=1 !!!ha70	179	626	56	17	30.36	32	7	15	63	NEKFKKIY-------MNYKDLIDIFTTKYNLSENYNDILNHFWIILKKADLNKFNT
PROKKA_00003	tr|B2TSB9|B2TSB9_CLOBB Heamagglutinin components HA-70 OS=Clostridium botulinum (strain Eklund 17B / Type B) GN=ha70 PE=4 SV=1 !!!ha70	179	626	56	17	30.36	32	7	15	63	NEKFKKIY-------MNYKDLIDIFTTKYNLSENYNDILNHFWIILKKADLNKFNT
PROKKA_00003	tr|C4IHM0|C4IHM0_CLOBU Botulinum neurotoxin type E, nontoxic-nonhemagglutinin component, NTNH OS=Clostridium butyricum E4 str. BoNT E BL5262 GN=ntnH PE=4 SV=1 !!!ntnH	179	1163	13	6	46.15	7	0	38	50	LSENYNDILNHFW
PROKKA_00003	tr|C4IHM0|C4IHM0_CLOBU Botulinum neurotoxin type E, nontoxic-nonhemagglutinin component, NTNH OS=Clostridium butyricum E4 str. BoNT E BL5262 GN=ntnH PE=4 SV=1 !!!ntnH	179	1163	18	7	38.89	11	0	104	121	NLIQDNCFNDIEFEFKDL
PROKKA_00003	tr|A0A0X1KH90|A0A0X1KH90_CLOBA Botulinum neurotoxin type E, nontoxic-nonhemagglutinin component, NTNH OS=Clostridium botulinum (strain Alaska E43 / Type E3) PE=1 SV=1 !!!ntnH	179	1163	13	6	46.15	7	0	38	50	LSENYNDILNHFW
PROKKA_00003	tr|A0A0X1KH90|A0A0X1KH90_CLOBA Botulinum neurotoxin type E, nontoxic-nonhemagglutinin component, NTNH OS=Clostridium botulinum (strain Alaska E43 / Type E3) PE=1 SV=1 !!!ntnH	179	1163	18	7	38.89	11	0	104	121	NLIQDNCFNDIEFEFKDL
PROKKA_00003	tr|C5UY14|C5UY14_CLOBO Botulinum neurotoxin type E1, nontoxic-nonhemagglutinin component, NTNH OS=Clostridium botulinum E1 str. 'BoNT E Beluga' GN=ntnH PE=4 SV=1 !!!ntnH	179	1163	13	6	46.15	7	0	38	50	LSENYNDILNHFW
PROKKA_00003	tr|C5UY14|C5UY14_CLOBO Botulinum neurotoxin type E1, nontoxic-nonhemagglutinin component, NTNH OS=Clostridium botulinum E1 str. 'BoNT E Beluga' GN=ntnH PE=4 SV=1 !!!ntnH	179	1163	18	7	38.89	11	0	104	121	NLIQDNCFNDIEFEFKDL
PROKKA_00003	tr|B1BE43|B1BE43_CLOBO Botulinum neurotoxin type C, nontoxic-nonhemagglutinin component NTNH OS=Clostridium botulinum C str. Eklund GN=CBC_A0166 PE=4 SV=1 !!!ntnH	179	1196	141	39	27.66	83	19	1	136	MKNLFFLMNTLKDDN--EKFKKIYMNYKDLIDIFTTKYNLSENYNDI--LNHFWIILKKADLNKFNTEDDLNKYISKCLKRYCLSICMKKNRDKKIIYNSEITDINLNLIQDNCFNDIEFEFKDLISILPNT-QKNIIYMK
PROKKA_00003	tr|B1L2G4|B1L2G4_CLOBM Botulinum neurotoxin type A3, nontoxic-nonhemagglutinin component, NTNH OS=Clostridium botulinum (strain Loch Maree / Type A3) GN=ntnH PE=4 SV=1 !!!ntnH	179	1159	16	7	43.75	9	0	103	118	LNLIQDNCFNDIEFEF
PROKKA_00003	tr|B2TSC1|B2TSC1_CLOBB Haemagglutinin component OS=Clostridium botulinum (strain Eklund 17B / Type B) GN=ha33 PE=4 SV=1  !!!ha33	179	292	15	6	40.00	9	0	47	61	NHFWIILKKADLNKF
PROKKA_00004	tr|M1ZUL7|M1ZUL7_CLOBO P-47 protein OS=Clostridium botulinum CFSAN001627 GN=CFSAN001627_20700 PE=4 SV=1 !!!P-47	417	416	416	416	100.00	0	0	1	416	MNTYGWDIVYGCSKRVVNKHLEDYITKNKVEFLYSNTDKKQEIKMVFDNWEIINGGSSNFLRIKTPIKEGYFKVKNTTIDLSGVNPVLEIKLDFFNDISNPNIKKLKFNFGSESNDDIKIIVSDLNGKLQEEDEFYFNKLLINAFIQNEKQISYIFASLNVTSDIEWMNPKQFKFVYYSPTDNSDGYLFILSVVTNRDISELSVNVDGNILGNNSEVGLLISEKLFLKNLVLPKLSSNMGSDITSNNFKVISTSDTTGRIANNSTLNWYGIKVGLIWYYPKINNFSMELFEGNKLKTKLSGIVRLTGYERIYSELNLECTTKFIYDPKNKKASFEYYKTSIMSCRPIFGLLDGVPALVAKSVGDWSLKSFRNSLAFGLTNNFTDIINGIVRWNNLKISEVTNVTLNVGFCIQGNAN
PROKKA_00004	tr|A7GBG1|A7GBG1_CLOBL P-47 protein OS=Clostridium botulinum (strain Langeland / NCTC 10281 / Type F) GN=p47 PE=4 SV=1 !!!P-47	417	416	416	413	99.28	3	0	1	416	MNTYGWDIVYGCSKRVVNKHLEDYITKNKVEFLYSNTDKKQEIKMVFDNWEIINGGSSNFLRIKTPIKEGYFKVKNTTIDLSGVNPVLEIKLDFFNDISNPNIKKLKFNFGSESNDDIKIIVSDLNGKLQEEDEFYFNKLLINAFIQNEKQISYIFASLNVTSDIEWMNPKQFKFVYYSPTDNSDGYLFILSVVTNRDISELSVNVDGNILGNNSEVGLLISEKLFLKNLVLPKLSSNMGSDITSNNFKVISTSDTTGRIANNSTLNWYGIKVGLIWYYPKINNFSMELFEGNKLKTKLSGIVRLTGYERIYSELNLECTTKFIYDPKNKKASFEYYKTSIMSCRPIFGLLDGVPALVAKSVGDWSLKSFRNSLAFGLTNNFTDIINGIVRWNNLKISEVTNVTLNVGFCIQGNAN
PROKKA_00004	tr|A0A073CND8|A0A073CND8_CLOBO P-47 protein OS=Clostridium botulinum A2B3 87 GN=N496_18585 PE=4 SV=1 !!!P-47	417	415	416	355	85.34	60	1	1	416	MNTYGWDIVYGCSKRVVNKHLEDYITKNKVEFLYSNTDKKQEIKMVFDNWEIINGGSSNFLRIKTPIKEGYFKVKNTTIDLSGVNPVLEIKLDFFNDISNPNIKKLKFNFGSESNDDIKIIVSDLNGKLQEEDEFYFNKLLINAFIQNEKQISYIFASLNVTSDIEWMNPKQFKFVYYSPTDNSDGYLFILSVVTNRDISELSVNVDGNILGNNSEVGLLISEKLFLKNLVLPKLSSNMGSDITSNNFKVISTSDTTGRIANNSTLNWYGIKVGLIWYYPKINNFSMELFEGNKLKTKLSGIVRLTGYERIYSELNLECTTKFIYDPKNKKASFEYYKTSIMSCRPIFGLLDGVPALVAKSVGDWSLKSFRNSLAFGLTNNFTDIINGIVRWNNLKISEVTNVTLNVGFCIQGNAN
PROKKA_00004	tr|C5UY13|C5UY13_CLOBO P-47 protein OS=Clostridium botulinum E1 str. 'BoNT E Beluga' GN=p47 PE=4 SV=1 !!!P-47	417	416	416	337	81.01	79	0	1	416	MNTYGWDIVYGCSKRVVNKHLEDYITKNKVEFLYSNTDKKQEIKMVFDNWEIINGGSSNFLRIKTPIKEGYFKVKNTTIDLSGVNPVLEIKLDFFNDISNPNIKKLKFNFGSESNDDIKIIVSDLNGKLQEEDEFYFNKLLINAFIQNEKQISYIFASLNVTSDIEWMNPKQFKFVYYSPTDNSDGYLFILSVVTNRDISELSVNVDGNILGNNSEVGLLISEKLFLKNLVLPKLSSNMGSDITSNNFKVISTSDTTGRIANNSTLNWYGIKVGLIWYYPKINNFSMELFEGNKLKTKLSGIVRLTGYERIYSELNLECTTKFIYDPKNKKASFEYYKTSIMSCRPIFGLLDGVPALVAKSVGDWSLKSFRNSLAFGLTNNFTDIINGIVRWNNLKISEVTNVTLNVGFCIQGNAN
PROKKA_00004	tr|B1L2G3|B1L2G3_CLOBM P-47 protein OS=Clostridium botulinum (strain Loch Maree / Type A3) GN=p47 PE=4 SV=1 !!!P-47	417	416	416	334	80.29	82	0	1	416	MNTYGWDIVYGCSKRVVNKHLEDYITKNKVEFLYSNTDKKQEIKMVFDNWEIINGGSSNFLRIKTPIKEGYFKVKNTTIDLSGVNPVLEIKLDFFNDISNPNIKKLKFNFGSESNDDIKIIVSDLNGKLQEEDEFYFNKLLINAFIQNEKQISYIFASLNVTSDIEWMNPKQFKFVYYSPTDNSDGYLFILSVVTNRDISELSVNVDGNILGNNSEVGLLISEKLFLKNLVLPKLSSNMGSDITSNNFKVISTSDTTGRIANNSTLNWYGIKVGLIWYYPKINNFSMELFEGNKLKTKLSGIVRLTGYERIYSELNLECTTKFIYDPKNKKASFEYYKTSIMSCRPIFGLLDGVPALVAKSVGDWSLKSFRNSLAFGLTNNFTDIINGIVRWNNLKISEVTNVTLNVGFCIQGNAN
PROKKA_00004	tr|C1FUH7|C1FUH7_CLOBJ P-47 protein OS=Clostridium botulinum (strain Kyoto / Type A2) GN=p47 PE=4 SV=1 !!!P-47	417	416	416	330	79.33	86	0	1	416	MNTYGWDIVYGCSKRVVNKHLEDYITKNKVEFLYSNTDKKQEIKMVFDNWEIINGGSSNFLRIKTPIKEGYFKVKNTTIDLSGVNPVLEIKLDFFNDISNPNIKKLKFNFGSESNDDIKIIVSDLNGKLQEEDEFYFNKLLINAFIQNEKQISYIFASLNVTSDIEWMNPKQFKFVYYSPTDNSDGYLFILSVVTNRDISELSVNVDGNILGNNSEVGLLISEKLFLKNLVLPKLSSNMGSDITSNNFKVISTSDTTGRIANNSTLNWYGIKVGLIWYYPKINNFSMELFEGNKLKTKLSGIVRLTGYERIYSELNLECTTKFIYDPKNKKASFEYYKTSIMSCRPIFGLLDGVPALVAKSVGDWSLKSFRNSLAFGLTNNFTDIINGIVRWNNLKISEVTNVTLNVGFCIQGNAN
PROKKA_00004	tr|A7GBF7|A7GBF7_CLOBL Toxin complex component ORF-X3 OS=Clostridium botulinum (strain Langeland / NCTC 10281 / Type F) GN=CLI_0845 PE=4 SV=1 !!!ORF-X3	417	490	294	77	26.19	174	43	3	259	TYGWDIVYGCSKRVVNKHLE-DYITKNKVEFLYSNTDKKQEIKMVFDNWEIINGGSSNFLRIKTPIKEGYFKVKNTTIDLSG------VNPVLEIKLDFFNDIS-----NPNIKKLKFNFGSESNDDIKIIV----SDLNG----------KLQEEDEF---YFNKLLINAFIQNEKQISYIFASLNVTSDI------EWMNPKQFKFVYYS-PTDNSDGYLFILSVVTNRDISELSVN-VDGNILGNNSEVGLLISEKLFLKNLVLPKLSSNMGSDITSNNFKVISTSDTTGR
PROKKA_00004	tr|A0A0A7FV57|A0A0A7FV57_9CLOT Clostridium P-47 family protein OS=Clostridium baratii str. Sullivan GN=U729_696 PE=4 SV=1 !!!P-47	417	491	294	77	26.19	173	44	3	258	TYGWDIVYGCSKRVVNKHLE-DYITKNKVEFLYSNTDKKQEIKMVFDNWEIINGGSSNFLRIKTPIKEGYFKVKNTTIDLSGVNPV------LEIKLDFF-----NDISNPNIKKLKFNFGSESNDDIKIIV---------------SDLNGKLQEEDEF---YFNKLLINAFIQNEKQISYIFASLNVTSDI------EWMNPKQFKFVYYS-PTDNSDGYLFILSVVTNRDISE-LSVNVDGNILGNNSEVGLLISEKLFLKNLVLPKLSSNMGSDITSNNFKVISTSDTTG
PROKKA_00004	tr|C5UY10|C5UY10_CLOBO Toxin complex component ORF-X3 OS=Clostridium botulinum E1 str. 'BoNT E Beluga' GN=CLO_2647 PE=4 SV=1 !!!ORF-X3	417	487	290	81	27.93	169	40	3	258	TYGWDIVYGCSKRVVNKHLE-DYITKNKVEFLYSNTDKKQEIKMVFDNWEIINGGSSNFLRIKTPIKEGYFKVKNTTIDLSG------VNPVLEIKLDF---FNDISNPNIK--KLKFNFGSESNDDIKIIV----SDLNG-------KLQEEDEF---YFNKLLINAFIQNEKQISYIFASLNVTSDI------EWMNPKQFKFVYYS-PTDNSDGYLFILSVVTNRDISE-LSVNVDGNILGNNSEVGLLISEKLFLKNLVLPKLSSNMGSDITSNNFKVISTSDTTG
PROKKA_00004	tr|A0A059PY44|A0A059PY44_9CLOT Toxin complex component ORF-X3 OS=Clostridium baratii PE=4 SV=1 !!!ORF-X3	417	491	294	77	26.19	173	44	3	258	TYGWDIVYGCSKRVVNKHLE-DYITKNKVEFLYSNTDKKQEIKMVFDNWEIINGGSSNFLRIKTPIKEGYFKVKNTTIDLSGVNPV------LEIKLDFF-----NDISNPNIKKLKFNFGSESNDDIKIIV---------------SDLNGKLQEEDEF---YFNKLLINAFIQNEKQISYIFASLNVTSDI------EWMNPKQFKFVYYS-PTDNSDGYLFILSVVTNRDISE-LSVNVDGNILGNNSEVGLLISEKLFLKNLVLPKLSSNMGSDITSNNFKVISTSDTTG
PROKKA_00004	tr|C1FUH3|C1FUH3_CLOBJ Toxin complex component ORF-X3 OS=Clostridium botulinum (strain Kyoto / Type A2) GN=CLM_0891 PE=4 SV=1 !!!ORF-X3	417	490	293	77	26.28	173	43	3	258	TYGWDIVYGCSKRVVNKHLE-DYITKNKVEFLYSNTDKKQEIKMVFDNWEIINGGSSNFLRIKTPIKEGYFKVKNTTIDLSG------VNPVLEIKLDFFNDIS-----NPNIKKLKFNFGSESNDDIKIIV----SDLNG----------KLQEEDEF---YFNKLLINAFIQNEKQISYIFASLNVTSDI------EWMNPKQFKFVYYS-PTDNSDGYLFILSVVTNRDISE-LSVNVDGNILGNNSEVGLLISEKLFLKNLVLPKLSSNMGSDITSNNFKVISTSDTTG
PROKKA_00004	tr|B1L2F9|B1L2F9_CLOBM Toxin complex component ORF-X3 OS=Clostridium botulinum (strain Loch Maree / Type A3) GN=CLK_A0070 PE=4 SV=1 !!!ORF-X3	417	490	293	77	26.28	173	43	3	258	TYGWDIVYGCSKRVVNKHLE-DYITKNKVEFLYSNTDKKQEIKMVFDNWEIINGGSSNFLRIKTPIKEGYFKVKNTTIDLSG------VNPVLEIKLDFFNDIS-----NPNIKKLKFNFGSESNDDIKIIV----SDLNG----------KLQEEDEF---YFNKLLINAFIQNEKQISYIFASLNVTSDI------EWMNPKQFKFVYYS-PTDNSDGYLFILSVVTNRDISE-LSVNVDGNILGNNSEVGLLISEKLFLKNLVLPKLSSNMGSDITSNNFKVISTSDTTG
PROKKA_00004	tr|A7GBF8|A7GBF8_CLOBL Toxin complex component ORF-X2 OS=Clostridium botulinum (strain Langeland / NCTC 10281 / Type F) GN=CLI_0846 PE=4 SV=1 !!!ORF-X2	417	750	261	67	25.67	166	28	5	238	GWDIVYGCSKRVVNKHLE-DYITKNKVEFLYSNTDKKQEIKMVFDNWEIINGGSSNFLRIKTPIKEGYFKVKNTTIDLSGVNPVL-EIKLDFF------NDISNPNIKKLKFNFGSESNDD-------IKIIVSDLNGKLQEEDEFYFNKLLINAFIQNEKQISYIFAS--LNVTSDI---EWMNPKQFKFVYYS-PTDNS----DGYLF-ILSVVTNRDISELSVNVDGNILG-NNSEVGLLISEKLFLKNLVLPKLSSN
PROKKA_00004	tr|A0A059PYB0|A0A059PYB0_9CLOT Toxin complex component ORF-X2 OS=Clostridium baratii PE=4 SV=1 !!!ORF-X2	417	748	278	61	21.94	158	59	5	237	GWDIVYGCSKRVVN----------KHLEDYITKNKVEFLYSNTDKKQEIKMVFDNWEIINGGSSNFLRIKTPIKEGYFKVKNTTIDLSGVNP----VLEIKLDFFND---ISNP----NIKKLKFNFGSESNDDIKII------VSDLNGKLQEED----EFYFNKLLINAFIQNEKQISYIFASLNVTS---DIEWMNPKQFKFVYYSPTDNSD----------GYLFILSVVTNRDISELSVNVDGNILGN-NSEVGLLISEKLFLKNLVLPKLSS
PROKKA_00004	tr|C5UY11|C5UY11_CLOBO Toxin complex component ORF-X2 OS=Clostridium botulinum E1 str. 'BoNT E Beluga' GN=CLO_2648 PE=4 SV=1 !!!ORF-X2	417	748	275	65	23.64	167	43	1	237	MNTYGWDIVYGCSKRVVNKHLE-DYITKNKVEFLYSNTDKKQEIKMVFDNWEIINGGSSNFLRIKTPIKEGYFKVKNTTIDLSGVNP----VLEIKLDFFND---ISNP----NIKKLKFNFGSESNDDIKII------VSDLNGKLQEEDEFYFN---KLLINAFIQNEKQI-SYIFASLNVTSDI---EWMNPKQFKFVYYSPT-----------DNSDGYLF-ILSVVTNRDISELSVNVDGNILG-NNSEVGLLISEKLFLKNLVLPKLSS
PROKKA_00004	tr|A0A059PYE4|A0A059PYE4_9CLOT Toxin OS=Clostridium baratii GN=UC77_04385 PE=4 SV=1 !!! 	417	140	112	28	25.00	69	15	57	155	SSNFLRIKTPIKEGYFKVKNTT------IDLSGVNPVLEIKLDFFNDISNPNIKKLKFN----FGSESNDDIKIIVSDLNGKLQEE---DEFYFNKLLINAFIQNEKQISYI
PROKKA_00004	tr|A0A0A7FVW8|A0A0A7FVW8_9CLOT Putative oRF-X1 OS=Clostridium baratii str. Sullivan GN=U729_698 PE=4 SV=1 !!!ORF-X1	417	140	112	28	25.00	69	15	57	155	SSNFLRIKTPIKEGYFKVKNTT------IDLSGVNPVLEIKLDFFNDISNPNIKKLKFN----FGSESNDDIKIIVSDLNGKLQEE---DEFYFNKLLINAFIQNEKQISYI
PROKKA_00004	tr|A7GBF9|A7GBF9_CLOBL Toxin complex component ORF-X1 OS=Clostridium botulinum (strain Langeland / NCTC 10281 / Type F) GN=CLI_0847 PE=4 SV=1 !!!ORF-X1	417	142	84	26	30.95	46	12	57	129	SSNFLRIKTPIKEGYFKVKNTT------IDLSGVNPVLEIKLDFFNDISNPNIKKLK-----FNFGSESNDDIKIIVSDLNGKL
PROKKA_00004	tr|B2TSB9|B2TSB9_CLOBB Heamagglutinin components HA-70 OS=Clostridium botulinum (strain Eklund 17B / Type B) GN=ha70 PE=4 SV=1 !!!ha70	417	626	39	11	28.21	25	3	103	141	IKKLKFNFGSESNDDIKIIVSDLNGKLQEEDEFYFNKLL
PROKKA_00005	tr|B1L2G4|B1L2G4_CLOBM Botulinum neurotoxin type A3, nontoxic-nonhemagglutinin component, NTNH OS=Clostridium botulinum (strain Loch Maree / Type A3) GN=ntnH PE=4 SV=1 !!!ntnH	1162	1159	1161	1055	90.87	104	2	1	1161	MKINNNFNIDSPVDNKDVAIVRGRKTDIFLKVFQVAPNIWVAPERYYGESLNINEDQKSNGGIYDSNFLLTNDEKDEFLQATVKILQRINNNVIGAKLLSLISTAIPFPYEYRAEDYRQTNYLSSKDNQHYYTANLVIFGPGTNIVENNVVYYKKEDSKNGMGTMSEIWFQPFLTYKYDQFYVDPALELIKCLIKSLYYLYGIKPNDDLSIPYRLRSEFNSLEYSELDMVDFLISGGTDYKLLNTNPYWFTDNYFINAPKNFEKYKNDYETKIKNNNDIANSIKLYLEQKFKTNVQDIWELNLSYFSTEFEIMMPEIFNNALNHYHRKEYYVIDYFKNYNINGFINGQIKTILPLSKYNKNIINKPELIVNLINENNSVLMKSNIYGDGLKDTIGNFYAVYKIPYNIGDEYHINSSDSCLDNVDIKEIDNIPPINDADIYPYRKNCDPFTPVYNITETKEINTTIPFPVNYLQAQVTNSNDINLSSDFLKVISSKDRSLVYSFLDNTIDYLDSIKYDGPIDTDKKYYLWLKEIFRNYSFDITATQEINTDCGINKVVTWFGKALNILNTSDSFVEEFQNLGPISLINKKENLSMPKIEIDEIPNSMLNLSFKDLSENLFNIFSKNNSYFEKIYYDFLDQWWTQYYSQYFDLICMAKRSVLAQESLIKKIIQKKLSYLIGNSNISSDNLALMNLTTTNTLRDISNESQIAMNNVNNFLNNVAICVFQTNIYPKFISFMEQCINNINKNTREFIQKCTNITENEKLQLINQNIFSSLDFDFLNIENLKSLFNSETGLLIKEETSPYELVLYAFQEPGNNAIGDASGKNTSIEYSKDIGLVYGINSDALYLNGSNQSISFSNDFFENGLTNSFSIYFWLRNLGKDTIKSKLIGSKEDNCGWEIYFQDTGLVFNMIDSNGNEKNIYLSDVSNNSWHYITISVDRLKEQLLIFIDDNLVANESIKEILNIYSSNTISLVNENNPIYVEGLSILNKPTTSQEVLSNYFKVLNNSYIRDSSEERLEYNKTYQLYNYVFSENPIYEIKQNNNIYLTINNTNNLNLQVSKFKLLSINPNKQYVQKLDEVIISVLDNMEKYIDISEDNRLQLIDNKNNAKKMIISNDIFISNCLIISYNGKYICLSMKDENHNWMICNNDMSKYLYLWSFK
PROKKA_00005	tr|C1FUH8|C1FUH8_CLOBJ Botulinum neurotoxin type A2, nontoxic-nonhemagglutinin component, NTNH OS=Clostridium botulinum (strain Kyoto / Type A2) GN=ntnH PE=4 SV=1 !!!ntnH	1162	1159	1161	1060	91.30	99	2	1	1161	MKINNNFNIDSPVDNKDVAIVRGRKTDIFLKVFQVAPNIWVAPERYYGESLNINEDQKSNGGIYDSNFLLTNDEKDEFLQATVKILQRINNNVIGAKLLSLISTAIPFPYEYRAEDYRQTNYLSSKDNQHYYTANLVIFGPGTNIVENNVVYYKKEDSKNGMGTMSEIWFQPFLTYKYDQFYVDPALELIKCLIKSLYYLYGIKPNDDLSIPYRLRSEFNSLEYSELDMVDFLISGGTDYKLLNTNPYWFTDNYFINAPKNFEKYKNDYETKIKNNNDIANSIKLYLEQKFKTNVQDIWELNLSYFSTEFEIMMPEIFNNALNHYHRKEYYVIDYFKNYNINGFINGQIKTILPLSKYNKNIINKPELIVNLINENNSVLMKSNIYGDGLKDTIGNFYAVYKIPYNIGDEYHINSSDSCLDNVDIKEIDNIPPINDADIYPYRKNCDPFTPVYNITETKEINTTIPFPVNYLQAQVTNSNDINLSSDFLKVISSKDRSLVYSFLDNTIDYLDSIKYDGPIDTDKKYYLWLKEIFRNYSFDITATQEINTDCGINKVVTWFGKALNILNTSDSFVEEFQNLGPISLINKKENLSMPKIEIDEIPNSMLNLSFKDLSENLFNIFSKNNSYFEKIYYDFLDQWWTQYYSQYFDLICMAKRSVLAQESLIKKIIQKKLSYLIGNSNISSDNLALMNLTTTNTLRDISNESQIAMNNVNNFLNNVAICVFQTNIYPKFISFMEQCINNINKNTREFIQKCTNITENEKLQLINQNIFSSLDFDFLNIENLKSLFNSETGLLIKEETSPYELVLYAFQEPGNNAIGDASGKNTSIEYSKDIGLVYGINSDALYLNGSNQSISFSNDFFENGLTNSFSIYFWLRNLGKDTIKSKLIGSKEDNCGWEIYFQDTGLVFNMIDSNGNEKNIYLSDVSNNSWHYITISVDRLKEQLLIFIDDNLVANESIKEILNIYSSNTISLVNENNPIYVEGLSILNKPTTSQEVLSNYFKVLNNSYIRDSSEERLEYNKTYQLYNYVFSENPIYEIKQNNNIYLTINNTNNLNLQVSKFKLLSINPNKQYVQKLDEVIISVLDNMEKYIDISEDNRLQLIDNKNNAKKMIISNDIFISNCLIISYNGKYICLSMKDENHNWMICNNDMSKYLYLWSFK
PROKKA_00005	tr|A7GBG2|A7GBG2_CLOBL Botulinum neurotoxin type F, nontoxic-nonhemagglutinin component, NTNH OS=Clostridium botulinum (strain Langeland / NCTC 10281 / Type F) GN=ntnH PE=4 SV=1 !!!ntnH	1162	1163	1163	1061	91.23	98	4	1	1161	MKINNNFNIDSPVDNKDVAIVRGRKTDIFLKVFQVAPNIWVAPERYYGESLNINEDQKSNGGIYDSNFLLTNDEKDEFLQATVKILQRINNNVIGAKLLSLISTAIPFPYEYRAEDYRQTNYLSSKDNQHYYTANLVIFGPGTNIVENNVVYYKKEDSKNGMGTMSEIWFQPFLTYKYDQFYVDPALELIKCLIKSLYYLYGIKPNDDLSIPYRLRSEFNSLEYSELDMVDFLISGGTDYKLLNTNPYWFTDNYFINAPKNFEKYKNDYETKIKNNNDIANSIKLYLEQKFKTNVQDIWELNLSYFSTEFEIMMPEIFNNALNHYHRKEYYVIDYFKNYNINGFINGQIKTILPLSKYNKNIINKPELIVNLINENNSVLMKSNIYGDGLKDTIGNFYAVYKIPYNIGDEYHINSSDSCLDNVDIKEIDNIPPINDADIYPYRKNCDPFTPVYNITETKEINTTIPFPVNYLQAQVTNSNDINLSSDFLKVISSKDRSLVYSFLDNTIDYLDSIKYDGPIDTDKKYYLWLKEIFRNYSFDITATQEINTDCGINKVVTWFGKALNILNTSDSFVEEFQNLGPISLINKKENLSMPKIEIDEIPNSMLNLSFKDLSENLFNIFSKNNSYFEKIYYDFLDQWWTQYYSQYFDLICMAKRSVLAQESLIKKIIQKKLSYLIGNSNISSDNLALMNLTTTNTLRDISNESQIAMNNVNNFLNNVAICVFQTNIYPKFISFMEQCINNINKNTREFIQKCTNITENEKLQLINQNIFSSLDFDFLNIENLKSLFNSETGLLIKEETSPYELVLYAFQEPGNNAIGDASGKNTSIEYSKDIGLVYGINSDALYLNGSNQSISFSNDFFENGLTNSFSIYFWLRNLGKDTIKSKLIGSKEDNCGWEIYFQDTGLVFNMIDSNGNEKNIYLSDVSNNSWHYITISVDRLKEQLLIFIDDNLVANESIKEILNIYSSNTISLVNENNPIYVEGLSILNKPTTSQEVLSNYFKVLNNSYIRDSSEERLEYNKTYQLYNYVFSENPIYEIKQNNNIYLTINNTNNLNLQVSKFKLLSINPNKQYVQKLDEVIISVLDNMEKYIDISEDNRLQLIDNKNNAKKMIISNDIFISNCLIISYNGKYICLSMKDENHNWMICNND--MSKYLYLWSFK
PROKKA_00005	tr|A5HZZ8|A5HZZ8_CLOBH Type A progenitor toxin nontoxic-nonha OS=Clostridium botulinum (strain Hall / ATCC 3502 / NCTC 13319 / Type A) GN=ntnH PE=4 SV=1 !!!ntnH	1162	1193	1195	934	78.16	225	36	1	1161	MKINNNFNIDSPVDNKDVAIVRGRKTDIFLKVFQVAPNIWVAPERYYGESLNINEDQKSNGGIYDSNFLLTNDEKDEFLQATVKILQRINNNVIGAKLLSLISTAIPFPY---------------------------------EYRAEDYRQTNYLSSKDNQHYYTANLVIFGPGTNIVENNVVYYKKEDSKNGMGTMSEIWFQPFLTYKYDQFYVDPALELIKCLIKSLYYLYGIKPNDDLSIPYRLRSEFNSLEYSELDMVDFLISGGTDYKLLNTNPYWFTDNYFINAPKNFEKYKNDYETKIKNNNDIANSIKLYLEQKFKTNVQDIWELNLSYFSTEFEIMMPEIFNNALNHYHRKEYYVIDYFKNYNINGFINGQIKTILPLSKYNKNIINKPELIVNLINENNSVLMKSNIYGDGLKDTIGNFYAVYKIPYNIGDEYHINSS-DSCLDNVDIKEIDNIPPINDADIYPYRKNCDPFTPVYNITETKEINTTIPFPVNYLQAQVTNSNDINLSSDFLKVISSKDRSLVYSFLDNTIDYLDSIKYDGPIDTDKKYYLWLKEIFRNYSFDITATQEINTDCGINKVVTWFGKALNILNTSDSFVEEFQNLGPISLINKKENLSMPKIEIDEIPNSMLNLSFKDLSENLFNIFSKNNSYFEKIYYDFLDQWWTQYYSQYFDLICMAKRSVLAQESLIKKIIQKKLSYLIGNSNISSDNLALMNLTTTNTLRDISNESQIAMNNVNNFLNNVAICVFQTNIYPKFISFMEQCINNINKNTREFIQKCTNITENEKLQLINQNIFSSLDFDFLNIENLKSLFNSETGLLIKEETSPYELVLYAFQEPGNNAIGDASGKNTSIEYSKDIGLVYGINSDALYLNGSNQSISFSNDFFENGLTNSFSIYFWLRNLGKDTIKSKLIGSKEDNCGWEIYFQDTGLVFNMIDSNGNEKNIYLSDVSNNSWHYITISVDRLKEQLLIFIDDNLVANESIKEILNIYSSNTISLVNENNPIYVEGLSILNKPTTSQEVLSNYFKVLNNSYIRDSSEERLEYNKTYQLYNYVFSENPIYEIKQNNNIYLTINNTNNLNLQVSKFKLLSINPNKQYVQKLDEVIISVLDNMEKYIDISEDNRLQLIDNKNNAKKMIISNDIFISNCLIISYNGKYICLSMKDENHNWMICNNDMSKYLYLWSFK
PROKKA_00005	tr|C5UY14|C5UY14_CLOBO Botulinum neurotoxin type E1, nontoxic-nonhemagglutinin component, NTNH OS=Clostridium botulinum E1 str. 'BoNT E Beluga' GN=ntnH PE=4 SV=1 !!!ntnH	1162	1163	1164	887	76.20	271	6	1	1161	MKINNNFNIDSPVDNKDVAIVRGRKTDIFLKVFQVAPNIWVAPERYYGESLNINEDQKSNGGIYDSNFLLTNDEKDEFLQATVKILQRINNNVIGAKLLSLISTAIPFPYEYRAEDYRQTNYLSSKDNQHYYTANLVIFGPGTNIVENNVVYYKKEDSKNGMGTMSEIWFQPFLTYKYDQFYVDPALELIKCLIKSLYYLYGIKPNDDLSIPYRLRSEFNSLEYSELDMVDFLISGGTDYKLLNTNPYWFTDNYFINAPKNFEKYKNDYETKIKNNNDIANSIKLYLEQKFKTNVQDIWELNLSYFSTEFEIMMPEIFNNALNHYHRKEYYVIDYFKNYNINGFINGQIKTILPLSKYNKNIINKPELIVNLINENNSVLMKSNIYGDGLKDTIGNFYAVYKIPYNIGDEYHINSSDSCLDNVDIKEIDNIPPINDADIYPYRKNCDPFTPVYNITETKEINTTIPFPVNYLQAQVTNSNDINLSSDFLKVISSKDRSLVYSFLDNTIDYLDSIKYDGPIDTDKKYYLWLKEIFRNYSFDITATQEINTDCGINKVVTWFGKALNILNTSDSFVEEFQNLGPISLINKKENLSMPKIEIDEIPNSMLNLSFKDLSENLFNIFSKNNSYFEKIYYDFLDQWWTQYYSQYFDLICMAKRSVLAQESLIKKIIQKKLSYLIGNSNISSDNLALMNLTTTNTLRDISNESQIAMNNVNNFLNNVAICVFQTNIYPKFISFMEQCINNINKNTREFIQKCTNITENEKLQLINQNIFSSLDFDFLNIENLKSLFNSETGLLIKEETSPYELVLYAFQEPGNNAIGDASGKNTSIEYSKDIGLVYGINSDALYLNGSNQSISFSNDFFENGLTNSFSIYFWLRNLGKDTIKSKLIGSKEDNCGWEIYFQDTGLVFNMIDSNGNEKNIYLSDVSNNSWHYITISVDRLKEQLLIFIDDNLVANESIKEILNIYSSNTISLVNENNPIYVEGLSILNKPTTSQEVLSNYFKVLNNSYIRDSSEERLEYNKTYQLYNYVFSENPIYEIKQNNNIYLTINNTNNLNLQVSKFKLLSINPNKQYVQKLDEVIISVLDNMEKYIDIS-EDNRLQLIDNKNNAKKMIISNDIFISNCLIISYNGKYICLSMKDENHNWMIC--NNDMSKYLYLWSFK
PROKKA_00005	tr|A0A0X1KH90|A0A0X1KH90_CLOBA Botulinum neurotoxin type E, nontoxic-nonhemagglutinin component, NTNH OS=Clostridium botulinum (strain Alaska E43 / Type E3) PE=1 SV=1 !!!ntnH	1162	1163	1164	886	76.12	272	6	1	1161	MKINNNFNIDSPVDNKDVAIVRGRKTDIFLKVFQVAPNIWVAPERYYGESLNINEDQKSNGGIYDSNFLLTNDEKDEFLQATVKILQRINNNVIGAKLLSLISTAIPFPYEYRAEDYRQTNYLSSKDNQHYYTANLVIFGPGTNIVENNVVYYKKEDSKNGMGTMSEIWFQPFLTYKYDQFYVDPALELIKCLIKSLYYLYGIKPNDDLSIPYRLRSEFNSLEYSELDMVDFLISGGTDYKLLNTNPYWFTDNYFINAPKNFEKYKNDYETKIKNNNDIANSIKLYLEQKFKTNVQDIWELNLSYFSTEFEIMMPEIFNNALNHYHRKEYYVIDYFKNYNINGFINGQIKTILPLSKYNKNIINKPELIVNLINENNSVLMKSNIYGDGLKDTIGNFYAVYKIPYNIGDEYHINSSDSCLDNVDIKEIDNIPPINDADIYPYRKNCDPFTPVYNITETKEINTTIPFPVNYLQAQVTNSNDINLSSDFLKVISSKDRSLVYSFLDNTIDYLDSIKYDGPIDTDKKYYLWLKEIFRNYSFDITATQEINTDCGINKVVTWFGKALNILNTSDSFVEEFQNLGPISLINKKENLSMPKIEIDEIPNSMLNLSFKDLSENLFNIFSKNNSYFEKIYYDFLDQWWTQYYSQYFDLICMAKRSVLAQESLIKKIIQKKLSYLIGNSNISSDNLALMNLTTTNTLRDISNESQIAMNNVNNFLNNVAICVFQTNIYPKFISFMEQCINNINKNTREFIQKCTNITENEKLQLINQNIFSSLDFDFLNIENLKSLFNSETGLLIKEETSPYELVLYAFQEPGNNAIGDASGKNTSIEYSKDIGLVYGINSDALYLNGSNQSISFSNDFFENGLTNSFSIYFWLRNLGKDTIKSKLIGSKEDNCGWEIYFQDTGLVFNMIDSNGNEKNIYLSDVSNNSWHYITISVDRLKEQLLIFIDDNLVANESIKEILNIYSSNTISLVNENNPIYVEGLSILNKPTTSQEVLSNYFKVLNNSYIRDSSEERLEYNKTYQLYNYVFSENPIYEIKQNNNIYLTINNTNNLNLQVSKFKLLSINPNKQYVQKLDEVIISVLDNMEKYIDIS-EDNRLQLIDNKNNAKKMIISNDIFISNCLIISYNGKYICLSMKDENHNWMIC--NNDMSKYLYLWSFK
PROKKA_00005	tr|C4IHM0|C4IHM0_CLOBU Botulinum neurotoxin type E, nontoxic-nonhemagglutinin component, NTNH OS=Clostridium butyricum E4 str. BoNT E BL5262 GN=ntnH PE=4 SV=1 !!!ntnH	1162	1163	1164	889	76.37	269	6	1	1161	MKINNNFNIDSPVDNKDVAIVRGRKTDIFLKVFQVAPNIWVAPERYYGESLNINEDQKSNGGIYDSNFLLTNDEKDEFLQATVKILQRINNNVIGAKLLSLISTAIPFPYEYRAEDYRQTNYLSSKDNQHYYTANLVIFGPGTNIVENNVVYYKKEDSKNGMGTMSEIWFQPFLTYKYDQFYVDPALELIKCLIKSLYYLYGIKPNDDLSIPYRLRSEFNSLEYSELDMVDFLISGGTDYKLLNTNPYWFTDNYFINAPKNFEKYKNDYETKIKNNNDIANSIKLYLEQKFKTNVQDIWELNLSYFSTEFEIMMPEIFNNALNHYHRKEYYVIDYFKNYNINGFINGQIKTILPLSKYNKNIINKPELIVNLINENNSVLMKSNIYGDGLKDTIGNFYAVYKIPYNIGDEYHINSSDSCLDNVDIKEIDNIPPINDADIYPYRKNCDPFTPVYNITETKEINTTIPFPVNYLQAQVTNSNDINLSSDFLKVISSKDRSLVYSFLDNTIDYLDSIKYDGPIDTDKKYYLWLKEIFRNYSFDITATQEINTDCGINKVVTWFGKALNILNTSDSFVEEFQNLGPISLINKKENLSMPKIEIDEIPNSMLNLSFKDLSENLFNIFSKNNSYFEKIYYDFLDQWWTQYYSQYFDLICMAKRSVLAQESLIKKIIQKKLSYLIGNSNISSDNLALMNLTTTNTLRDISNESQIAMNNVNNFLNNVAICVFQTNIYPKFISFMEQCINNINKNTREFIQKCTNITENEKLQLINQNIFSSLDFDFLNIENLKSLFNSETGLLIKEETSPYELVLYAFQEPGNNAIGDASGKNTSIEYSKDIGLVYGINSDALYLNGSNQSISFSNDFFENGLTNSFSIYFWLRNLGKDTIKSKLIGSKEDNCGWEIYFQDTGLVFNMIDSNGNEKNIYLSDVSNNSWHYITISVDRLKEQLLIFIDDNLVANESIKEILNIYSSNTISLVNENNPIYVEGLSILNKPTTSQEVLSNYFKVLNNSYIRDSSEERLEYNKTYQLYNYVFSENPIYEIKQNNNIYLTINNTNNLNLQVSKFKLLSINPNKQYVQKLDEVIISVLDNMEKYIDISED-NRLQLIDNKNNAKKMIISNDIFISNCLIISYNGKYICLSMKDENHNWMIC--NNDMSKYLYLWSFK
PROKKA_00005	tr|B1INP6|B1INP6_CLOBK Botulinum neurotoxin type B1, nontoxic-nonhemagglutinin component, NTNH OS=Clostridium botulinum (strain Okra / Type B1) GN=ntnH PE=4 SV=1 !!!ntnH	1162	1197	1198	787	65.69	371	40	1	1161	MKINNNFNIDSPVDNKDVAIVRGRKTDIFLKVFQVAPNIWVAPERYYGESLNINEDQKSNGGIYDSNFLLTNDEKDEFLQATVKILQRINNNVIGAKLLSLISTAIPFPY---------------------------------EYRAEDYRQTNYLSSKDNQHYYTANLVIFGPGTNIVENNVVYYKKEDSKNGMGTMSEIWFQPFLTYKYDQFYVDPALELIKCLIKSLYYLYGIKPNDDLSIPYRLRSEFNSLEYSELDMVDFLISGGTDYKLLNTNPYWFTDNYFINAPKNFEKYKNDYETKIKNNNDIANSIKLYLEQKFKTNVQDIWELNLSYFSTEFEIMMPEIFNNALNHYHRKEYYVIDYFKNYNINGFINGQIKTILPLSKYNKNIINKPELIVNLINENNSVLMKSNIYGDGLKDTIGNFYAVYKIPYNIGDEYHINSS-DSCLDNVDIKEIDNIPPINDADIYPYRKNCDPFTPVYNITETKEINTTIPFPVNYLQAQVTNSNDINLSSDFLKVISSKDRSLVYSFLDNTIDYLDSIKYDGPIDTDKKYYLWLKEIFRNYSFDITATQEINTDCGINKVVTWFGKALNILNTSDSFVEEFQNLGPISLINKKENLSMPKIEIDEIPNSMLNLSFKDLSENLFNIFSKNNSYFEKIYYDFLDQWWTQYYSQYFDLICMAKRSVLAQESLIKKIIQKKLSYLIGNSNISSDNLALMNLTTTNTLRDISNESQIAMNNVNNFLNNVAICVFQTNIYPKFISFMEQCINNINKNTREFIQKCTNITENEKLQLINQNIFSSLDFDFLNIENLKSLFNSETGLLIKEETSPYELVLYAFQEPGNNAIGDASGKNTSIEYSKDIGLVYGINSDALYLNGSNQSISFSNDFFENGLTNSFSIYFWLRNLGKDTIKSKLIGSKEDNCGWEIYFQDTGLVFNMIDSNGNEKNIYLSDVSNNSWHYITISVDRLKEQLLIFIDDNLVANESIKEILNIYSSNTISLVNENNPIYVEGLSILNKPTTSQEVLSNYFKVLNNSYIRDSSEERLEYNKTYQLYNYVFSENPIYEIKQNNNIYLTINNTNNLNLQVSKFKLLSINPNKQYVQKLDEVIISVLDNMEKYIDI-SEDNRLQLIDNKNNAKKMIISNDIFISNCLIISYNGKYICLSMKDENHNWMICNN--DMSKYLYLWSFK
PROKKA_00005	tr|A0A060N6G5|A0A060N6G5_CLOBO Nontoxic-nonhemagglutinin component, NTNH OS=Clostridium botulinum B str. Osaka05 GN=CBO05P2_175 PE=4 SV=1 !!!ntnH	1162	1197	1198	793	66.19	365	40	1	1161	MKINNNFNIDSPVDNKDVAIVRGRKTDIFLKVFQVAPNIWVAPERYYGESLNINEDQKSNGGIYDSNFLLTNDEKDEFLQATVKILQRINNNVIGAKLLSLISTAIPFPY---------------------------------EYRAEDYRQTNYLSSKDNQHYYTANLVIFGPGTNIVENNVVYYKKEDSKNGMGTMSEIWFQPFLTYKYDQFYVDPALELIKCLIKSLYYLYGIKPNDDLSIPYRLRSEFNSLEYSELDMVDFLISGGTDYKLLNTNPYWFTDNYFINAPKNFEKYKNDYETKIKNNNDIANSIKLYLEQKFKTNVQDIWELNLSYFSTEFEIMMPEIFNNALNHYHRKEYYVIDYFKNYNINGFINGQIKTILPLSKYNKNIINKPELIVNLINENNSVLMKSNIYGDGLKDTIGNFYAVYKIPYNIGDEYHINSS-DSCLDNVDIKEIDNIPPINDADIYPYRKNCDPFTPVYNITETKEINTTIPFPVNYLQAQVTNSNDINLSSDFLKVISSKDRSLVYSFLDNTIDYLDSIKYDGPIDTDKKYYLWLKEIFRNYSFDITATQEINTDCGINKVVTWFGKALNILNTSDSFVEEFQNLGPISLINKKENLSMPKIEIDEIPNSMLNLSFKDLSENLFNIFSKNNSYFEKIYYDFLDQWWTQYYSQYFDLICMAKRSVLAQESLIKKIIQKKLSYLIGNSNISSDNLALMNLTTTNTLRDISNESQIAMNNVNNFLNNVAICVFQTNIYPKFISFMEQCINNINKNTREFIQKCTNITENEKLQLINQNIFSSLDFDFLNIENLKSLFNSETGLLIKEETSPYELVLYAFQEPGNNAIGDASGKNTSIEYSKDIGLVYGINSDALYLNGSNQSISFSNDFFENGLTNSFSIYFWLRNLGKDTIKSKLIGSKEDNCGWEIYFQDTGLVFNMIDSNGNEKNIYLSDVSNNSWHYITISVDRLKEQLLIFIDDNLVANESIKEILNIYSSNTISLVNENNPIYVEGLSILNKPTTSQEVLSNYFKVLNNSYIRDSSEERLEYNKTYQLYNYVFSENPIYEIKQNNNIYLTINNTNNLNLQVSKFKLLSINPNKQYVQKLDEVIISVLDNMEKYIDI-SEDNRLQLIDNKNNAKKMIISNDIFISNCLIISYNGKYICLSMKDENHNWMICNN--DMSKYLYLWSFK
PROKKA_00005	tr|B2TSC3|B2TSC3_CLOBB Botulinum neurotoxin type B OS=Clostridium botulinum (strain Eklund 17B / Type B) GN=ntnH PE=4 SV=1 !!!ntnH	1162	1197	1198	776	64.77	382	40	1	1161	MKINNNFNIDSPVDNKDVAIVRGRKTDIFLKVFQVAPNIWVAPERYYGESLNINEDQKSNGGIYDSNFLLTNDEKDEFLQATVKILQRINNNVIGAKLLSLISTAIPFPY---------------------------------EYRAEDYRQTNYLSSKDNQHYYTANLVIFGPGTNIVENNVVYYKKEDSKNGMGTMSEIWFQPFLTYKYDQFYVDPALELIKCLIKSLYYLYGIKPNDDLSIPYRLRSEFNSLEYSELDMVDFLISGGTDYKLLNTNPYWFTDNYFINAPKNFEKYKNDYETKIKNNNDIANSIKLYLEQKFKTNVQDIWELNLSYFSTEFEIMMPEIFNNALNHYHRKEYYVIDYFKNYNINGFINGQIKTILPLSKYNKNIINKPELIVNLINENNSVLMKSNIYGDGLKDTIGNFYAVYKIPYNIGDEYHI-NSSDSCLDNVDIKEIDNIPPINDADIYPYRKNCDPFTPVYNITETKEINTTIPFPVNYLQAQVTNSNDINLSSDFLKVISSKDRSLVYSFLDNTIDYLDSIKYDGPIDTDKKYYLWLKEIFRNYSFDITATQEINTDCGINKVVTWFGKALNILNTSDSFVEEFQNLGPISLINKKENLSMPKIEIDEIPNSMLNLSFKDLSENLFNIFSKNNSYFEKIYYDFLDQWWTQYYSQYFDLICMAKRSVLAQESLIKKIIQKKLSYLIGNSNISSDNLALMNLTTTNTLRDISNESQIAMNNVNNFLNNVAICVFQTNIYPKFISFMEQCINNINKNTREFIQKCTNITENEKLQLINQNIFSSLDFDFLNIENLKSLFNSETGLLIKEETSPYELVLYAFQEPGNNAIGDASGKNTSIEYSKDIGLVYGINSDALYLNGSNQSISFSNDFFENGLTNSFSIYFWLRNLGKDTIKSKLIGSKEDNCGWEIYFQDTGLVFNMIDSNGNEKNIYLSDVSNNSWHYITISVDRLKEQLLIFIDDNLVANESIKEILNIYSSNTISLVNENNPIYVEGLSILNKPTTSQEVLSNYFKVLNNSYIRDSSEERLEYNKTYQLYNYVFSENPIYEIKQNNNIYLTINNTNNLNLQVSKFKLLSINPNKQYVQKLDEVIISVLDNMEKYIDI-SEDNRLQLIDNKNNAKKMIISNDIFISNCLIISYNGKYICLSMKDENHNWMICNN--DMSKYLYLWSFK
PROKKA_00005	tr|B1BE43|B1BE43_CLOBO Botulinum neurotoxin type C, nontoxic-nonhemagglutinin component NTNH OS=Clostridium botulinum C str. Eklund GN=CBC_A0166 PE=4 SV=1 !!!ntnH	1162	1196	1197	711	59.40	442	44	1	1158	MKINNNFNIDSPVDNKDVAIVRGRKTDIFLKVFQVAPNIWVAPERYYGESLNINEDQKSNGGIYDSNFLLTNDEKDEFLQATVKILQRINNNVIGAKLLSLISTAIPFPYEYRA---------------------------------EDYRQTNYLSSKDNQHYYTANLVIFGPGTNIVENNVVYYKKEDSKNGMGTMSEIWFQPFLTYKYDQFYVDPALELIKCLIKSLYYLYGIKPNDDLSIPYRLRSEFNSLEYSELDMVDFLISGGTDYKLLNTNPYWFTDNYFINAPKNFEKYKNDYETKIKNNNDIANSIKLYLEQKFKTNVQDIWELNLSYFSTEFEIMMPEIFNNALNHYHRKEYYVIDYFKNYNINGFINGQIKTILPLSKYNKNIINKPELIVNLINENNSVLMKSNIYGDGLKDTIGNFYAVYKIPYNIGDEYHINSSDS-CLDNVDIKEIDNIPPINDADIYPYRKNCD--PFTPVYNITETKEINTTIPFPVNYLQAQVTNSNDINLSSDFLKVISSKDRSLVYSFLDNTIDYLDSIKYDGPIDTDKKYYLWLKEIFRNYSFDITATQEINTDCGINKVVTWFGKALNILNTSDSFVEEFQNLGPISLINKKENLSMPKIEIDEIPNSMLNLSFKDLSENLFNIFSKNNSYFEKIYYDFLDQWWTQYYSQYFDLICMAKRSVLAQESLIKKIIQKKLSYLIGNSNISSDNLALMNLTTTNTLRDISNESQIAMNNVNNFLNNVAICVFQTNIYPKFISFMEQCINNINKNTREFIQKCTNITENEKLQLINQNIFSSLDFDFLNIENLKSLFNSETGLLIKEETSPYELVLYAFQEPGNNAIGDASGKNTSIEYSKDIGLVYGINSDALYLNGSNQSISFSNDFFENGLTNSFSIYFWLRNLGKDTIKSKLIGSKEDNCGWEIYFQDTGLVFNMIDSNGNEKNIYLSDVSNNSWHYITISVDRLKEQLLIFIDDNLVANESIKEILNIYSSNTISLVNENNPIYVEGLSILNKPTTSQEVLSNYFKVLNNSYIRDSSEERLEYNKTYQLYNYVFSENPIYEIKQNNNIYLTINNTNNLNLQVSKFKLLSINPNKQYVQKLDEVIISVLDNMEKYIDIS-EDNRLQLIDNKNNAKKMIISNDIFISNCLIISYNGKYICLSMKDENHNWMIC--NNDMSKYLYLW
PROKKA_00005	tr|C5VU80|C5VU80_CLOBO Botulinum neurotoxin type D, nontoxic-nonhemagglutinin component, NTNH OS=Clostridium botulinum D str. 1873 GN=ntnH PE=4 SV=1 !!!ntnH	1162	1196	1197	711	59.40	442	44	1	1158	MKINNNFNIDSPVDNKDVAIVRGRKTDIFLKVFQVAPNIWVAPERYYGESLNINEDQKSNGGIYDSNFLLTNDEKDEFLQATVKILQRINNNVIGAKLLSLISTAIPFPYEYRA---------------------------------EDYRQTNYLSSKDNQHYYTANLVIFGPGTNIVENNVVYYKKEDSKNGMGTMSEIWFQPFLTYKYDQFYVDPALELIKCLIKSLYYLYGIKPNDDLSIPYRLRSEFNSLEYSELDMVDFLISGGTDYKLLNTNPYWFTDNYFINAPKNFEKYKNDYETKIKNNNDIANSIKLYLEQKFKTNVQDIWELNLSYFSTEFEIMMPEIFNNALNHYHRKEYYVIDYFKNYNINGFINGQIKTILPLSKYNKNIINKPELIVNLINENNSVLMKSNIYGDGLKDTIGNFYAVYKIPYNIGDEYHINSSDS-CLDNVDIKEIDNIPPINDADIYPYRKNCD--PFTPVYNITETKEINTTIPFPVNYLQAQVTNSNDINLSSDFLKVISSKDRSLVYSFLDNTIDYLDSIKYDGPIDTDKKYYLWLKEIFRNYSFDITATQEINTDCGINKVVTWFGKALNILNTSDSFVEEFQNLGPISLINKKENLSMPKIEIDEIPNSMLNLSFKDLSENLFNIFSKNNSYFEKIYYDFLDQWWTQYYSQYFDLICMAKRSVLAQESLIKKIIQKKLSYLIGNSNISSDNLALMNLTTTNTLRDISNESQIAMNNVNNFLNNVAICVFQTNIYPKFISFMEQCINNINKNTREFIQKCTNITENEKLQLINQNIFSSLDFDFLNIENLKSLFNSETGLLIKEETSPYELVLYAFQEPGNNAIGDASGKNTSIEYSKDIGLVYGINSDALYLNGSNQSISFSNDFFENGLTNSFSIYFWLRNLGKDTIKSKLIGSKEDNCGWEIYFQDTGLVFNMIDSNGNEKNIYLSDVSNNSWHYITISVDRLKEQLLIFIDDNLVANESIKEILNIYSSNTISLVNENNPIYVEGLSILNKPTTSQEVLSNYFKVLNNSYIRDSSEERLEYNKTYQLYNYVFSENPIYEIKQNNNIYLTINNTNNLNLQVSKFKLLSINPNKQYVQKLDEVIISVLDNMEKYIDIS-EDNRLQLIDNKNNAKKMIISNDIFISNCLIISYNGKYICLSMKDENHNWMIC--NNDMSKYLYLW
PROKKA_00005	tr|C1FUH5|C1FUH5_CLOBJ Toxin complex component ORF-X1 OS=Clostridium botulinum (strain Kyoto / Type A2) GN=CLM_0893 PE=4 SV=1 !!!ORF-X1	1162	142	84	27	32.14	47	10	545	622	QEINTDCGINKV---VTWFGKALNILNTSDSFVEEFQNLGPISLINKKEN---LSMPKIEIDEIPNSMLNLSFKDLSENLFNIF
PROKKA_00005	tr|A0A059PYE4|A0A059PYE4_9CLOT Toxin OS=Clostridium baratii GN=UC77_04385 PE=4 SV=1 !!! 	1162	140	41	17	41.46	23	1	557	596	VTWFGKALNILNTSDSFVEEFQNLGPISLIN-KKENLSMPK
PROKKA_00005	tr|A0A059PYE4|A0A059PYE4_9CLOT Toxin OS=Clostridium baratii GN=UC77_04385 PE=4 SV=1 !!! 	1162	140	56	14	25.00	41	1	398	452	YAVYKIPYNIGDEYHINSSDSCLDNVDIKEIDNIPPINDADI-YPYRKNCDPFTPV
PROKKA_00005	tr|A0A0A7FVW8|A0A0A7FVW8_9CLOT Putative oRF-X1 OS=Clostridium baratii str. Sullivan GN=U729_698 PE=4 SV=1 !!!ORF-X1	1162	140	41	17	41.46	23	1	557	596	VTWFGKALNILNTSDSFVEEFQNLGPISLIN-KKENLSMPK
PROKKA_00005	tr|A0A0A7FVW8|A0A0A7FVW8_9CLOT Putative oRF-X1 OS=Clostridium baratii str. Sullivan GN=U729_698 PE=4 SV=1 !!!ORF-X1	1162	140	56	14	25.00	41	1	398	452	YAVYKIPYNIGDEYHINSSDSCLDNVDIKEIDNIPPINDADI-YPYRKNCDPFTPV
PROKKA_00005	tr|A0A0D1BS75|A0A0D1BS75_CLOBO Hemagglutinin OS=Clostridium botulinum B2 450 GN=N495_19885 PE=4 SV=1 !!! 	1162	146	23	11	47.83	12	0	838	860	VYGINSDALYLNGSNQSISFSND
PROKKA_00005	tr|A0A060N976|A0A060N976_CLOBO Hemagglutinin component HA17 OS=Clostridium botulinum B str. Osaka05 GN=CBO05P2_178 PE=4 SV=1 !!!ha17	1162	146	23	11	47.83	12	0	838	860	VYGINSDALYLNGSNQSISFSND
PROKKA_00005	tr|A0A0E1L447|A0A0E1L447_CLOBO Hemagglutinin component HA-17 OS=Clostridium botulinum CDC_1436 GN=ha-17 PE=4 SV=1 !!!ha17	1162	146	23	11	47.83	12	0	838	860	VYGINSDALYLNGSNQSISFSND
PROKKA_00005	tr|A0A0B4W498|A0A0B4W498_CLOBO Hemagglutinin component HA-17 OS=Clostridium botulinum Prevot_594 GN=ha-17 PE=4 SV=1 !!!ha17	1162	146	23	11	47.83	12	0	838	860	VYGINSDALYLNGSNQSISFSND
PROKKA_00005	tr|A0A073CN83|A0A073CN83_CLOBO Hemagglutinin OS=Clostridium botulinum A2B3 87 GN=N496_19565 PE=4 SV=1 !!! 	1162	146	23	11	47.83	12	0	838	860	VYGINSDALYLNGSNQSISFSND
PROKKA_00005	tr|A5HZZ5|A5HZZ5_CLOBH Hemagglutinin component of the neurotoxin complex OS=Clostridium botulinum (strain Hall / ATCC 3502 / NCTC 13319 / Type A) GN=ha17 PE=1 SV=1 !!!ha17	1162	146	23	10	43.48	13	0	838	860	VYGINSDALYLNGSNQSISFSND
PROKKA_00005	tr|A7GBF8|A7GBF8_CLOBL Toxin complex component ORF-X2 OS=Clostridium botulinum (strain Langeland / NCTC 10281 / Type F) GN=CLI_0846 PE=4 SV=1 !!!ORF-X2	1162	750	17	8	47.06	9	0	728	744	NIYPKFISFMEQCINNI
PROKKA_00005	tr|A0A059PY44|A0A059PY44_9CLOT Toxin complex component ORF-X3 OS=Clostridium baratii PE=4 SV=1 !!!ORF-X3	1162	491	31	11	35.48	19	1	336	365	FKNYNI-NGFINGQIKTILPLSKYNKNIINK
PROKKA_00005	tr|A0A0A7FV57|A0A0A7FV57_9CLOT Clostridium P-47 family protein OS=Clostridium baratii str. Sullivan GN=U729_696 PE=4 SV=1 !!!P-47	1162	491	31	11	35.48	19	1	336	365	FKNYNI-NGFINGQIKTILPLSKYNKNIINK
PROKKA_00006	tr|B1L2G4|B1L2G4_CLOBM Botulinum neurotoxin type A3, nontoxic-nonhemagglutinin component, NTNH OS=Clostridium botulinum (strain Loch Maree / Type A3) GN=ntnH PE=4 SV=1 !!!ntnH	1297	1159	276	78	28.26	162	36	4	276	VNKQFNYKDPVNGVDIAYIKIPNVGQMQPVKAFKIHNKIWVIPERDTFTNPEEGDLNPPPEAKQVPVSYYDSTYLSTDNEKDNYLKGVTKLFERIYSTDLGRMLLTSIVRGIPFWGGSTIDTELKVIDTNCINVIQPDGSYRSEELNLVIIGPSADIIQFECKSFGHEVLNLTRNGYGSTQYIRFSPDFTFGFEESLEVDTNPLLGAGKFATDPAVTLAHELIHAGHRLYGIAINPNRVFKVNTNAYYEMSGLEVSFEELRTF---GGHDAKFIDS
PROKKA_00006	tr|B1L2G4|B1L2G4_CLOBM Botulinum neurotoxin type A3, nontoxic-nonhemagglutinin component, NTNH OS=Clostridium botulinum (strain Loch Maree / Type A3) GN=ntnH PE=4 SV=1 !!!ntnH	1297	1159	615	130	21.14	378	107	552	1115	HYLRAQEFEHGKSRIALTNSVNEALLNPSR--VYTFFSS--DYVKKVNKA----TEAAMFLGWVEQLVYDFTDETSEVSTTDKIADITIIIPYIGPALNIGNMLYKDDFVGALIFSGAVILLEFIPEIAIPVLGTFALVSYIANKVLTVQTID------NALSKRNEKWDEVYKYIVTNWLAKVNTQ-IDLIRKKMKEALENQAEATKAIINYQYNQYTEEEKNNINFNIDDLS-------SKLNESINK---AMININKFLNQCSVSYLMNSMIPYGVKRLE----DFDASLKDALLKYI---YDNRGTLIGQ------------VDRLKDKVNNTLSTDIPFQLSKYVDNQRLLSTFTEYIKNII------NTSILNLRYESNHLIDLSRYASKINIGSKVNFDPIDKNQIQLFNLESSKIEVILKNAIVYNSMYENFSTSFWIRIPKYFNSISLNNEYTIINCMENNSGWKVSLNYGEIIWTLQDTQEIKQRVVFKYSQMINISDYINRWIFVTITNNRLNNS-KIYINGRLIDQKPISNLGNIHASNNIMFKLDGCRDTHRYIWIKYFNLFDKELNEKEIKDLYDNQSNSGILKDFWGDYLQYDKPYYMLN
PROKKA_00006	tr|A0A0X1KH90|A0A0X1KH90_CLOBA Botulinum neurotoxin type E, nontoxic-nonhemagglutinin component, NTNH OS=Clostridium botulinum (strain Alaska E43 / Type E3) PE=1 SV=1 !!!ntnH	1297	1163	277	80	28.88	159	38	4	276	VNKQFNYKDPVNGVDIAYIKIPNVGQMQPVKAFKIHNKIWVIPERDTFTNPEEGDLNPPPEAKQVPVSYYDSTYLSTDNEKDNYLKGVTKLFERIYSTDLGRMLLTSIVRGIPF-WGGSTIDTELKVIDTNCINVIQPDGSYRSEELNLVIIGPSADIIQFECKSFGHEVLNLTRNGYGSTQYIRFSPDFTFGFEESLEVDTNPLLGAGKFATDPAVTLAHELIHAGHRLYGIAINPNRVFKVNTNAYYEMSGLEVSFEELRTF---GGHDAKFIDS
PROKKA_00006	tr|A0A0X1KH90|A0A0X1KH90_CLOBA Botulinum neurotoxin type E, nontoxic-nonhemagglutinin component, NTNH OS=Clostridium botulinum (strain Alaska E43 / Type E3) PE=1 SV=1 !!!ntnH	1297	1163	571	132	23.12	372	67	580	1119	SRVYTFFSS--DYVK--KVNKATEA-AMFLGWVEQLVYDFTDETSEVSTTDKIADITIIIPYIGPALNIGNMLYKDDFVGALIFSGAVILLEFIPEIAIPVLGTFALVSYIAN---KVLTVQTIDNALSKRNEKWDEVYKYIVTNWLAKVNTQ-IDLIRKKMKEALENQAEATKAIINYQYNQYTEEEKN--NINFNIDDLSS--KLNESINKAMI---NINKFLNQCSVSYLMNSMIPYGVKRLEDFDASLKDALLKYIYDNRGTLIGQVDRLKDKVNNTLSTDIPFQLSKYVDNQRLLSTFTEYIKNIINT-------SILNLRYESNHLI-------DLSRYASKINIGSKVNFDPIDKNQIQLFNLESSKIEVILKNAIVYNSMYENFSTSFWIRIPKYFNSISLNNEYTIINCMENNSGWKVSLNYGEIIWTLQDTQEIKQRVVFKYSQMINISDYINRWIFVTITNNRLNNS-KIYINGRLIDQKPISNLGNIHASNNIMFKLDGCRDTHRYIWIKYFNLFDKELNEKEIKDLYDNQSNSGILKDFWGDYLQYDKPYYMLNLYDP
PROKKA_00006	tr|C5UY14|C5UY14_CLOBO Botulinum neurotoxin type E1, nontoxic-nonhemagglutinin component, NTNH OS=Clostridium botulinum E1 str. 'BoNT E Beluga' GN=ntnH PE=4 SV=1 !!!ntnH	1297	1163	277	80	28.88	159	38	4	276	VNKQFNYKDPVNGVDIAYIKIPNVGQMQPVKAFKIHNKIWVIPERDTFTNPEEGDLNPPPEAKQVPVSYYDSTYLSTDNEKDNYLKGVTKLFERIYSTDLGRMLLTSIVRGIPF-WGGSTIDTELKVIDTNCINVIQPDGSYRSEELNLVIIGPSADIIQFECKSFGHEVLNLTRNGYGSTQYIRFSPDFTFGFEESLEVDTNPLLGAGKFATDPAVTLAHELIHAGHRLYGIAINPNRVFKVNTNAYYEMSGLEVSFEELRTF---GGHDAKFIDS
PROKKA_00006	tr|C5UY14|C5UY14_CLOBO Botulinum neurotoxin type E1, nontoxic-nonhemagglutinin component, NTNH OS=Clostridium botulinum E1 str. 'BoNT E Beluga' GN=ntnH PE=4 SV=1 !!!ntnH	1297	1163	571	132	23.12	372	67	580	1119	SRVYTFFSS--DYVK--KVNKATEA-AMFLGWVEQLVYDFTDETSEVSTTDKIADITIIIPYIGPALNIGNMLYKDDFVGALIFSGAVILLEFIPEIAIPVLGTFALVSYIAN---KVLTVQTIDNALSKRNEKWDEVYKYIVTNWLAKVNTQ-IDLIRKKMKEALENQAEATKAIINYQYNQYTEEEKN--NINFNIDDLSS--KLNESINKAMI---NINKFLNQCSVSYLMNSMIPYGVKRLEDFDASLKDALLKYIYDNRGTLIGQVDRLKDKVNNTLSTDIPFQLSKYVDNQRLLSTFTEYIKNIINT-------SILNLRYESNHLI-------DLSRYASKINIGSKVNFDPIDKNQIQLFNLESSKIEVILKNAIVYNSMYENFSTSFWIRIPKYFNSISLNNEYTIINCMENNSGWKVSLNYGEIIWTLQDTQEIKQRVVFKYSQMINISDYINRWIFVTITNNRLNNS-KIYINGRLIDQKPISNLGNIHASNNIMFKLDGCRDTHRYIWIKYFNLFDKELNEKEIKDLYDNQSNSGILKDFWGDYLQYDKPYYMLNLYDP
PROKKA_00006	tr|C4IHM0|C4IHM0_CLOBU Botulinum neurotoxin type E, nontoxic-nonhemagglutinin component, NTNH OS=Clostridium butyricum E4 str. BoNT E BL5262 GN=ntnH PE=4 SV=1 !!!ntnH	1297	1163	277	81	29.24	158	38	4	276	VNKQFNYKDPVNGVDIAYIKIPNVGQMQPVKAFKIHNKIWVIPERDTFTNPEEGDLNPPPEAKQVPVSYYDSTYLSTDNEKDNYLKGVTKLFERIYSTDLGRMLLTSIVRGIPF-WGGSTIDTELKVIDTNCINVIQPDGSYRSEELNLVIIGPSADIIQFECKSFGHEVLNLTRNGYGSTQYIRFSPDFTFGFEESLEVDTNPLLGAGKFATDPAVTLAHELIHAGHRLYGIAINPNRVFKVNTNAYYEMSGLEVSFEELRTF---GGHDAKFIDS
PROKKA_00006	tr|C4IHM0|C4IHM0_CLOBU Botulinum neurotoxin type E, nontoxic-nonhemagglutinin component, NTNH OS=Clostridium butyricum E4 str. BoNT E BL5262 GN=ntnH PE=4 SV=1 !!!ntnH	1297	1163	571	128	22.42	376	67	580	1119	SRVYTFFSS--DYVK--KVNKATEA-AMFLGWVEQLVYDFTDETSEVSTTDKIADITIIIPYIGPALNIGNMLYKDDFVGALIFSGAVILLEFIPEIAIPVLGTFALVSYIAN---KVLTVQTIDNALSKRNEKWDEVYKYIVTNWLAKVNTQ-IDLIRKKMKEALENQAEATKAIINYQYNQYTEEEKN--NINFNIDDLSS--KLNESINKAMI---NINKFLNQCSVSYLMNSMIPYGVKRLEDFDASLKDALLKYIYDNRGTLIGQVDRLKDKVNNTLSTDIPFQLSKYVDNQRLLSTFTEYI----KNIINTSILNLRYESNHLI-------DLSRYASKINIGSKVNFDPIDKNQIQLFNLESSKIEVILKNAIVYNSMYENFSTSFWIRIPKYFNSISLNN---EYTIINCMENNSGWKVSLNYGEIIWTLQDTQEIKQRVVFKYSQMINISDYINRWIFVTITNNRLNNS-KIYINGRLIDQKPISNLGNIHASNNIMFKLDGCRDTHRYIWIKYFNLFDKELNEKEIKDLYDNQSNSGILKDFWGDYLQYDKPYYMLNLYDP
PROKKA_00006	tr|A7GBG2|A7GBG2_CLOBL Botulinum neurotoxin type F, nontoxic-nonhemagglutinin component, NTNH OS=Clostridium botulinum (strain Langeland / NCTC 10281 / Type F) GN=ntnH PE=4 SV=1 !!!ntnH	1297	1163	278	77	27.70	161	40	4	276	VNKQFNYKDPVNGVDIAYIKIPNVGQMQPV--KAFKIHNKIWVIPERDTFTNPEEGDLNPPPEAKQVPVSYYDSTYLSTDNEKDNYLKGVTKLFERIYSTDLGRMLLTSIVRGIPFWGGSTIDTELKVIDTNCINVIQPDGSYRSEELNLVIIGPSADIIQFECKSFGHEVLNLTRNGYGSTQYIRFSPDFTFGFEESLEVDTNPLLGAGKFATDPAVTLAHELIHAGHRLYGIAINPNRVFKVNTNAYYEMSGLEVSFEELRTF---GGHDAKFIDS
PROKKA_00006	tr|A7GBG2|A7GBG2_CLOBL Botulinum neurotoxin type F, nontoxic-nonhemagglutinin component, NTNH OS=Clostridium botulinum (strain Langeland / NCTC 10281 / Type F) GN=ntnH PE=4 SV=1 !!!ntnH	1297	1163	598	124	20.74	401	73	552	1115	HYLRAQEFEHGKSRIALTNSVNEALLNPSRVYTFFSS--DYVKKVNKA----TEAAMFLGWVEQLVYDFTDETSEVSTTDKIADITIIIPYIGPALNIGNMLYKDDFVGALIFSGAVILLEFIPEIAIPVLGTFALVSYIANKVLTVQTID------NALSKRNEKWDEVYKYIVTNWLAKVNTQ-IDLIRKKMKEALENQAEATKAI---INYQYNQYTEEEKNNINFNI---DDLSSKLNESINKAMININKFLNQCSVSYLMNSMIPYGVKRLEDFDASLKDALLKYIYDNRGTLIGQVDRLKDKVNNTLSTDIPFQLSKYVDNQRLLSTFTEYIKNII--NTSILNL------RYESNHLIDLS------RYASKINIGSKVNFDPIDKNQIQLFNLESSKIEVILKNAIVYNSMYENFSTSFWIRIPKYFNSISLNNEYTIINCMENNSGWKVSLNYGEIIWTLQDTQEIKQRVVFKYSQMINISDYINRWIFVTITNNRLNNS-KIYINGRLIDQKPISNLGNIHASNNIMFKLDGCRDTHRYIWIKYFNLFDKELNEKEIKDLYDNQSNSGILKDFWGDYLQYDKPYYMLN
PROKKA_00006	tr|A5HZZ8|A5HZZ8_CLOBH Type A progenitor toxin nontoxic-nonha OS=Clostridium botulinum (strain Hall / ATCC 3502 / NCTC 13319 / Type A) GN=ntnH PE=4 SV=1 !!!ntnH	1297	1193	303	84	27.72	162	57	4	276	VNKQFNYKDPVNGVDIAYIKIPNVGQMQPVKAFKIHNKIWVIPERDTFTNPEEGDLNPPPEAKQVPVSYYDSTYLSTDNEKDNYLKGVTKLFERIYSTDLGRMLLTSIVRGIPFWG---------------GSTIDTELKVIDTNCINVIQPDGSYR------SEE------LNLVIIGPSADIIQFECKSFGHEVLNLTRNGYGSTQYIRFSPDFTFGFEESLEVDTNPLLGAGKFATDPAVTLAHELIHAGHRLYGIAINPNRVFKVNTNAYYEMSGLEVS---FEELRTFGGHDAKFIDS
PROKKA_00006	tr|B1INP6|B1INP6_CLOBK Botulinum neurotoxin type B1, nontoxic-nonhemagglutinin component, NTNH OS=Clostridium botulinum (strain Okra / Type B1) GN=ntnH PE=4 SV=1 !!!ntnH	1297	1197	303	84	27.72	162	57	4	276	VNKQFNYKDPVNGVDIAYIKIPNVGQMQPVKAFKIHNKIWVIPERDTFTNPEEGDLNPPPEAKQVPVSYYDSTYLSTDNEKDNYLKGVTKLFERIYSTDLGRMLLTSIVRGIPFWG---------------GSTIDTELKVIDTNCINVIQPDGSYR------SEE------LNLVIIGPSADIIQFECKSFGHEVLNLTRNGYGSTQYIRFSPDFTFGFEESLEVDTNPLLGAGKFATDPAVTLAHELIHAGHRLYGIAINPNRVFKVNTNAYYEMSGLEVS---FEELRTFGGHDAKFIDS
PROKKA_00006	tr|C1FUH8|C1FUH8_CLOBJ Botulinum neurotoxin type A2, nontoxic-nonhemagglutinin component, NTNH OS=Clostridium botulinum (strain Kyoto / Type A2) GN=ntnH PE=4 SV=1 !!!ntnH	1297	1159	276	75	27.17	165	36	4	276	VNKQFNYKDPVNGVDIAYIKIPNVGQMQPVKAFKIHNKIWVIPERDTFTNPEEGDLNPPPEAKQVPVSYYDSTYLSTDNEKDNYLKGVTKLFERIYSTDLGRMLLTSIVRGIPFWGGSTIDTELKVIDTNCINVIQPDGSYRSEELNLVIIGPSADIIQFECKSFGHEVLNLTRNGYGSTQYIRFSPDFTFGFEESLEVDTNPLLGAGKFATDPAVTLAHELIHAGHRLYGIAINPNRVFKVNTNAYYEMSGLEVSFEELRTF---GGHDAKFIDS
PROKKA_00006	tr|C1FUH8|C1FUH8_CLOBJ Botulinum neurotoxin type A2, nontoxic-nonhemagglutinin component, NTNH OS=Clostridium botulinum (strain Kyoto / Type A2) GN=ntnH PE=4 SV=1 !!!ntnH	1297	1159	600	124	20.67	399	77	552	1115	HYLRAQEFEHGKSRIALTNSVNEALLNPSR--VYTFFSS--DYVKKVNKA----TEAAMFLGWVEQLVYDFTDETSEVSTTDKIADITIIIPYIGPALNIGNMLYKDDFVGALIFSGAVILLEFIPEIAIPVLGTFALVSYIANKVLTVQTID------NALSKRNEKWDEVYKYIVTNWLAKVNTQ-IDLIRKKMKEALENQAEATKAI---INYQYNQYTEEEKNNINFNI---DDLSSKLNESINKAMININKFLNQCSVSYLMNSMIPYGVKRLEDFDASLKDALLKYIYDNRGTLIGQVDRLKDKVNNTLSTDIPFQLSKYVDNQRLLSTFTEYIKNII--NTSILNL------RYESNHLIDLS------RYASKINIGSKVNFDPIDKNQIQLFNLESSKIEVILKNAIVYNSMYENFSTSFWIRIPKYFNSISLNNEYTIINCMENNSGWKVSLNYGEIIWTLQDTQEIKQRVVFKYSQMINISDYINRWIFVTITNNRLNNS-KIYINGRLIDQKPISNLGNIHASNNIMFKLDGCRDTHRYIWIKYFNLFDKELNEKEIKDLYDNQSNSGILKDFWGDYLQYDKPYYMLN
PROKKA_00006	tr|A0A060N6G5|A0A060N6G5_CLOBO Nontoxic-nonhemagglutinin component, NTNH OS=Clostridium botulinum B str. Osaka05 GN=CBO05P2_175 PE=4 SV=1 !!!ntnH	1297	1197	303	84	27.72	162	57	4	276	VNKQFNYKDPVNGVDIAYIKIPNVGQMQPVKAFKIHNKIWVIPERDTFTNPEEGDLNPPPEAKQVPVSYYDSTYLSTDNEKDNYLKGVTKLFERIYSTDLGRMLLTSIVRGIPFWG---------------GSTIDTELKVIDTNCINVIQPDGSYR------SEE------LNLVIIGPSADIIQFECKSFGHEVLNLTRNGYGSTQYIRFSPDFTFGFEESLEVDTNPLLGAGKFATDPAVTLAHELIHAGHRLYGIAINPNRVFKVNTNAYYEMSGLEVS---FEELRTFGGHDAKFIDS
PROKKA_00006	tr|B2TSC3|B2TSC3_CLOBB Botulinum neurotoxin type B OS=Clostridium botulinum (strain Eklund 17B / Type B) GN=ntnH PE=4 SV=1 !!!ntnH	1297	1197	303	83	27.39	163	57	4	276	VNKQFNYKDPVNGVDIAYIKIPNVGQMQPVKAFKIHNKIWVIPERDTFTNPEEGDLNPPPEAKQVPVSYYDSTYLSTDNEKDNYLKGVTKLFERIYSTDLGRMLLTSIVRGIPFWG---------------GSTIDTELKVIDTNCINVIQPDGSYR------SEE------LNLVIIGPSADIIQFECKSFGHEVLNLTRNGYGSTQYIRFSPDFTFGFEESLEVDTNPLLGAGKFATDPAVTLAHELIHAGHRLYGIAINPNRVFKVNTNAYYEMSGLEVS---FEELRTFGGHDAKFIDS
PROKKA_00006	tr|C5VU80|C5VU80_CLOBO Botulinum neurotoxin type D, nontoxic-nonhemagglutinin component, NTNH OS=Clostridium botulinum D str. 1873 GN=ntnH PE=4 SV=1 !!!ntnH	1297	1196	301	78	25.91	170	53	4	276	VNKQFNYKDPVNGVDIAYIKIPNVGQMQPVKAFKIHNKIWVIPERDTFTNPEEGDLNPPPEAKQVPVSYYDSTYLSTDNEKDNYLKGVTKLFERIYSTDLGRMLLTSIVRGIPF-WG--------------GSTIDTELKVIDTNCINVIQPDGSYRSEEL------------NLVIIGPSADIIQFECKSFGHEVLNLTRNGYGSTQYIRFSPDFTFGFEESLEVDTNPLLGAGKFATDPAVTLAHELIHAGHRLYGIAINPNRVFKVNTNAYYEMSGL-EVSFEELRTFGGHDAKFIDS
PROKKA_00006	tr|C5VU80|C5VU80_CLOBO Botulinum neurotoxin type D, nontoxic-nonhemagglutinin component, NTNH OS=Clostridium botulinum D str. 1873 GN=ntnH PE=4 SV=1 !!!ntnH	1297	1196	565	114	20.18	382	69	606	1141	WVEQLVYDFTDETSEVSTTDKIADITIIIPYIGPALNIGNMLYKDDFVGALIFSGAVILLEFIPEIAIPVLGTFALVSYIANKVLTVQTIDNAL----SKRNEKWDEVYKYIVTNWLAKVNTQIDLIRKKMKEALENQAEATKAIINYQYNQYTEEEKNNINFNIDDLSSKLNESI-----NKAMININK---FLNQCSVSYLMNSMIPYGVKRLEDFDASLKDALLKYIYDNRGTLIGQVDRLKDKVNNTLSTDIPFQLSKYVDNQRLLSTFTEYIKNIINTSILNLRYESNHLIDLSRYASKINIGSKVNFDPIDKNQIQLFN---------------LESSKIEVILKNAIVYNSMYENFSTSFWIRIPKYFNSISLNNEYT-IINCMENNSGWKVSLNYGEIIWTLQDTQEIKQRVVFKYSQMINISDYINRWIFVTITNNRLNNS-KIYINGRLIDQKPISNLGNIHASNNIMFKLDGCRDTHRYIWIKYFNLFDKELNEKEIKDLYDNQSNSGILKDFWGDYLQYDKPYYMLNLYDPNKYVDVNNVGIRGYMYLKGPRG
PROKKA_00006	tr|B1BE43|B1BE43_CLOBO Botulinum neurotoxin type C, nontoxic-nonhemagglutinin component NTNH OS=Clostridium botulinum C str. Eklund GN=CBC_A0166 PE=4 SV=1 !!!ntnH	1297	1196	301	75	24.92	173	53	4	276	VNKQFNYKDPVNGVDIAYIKIPNVGQMQPVKAFKIHNKIWVIPERDTFTNPEEGDLNPPPEAKQVPVSYYDSTYLSTDNEKDNYLKGVTKLFERIYSTDLGRMLLTSIVRGIPF-WG--------------GSTIDTELKVIDTNCINVIQPDGSYRSEEL------------NLVIIGPSADIIQFECKSFGHEVLNLTRNGYGSTQYIRFSPDFTFGFEESLEVDTNPLLGAGKFATDPAVTLAHELIHAGHRLYGIAINPNRVFKVNTNAYYEMSGL-EVSFEELRTFGGHDAKFIDS
PROKKA_00006	tr|B1BE43|B1BE43_CLOBO Botulinum neurotoxin type C, nontoxic-nonhemagglutinin component NTNH OS=Clostridium botulinum C str. Eklund GN=CBC_A0166 PE=4 SV=1 !!!ntnH	1297	1196	564	112	19.86	385	67	606	1141	WVEQLVYDFTDETSEVSTTDKIADITIIIPYIGPALNIGNMLYKDDFVGALIFSGAVILLEFIPEIAIPVLGTFALVSYIANKVLTVQTIDNAL----SKRNEKWDEVYKYIVTNWLAKVNTQIDLIRKKMKEALENQAEATKAIINYQYNQYTEEEKNNINFNIDDLSSKLNESI-----NKAMININK---FLNQCSVSYLMNSMIPYGVKRLEDFDASLKDALLKYIYDNRGTLIGQVDRLKDKVNNTLSTDIPFQLSKYVDNQRLLSTFTEYIKNIINTSI-------LNLRYESNHLID-------LSRYASKINIGSKVNFDPIDKNQIQLFNLESSKIEVILKNAIVYNSMYENFSTSFWIRIPKYFNSISLNNEYT-IINCMENNSGWKVSLNYGEIIWTLQDTQEIKQRVVFKYSQMINISDYINRWIFVTITNNRLNNSK-IYINGRLIDQKPISNLGNIHASNNIMFKLDGCRDTHRYIWIKYFNLFDKELNEKEIKDLYDNQSNSGILKDFWGDYLQYDKPYYMLNLYDPNKYVDVNNVGIRGYMYLKGPRG
PROKKA_00006	tr|B1INP9|B1INP9_CLOBK Hemagglutinin component HA17 OS=Clostridium botulinum (strain Okra / Type B1) GN=ha17 PE=4 SV=1 !!!ha17	1297	146	27	8	29.63	19	0	1103	1129	DYLQYDKPYYMLNLYDPNKYVDVNNVG
PROKKA_00006	tr|A0A0B4W498|A0A0B4W498_CLOBO Hemagglutinin component HA-17 OS=Clostridium botulinum Prevot_594 GN=ha-17 PE=4 SV=1 !!!ha17	1297	146	27	8	29.63	19	0	1103	1129	DYLQYDKPYYMLNLYDPNKYVDVNNVG
PROKKA_00006	tr|A5HZZ5|A5HZZ5_CLOBH Hemagglutinin component of the neurotoxin complex OS=Clostridium botulinum (strain Hall / ATCC 3502 / NCTC 13319 / Type A) GN=ha17 PE=1 SV=1 !!!ha17	1297	146	27	8	29.63	19	0	1103	1129	DYLQYDKPYYMLNLYDPNKYVDVNNVG
PROKKA_00006	tr|A0A0D1BS75|A0A0D1BS75_CLOBO Hemagglutinin OS=Clostridium botulinum B2 450 GN=N495_19885 PE=4 SV=1 !!! 	1297	146	27	8	29.63	19	0	1103	1129	DYLQYDKPYYMLNLYDPNKYVDVNNVG
PROKKA_00006	tr|A0A060N976|A0A060N976_CLOBO Hemagglutinin component HA17 OS=Clostridium botulinum B str. Osaka05 GN=CBO05P2_178 PE=4 SV=1 !!!ha17	1297	146	27	8	29.63	19	0	1103	1129	DYLQYDKPYYMLNLYDPNKYVDVNNVG
PROKKA_00006	tr|A0A0E1L447|A0A0E1L447_CLOBO Hemagglutinin component HA-17 OS=Clostridium botulinum CDC_1436 GN=ha-17 PE=4 SV=1 !!!ha17	1297	146	27	8	29.63	19	0	1103	1129	DYLQYDKPYYMLNLYDPNKYVDVNNVG
PROKKA_00006	tr|B2TSC0|B2TSC0_CLOBB Hemagglutinin component HA-17 OS=Clostridium botulinum (strain Eklund 17B / Type B) GN=ha17 PE=4 SV=1 !!!ha17	1297	146	27	8	29.63	19	0	1103	1129	DYLQYDKPYYMLNLYDPNKYVDVNNVG
PROKKA_00009	tr|A0A060N6G5|A0A060N6G5_CLOBO Nontoxic-nonhemagglutinin component, NTNH OS=Clostridium botulinum B str. Osaka05 GN=CBO05P2_175 PE=4 SV=1 !!!ntnH	32	1197	19	8	42.11	11	0	11	29	GINEGYFHENENKNRIQIV
PROKKA_00009	tr|B1INP6|B1INP6_CLOBK Botulinum neurotoxin type B1, nontoxic-nonhemagglutinin component, NTNH OS=Clostridium botulinum (strain Okra / Type B1) GN=ntnH PE=4 SV=1 !!!ntnH	32	1197	19	8	42.11	11	0	11	29	GINEGYFHENENKNRIQIV
PROKKA_00009	tr|B2TSC3|B2TSC3_CLOBB Botulinum neurotoxin type B OS=Clostridium botulinum (strain Eklund 17B / Type B) GN=ntnH PE=4 SV=1 !!!ntnH	32	1197	19	8	42.11	11	0	11	29	GINEGYFHENENKNRIQIV
PROKKA_00009	tr|B1BE43|B1BE43_CLOBO Botulinum neurotoxin type C, nontoxic-nonhemagglutinin component NTNH OS=Clostridium botulinum C str. Eklund GN=CBC_A0166 PE=4 SV=1 !!!ntnH	32	1196	16	7	43.75	9	0	14	29	EGYFHENENKNRIQIV
PROKKA_00009	tr|C5VU80|C5VU80_CLOBO Botulinum neurotoxin type D, nontoxic-nonhemagglutinin component, NTNH OS=Clostridium botulinum D str. 1873 GN=ntnH PE=4 SV=1 !!!ntnH	32	1196	16	7	43.75	9	0	14	29	EGYFHENENKNRIQIV
PROKKA_00009	tr|A0A0X1KH90|A0A0X1KH90_CLOBA Botulinum neurotoxin type E, nontoxic-nonhemagglutinin component, NTNH OS=Clostridium botulinum (strain Alaska E43 / Type E3) PE=1 SV=1 !!!ntnH	32	1163	24	9	37.50	14	1	6	29	FKIVAGINEGYFHENENKNRIQIV
PROKKA_00009	tr|C5UY14|C5UY14_CLOBO Botulinum neurotoxin type E1, nontoxic-nonhemagglutinin component, NTNH OS=Clostridium botulinum E1 str. 'BoNT E Beluga' GN=ntnH PE=4 SV=1 !!!ntnH	32	1163	24	9	37.50	14	1	6	29	FKIVAGINEGYFHENENKNRIQIV
PROKKA_00009	tr|A0A073CND8|A0A073CND8_CLOBO P-47 protein OS=Clostridium botulinum A2B3 87 GN=N496_18585 PE=4 SV=1 !!!P-47	32	415	12	6	50.00	6	0	6	17	FKIVAGINEGYF
PROKKA_00009	tr|C4IHM0|C4IHM0_CLOBU Botulinum neurotoxin type E, nontoxic-nonhemagglutinin component, NTNH OS=Clostridium butyricum E4 str. BoNT E BL5262 GN=ntnH PE=4 SV=1 !!!ntnH	32	1163	24	9	37.50	14	1	6	29	FKIVAGINEGYFHENENKNRIQIV
PROKKA_00009	tr|A7GBG1|A7GBG1_CLOBL P-47 protein OS=Clostridium botulinum (strain Langeland / NCTC 10281 / Type F) GN=p47 PE=4 SV=1 !!!P-47	32	416	12	6	50.00	6	0	6	17	FKIVAGINEGYF
PROKKA_00009	tr|M1ZUL7|M1ZUL7_CLOBO P-47 protein OS=Clostridium botulinum CFSAN001627 GN=CFSAN001627_20700 PE=4 SV=1 !!!P-47	32	416	12	6	50.00	6	0	6	17	FKIVAGINEGYF
PROKKA_00009	tr|B1L2G3|B1L2G3_CLOBM P-47 protein OS=Clostridium botulinum (strain Loch Maree / Type A3) GN=p47 PE=4 SV=1 !!!P-47	32	416	12	6	50.00	6	0	6	17	FKIVAGINEGYF
PROKKA_00010	tr|A5HZZ8|A5HZZ8_CLOBH Type A progenitor toxin nontoxic-nonha OS=Clostridium botulinum (strain Hall / ATCC 3502 / NCTC 13319 / Type A) GN=ntnH PE=4 SV=1 !!!ntnH	154	1193	11	7	63.64	4	0	133	143	NEEKEYLQKLD
PROKKA_00010	tr|B2TSC0|B2TSC0_CLOBB Hemagglutinin component HA-17 OS=Clostridium botulinum (strain Eklund 17B / Type B) GN=ha17 PE=4 SV=1 !!!ha17	154	146	22	4	18.18	18	0	45	66	DNAHKREAWGANFMSPDQCTKL
PROKKA_00010	tr|A0A073CN83|A0A073CN83_CLOBO Hemagglutinin OS=Clostridium botulinum A2B3 87 GN=N496_19565 PE=4 SV=1 !!! 	154	146	22	4	18.18	18	0	45	66	DNAHKREAWGANFMSPDQCTKL
PROKKA_00010	tr|A0A0B4W498|A0A0B4W498_CLOBO Hemagglutinin component HA-17 OS=Clostridium botulinum Prevot_594 GN=ha-17 PE=4 SV=1 !!!ha17	154	146	22	4	18.18	18	0	45	66	DNAHKREAWGANFMSPDQCTKL
PROKKA_00010	tr|A5HZZ5|A5HZZ5_CLOBH Hemagglutinin component of the neurotoxin complex OS=Clostridium botulinum (strain Hall / ATCC 3502 / NCTC 13319 / Type A) GN=ha17 PE=1 SV=1 !!!ha17	154	146	22	4	18.18	18	0	45	66	DNAHKREAWGANFMSPDQCTKL
PROKKA_00010	tr|A0A0D1BS75|A0A0D1BS75_CLOBO Hemagglutinin OS=Clostridium botulinum B2 450 GN=N495_19885 PE=4 SV=1 !!! 	154	146	22	4	18.18	18	0	45	66	DNAHKREAWGANFMSPDQCTKL
PROKKA_00010	tr|A0A060N976|A0A060N976_CLOBO Hemagglutinin component HA17 OS=Clostridium botulinum B str. Osaka05 GN=CBO05P2_178 PE=4 SV=1 !!!ha17	154	146	22	4	18.18	18	0	45	66	DNAHKREAWGANFMSPDQCTKL
PROKKA_00010	tr|A0A0E1L447|A0A0E1L447_CLOBO Hemagglutinin component HA-17 OS=Clostridium botulinum CDC_1436 GN=ha-17 PE=4 SV=1 !!!ha17	154	146	22	4	18.18	18	0	45	66	DNAHKREAWGANFMSPDQCTKL
PROKKA_00010	tr|A7GBF8|A7GBF8_CLOBL Toxin complex component ORF-X2 OS=Clostridium botulinum (strain Langeland / NCTC 10281 / Type F) GN=CLI_0846 PE=4 SV=1 !!!ORF-X2	154	750	21	7	33.33	14	0	35	55	LFLEEKGWKVDNAHKREAWGA
PROKKA_00010	tr|B1INP9|B1INP9_CLOBK Hemagglutinin component HA17 OS=Clostridium botulinum (strain Okra / Type B1) GN=ha17 PE=4 SV=1 !!!ha17	154	146	22	4	18.18	18	0	45	66	DNAHKREAWGANFMSPDQCTKL
PROKKA_00012	tr|A5HZZ8|A5HZZ8_CLOBH Type A progenitor toxin nontoxic-nonha OS=Clostridium botulinum (strain Hall / ATCC 3502 / NCTC 13319 / Type A) GN=ntnH PE=4 SV=1 !!!ntnH	263	1193	17	10	58.82	7	0	39	55	YIFENLKSNESIKKILD
PROKKA_00012	tr|C1FUH8|C1FUH8_CLOBJ Botulinum neurotoxin type A2, nontoxic-nonhemagglutinin component, NTNH OS=Clostridium botulinum (strain Kyoto / Type A2) GN=ntnH PE=4 SV=1 !!!ntnH	263	1159	17	10	58.82	7	0	39	55	YIFENLKSNESIKKILD
PROKKA_00012	tr|A0A0C1TY77|A0A0C1TY77_9CLOT Main hemagglutinin component OS=Clostridium argentinense CDC 2741 GN=ha-33 PE=4 SV=1 !!!ha33	263	285	21	8	38.10	13	0	198	218	EDYYWPIDFYINNLEAVGFEN
PROKKA_00012	tr|S8BA68|S8BA68_CLOBO Hemagglutinin component HA70 OS=Clostridium botulinum CFSAN002367 GN=CFSAN002367_15786 PE=4 SV=1 !!!ha70	263	508	42	13	30.95	23	6	221	260	IVEPT--IEKINKPDLNAIEKTYDIECWGSEKNKPPFIIFDV
PROKKA_00012	tr|A5HZZ4|A5HZZ4_CLOBH Hemagglutinin component of the neurotoxin complex OS=Clostridium botulinum (strain Hall / ATCC 3502 / NCTC 13319 / Type A) GN=ha70 PE=1 SV=1 !!!ha70	263	626	42	13	30.95	23	6	221	260	IVEPT--IEKINKPDLNAIEKTYDIECWGSEKNKPPFIIFDV
PROKKA_00012	tr|A0A0B4W4X0|A0A0B4W4X0_CLOBO Hemagglutinin components HA-22/23/53 OS=Clostridium botulinum Prevot_594 GN=ha-70 PE=4 SV=1 !!!ha70	263	626	42	13	30.95	23	6	221	260	IVEPT--IEKINKPDLNAIEKTYDIECWGSEKNKPPFIIFDV
PROKKA_00012	tr|B1INQ0|B1INQ0_CLOBK Hemagglutinin component HA70 OS=Clostridium botulinum (strain Okra / Type B1) GN=ha70 PE=4 SV=1 !!!ha70	263	626	42	13	30.95	23	6	221	260	IVEPT--IEKINKPDLNAIEKTYDIECWGSEKNKPPFIIFDV
PROKKA_00012	tr|A0A060NA10|A0A060NA10_CLOBO Haemagglutinin component HA70 OS=Clostridium botulinum B str. Osaka05 GN=CBO05P2_179 PE=4 SV=1 !!!ha70	263	626	42	13	30.95	23	6	221	260	IVEPT--IEKINKPDLNAIEKTYDIECWGSEKNKPPFIIFDV
PROKKA_00012	tr|B1L2G4|B1L2G4_CLOBM Botulinum neurotoxin type A3, nontoxic-nonhemagglutinin component, NTNH OS=Clostridium botulinum (strain Loch Maree / Type A3) GN=ntnH PE=4 SV=1 !!!ntnH	263	1159	17	10	58.82	7	0	39	55	YIFENLKSNESIKKILD
PROKKA_00012	tr|M1ZPH7|M1ZPH7_CLOBO Hemagglutinin component HA70 OS=Clostridium botulinum CFSAN001627 GN=CFSAN001627_19663 PE=4 SV=1 !!!ha70	263	626	42	13	30.95	23	6	221	260	IVEPT--IEKINKPDLNAIEKTYDIECWGSEKNKPPFIIFDV
PROKKA_00012	tr|A7GBG2|A7GBG2_CLOBL Botulinum neurotoxin type F, nontoxic-nonhemagglutinin component, NTNH OS=Clostridium botulinum (strain Langeland / NCTC 10281 / Type F) GN=ntnH PE=4 SV=1 !!!ntnH	263	1163	17	10	58.82	7	0	39	55	YIFENLKSNESIKKILD
PROKKA_00013	tr|B2TSC2|B2TSC2_CLOBB Putative RNA polymerase sigma factor OS=Clostridium botulinum (strain Eklund 17B / Type B) GN=botR PE=4 SV=1 !!!BotR	405	179	29	9	31.03	20	0	353	381	RSVYHNLENKYPIYGKLYKIADNSNNKLF
PROKKA_00013	tr|A5HZZ8|A5HZZ8_CLOBH Type A progenitor toxin nontoxic-nonha OS=Clostridium botulinum (strain Hall / ATCC 3502 / NCTC 13319 / Type A) GN=ntnH PE=4 SV=1 !!!ntnH	405	1193	38	14	36.84	22	2	219	254	LNELNKDAIESLVLLQ--SMAGKSQANYWPENNDSYIR
PROKKA_00013	tr|B1L2G4|B1L2G4_CLOBM Botulinum neurotoxin type A3, nontoxic-nonhemagglutinin component, NTNH OS=Clostridium botulinum (strain Loch Maree / Type A3) GN=ntnH PE=4 SV=1 !!!ntnH	405	1159	38	13	34.21	23	2	219	254	LNELNKDAIESLVLLQ--SMAGKSQANYWPENNDSYIR
PROKKA_00013	tr|A7GBG2|A7GBG2_CLOBL Botulinum neurotoxin type F, nontoxic-nonhemagglutinin component, NTNH OS=Clostridium botulinum (strain Langeland / NCTC 10281 / Type F) GN=ntnH PE=4 SV=1 !!!ntnH	405	1163	34	12	35.29	20	2	223	254	NKDAIESLVLLQ--SMAGKSQANYWPENNDSYIR
PROKKA_00014	tr|B2TSC3|B2TSC3_CLOBB Botulinum neurotoxin type B OS=Clostridium botulinum (strain Eklund 17B / Type B) GN=ntnH PE=4 SV=1 !!!ntnH	276	1197	73	19	26.03	43	11	124	192	IQSIIYHADILTP--NIPEAERISGYKIKTLEDMEKAAGIIEGMGCKSVLIKGGHYIGDAVDVLY--DGNKFY
PROKKA_00015	tr|B1L2G3|B1L2G3_CLOBM P-47 protein OS=Clostridium botulinum (strain Loch Maree / Type A3) GN=p47 PE=4 SV=1 !!!P-47	77	416	49	17	34.69	31	1	26	73	LMTYEKLEEKVSKIVEANKDSIYKNGVIN-TKLANVLGDLRIDVINKIV
PROKKA_00015	tr|C1FUH7|C1FUH7_CLOBJ P-47 protein OS=Clostridium botulinum (strain Kyoto / Type A2) GN=p47 PE=4 SV=1 !!!P-47	77	416	49	17	34.69	31	1	26	73	LMTYEKLEEKVSKIVEANKDSIYKNGVIN-TKLANVLGDLRIDVINKIV
PROKKA_00015	tr|A0A073CND8|A0A073CND8_CLOBO P-47 protein OS=Clostridium botulinum A2B3 87 GN=N496_18585 PE=4 SV=1 !!!P-47	77	415	49	15	30.61	33	1	26	73	LMTYEKLEEKVSKIVEANKDSIYKNGVIN-TKLANVLGDLRIDVINKIV
PROKKA_00015	tr|A0A073CND8|A0A073CND8_CLOBO P-47 protein OS=Clostridium botulinum A2B3 87 GN=N496_18585 PE=4 SV=1 !!!P-47	77	415	20	8	40.00	12	0	14	33	CLKDLVDLYFEDLMTYEKLE
PROKKA_00015	tr|A0A073CND8|A0A073CND8_CLOBO P-47 protein OS=Clostridium botulinum A2B3 87 GN=N496_18585 PE=4 SV=1 !!!P-47	77	415	20	8	40.00	12	0	51	70	GVINTKLANVLGDLRIDVIN
PROKKA_00015	tr|B2TSB9|B2TSB9_CLOBB Heamagglutinin components HA-70 OS=Clostridium botulinum (strain Eklund 17B / Type B) GN=ha70 PE=4 SV=1 !!!ha70	77	626	67	13	19.40	49	5	1	67	MRKVYKNPKELATCLKDLVDLYFEDLMTYEKLEEKVSKIVEANKDSIYKNGVINTKLANVLGDLRID
PROKKA_00015	tr|B1INQ0|B1INQ0_CLOBK Hemagglutinin component HA70 OS=Clostridium botulinum (strain Okra / Type B1) GN=ha70 PE=4 SV=1 !!!ha70	77	626	67	13	19.40	49	5	1	67	MRKVYKNPKELATCLKDLVDLYFEDLMTYEKLEEKVSKIVEANKDSIYKNGVINTKLANVLGDLRID
PROKKA_00015	tr|A0A060NA10|A0A060NA10_CLOBO Haemagglutinin component HA70 OS=Clostridium botulinum B str. Osaka05 GN=CBO05P2_179 PE=4 SV=1 !!!ha70	77	626	67	13	19.40	49	5	1	67	MRKVYKNPKELATCLKDLVDLYFEDLMTYEKLEEKVSKIVEANKDSIYKNGVINTKLANVLGDLRID
PROKKA_00015	tr|A0A0B4W4X0|A0A0B4W4X0_CLOBO Hemagglutinin components HA-22/23/53 OS=Clostridium botulinum Prevot_594 GN=ha-70 PE=4 SV=1 !!!ha70	77	626	67	13	19.40	49	5	1	67	MRKVYKNPKELATCLKDLVDLYFEDLMTYEKLEEKVSKIVEANKDSIYKNGVINTKLANVLGDLRID
PROKKA_00015	tr|M1ZPH7|M1ZPH7_CLOBO Hemagglutinin component HA70 OS=Clostridium botulinum CFSAN001627 GN=CFSAN001627_19663 PE=4 SV=1 !!!ha70	77	626	67	13	19.40	49	5	1	67	MRKVYKNPKELATCLKDLVDLYFEDLMTYEKLEEKVSKIVEANKDSIYKNGVINTKLANVLGDLRID
PROKKA_00015	tr|A5HZZ4|A5HZZ4_CLOBH Hemagglutinin component of the neurotoxin complex OS=Clostridium botulinum (strain Hall / ATCC 3502 / NCTC 13319 / Type A) GN=ha70 PE=1 SV=1 !!!ha70	77	626	67	13	19.40	49	5	1	67	MRKVYKNPKELATCLKDLVDLYFEDLMTYEKLEEKVSKIVEANKDSIYKNGVINTKLANVLGDLRID
PROKKA_00015	tr|M1ZUL7|M1ZUL7_CLOBO P-47 protein OS=Clostridium botulinum CFSAN001627 GN=CFSAN001627_20700 PE=4 SV=1 !!!P-47	77	416	20	8	40.00	12	0	14	33	CLKDLVDLYFEDLMTYEKLE
PROKKA_00015	tr|C5UY11|C5UY11_CLOBO Toxin complex component ORF-X2 OS=Clostridium botulinum E1 str. 'BoNT E Beluga' GN=CLO_2648 PE=4 SV=1 !!!ORF-X2	77	748	29	10	34.48	19	0	11	39	LATCLKDLVDLYFEDLMTYEKLEEKVSKI
PROKKA_00015	tr|B1BE43|B1BE43_CLOBO Botulinum neurotoxin type C, nontoxic-nonhemagglutinin component NTNH OS=Clostridium botulinum C str. Eklund GN=CBC_A0166 PE=4 SV=1 !!!ntnH	77	1196	36	11	30.56	18	7	20	54	DLYFED-LMTYEKLEEKVSKIVEANKDSIYKNGVIN
PROKKA_00015	tr|A0A0E1L2H2|A0A0E1L2H2_CLOBO Hemagglutinin components HA-22/23/53 OS=Clostridium botulinum CDC_1436 GN=ha-70 PE=4 SV=1 !!!ha70	77	626	67	12	17.91	50	5	1	67	MRKVYKNPKELATCLKDLVDLYFEDLMTYEKLEEKVSKIVEANKDSIYKNGVINTKLANVLGDLRID
PROKKA_00015	tr|C4IHM0|C4IHM0_CLOBU Botulinum neurotoxin type E, nontoxic-nonhemagglutinin component, NTNH OS=Clostridium butyricum E4 str. BoNT E BL5262 GN=ntnH PE=4 SV=1 !!!ntnH	77	1163	24	11	45.83	11	2	48	71	YKNGVINTKLANVLGDLRIDVINK
PROKKA_00015	tr|A0A0X1KH90|A0A0X1KH90_CLOBA Botulinum neurotoxin type E, nontoxic-nonhemagglutinin component, NTNH OS=Clostridium botulinum (strain Alaska E43 / Type E3) PE=1 SV=1 !!!ntnH	77	1163	24	11	45.83	11	2	48	71	YKNGVINTKLANVLGDLRIDVINK
PROKKA_00015	tr|C5UY14|C5UY14_CLOBO Botulinum neurotoxin type E1, nontoxic-nonhemagglutinin component, NTNH OS=Clostridium botulinum E1 str. 'BoNT E Beluga' GN=ntnH PE=4 SV=1 !!!ntnH	77	1163	24	11	45.83	11	2	48	71	YKNGVINTKLANVLGDLRIDVINK
PROKKA_00015	tr|C5VU80|C5VU80_CLOBO Botulinum neurotoxin type D, nontoxic-nonhemagglutinin component, NTNH OS=Clostridium botulinum D str. 1873 GN=ntnH PE=4 SV=1 !!!ntnH	77	1196	36	10	27.78	19	7	20	54	DLYFED-LMTYEKLEEKVSKIVEANKDSIYKNGVIN
PROKKA_00016	tr|C1FUH3|C1FUH3_CLOBJ Toxin complex component ORF-X3 OS=Clostridium botulinum (strain Kyoto / Type A2) GN=CLM_0891 PE=4 SV=1 !!!ORF-X3	155	490	55	18	32.73	25	12	78	120	GEKAGKKLQEKTGK------KGLFWGLLIFVAIPAPGTGAWT------GTLAASL
PROKKA_00016	tr|A7GBF7|A7GBF7_CLOBL Toxin complex component ORF-X3 OS=Clostridium botulinum (strain Langeland / NCTC 10281 / Type F) GN=CLI_0845 PE=4 SV=1 !!!ORF-X3	155	490	55	18	32.73	25	12	78	120	GEKAGKKLQEKTGK------KGLFWGLLIFVAIPAPGTGAWT------GTLAASL
PROKKA_00017	tr|A0A060N6G5|A0A060N6G5_CLOBO Nontoxic-nonhemagglutinin component, NTNH OS=Clostridium botulinum B str. Osaka05 GN=CBO05P2_175 PE=4 SV=1 !!!ntnH	263	1197	36	10	27.78	26	0	163	198	LDESLSGLDANSVLVFKEVLSKLASEGKTIFYSSHI
PROKKA_00017	tr|B1INP6|B1INP6_CLOBK Botulinum neurotoxin type B1, nontoxic-nonhemagglutinin component, NTNH OS=Clostridium botulinum (strain Okra / Type B1) GN=ntnH PE=4 SV=1 !!!ntnH	263	1197	35	10	28.57	25	0	163	197	LDESLSGLDANSVLVFKEVLSKLASEGKTIFYSSH
PROKKA_00017	tr|B2TSC3|B2TSC3_CLOBB Botulinum neurotoxin type B OS=Clostridium botulinum (strain Eklund 17B / Type B) GN=ntnH PE=4 SV=1 !!!ntnH	263	1197	36	10	27.78	26	0	163	198	LDESLSGLDANSVLVFKEVLSKLASEGKTIFYSSHI
PROKKA_00018	tr|A5HZZ8|A5HZZ8_CLOBH Type A progenitor toxin nontoxic-nonha OS=Clostridium botulinum (strain Hall / ATCC 3502 / NCTC 13319 / Type A) GN=ntnH PE=4 SV=1 !!!ntnH	75	1193	13	6	46.15	7	0	36	48	NSDFLKVFFLFSF
PROKKA_00018	tr|C1FUH8|C1FUH8_CLOBJ Botulinum neurotoxin type A2, nontoxic-nonhemagglutinin component, NTNH OS=Clostridium botulinum (strain Kyoto / Type A2) GN=ntnH PE=4 SV=1 !!!ntnH	75	1159	13	6	46.15	7	0	36	48	NSDFLKVFFLFSF
PROKKA_00018	tr|B1L2G4|B1L2G4_CLOBM Botulinum neurotoxin type A3, nontoxic-nonhemagglutinin component, NTNH OS=Clostridium botulinum (strain Loch Maree / Type A3) GN=ntnH PE=4 SV=1 !!!ntnH	75	1159	13	6	46.15	7	0	36	48	NSDFLKVFFLFSF
