PROKKA_00001	tr|B1L2G4|B1L2G4_CLOBM Botulinum neurotoxin type A3, nontoxic-nonhemagglutinin component, NTNH OS=Clostridium botulinum (strain Loch Maree / Type A3) GN=ntnH PE=4 SV=1 !!!ntnH	257	1159	58	18	31.03	36	4	95	152	SDGKINTSINIEYLTNKEQEEFIDIEIKKITDKLINDKMSDFEKVKAINDYLANRYEY
PROKKA_00001	tr|A7GBG2|A7GBG2_CLOBL Botulinum neurotoxin type F, nontoxic-nonhemagglutinin component, NTNH OS=Clostridium botulinum (strain Langeland / NCTC 10281 / Type F) GN=ntnH PE=4 SV=1 !!!ntnH	257	1163	45	13	28.89	30	2	108	152	LTNKEQEEFIDIEIKKITDKLINDKMSDFEKVKAINDYLANRYEY
PROKKA_00002	tr|A0A0X1KH90|A0A0X1KH90_CLOBA Botulinum neurotoxin type E, nontoxic-nonhemagglutinin component, NTNH OS=Clostridium botulinum (strain Alaska E43 / Type E3) PE=1 SV=1 !!!ntnH	46	1163	24	9	37.50	15	0	15	38	SFVVLIVSIKFLWVSILIFIDRVV
PROKKA_00002	tr|C5UY14|C5UY14_CLOBO Botulinum neurotoxin type E1, nontoxic-nonhemagglutinin component, NTNH OS=Clostridium botulinum E1 str. 'BoNT E Beluga' GN=ntnH PE=4 SV=1 !!!ntnH	46	1163	24	9	37.50	15	0	15	38	SFVVLIVSIKFLWVSILIFIDRVV
PROKKA_00002	tr|C4IHM0|C4IHM0_CLOBU Botulinum neurotoxin type E, nontoxic-nonhemagglutinin component, NTNH OS=Clostridium butyricum E4 str. BoNT E BL5262 GN=ntnH PE=4 SV=1 !!!ntnH	46	1163	24	9	37.50	15	0	15	38	SFVVLIVSIKFLWVSILIFIDRVV
PROKKA_00002	tr|A7GBG2|A7GBG2_CLOBL Botulinum neurotoxin type F, nontoxic-nonhemagglutinin component, NTNH OS=Clostridium botulinum (strain Langeland / NCTC 10281 / Type F) GN=ntnH PE=4 SV=1 !!!ntnH	46	1163	21	9	42.86	12	0	15	35	SFVVLIVSIKFLWVSILIFID
PROKKA_00004	tr|A7GBF9|A7GBF9_CLOBL Toxin complex component ORF-X1 OS=Clostridium botulinum (strain Langeland / NCTC 10281 / Type F) GN=CLI_0847 PE=4 SV=1 !!!ORF-X1	107	142	46	20	43.48	15	11	46	85	DIKDLLRFNIKELLRLKVEYL-----NQKKECDDAN-KNKKIENKL
PROKKA_00004	tr|B1L2G1|B1L2G1_CLOBM Toxin complex component ORF-X1 OS=Clostridium botulinum (strain Loch Maree / Type A3) GN=CLK_A0072 PE=4 SV=1 !!!ORF-X1	107	142	41	16	39.02	24	1	46	85	DIKDLLRFNIKELLRLKVEYLNQKKECDDAN-KNKKIENKL
PROKKA_00004	tr|C1FUH5|C1FUH5_CLOBJ Toxin complex component ORF-X1 OS=Clostridium botulinum (strain Kyoto / Type A2) GN=CLM_0893 PE=4 SV=1 !!!ORF-X1	107	142	46	18	39.13	17	11	46	85	DIKDLLRFNIKELLRLKVEYL-----NQKKECDDAN-KNKKIENKL
PROKKA_00004	tr|A0A073CND8|A0A073CND8_CLOBO P-47 protein OS=Clostridium botulinum A2B3 87 GN=N496_18585 PE=4 SV=1 !!!P-47	107	415	50	12	24.00	34	4	8	53	IRLTEVQKEDIKLRAKNKSLKMSEYILNKIY----ENPESTNDIKDLLRF
PROKKA_00005	tr|A0A059PYB0|A0A059PYB0_9CLOT Toxin complex component ORF-X2 OS=Clostridium baratii PE=4 SV=1 !!!ORF-X2	186	748	124	29	23.39	85	10	4	125	GYVRVNTKEQLNNNSIEKQIFEI-FDVYSNAIIYEETFNNKFTVRPKFLELLDLLNKHDILVVTELDKF-CTSIKEGLKYIKMLINNGVKVHILNMGMIENTSIGNLIIKNLIAFDKFEEMILK
PROKKA_00005	tr|A5HZZ8|A5HZZ8_CLOBH Type A progenitor toxin nontoxic-nonha OS=Clostridium botulinum (strain Hall / ATCC 3502 / NCTC 13319 / Type A) GN=ntnH PE=4 SV=1 !!!ntnH	186	1193	39	15	38.46	19	5	21	59	KQIFEIFDVYSNAIIYEETFNNKFTVRPKFLELLDLLNK
PROKKA_00005	tr|C1FUH8|C1FUH8_CLOBJ Botulinum neurotoxin type A2, nontoxic-nonhemagglutinin component, NTNH OS=Clostridium botulinum (strain Kyoto / Type A2) GN=ntnH PE=4 SV=1 !!!ntnH	186	1159	39	15	38.46	19	5	21	59	KQIFEIFDVYSNAIIYEETFNNKFTVRPKFLELLDLLNK
PROKKA_00005	tr|C5VU80|C5VU80_CLOBO Botulinum neurotoxin type D, nontoxic-nonhemagglutinin component, NTNH OS=Clostridium botulinum D str. 1873 GN=ntnH PE=4 SV=1 !!!ntnH	186	1196	108	23	21.30	76	9	85	185	LINNGVKVHILNMGMIENTSIGNLIIKNLIAFDKFEEMILKQYSKNKDGRPKKFTLIQLRYA-LSLLKVNGGKNSYNEVARITGISKSTL------IREMKKCHEKLD
PROKKA_00006	tr|B1BE43|B1BE43_CLOBO Botulinum neurotoxin type C, nontoxic-nonhemagglutinin component NTNH OS=Clostridium botulinum C str. Eklund GN=CBC_A0166 PE=4 SV=1 !!!ntnH	211	1196	50	15	30.00	28	7	12	58	KEKQKTDRQEITLIN---YSKENNFTFGDIVPEKISGSVKANYRPKYKSL
PROKKA_00006	tr|C5VU80|C5VU80_CLOBO Botulinum neurotoxin type D, nontoxic-nonhemagglutinin component, NTNH OS=Clostridium botulinum D str. 1873 GN=ntnH PE=4 SV=1 !!!ntnH	211	1196	25	8	32.00	17	0	34	58	TFGDIVPEKISGSVKANYRPKYKSL
PROKKA_00006	tr|B2TSC3|B2TSC3_CLOBB Botulinum neurotoxin type B OS=Clostridium botulinum (strain Eklund 17B / Type B) GN=ntnH PE=4 SV=1 !!!ntnH	211	1197	50	16	32.00	24	10	6	55	MRISTNKEKQKTDRQEITLINYSKENNFTFGDIVPEKISGSVKANYRPKY
PROKKA_00006	tr|B1INP6|B1INP6_CLOBK Botulinum neurotoxin type B1, nontoxic-nonhemagglutinin component, NTNH OS=Clostridium botulinum (strain Okra / Type B1) GN=ntnH PE=4 SV=1 !!!ntnH	211	1197	38	12	31.58	22	4	18	55	DRQEITLINYSKENNFTFGDIVPEKISGSVKANYRPKY
PROKKA_00006	tr|A5HZZ8|A5HZZ8_CLOBH Type A progenitor toxin nontoxic-nonha OS=Clostridium botulinum (strain Hall / ATCC 3502 / NCTC 13319 / Type A) GN=ntnH PE=4 SV=1 !!!ntnH	211	1193	38	12	31.58	22	4	18	55	DRQEITLINYSKENNFTFGDIVPEKISGSVKANYRPKY
PROKKA_00006	tr|A0A060N6G5|A0A060N6G5_CLOBO Nontoxic-nonhemagglutinin component, NTNH OS=Clostridium botulinum B str. Osaka05 GN=CBO05P2_175 PE=4 SV=1 !!!ntnH	211	1197	38	12	31.58	22	4	18	55	DRQEITLINYSKENNFTFGDIVPEKISGSVKANYRPKY
PROKKA_00006	tr|A0A0X1KH90|A0A0X1KH90_CLOBA Botulinum neurotoxin type E, nontoxic-nonhemagglutinin component, NTNH OS=Clostridium botulinum (strain Alaska E43 / Type E3) PE=1 SV=1 !!!ntnH	211	1163	38	12	31.58	22	4	18	55	DRQEITLINYSKENNFTFGDIVPEKISGSVKANYRPKY
PROKKA_00006	tr|C5UY14|C5UY14_CLOBO Botulinum neurotoxin type E1, nontoxic-nonhemagglutinin component, NTNH OS=Clostridium botulinum E1 str. 'BoNT E Beluga' GN=ntnH PE=4 SV=1 !!!ntnH	211	1163	38	12	31.58	22	4	18	55	DRQEITLINYSKENNFTFGDIVPEKISGSVKANYRPKY
PROKKA_00006	tr|C4IHM0|C4IHM0_CLOBU Botulinum neurotoxin type E, nontoxic-nonhemagglutinin component, NTNH OS=Clostridium butyricum E4 str. BoNT E BL5262 GN=ntnH PE=4 SV=1 !!!ntnH	211	1163	38	12	31.58	22	4	18	55	DRQEITLINYSKENNFTFGDIVPEKISGSVKANYRPKY
PROKKA_00007	tr|A0A060N6G5|A0A060N6G5_CLOBO Nontoxic-nonhemagglutinin component, NTNH OS=Clostridium botulinum B str. Osaka05 GN=CBO05P2_175 PE=4 SV=1 !!!ntnH	1292	1197	301	87	28.90	159	55	6	280	NNFNYNDPIDNDNIIMMEPPFARGTGRYYKAFKITDRIWIIPERYTFGYK---PEDFNKSSGIFNRDVCEYYDPDYLNTNDKKNIFLQTMIKLFNRIKSKPLGEKLLEMIINGIPY----------------LGDRRVPLEEFNTNIASVT----VNKLISNPGEVEQKKGIFA-NLIIFGPGPVLNENETIDIGIQNHFASREGFGGIMQMKFCPEYVSVFNNVQENKGASIFNRRGYFSDPALILMHELIHVLHGLYGIKVDDLPIVPNEKKFFMQSTDTIQAE--ELYTFGGQDPSII
PROKKA_00007	tr|A0A060N6G5|A0A060N6G5_CLOBO Nontoxic-nonhemagglutinin component, NTNH OS=Clostridium botulinum B str. Osaka05 GN=CBO05P2_175 PE=4 SV=1 !!!ntnH	1292	1197	595	132	22.18	399	64	538	1102	FQYLYSQTFPLNIRDISLTSSFDDALLVSSK----VYSFFS-----MDYIKTANKVVEAGLFAGWVKQIVDDFVIEANKSSTMDKIADISLIVPYIGLALNVGNETAKGNFESAFEIAGSSILLEFIPELLIPVVGVFLLESYIDN--KNKIIKTIDNALTKRVEKWIDMYGLIVAQWLSTVNTQFYTIKEGMYKALNYQAQALEEIIKYKYNIYSEEEKSNININFNDINSK-----LNDGINQAMDNINDFINECSISYLMKKMIPLAVKKLLDFDNTLKKNLLNYIDENKLYLIGSVEDEKSKVDKYLKTIIPFDLSTYTNNEILIKIFN-----KYNSEILNNIILNLRYRDNNLI--DLSGYGAKVEVYDGVKLNDKNQFKLTGSA----DSKIRVTQNQNIIFNSMFLDFSVSFWIRIPKYRNDDIQNYIHNEYTIINCMKNNSGWKISIRGNRIIWTLIDINGKTKSVFFEYNIREDISEYINR-WFFVTITND--LDNAKIYINGMLESNMNIKDIGEVIVNGEITFKLDGDVDRTQFIWMKYFSIFNTQLNQSNIKEIYKIQSYSEYLKDFWGNPLMYNKEYYMFN
PROKKA_00007	tr|B2TSC3|B2TSC3_CLOBB Botulinum neurotoxin type B OS=Clostridium botulinum (strain Eklund 17B / Type B) GN=ntnH PE=4 SV=1 !!!ntnH	1292	1197	301	87	28.90	159	55	6	280	NNFNYNDPIDNDNIIMMEPPFARGTGRYYKAFKITDRIWIIPERYTFGYK---PEDFNKSSGIFNRDVCEYYDPDYLNTNDKKNIFLQTMIKLFNRIKSKPLGEKLLEMIINGIPY----------------LGDRRVPLEEFNTNIASVT----VNKLISNPGEVEQKKGIFA-NLIIFGPGPVLNENETIDIGIQNHFASREGFGGIMQMKFCPEYVSVFNNVQENKGASIFNRRGYFSDPALILMHELIHVLHGLYGIKVDDLPIVPNEKKFFMQSTDTIQAE--ELYTFGGQDPSII
PROKKA_00007	tr|B2TSC3|B2TSC3_CLOBB Botulinum neurotoxin type B OS=Clostridium botulinum (strain Eklund 17B / Type B) GN=ntnH PE=4 SV=1 !!!ntnH	1292	1197	594	135	22.73	389	70	542	1102	YSQTFPLNIRDISLTSSFDDALLVSSK----VYSFFS-----MDYIKTANKVVEAGLFAGWVKQIVDDFVIEANKSSTMDKIADISLIVPYIGLALNVGNETAKGNFESAFEIAGSSILLEFIPELLIPVVGVFLLESYIDN--KNKIIKTIDNALTKRVEKWIDMYGLIVAQWLSTVNTQFYTIKEGMYKALNYQAQALEEIIKYKYNIYSEEEKSNININFNDINS-----KLNDGINQAMDNINDFINECSISYLMKKMIPLAVKKLLDFDNTLKKNLLNYIDENKLYLIGSVEDEKSKVDKYLKTIIPFDLSTY---------TNNEILIKIFNKYNSEILNNIILNLRYRDNNLI-DLSGYGAKVEVYDGVKLNDKNQFKLTGSA----DSKIRVTQNQNIIFNSMFLDFSVSFWIRIPKYRNDDIQNYIHNEYTIINCMKNNSGWKISIRGNRIIWTLIDINGKTKSVFFEYNIREDISEYINR-WFFVTITND--LDNAKIYINGMLESNMNIKDIGEVIVNGEITFKLDGDVDRTQFIWMKYFSIFNTQLNQSNIKEIYKIQSYSEYLKDFWGNPLMYNKEYYMFN
PROKKA_00007	tr|A5HZZ8|A5HZZ8_CLOBH Type A progenitor toxin nontoxic-nonha OS=Clostridium botulinum (strain Hall / ATCC 3502 / NCTC 13319 / Type A) GN=ntnH PE=4 SV=1 !!!ntnH	1292	1193	301	85	28.24	161	55	6	280	NNFNYNDPIDNDNIIMMEPPFARGTGRYYKAFKITDRIWIIPERYTFGYK---PEDFNKSSGIFNRDVCEYYDPDYLNTNDKKNIFLQTMIKLFNRIKSKPLGEKLLEMIINGIPY----------------LGDRRVPLEEFNTNIASVT----VNKLISNPGEVEQKKGIFA-NLIIFGPGPVLNENETIDIGIQNHFASREGFGGIMQMKFCPEYVSVFNNVQENKGASIFNRRGYFSDPALILMHELIHVLHGLYGIKVDDLPIVPNEKKFFMQSTDTIQAE--ELYTFGGQDPSII
PROKKA_00007	tr|A5HZZ8|A5HZZ8_CLOBH Type A progenitor toxin nontoxic-nonha OS=Clostridium botulinum (strain Hall / ATCC 3502 / NCTC 13319 / Type A) GN=ntnH PE=4 SV=1 !!!ntnH	1292	1193	622	131	21.06	396	95	542	1121	YSQTFPLNIRDISLTSSFDDALLVSSK----VYSFFS-----MDYIKTANKVVEAGLFAGWVKQIVDDFVIEANKSSTMDKIADISLIVPYIGLALNVGNETAKGNFESAFEIAGSSILLEFIPELLIPVVGVFLLESY-IDNK------NKIIKTIDNALTKRVEKWIDMYGLIVAQWLSTVNTQFYTIKEGMYKALNYQAQALEEIIKYKYNIY------SEEEKSNININFNDINSKLNDGINQAMDNINDFINECSISYLMKKMIPLAVKKLLDFDNTLKKNLLNYIDENKLYLIGSVEDEKSK-VDKYLKTIIPFDL-------STYTNNEILIKIFNKYNSEILNNIILNLRYRDNNLI-DLSGYGAKVEVYDGVKLN---DKNQFKLTGSADSKIRVTQNQNIIFNSMFLD------FSVSFWIRIPKYRNDDIQNYIHNEYTIINCMKNNSGWKISIRGNRIIWTLIDINGKTKSVFFEYNIREDISEYINRWFFVTITNDL--DNAKIYINGMLESNMNIKDIGEVIVNGEITFKLDGDVDRTQFIWMKYFSIFNTQLNQSNIKEIYKIQSYSEYLKDFWGNPLMYNKEYYMFNAGNKNSYIKLVKDSPVGEM
PROKKA_00007	tr|B1INP6|B1INP6_CLOBK Botulinum neurotoxin type B1, nontoxic-nonhemagglutinin component, NTNH OS=Clostridium botulinum (strain Okra / Type B1) GN=ntnH PE=4 SV=1 !!!ntnH	1292	1197	301	85	28.24	161	55	6	280	NNFNYNDPIDNDNIIMMEPPFARGTGRYYKAFKITDRIWIIPERYTFGYK---PEDFNKSSGIFNRDVCEYYDPDYLNTNDKKNIFLQTMIKLFNRIKSKPLGEKLLEMIINGIPY----------------LGDRRVPLEEFNTNIASVT----VNKLISNPGEVEQKKGIFA-NLIIFGPGPVLNENETIDIGIQNHFASREGFGGIMQMKFCPEYVSVFNNVQENKGASIFNRRGYFSDPALILMHELIHVLHGLYGIKVDDLPIVPNEKKFFMQSTDTIQAE--ELYTFGGQDPSII
PROKKA_00007	tr|B1INP6|B1INP6_CLOBK Botulinum neurotoxin type B1, nontoxic-nonhemagglutinin component, NTNH OS=Clostridium botulinum (strain Okra / Type B1) GN=ntnH PE=4 SV=1 !!!ntnH	1292	1197	591	131	22.17	396	64	542	1102	YSQTFPLNIRDISLTSSFDDALLVSSK----VYSFFS-----MDYIKTANKVVEAGLFAGWVKQIVDDFVIEANKSSTMDKIADISLIVPYIGLALNVGNETAKGNFESAFEIAGSSILLEFIPELLIPVVGVFLLESYIDN--KNKIIKTIDNALTKRVEKWIDMYGLIVAQWLSTVNTQFYTIKEGMYKALNYQAQALEEIIKYKYNIYSEEEKSNININFNDINSK-----LNDGINQAMDNINDFINECSISYLMKKMIPLAVKKLLDFDNTLKKNLLNYIDENKLYLIGSVEDEKSKVDKYLKTIIPFDLSTYTNNEILIKIFN-----KYNSEILNNIILNLRYRDNNLI--DLSGYGAKVEVYDGVKLNDKNQFKLTGSA----DSKIRVTQNQNIIFNSMFLDFSVSFWIRIPKYRNDDIQNYIHNEYTIINCMKNNSGWKISIRGNRIIWTLIDINGKTKSVFFEYNIREDISEYINR-WFFVTITND--LDNAKIYINGMLESNMNIKDIGEVIVNGEITFKLDGDVDRTQFIWMKYFSIFNTQLNQSNIKEIYKIQSYSEYLKDFWGNPLMYNKEYYMFN
PROKKA_00007	tr|B1L2G4|B1L2G4_CLOBM Botulinum neurotoxin type A3, nontoxic-nonhemagglutinin component, NTNH OS=Clostridium botulinum (strain Loch Maree / Type A3) GN=ntnH PE=4 SV=1 !!!ntnH	1292	1159	253	80	31.62	118	55	6	249	NNFNYNDPIDNDNIIMMEPPFARGTGRYYKAFKITDRIWIIPERYTFGYK---PEDFNKSSGIFNRDVCEYYDPDYLNTNDKKNIFLQTMIKLFNRIKSKPLGEKLLEMIINGIPY-----LGDRRVPLEEFNTNIASVTVNKLISNPGEVEQKKGIFANLIIFGPGPVLNENETIDIGIQNHFASREGFGGIMQMKFCPEYVSVFNNVQENKGASIFNRRGYFSDPALILMHELIHVLHGLYGIK-VDDLPI
PROKKA_00007	tr|C1FUH8|C1FUH8_CLOBJ Botulinum neurotoxin type A2, nontoxic-nonhemagglutinin component, NTNH OS=Clostridium botulinum (strain Kyoto / Type A2) GN=ntnH PE=4 SV=1 !!!ntnH	1292	1159	253	82	32.41	116	55	6	249	NNFNYNDPIDNDNIIMMEPPFARGTGRYYKAFKITDRIWIIPERYTFGYK---PEDFNKSSGIFNRDVCEYYDPDYLNTNDKKNIFLQTMIKLFNRIKSKPLGEKLLEMIINGIPY-----LGDRRVPLEEFNTNIASVTVNKLISNPGEVEQKKGIFANLIIFGPGPVLNENETIDIGIQNHFASREGFGGIMQMKFCPEYVSVFNNVQENKGASIFNRRGYFSDPALILMHELIHVLHGLYGIK-VDDLPI
PROKKA_00007	tr|A7GBG2|A7GBG2_CLOBL Botulinum neurotoxin type F, nontoxic-nonhemagglutinin component, NTNH OS=Clostridium botulinum (strain Langeland / NCTC 10281 / Type F) GN=ntnH PE=4 SV=1 !!!ntnH	1292	1163	253	80	31.62	118	55	6	249	NNFNYNDPIDNDNIIMMEPPFARGTGRYYKAFKITDRIWIIPERYTFGYK---PEDFNKSSGIFNRDVCEYYDPDYLNTNDKKNIFLQTMIKLFNRIKSKPLGEKLLEMIINGIPY-----LGDRRVPLEEFNTNIASVTVNKLISNPGEVEQKKGIFANLIIFGPGPVLNENETIDIGIQNHFASREGFGGIMQMKFCPEYVSVFNNVQENKGASIFNRRGYFSDPALILMHELIHVLHGLYGIK-VDDLPI
PROKKA_00007	tr|C5UY14|C5UY14_CLOBO Botulinum neurotoxin type E1, nontoxic-nonhemagglutinin component, NTNH OS=Clostridium botulinum E1 str. 'BoNT E Beluga' GN=ntnH PE=4 SV=1 !!!ntnH	1292	1163	248	79	31.85	125	44	7	251	NFNYNDPIDNDNIIMMEPPFARGTGRYYKAFKITDRIWIIPERYTFGYK---PEDFNKSSGIFNRDVCEYYDPDYLNTNDKKNIFLQTMIKLFNRIKSKPLGEKLLEMIINGIPYLGDRRVPLEEFNTNIASVTVNKLISNPGEVEQKKGIFANLIIFGPGPVLNENETIDIGIQNHFASREGFGGIMQMKFCPEYVSVFNNVQENKGASIFNRRGYFSDPALILMHELIHVLHGLYGIKVDDLPIVP
PROKKA_00007	tr|A0A0X1KH90|A0A0X1KH90_CLOBA Botulinum neurotoxin type E, nontoxic-nonhemagglutinin component, NTNH OS=Clostridium botulinum (strain Alaska E43 / Type E3) PE=1 SV=1 !!!ntnH	1292	1163	248	81	32.66	123	44	7	251	NFNYNDPIDNDNIIMMEPPFARGTGRYYKAFKITDRIWIIPERYTFGYK---PEDFNKSSGIFNRDVCEYYDPDYLNTNDKKNIFLQTMIKLFNRIKSKPLGEKLLEMIINGIPYLGDRRVPLEEFNTNIASVTVNKLISNPGEVEQKKGIFANLIIFGPGPVLNENETIDIGIQNHFASREGFGGIMQMKFCPEYVSVFNNVQENKGASIFNRRGYFSDPALILMHELIHVLHGLYGIKVDDLPIVP
PROKKA_00007	tr|C4IHM0|C4IHM0_CLOBU Botulinum neurotoxin type E, nontoxic-nonhemagglutinin component, NTNH OS=Clostridium butyricum E4 str. BoNT E BL5262 GN=ntnH PE=4 SV=1 !!!ntnH	1292	1163	248	79	31.85	125	44	7	251	NFNYNDPIDNDNIIMMEPPFARGTGRYYKAFKITDRIWIIPERYTFGYK---PEDFNKSSGIFNRDVCEYYDPDYLNTNDKKNIFLQTMIKLFNRIKSKPLGEKLLEMIINGIPYLGDRRVPLEEFNTNIASVTVNKLISNPGEVEQKKGIFANLIIFGPGPVLNENETIDIGIQNHFASREGFGGIMQMKFCPEYVSVFNNVQENKGASIFNRRGYFSDPALILMHELIHVLHGLYGIKVDDLPIVP
PROKKA_00007	tr|C5VU80|C5VU80_CLOBO Botulinum neurotoxin type D, nontoxic-nonhemagglutinin component, NTNH OS=Clostridium botulinum D str. 1873 GN=ntnH PE=4 SV=1 !!!ntnH	1292	1196	270	78	28.89	139	53	6	251	NNFNYNDPIDNDNIIMMEPPFARGTGRYYKAFKITDRIWIIPERYTFGYK---PEDFNKSSGIFNRDVCEYYDPDYLNTNDKKNIFLQTMIKLFNRIKSKPLGEKLLEMIINGIP----YLGDRRVPLEEFN---TNIASVTVNKLI-------------SNPGEVEQKKGIFA-NLIIFGPGPVLNENETIDIGIQNHFASREGFGGIMQMKFCPEYVSVFNNVQENKGASIFNRRGYFSDPALILMHELIHVLHGLYGIKVDDLPIVP
PROKKA_00007	tr|C5VU80|C5VU80_CLOBO Botulinum neurotoxin type D, nontoxic-nonhemagglutinin component, NTNH OS=Clostridium botulinum D str. 1873 GN=ntnH PE=4 SV=1 !!!ntnH	1292	1196	717	149	20.78	461	107	440	1102	VKVPGICIDVDNENLFFIADKNSFSD-------DLSKNERVEYNTQNNYIGND---FPINEL-ILDTDLISKIELPSENTESLTDFNVDVPVYEKQPAIKKVFTDENTIFQYLYSQTFPLNIRDISLTSSFDDALLVSSK----VYSFFS-----MDYIKTANKVVEAGLFAGWVKQIVDDFVIEANKSSTMDKIADISLIVPYIGLALNVGNETAKGNFESAFEIAGSSILLEFIPELLIPVVGV------FLLESYIDNKNKIIKTIDNALTKRVEKWIDMYGLIVAQWLSTVNTQFYTIKEGMYKALNYQAQALEEIIKYKYNIYSEEE---------KSNININFNDINSKLNDGINQAMDNINDFINECSISYLMKKMIPLAVKKLLDFDNTLKKNLLNYIDENKLYLIGSVEDEKS-KVDKYLKTIIPF---DLSTYTN------NEILIKIFNKYNSEILNNIILNLRYRDNNLI-DLSGYGAKVEVYDGVKLNDKNQFKLTGSADSKIRVTQNQNIIFNSMFL------DFSVSFWIRIPKYRNDDIQNYIHNEYTIINCMKNNSGWKISIRGNRIIWTLIDINGKTKSVFFEYNIREDISEYINRWFFVTITNDL--DNAKIYINGMLESNMNIKDIGEVIVNGEITFKLDGDVDRTQFIWMKYFSIFNTQLNQSNIKEIYKIQSYSEYLKDFWGNPLMYNKEYYMFN
PROKKA_00007	tr|B1BE43|B1BE43_CLOBO Botulinum neurotoxin type C, nontoxic-nonhemagglutinin component NTNH OS=Clostridium botulinum C str. Eklund GN=CBC_A0166 PE=4 SV=1 !!!ntnH	1292	1196	270	77	28.52	140	53	6	251	NNFNYNDPIDNDNIIMMEPPFARGTGRYYKAFKITDRIWIIPERYTFGYK---PEDFNKSSGIFNRDVCEYYDPDYLNTNDKKNIFLQTMIKLFNRIKSKPLGEKLLEMIINGIP----YLGDRRVPLEEFN---TNIASVTVNKLI-------------SNPGEVEQKKGIFA-NLIIFGPGPVLNENETIDIGIQNHFASREGFGGIMQMKFCPEYVSVFNNVQENKGASIFNRRGYFSDPALILMHELIHVLHGLYGIKVDDLPIVP
PROKKA_00007	tr|B1BE43|B1BE43_CLOBO Botulinum neurotoxin type C, nontoxic-nonhemagglutinin component NTNH OS=Clostridium botulinum C str. Eklund GN=CBC_A0166 PE=4 SV=1 !!!ntnH	1292	1196	720	151	20.97	456	113	440	1102	VKVPGICIDVDNENLFFIADKNSFSD-------DLSKNERVEYNTQNNYIGND---FPINEL-ILDTDLISKIELPSENTESLTDFNVDVPVYEKQPAIKKVFTDENTIFQYLYSQT-FPLNIRDISLTS------SFDDALLVSSK----VYSFFS-----MDYIKTANKVVEAGLFAGWVKQIVDDFVIEANKSSTMDKIADISLIVPYIGLALNVGNETAKGNFESAFEIAGSSILLEFIPELLIPVVGV------FLLESYIDNKNKIIKTIDNALTKRVEKWIDMYGLIVAQWLSTVNTQFYTIKEGMYKALNYQAQALEEIIKYKYNIYSEEE---------KSNININFNDINSKLNDGINQAMDNINDFINECSISYLMKKMIPLAVKKLLDFDNTLKKNLLNYIDENKLYLIGSVEDEKS-KVDKYLKTIIPFDLSTYTNNEILIKIFNKYNSEILNN-------IILNLRYRDNNLI-DLSGYGAKVEVYDGVKLNDKNQFKLTGSA----DSKIRVTQNQNIIFNSMFLDFSVSFWIRIPKYRNDDIQNYIHNEYTIINCMKNNSGWKISIRGNRIIWTLIDINGKTKSVFFEYNIREDISEYINRWFFVTITNDL--DNAKIYINGMLESNMNIKDIGEVIVNGEITFKLDGDVDRTQFIWMKYFSIFNTQLNQSNIKEIYKIQSYSEYLKDFWGNPLMYNKEYYMFN
PROKKA_00007	tr|A0A059PYB0|A0A059PYB0_9CLOT Toxin complex component ORF-X2 OS=Clostridium baratii PE=4 SV=1 !!!ORF-X2	1292	748	97	29	29.90	48	20	837	931	PFDLSTYTNNEILIKIFNKYNSEILNNIILNLRYRDNNLIDLSGYGAKVEVYDGVKLNDKNQFKLTGSADSKIRVTQNQN--IIFNSMFLDFSVSFW
PROKKA_00007	tr|B1BE46|B1BE46_CLOBO Non-toxin haemagglutinin HA-70 OS=Clostridium botulinum C str. Eklund GN=CBC_A0169 PE=4 SV=1 !!!ha70	1292	623	51	14	27.45	31	6	328	378	YKFVEDSEGKYSIDVESFNKLYKSLMFGFTEINIAENYKIKTRASYFSDSL
PROKKA_00007	tr|C5UY11|C5UY11_CLOBO Toxin complex component ORF-X2 OS=Clostridium botulinum E1 str. 'BoNT E Beluga' GN=CLO_2648 PE=4 SV=1 !!!ORF-X2	1292	748	32	11	34.38	21	0	876	907	IDLSGYGAKVEVYDGVKLNDKNQFKLTGSADS
PROKKA_00007	tr|C5UY13|C5UY13_CLOBO P-47 protein OS=Clostridium botulinum E1 str. 'BoNT E Beluga' GN=p47 PE=4 SV=1 !!!P-47	1292	416	91	27	29.67	44	20	801	887	TLKKNLLNYIDENKLYLIGSVEDEKSKVDKYLKTIIPFD----LSTYTNNEILIKIFNKYNSEILNNIILNLRYRDNNLIDLSGYGAKVEV
PROKKA_00008	tr|B2TSC3|B2TSC3_CLOBB Botulinum neurotoxin type B OS=Clostridium botulinum (strain Eklund 17B / Type B) GN=ntnH PE=4 SV=1 !!!ntnH	1210	1197	1197	1195	99.83	2	0	13	1209	MNINDNLSINSPVDNKNVVVVRARKTDTIFKAFKVAPNIWVAPERYYGESLSIDEEYKVDGGIYDSNFLSQDSEKDKFLQAIITLLKRINSTNAGEKLLSLISTAIPFPYGYIGGGYYAPNMITFGSAPKSNKKLNSLISSTIPFPYAGYRETNYLSSEDNKNFYASNIVIFGPGSNIVENNTVFYKKEDAENGMGTMTEIWFQPFLTYKYDQFYIDPAIELMKCLIKSLYFLYGIKPSDDLVVPYRLRNELENIEYSQLNIVDLLVSGGIDPKFINTDPYWFIDNYFSNAKKVFEDHRNIYKTEVEGNNAIGNDIKLRLKQKFRINTNDIWELNLNYFSKEFSIMMPDRFNNALKHFYRKQYYKIDYPENYSINGFVNGQINAQLFLSDRNQDIINKPEEIINLLNGNNVSLMRSNIYGDGLKSTVDNFYSNYKIPYNRAYEYHFNNSNDSSLDNVNTGVIDNIPEIIDVNPYKENCDKFSPVQKITSTREINTNIPWPINYLQAQNTNNERFSLSSDFVEVVSSKDKSLVYSFLSNVMFYLDSIKDNSPIDTDKEYYLWLREIFRNYSFDITATQEINTNCGINKVVAWFGKALNILNTSDSFVEEFQNLGPSSLINKKENLSMPIIEIDEIPNYMLGLPLNDLNEKLFNIYLKNILYFKKVYFNFLDQWWTEYYSQYFDLICMAKQSILAQEKLIKQIIQNKLQDLSKADISMDKLNLMNLATGKTFIDLSNESQIAIDNINDFLNKSAICFFDTNIYPKFISFMEQCINSVNSNVTTFIQKCTNITEDEKLQLIKLNTFMNIDFEFFDIQNIKDLITSETDLIKEEKESDYNLFLLTLQEDNNKVIEDISGKNTLVKYSDSISLVYGVNGDALYLKEPNESVSFSNKVFENGLTNSFSICFWLRNLGEDIITSKLIENKADNCGWEIYFENNGLVFSIVDCNGNEENIYLSDVISKNWYYISISIDRLRNQLLIFINDKLIANQSIEQILNIYSSSTISLVNENNPIYVEGLSILNRSITSEEVVNNYFSYLNNSYIRDISGERLEYNKTYELYNYVFPENSLYEVTENNNIYLSIKDTNDLNIQGAKFKLINIDTNKQYVQKWDEGVVCLLGDEEKYVDISSENNRIQLVSSRDTAKKIIFNNDIFKPNCLTFAYNNKYLSLSFRDRNYNWMIYNNNDNIPKAAHLWTLKGI
PROKKA_00008	tr|B1INP6|B1INP6_CLOBK Botulinum neurotoxin type B1, nontoxic-nonhemagglutinin component, NTNH OS=Clostridium botulinum (strain Okra / Type B1) GN=ntnH PE=4 SV=1 !!!ntnH	1210	1197	1197	1153	96.32	44	0	13	1209	MNINDNLSINSPVDNKNVVVVRARKTDTIFKAFKVAPNIWVAPERYYGESLSIDEEYKVDGGIYDSNFLSQDSEKDKFLQAIITLLKRINSTNAGEKLLSLISTAIPFPYGYIGGGYYAPNMITFGSAPKSNKKLNSLISSTIPFPYAGYRETNYLSSEDNKNFYASNIVIFGPGSNIVENNTVFYKKEDAENGMGTMTEIWFQPFLTYKYDQFYIDPAIELMKCLIKSLYFLYGIKPSDDLVVPYRLRNELENIEYSQLNIVDLLVSGGIDPKFINTDPYWFIDNYFSNAKKVFEDHRNIYKTEVEGNNAIGNDIKLRLKQKFRINTNDIWELNLNYFSKEFSIMMPDRFNNALKHFYRKQYYKIDYPENYSINGFVNGQINAQLFLSDRNQDIINKPEEIINLLNGNNVSLMRSNIYGDGLKSTVDNFYSNYKIPYNRAYEYHFNNSNDSSLDNVNTGVIDNIPEIIDVNPYKENCDKFSPVQKITSTREINTNIPWPINYLQAQNTNNERFSLSSDFVEVVSSKDKSLVYSFLSNVMFYLDSIKDNSPIDTDKEYYLWLREIFRNYSFDITATQEINTNCGINKVVAWFGKALNILNTSDSFVEEFQNLGPSSLINKKENLSMPIIEIDEIPNYMLGLPLNDLNEKLFNIYLKNILYFKKVYFNFLDQWWTEYYSQYFDLICMAKQSILAQEKLIKQIIQNKLQDLSKADISMDKLNLMNLATGKTFIDLSNESQIAIDNINDFLNKSAICFFDTNIYPKFISFMEQCINSVNSNVTTFIQKCTNITEDEKLQLIKLNTFMNIDFEFFDIQNIKDLITSETDLIKEEKESDYNLFLLTLQEDNNKVIEDISGKNTLVKYSDSISLVYGVNGDALYLKEPNESVSFSNKVFENGLTNSFSICFWLRNLGEDIITSKLIENKADNCGWEIYFENNGLVFSIVDCNGNEENIYLSDVISKNWYYISISIDRLRNQLLIFINDKLIANQSIEQILNIYSSSTISLVNENNPIYVEGLSILNRSITSEEVVNNYFSYLNNSYIRDISGERLEYNKTYELYNYVFPENSLYEVTENNNIYLSIKDTNDLNIQGAKFKLINIDTNKQYVQKWDEGVVCLLGDEEKYVDISSENNRIQLVSSRDTAKKIIFNNDIFKPNCLTFAYNNKYLSLSFRDRNYNWMIYNNNDNIPKAAHLWTLKGI
PROKKA_00008	tr|A0A060N6G5|A0A060N6G5_CLOBO Nontoxic-nonhemagglutinin component, NTNH OS=Clostridium botulinum B str. Osaka05 GN=CBO05P2_175 PE=4 SV=1 !!!ntnH	1210	1197	1197	1147	95.82	50	0	13	1209	MNINDNLSINSPVDNKNVVVVRARKTDTIFKAFKVAPNIWVAPERYYGESLSIDEEYKVDGGIYDSNFLSQDSEKDKFLQAIITLLKRINSTNAGEKLLSLISTAIPFPYGYIGGGYYAPNMITFGSAPKSNKKLNSLISSTIPFPYAGYRETNYLSSEDNKNFYASNIVIFGPGSNIVENNTVFYKKEDAENGMGTMTEIWFQPFLTYKYDQFYIDPAIELMKCLIKSLYFLYGIKPSDDLVVPYRLRNELENIEYSQLNIVDLLVSGGIDPKFINTDPYWFIDNYFSNAKKVFEDHRNIYKTEVEGNNAIGNDIKLRLKQKFRINTNDIWELNLNYFSKEFSIMMPDRFNNALKHFYRKQYYKIDYPENYSINGFVNGQINAQLFLSDRNQDIINKPEEIINLLNGNNVSLMRSNIYGDGLKSTVDNFYSNYKIPYNRAYEYHFNNSNDSSLDNVNTGVIDNIPEIIDVNPYKENCDKFSPVQKITSTREINTNIPWPINYLQAQNTNNERFSLSSDFVEVVSSKDKSLVYSFLSNVMFYLDSIKDNSPIDTDKEYYLWLREIFRNYSFDITATQEINTNCGINKVVAWFGKALNILNTSDSFVEEFQNLGPSSLINKKENLSMPIIEIDEIPNYMLGLPLNDLNEKLFNIYLKNILYFKKVYFNFLDQWWTEYYSQYFDLICMAKQSILAQEKLIKQIIQNKLQDLSKADISMDKLNLMNLATGKTFIDLSNESQIAIDNINDFLNKSAICFFDTNIYPKFISFMEQCINSVNSNVTTFIQKCTNITEDEKLQLIKLNTFMNIDFEFFDIQNIKDLITSETDLIKEEKESDYNLFLLTLQEDNNKVIEDISGKNTLVKYSDSISLVYGVNGDALYLKEPNESVSFSNKVFENGLTNSFSICFWLRNLGEDIITSKLIENKADNCGWEIYFENNGLVFSIVDCNGNEENIYLSDVISKNWYYISISIDRLRNQLLIFINDKLIANQSIEQILNIYSSSTISLVNENNPIYVEGLSILNRSITSEEVVNNYFSYLNNSYIRDISGERLEYNKTYELYNYVFPENSLYEVTENNNIYLSIKDTNDLNIQGAKFKLINIDTNKQYVQKWDEGVVCLLGDEEKYVDISSENNRIQLVSSRDTAKKIIFNNDIFKPNCLTFAYNNKYLSLSFRDRNYNWMIYNNNDNIPKAAHLWTLKGI
PROKKA_00008	tr|A5HZZ8|A5HZZ8_CLOBH Type A progenitor toxin nontoxic-nonha OS=Clostridium botulinum (strain Hall / ATCC 3502 / NCTC 13319 / Type A) GN=ntnH PE=4 SV=1 !!!ntnH	1210	1193	1196	971	81.19	221	4	13	1207	MNINDNLSINSPVDNKNVVVVRARKTDTIFKAFKVAPNIWVAPERYYGESLSIDEEYKVDGGIYDSNFLSQDSEKDKFLQAIITLLKRINSTNAGEKLLSLISTAIPFPYGYIGGGYYAPNMITFGSAPKSNKKLNSLISSTIPFPYAGYRETNYLSSEDNKNFYASNIVIFGPGSNIVENNTVFYKKEDAENGMGTMTEIWFQPFLTYKYDQFYIDPAIELMKCLIKSLYFLYGIKPSDDLVVPYRLRNELENIEYSQLNIVDLLVSGGIDPKFINTDPYWFIDNYFSNAKKVFEDHRNIYKTEVEGNNAIGNDIKLRLKQKFRINTNDIWELNLNYFSKEFSIMMPDRFNNALKHFYRKQYYKIDYPENYSINGFVNGQINAQLFLSDRNQDIINKPEEIINLLNGNNVSLMRSNIYGDGLKSTVDNFYSNYKIPYNRAYEYHFNNSNDSSLDNVNTGVIDNIPEIIDVNPYKENCDKFSPVQKITSTREINTNIPWPINYLQAQNTNNERFSLSSDFVEVVSSKDKSLVYSFLSNVMFYLDSIKDNSPIDTDKEYYLWLREIFRNYSFDITATQEINTNCGINKVVAWFGKALNILNTSDSFVEEFQNLGPSSLINKKENLSMPIIEIDEIPNYMLGLPLNDLNEKLFNIYLKNILYFKKVYFNFLDQWWTEYYSQYFDLICMAKQSILAQEKLIKQIIQNKLQDL-SKADISMDKLNLMNLATGKTFIDLSNESQIAIDNINDFLNKSAICFFDTNIYPKFISFMEQCINSVNSNVTTFIQKCTNITEDEKLQLIKLNTFMNIDFEFFDIQNIKDLITSETDLIKEEKESDYNLFLLTLQEDNNKVIEDISGKNTLVKYSDSISLVYGVNGDALYLKEPNESVSFSNKVFENGLTNSFSICFWLRNLGEDIITSKLIENKADNCGWEIYFENNGLVFSIVDCNGNEENIYLSDVISKNWYYISISIDRLRNQLLIFINDKLIANQSIEQILNIYSSSTISLVNENNPIYVEGLSILNRSITSEEVVNNYFSYLNNSYIRDISGERLEYNKTYELYNYVFPENSLYEVTENNNIYLSIKDTNDLNIQGAKFKLINIDTNKQYVQKWDEGVVCLLGDEEKYVDISSENNRIQLVSSRDTAKKIIFNNDIFKPNCLTFAYNNKYLSLSFRDRNYNWMIYNNNDNIPKAAHLWTLK
PROKKA_00008	tr|B1BE43|B1BE43_CLOBO Botulinum neurotoxin type C, nontoxic-nonhemagglutinin component NTNH OS=Clostridium botulinum C str. Eklund GN=CBC_A0166 PE=4 SV=1 !!!ntnH	1210	1196	1196	814	68.06	382	0	13	1208	MNINDNLSINSPVDNKNVVVVRARKTDTIFKAFKVAPNIWVAPERYYGESLSIDEEYKVDGGIYDSNFLSQDSEKDKFLQAIITLLKRINSTNAGEKLLSLISTAIPFPYGYIGGGYYAPNMITFGSAPKSNKKLNSLISSTIPFPYAGYRETNYLSSEDNKNFYASNIVIFGPGSNIVENNTVFYKKEDAENGMGTMTEIWFQPFLTYKYDQFYIDPAIELMKCLIKSLYFLYGIKPSDDLVVPYRLRNELENIEYSQLNIVDLLVSGGIDPKFINTDPYWFIDNYFSNAKKVFEDHRNIYKTEVEGNNAIGNDIKLRLKQKFRINTNDIWELNLNYFSKEFSIMMPDRFNNALKHFYRKQYYKIDYPENYSINGFVNGQINAQLFLSDRNQDIINKPEEIINLLNGNNVSLMRSNIYGDGLKSTVDNFYSNYKIPYNRAYEYHFNNSNDSSLDNVNTGVIDNIPEIIDVNPYKENCDKFSPVQKITSTREINTNIPWPINYLQAQNTNNERFSLSSDFVEVVSSKDKSLVYSFLSNVMFYLDSIKDNSPIDTDKEYYLWLREIFRNYSFDITATQEINTNCGINKVVAWFGKALNILNTSDSFVEEFQNLGPSSLINKKENLSMPIIEIDEIPNYMLGLPLNDLNEKLFNIYLKNILYFKKVYFNFLDQWWTEYYSQYFDLICMAKQSILAQEKLIKQIIQNKLQDLSKADISMDKLNLMNLATGKTFIDLSNESQIAIDNINDFLNKSAICFFDTNIYPKFISFMEQCINSVNSNVTTFIQKCTNITEDEKLQLIKLNTFMNIDFEFFDIQNIKDLITSETDLIKEEKESDYNLFLLTLQEDNNKVIEDISGKNTLVKYSDSISLVYGVNGDALYLKEPNESVSFSNKVFENGLTNSFSICFWLRNLGEDIITSKLIENKADNCGWEIYFENNGLVFSIVDCNGNEENIYLSDVISKNWYYISISIDRLRNQLLIFINDKLIANQSIEQILNIYSSSTISLVNENNPIYVEGLSILNRSITSEEVVNNYFSYLNNSYIRDISGERLEYNKTYELYNYVFPENSLYEVTENNNIYLSIKDTNDLNIQGAKFKLINIDTNKQYVQKWDEGVVCLLGDEEKYVDISSENNRIQLVSSRDTAKKIIFNNDIFKPNCLTFAYNNKYLSLSFRDRNYNWMIYNNNDNIPKAAHLWTLKG
PROKKA_00008	tr|C5VU80|C5VU80_CLOBO Botulinum neurotoxin type D, nontoxic-nonhemagglutinin component, NTNH OS=Clostridium botulinum D str. 1873 GN=ntnH PE=4 SV=1 !!!ntnH	1210	1196	1196	814	68.06	382	0	13	1208	MNINDNLSINSPVDNKNVVVVRARKTDTIFKAFKVAPNIWVAPERYYGESLSIDEEYKVDGGIYDSNFLSQDSEKDKFLQAIITLLKRINSTNAGEKLLSLISTAIPFPYGYIGGGYYAPNMITFGSAPKSNKKLNSLISSTIPFPYAGYRETNYLSSEDNKNFYASNIVIFGPGSNIVENNTVFYKKEDAENGMGTMTEIWFQPFLTYKYDQFYIDPAIELMKCLIKSLYFLYGIKPSDDLVVPYRLRNELENIEYSQLNIVDLLVSGGIDPKFINTDPYWFIDNYFSNAKKVFEDHRNIYKTEVEGNNAIGNDIKLRLKQKFRINTNDIWELNLNYFSKEFSIMMPDRFNNALKHFYRKQYYKIDYPENYSINGFVNGQINAQLFLSDRNQDIINKPEEIINLLNGNNVSLMRSNIYGDGLKSTVDNFYSNYKIPYNRAYEYHFNNSNDSSLDNVNTGVIDNIPEIIDVNPYKENCDKFSPVQKITSTREINTNIPWPINYLQAQNTNNERFSLSSDFVEVVSSKDKSLVYSFLSNVMFYLDSIKDNSPIDTDKEYYLWLREIFRNYSFDITATQEINTNCGINKVVAWFGKALNILNTSDSFVEEFQNLGPSSLINKKENLSMPIIEIDEIPNYMLGLPLNDLNEKLFNIYLKNILYFKKVYFNFLDQWWTEYYSQYFDLICMAKQSILAQEKLIKQIIQNKLQDLSKADISMDKLNLMNLATGKTFIDLSNESQIAIDNINDFLNKSAICFFDTNIYPKFISFMEQCINSVNSNVTTFIQKCTNITEDEKLQLIKLNTFMNIDFEFFDIQNIKDLITSETDLIKEEKESDYNLFLLTLQEDNNKVIEDISGKNTLVKYSDSISLVYGVNGDALYLKEPNESVSFSNKVFENGLTNSFSICFWLRNLGEDIITSKLIENKADNCGWEIYFENNGLVFSIVDCNGNEENIYLSDVISKNWYYISISIDRLRNQLLIFINDKLIANQSIEQILNIYSSSTISLVNENNPIYVEGLSILNRSITSEEVVNNYFSYLNNSYIRDISGERLEYNKTYELYNYVFPENSLYEVTENNNIYLSIKDTNDLNIQGAKFKLINIDTNKQYVQKWDEGVVCLLGDEEKYVDISSENNRIQLVSSRDTAKKIIFNNDIFKPNCLTFAYNNKYLSLSFRDRNYNWMIYNNNDNIPKAAHLWTLKG
PROKKA_00008	tr|B1L2G4|B1L2G4_CLOBM Botulinum neurotoxin type A3, nontoxic-nonhemagglutinin component, NTNH OS=Clostridium botulinum (strain Loch Maree / Type A3) GN=ntnH PE=4 SV=1 !!!ntnH	1210	1159	1202	743	61.81	409	50	13	1207	MNINDNLSINSPVDNKNVVVVRARKTDTIFKAFKVAPNIWVAPERYYGESLSIDEEYKVDGGIYDSNFLSQDSEKDKFLQAIITLLKRINSTNAGEKLLSLISTAIPFPYGYIGGGYYAPNMITFGSAPKSNKKLNSLISSTIPFPY----AGYRETNYLSSEDNKNFYASNIVIFGPGSNIVENNTVFYKKEDAENGMGTMTEIWFQPFLTYKYDQFYIDPAIELMKCLIKSLYFLYGIKPSDDLVVPYRLRNELENIEYSQLNIVDLLVSGGIDPKFINTDPYWFIDNYFSNAKKVFEDHRNIYKTEVEGNNAIGNDIKLRLKQKFRINTNDIWELNLNYFSKEFSIMMPDRFNNALKHFYRKQYYKIDYPENYSINGFVNGQINAQLFLSDRNQDIINKPEEIINLLNGNNVSLMRSNIYGDGLKSTVDNFYSNYKIPYNRAYEYHFNNSNDSSLDNVNTGVIDNIPEI--IDVNPYKENCDKFSPVQKITSTREINTNIPWPINYLQAQNTNNERFSLSSDFVEVVSSKDKSLVYSFLSNVMFYLDSIKDNSPIDTDKEYYLWLREIFRNYSFDITATQEINTNCGINKVVAWFGKALNILNTSDSFVEEFQNLGPSSLINKKENLSMPIIEIDEIPNYMLGLPLNDLNEKLFNIYLKNILYFKKVYFNFLDQWWTEYYSQYFDLICMAKQSILAQEKLIKQIIQNKLQDL-SKADISMDKLNLMNLATGKTFIDLSNESQIAIDNINDFLNKSAICFFDTNIYPKFISFMEQCINSVNSNVTTFIQKCTNITEDEKLQLIKLNTFMNIDFEFFDIQNIKDLITSETDLIKEEKESDYNLFLLTLQEDNNKVIEDISGKNTLVKYSDSISLVYGVNGDALYLKEPNESVSFSNKVFENGLTNSFSICFWLRNLGEDIITSKLIENKADNCGWEIYFENNGLVFSIVDCNGNEENIYLSDVISKNWYYISISIDRLRNQLLIFINDKLIANQSIEQILNIYSSSTISLVNENNPIYVEGLSILNRSITSEEVVNNYFSYLNNSYIRDISGERLEYNKTYELYNYVFPENSLYEVTENNNIYLSIKDTNDLNIQGAKFKLINIDTNKQYVQKWDEGVVCLLGDEEKYVDISSENNRIQLVSSRDTAKKIIFNNDIFKPNCLTFAYNNKYLSLSFRDRNYNWMIYNNNDNIPKAAHLWTLK
PROKKA_00008	tr|A7GBG2|A7GBG2_CLOBL Botulinum neurotoxin type F, nontoxic-nonhemagglutinin component, NTNH OS=Clostridium botulinum (strain Langeland / NCTC 10281 / Type F) GN=ntnH PE=4 SV=1 !!!ntnH	1210	1163	1200	751	62.58	409	40	13	1209	MNINDNLSINSPVDNKNVVVVRARKTDTIFKAFKVAPNIWVAPERYYGESLSIDEEYKVDGGIYDSNFLSQDSEKDKFLQAIITLLKRINSTNAGEKLLSLISTAIPFPYGYIGGGYYAPNMITFGSAPKSNKKLNSLISSTIPFPYAGYRETNYLSSEDNKNFYASNIVIFGPGSNIVENNTVFYKKEDAENGMGTMTEIWFQPFLTYKYDQFYIDPAIELMKCLIKSLYFLYGIKPSDDLVVPYRLRNELENIEYSQLNIVDLLVSGGIDPKFINTDPYWFIDNYFSNAKKVFEDHRNIYKTEVEGNNAIGNDIKLRLKQKFRINTNDIWELNLNYFSKEFSIMMPDRFNNALKHFYRKQYYKIDYPENYSINGFVNGQINAQLFLSDRNQDIINKPEEIINLLNGNNVSLMRSNIYGDGLKSTVDNFYSNYKIPYNRAYEYHFNNSNDSSLDNVNTGVIDNIPEI--IDVNPYKENCDKFSPVQKITSTREINTNIPWPINYLQAQNTNNERFSLSSDFVEVVSSKDKSLVYSFLSNVMFYLDSIKDNSPIDTDKEYYLWLREIFRNYSFDITATQEINTNCGINKVVAWFGKALNILNTSDSFVEEFQNLGPSSLINKKENLSMPIIEIDEIPNYMLGLPLNDLNEKLFNIYLKNILYFKKVYFNFLDQWWTEYYSQYFDLICMAKQSILAQEKLIKQIIQNKLQDL-SKADISMDKLNLMNLATGKTFIDLSNESQIAIDNINDFLNKSAICFFDTNIYPKFISFMEQCINSVNSNVTTFIQKCTNITEDEKLQLIKLNTFMNIDFEFFDIQNIKDLITSETDLIKEEKESDYNLFLLTLQEDNNKVIEDISGKNTLVKYSDSISLVYGVNGDALYLKEPNESVSFSNKVFENGLTNSFSICFWLRNLGEDIITSKLIENKADNCGWEIYFENNGLVFSIVDCNGNEENIYLSDVISKNWYYISISIDRLRNQLLIFINDKLIANQSIEQILNIYSSSTISLVNENNPIYVEGLSILNRSITSEEVVNNYFSYLNNSYIRDISGERLEYNKTYELYNYVFPENSLYEVTENNNIYLSIKDTNDLNIQGAKFKLINIDTNKQYVQKWDEGVVCLLGDEEKYVDISSENNRIQLVSSRDTAKKIIFNNDIFKPNCLTFAYNNKYLSLSFRDRNYNWMIYNNNDNIPKAAHLWTLKGI
PROKKA_00008	tr|C1FUH8|C1FUH8_CLOBJ Botulinum neurotoxin type A2, nontoxic-nonhemagglutinin component, NTNH OS=Clostridium botulinum (strain Kyoto / Type A2) GN=ntnH PE=4 SV=1 !!!ntnH	1210	1159	1202	743	61.81	409	50	13	1207	MNINDNLSINSPVDNKNVVVVRARKTDTIFKAFKVAPNIWVAPERYYGESLSIDEEYKVDGGIYDSNFLSQDSEKDKFLQAIITLLKRINSTNAGEKLLSLISTAIPFPYGYIGGGYYAPNMITFGSAPKSNKKLNSLISSTIPFPY----AGYRETNYLSSEDNKNFYASNIVIFGPGSNIVENNTVFYKKEDAENGMGTMTEIWFQPFLTYKYDQFYIDPAIELMKCLIKSLYFLYGIKPSDDLVVPYRLRNELENIEYSQLNIVDLLVSGGIDPKFINTDPYWFIDNYFSNAKKVFEDHRNIYKTEVEGNNAIGNDIKLRLKQKFRINTNDIWELNLNYFSKEFSIMMPDRFNNALKHFYRKQYYKIDYPENYSINGFVNGQINAQLFLSDRNQDIINKPEEIINLLNGNNVSLMRSNIYGDGLKSTVDNFYSNYKIPYNRAYEYHFNNSNDSSLDNVNTGVIDNIPEI--IDVNPYKENCDKFSPVQKITSTREINTNIPWPINYLQAQNTNNERFSLSSDFVEVVSSKDKSLVYSFLSNVMFYLDSIKDNSPIDTDKEYYLWLREIFRNYSFDITATQEINTNCGINKVVAWFGKALNILNTSDSFVEEFQNLGPSSLINKKENLSMPIIEIDEIPNYMLGLPLNDLNEKLFNIYLKNILYFKKVYFNFLDQWWTEYYSQYFDLICMAKQSILAQEKLIKQIIQNKLQDL-SKADISMDKLNLMNLATGKTFIDLSNESQIAIDNINDFLNKSAICFFDTNIYPKFISFMEQCINSVNSNVTTFIQKCTNITEDEKLQLIKLNTFMNIDFEFFDIQNIKDLITSETDLIKEEKESDYNLFLLTLQEDNNKVIEDISGKNTLVKYSDSISLVYGVNGDALYLKEPNESVSFSNKVFENGLTNSFSICFWLRNLGEDIITSKLIENKADNCGWEIYFENNGLVFSIVDCNGNEENIYLSDVISKNWYYISISIDRLRNQLLIFINDKLIANQSIEQILNIYSSSTISLVNENNPIYVEGLSILNRSITSEEVVNNYFSYLNNSYIRDISGERLEYNKTYELYNYVFPENSLYEVTENNNIYLSIKDTNDLNIQGAKFKLINIDTNKQYVQKWDEGVVCLLGDEEKYVDISSENNRIQLVSSRDTAKKIIFNNDIFKPNCLTFAYNNKYLSLSFRDRNYNWMIYNNNDNIPKAAHLWTLK
PROKKA_00008	tr|A0A0X1KH90|A0A0X1KH90_CLOBA Botulinum neurotoxin type E, nontoxic-nonhemagglutinin component, NTNH OS=Clostridium botulinum (strain Alaska E43 / Type E3) PE=1 SV=1 !!!ntnH	1210	1163	1204	714	59.30	442	48	13	1209	MNINDNLSINSPVDNKNVVVVRARKTDTIFKAFKVAPNIWVAPERYYGESLSIDEEYKVDGGIYDSNFLSQDSEKDKFLQAIITLLKRINSTNAGEKLLSLISTAIPFPYGYIGGGYYAPNMITFGSAPKSNKKLNSLISSTIPFPYAG----YRETNYLSSEDNKNFYASNIVIFGPGSNIVENNTVFYKKEDAENGMGTMTEIWFQPFLTYKYDQFYIDPAIELMKCLIKSLYFLYGIKPSDDLVVPYRLRNELENIEYSQLNIVDLLVSGGIDPKFINTDPYWFIDNYFSNAKKVFEDHRNIYKTEVEGNNAIGNDIKLRLKQKFRINTNDIWELNLNYFSKEFSIMMPDRFNNALKHFYRKQYYKIDYPENYSINGFVNGQINAQLFLSDRNQDIINKPEEIINLLNGNNVSLMRSNIYGDGLKSTVDNFYSNYKIPYNRAYEYHFNNSNDSSLDNVNTGVIDNIPEI--IDVNPYKENCDKFSPVQKITSTREINTNIPWPINYLQAQNTNNERFSLSSDFVEVVSSKDKSLVYSFLSNVMFYLDSIKDNSPIDTDKEYYLWLREIFRNYSFDITATQEINTNCGINKVVAWFGKALNILNTSDSFVEEFQNLGPSSLINKKENLSMPIIEIDEIPNYMLGLPLNDLNEKLFNIYLKNILYFKKVYFNFLDQWWTEYYSQYFDLICMAKQSILAQEKLIKQIIQNKLQDLSK-ADISMDKLNLMNLATGKTFIDLSNESQIAIDNINDFLNKSAICFFDTNIYPKFISFMEQCINSVNSNVTTFIQKCTNITEDEKLQLIKLNTFMNIDFEFFDIQNIKDLITSETDLIKEEKESDYNLFLLTLQEDNNKVIEDISGKNTLVKYSDSISLVYGVNGDALYLKEPNESVSFSNKVFENGLTNSFSICFWLRNLGEDIITSKLIENKADNCGWEIYFENNGLVFSIVDCNGNEENIYLSDVISKNWYYISISIDRLRNQLLIFINDKLIANQSIEQILNIYSSSTISLVNENNPIYVEGLSILNRSITSEEVVNNYFSYLNNSYIRDISGERLEYNKTYELYNYVFPENSLYEVTENNNIYLSIKDTNDLNIQGAKFKLINIDTNKQYVQKWDEGVVCLLGDEEKYVDISSENNRIQLVSSRDTAKKIIFNNDIFKPNCLTFAYNNKYLSLSFRDRNYNWMIYNNNDNIPKAAHLWTLKGI
PROKKA_00008	tr|C5UY14|C5UY14_CLOBO Botulinum neurotoxin type E1, nontoxic-nonhemagglutinin component, NTNH OS=Clostridium botulinum E1 str. 'BoNT E Beluga' GN=ntnH PE=4 SV=1 !!!ntnH	1210	1163	1204	714	59.30	442	48	13	1209	MNINDNLSINSPVDNKNVVVVRARKTDTIFKAFKVAPNIWVAPERYYGESLSIDEEYKVDGGIYDSNFLSQDSEKDKFLQAIITLLKRINSTNAGEKLLSLISTAIPFPYGYIGGGYYAPNMITFGSAPKSNKKLNSLISSTIPFPYAG----YRETNYLSSEDNKNFYASNIVIFGPGSNIVENNTVFYKKEDAENGMGTMTEIWFQPFLTYKYDQFYIDPAIELMKCLIKSLYFLYGIKPSDDLVVPYRLRNELENIEYSQLNIVDLLVSGGIDPKFINTDPYWFIDNYFSNAKKVFEDHRNIYKTEVEGNNAIGNDIKLRLKQKFRINTNDIWELNLNYFSKEFSIMMPDRFNNALKHFYRKQYYKIDYPENYSINGFVNGQINAQLFLSDRNQDIINKPEEIINLLNGNNVSLMRSNIYGDGLKSTVDNFYSNYKIPYNRAYEYHFNNSNDSSLDNVNTGVIDNIPEI--IDVNPYKENCDKFSPVQKITSTREINTNIPWPINYLQAQNTNNERFSLSSDFVEVVSSKDKSLVYSFLSNVMFYLDSIKDNSPIDTDKEYYLWLREIFRNYSFDITATQEINTNCGINKVVAWFGKALNILNTSDSFVEEFQNLGPSSLINKKENLSMPIIEIDEIPNYMLGLPLNDLNEKLFNIYLKNILYFKKVYFNFLDQWWTEYYSQYFDLICMAKQSILAQEKLIKQIIQNKLQDLSK-ADISMDKLNLMNLATGKTFIDLSNESQIAIDNINDFLNKSAICFFDTNIYPKFISFMEQCINSVNSNVTTFIQKCTNITEDEKLQLIKLNTFMNIDFEFFDIQNIKDLITSETDLIKEEKESDYNLFLLTLQEDNNKVIEDISGKNTLVKYSDSISLVYGVNGDALYLKEPNESVSFSNKVFENGLTNSFSICFWLRNLGEDIITSKLIENKADNCGWEIYFENNGLVFSIVDCNGNEENIYLSDVISKNWYYISISIDRLRNQLLIFINDKLIANQSIEQILNIYSSSTISLVNENNPIYVEGLSILNRSITSEEVVNNYFSYLNNSYIRDISGERLEYNKTYELYNYVFPENSLYEVTENNNIYLSIKDTNDLNIQGAKFKLINIDTNKQYVQKWDEGVVCLLGDEEKYVDISSENNRIQLVSSRDTAKKIIFNNDIFKPNCLTFAYNNKYLSLSFRDRNYNWMIYNNNDNIPKAAHLWTLKGI
PROKKA_00008	tr|C4IHM0|C4IHM0_CLOBU Botulinum neurotoxin type E, nontoxic-nonhemagglutinin component, NTNH OS=Clostridium butyricum E4 str. BoNT E BL5262 GN=ntnH PE=4 SV=1 !!!ntnH	1210	1163	1204	718	59.63	438	48	13	1209	MNINDNLSINSPVDNKNVVVVRARKTDTIFKAFKVAPNIWVAPERYYGESLSIDEEYKVDGGIYDSNFLSQDSEKDKFLQAIITLLKRINSTNAGEKLLSLISTAIPFPYGYIGGGYYAPNMITFGSAPKSNKKLNSLISSTIPFPYAG----YRETNYLSSEDNKNFYASNIVIFGPGSNIVENNTVFYKKEDAENGMGTMTEIWFQPFLTYKYDQFYIDPAIELMKCLIKSLYFLYGIKPSDDLVVPYRLRNELENIEYSQLNIVDLLVSGGIDPKFINTDPYWFIDNYFSNAKKVFEDHRNIYKTEVEGNNAIGNDIKLRLKQKFRINTNDIWELNLNYFSKEFSIMMPDRFNNALKHFYRKQYYKIDYPENYSINGFVNGQINAQLFLSDRNQDIINKPEEIINLLNGNNVSLMRSNIYGDGLKSTVDNFYSNYKIPYNRAYEYHFNNSNDSSLDNVNTGVIDNIPEI--IDVNPYKENCDKFSPVQKITSTREINTNIPWPINYLQAQNTNNERFSLSSDFVEVVSSKDKSLVYSFLSNVMFYLDSIKDNSPIDTDKEYYLWLREIFRNYSFDITATQEINTNCGINKVVAWFGKALNILNTSDSFVEEFQNLGPSSLINKKENLSMPIIEIDEIPNYMLGLPLNDLNEKLFNIYLKNILYFKKVYFNFLDQWWTEYYSQYFDLICMAKQSILAQEKLIKQIIQNKLQDLSK-ADISMDKLNLMNLATGKTFIDLSNESQIAIDNINDFLNKSAICFFDTNIYPKFISFMEQCINSVNSNVTTFIQKCTNITEDEKLQLIKLNTFMNIDFEFFDIQNIKDLITSETDLIKEEKESDYNLFLLTLQEDNNKVIEDISGKNTLVKYSDSISLVYGVNGDALYLKEPNESVSFSNKVFENGLTNSFSICFWLRNLGEDIITSKLIENKADNCGWEIYFENNGLVFSIVDCNGNEENIYLSDVISKNWYYISISIDRLRNQLLIFINDKLIANQSIEQILNIYSSSTISLVNENNPIYVEGLSILNRSITSEEVVNNYFSYLNNSYIRDISGERLEYNKTYELYNYVFPENSLYEVTENNNIYLSIKDTNDLNIQGAKFKLINIDTNKQYVQKWDEGVVCLLGDEEKYVDISSENNRIQLVSSRDTAKKIIFNNDIFKPNCLTFAYNNKYLSLSFRDRNYNWMIYNNNDNIPKAAHLWTLKGI
PROKKA_00008	tr|A7GBF8|A7GBF8_CLOBL Toxin complex component ORF-X2 OS=Clostridium botulinum (strain Langeland / NCTC 10281 / Type F) GN=CLI_0846 PE=4 SV=1 !!!ORF-X2	1210	750	19	9	47.37	10	0	769	787	DTNIYPKFISFMEQCINSV
PROKKA_00008	tr|A0A0D1AER2|A0A0D1AER2_CLOBO Transcriptional regulator OS=Clostridium botulinum B2 450 GN=N495_19875 PE=4 SV=1 !!! 	1210	178	57	16	28.07	38	3	1129	1183	GDEEKYVDISSENNRIQLVSSRDTAKKIIFNNDIF--KPNCLTFAYNNKYLSLSFRD
PROKKA_00008	tr|A5HZZ7|A5HZZ7_CLOBH RNA polymerase ECF-type sigma factor OS=Clostridium botulinum (strain Hall / ATCC 3502 / NCTC 13319 / Type A) GN=botR PE=4 SV=1 !!!BotR	1210	178	57	16	28.07	38	3	1129	1183	GDEEKYVDISSENNRIQLVSSRDTAKKIIFNNDIF--KPNCLTFAYNNKYLSLSFRD
PROKKA_00008	tr|S8CEF4|S8CEF4_CLOBO Transcriptional regulator BotR, P-21 OS=Clostridium botulinum CFSAN002367 GN=CFSAN002367_15806 PE=4 SV=1 !!!BotR	1210	178	57	16	28.07	38	3	1129	1183	GDEEKYVDISSENNRIQLVSSRDTAKKIIFNNDIF--KPNCLTFAYNNKYLSLSFRD
PROKKA_00008	tr|A0A073CP83|A0A073CP83_CLOBO Transcriptional regulator OS=Clostridium botulinum A2B3 87 GN=N496_19575 PE=4 SV=1 !!! 	1210	178	57	16	28.07	38	3	1129	1183	GDEEKYVDISSENNRIQLVSSRDTAKKIIFNNDIF--KPNCLTFAYNNKYLSLSFRD
PROKKA_00008	tr|C1FUH3|C1FUH3_CLOBJ Toxin complex component ORF-X3 OS=Clostridium botulinum (strain Kyoto / Type A2) GN=CLM_0891 PE=4 SV=1 !!!ORF-X3	1210	490	26	11	42.31	15	0	1094	1119	DTNDLNIQGAKFKLINIDTNKQYVQK
PROKKA_00008	tr|A7GBF7|A7GBF7_CLOBL Toxin complex component ORF-X3 OS=Clostridium botulinum (strain Langeland / NCTC 10281 / Type F) GN=CLI_0845 PE=4 SV=1 !!!ORF-X3	1210	490	26	11	42.31	15	0	1094	1119	DTNDLNIQGAKFKLINIDTNKQYVQK
PROKKA_00008	tr|B2TSB9|B2TSB9_CLOBB Heamagglutinin components HA-70 OS=Clostridium botulinum (strain Eklund 17B / Type B) GN=ha70 PE=4 SV=1 !!!ha70	1210	626	25	10	40.00	11	4	466	486	LDNVNTGVIDN----IPEIIDVNPY
PROKKA_00008	tr|A0A060N3U8|A0A060N3U8_CLOBO Transcriptional regulator botR OS=Clostridium botulinum B str. Osaka05 GN=CBO05P2_176 PE=4 SV=1 !!!BotR	1210	178	34	10	29.41	24	0	1129	1162	GDEEKYVDISSENNRIQLVSSRDTAKKIIFNNDI
PROKKA_00009	tr|B2TSC2|B2TSC2_CLOBB Putative RNA polymerase sigma factor OS=Clostridium botulinum (strain Eklund 17B / Type B) GN=botR PE=4 SV=1 !!!BotR	180	179	179	179	100.00	0	0	1	179	MNKLFLQIKRLKNDNREFQEIFKNFEKTIDIFTRKYNIYDNYNDILYHLWYTLKKVDLSNFNTQNDLERYISRTLKRYCLDICNKRKIDKKIIYNSEIVGEKLRLIANSYSSYSEVEFNDLISILPDDQKKIIYMKFVEDIKEIDIAKKLNISRQSVYKNKIMALGRLKPILVYIFKKF
PROKKA_00009	tr|A5HZZ7|A5HZZ7_CLOBH RNA polymerase ECF-type sigma factor OS=Clostridium botulinum (strain Hall / ATCC 3502 / NCTC 13319 / Type A) GN=botR PE=4 SV=1 !!!BotR	180	178	172	162	94.19	10	0	1	172	MNKLFLQIKRLKNDNREFQEIFKNFEKTIDIFTRKYNIYDNYNDILYHLWYTLKKVDLSNFNTQNDLERYISRTLKRYCLDICNKRKIDKKIIYNSEIVGEKLRLIANSYSSYSEVEFNDLISILPDDQKKIIYMKFVEDIKEIDIAKKLNISRQSVYKNKIMALGRLKPIL
PROKKA_00009	tr|S8CEF4|S8CEF4_CLOBO Transcriptional regulator BotR, P-21 OS=Clostridium botulinum CFSAN002367 GN=CFSAN002367_15806 PE=4 SV=1 !!!BotR	180	178	172	162	94.19	10	0	1	172	MNKLFLQIKRLKNDNREFQEIFKNFEKTIDIFTRKYNIYDNYNDILYHLWYTLKKVDLSNFNTQNDLERYISRTLKRYCLDICNKRKIDKKIIYNSEIVGEKLRLIANSYSSYSEVEFNDLISILPDDQKKIIYMKFVEDIKEIDIAKKLNISRQSVYKNKIMALGRLKPIL
PROKKA_00009	tr|M1ZWZ6|M1ZWZ6_CLOBO Transcriptional regulator BotR, P-21 OS=Clostridium botulinum CFSAN001627 GN=CFSAN001627_10483 PE=4 SV=1 !!!BotR	180	178	172	161	93.60	11	0	1	172	MNKLFLQIKRLKNDNREFQEIFKNFEKTIDIFTRKYNIYDNYNDILYHLWYTLKKVDLSNFNTQNDLERYISRTLKRYCLDICNKRKIDKKIIYNSEIVGEKLRLIANSYSSYSEVEFNDLISILPDDQKKIIYMKFVEDIKEIDIAKKLNISRQSVYKNKIMALGRLKPIL
PROKKA_00009	tr|A0A073CP83|A0A073CP83_CLOBO Transcriptional regulator OS=Clostridium botulinum A2B3 87 GN=N496_19575 PE=4 SV=1 !!! 	180	178	172	161	93.60	11	0	1	172	MNKLFLQIKRLKNDNREFQEIFKNFEKTIDIFTRKYNIYDNYNDILYHLWYTLKKVDLSNFNTQNDLERYISRTLKRYCLDICNKRKIDKKIIYNSEIVGEKLRLIANSYSSYSEVEFNDLISILPDDQKKIIYMKFVEDIKEIDIAKKLNISRQSVYKNKIMALGRLKPIL
PROKKA_00009	tr|A0A060N3U8|A0A060N3U8_CLOBO Transcriptional regulator botR OS=Clostridium botulinum B str. Osaka05 GN=CBO05P2_176 PE=4 SV=1 !!!BotR	180	178	172	160	93.02	12	0	1	172	MNKLFLQIKRLKNDNREFQEIFKNFEKTIDIFTRKYNIYDNYNDILYHLWYTLKKVDLSNFNTQNDLERYISRTLKRYCLDICNKRKIDKKIIYNSEIVGEKLRLIANSYSSYSEVEFNDLISILPDDQKKIIYMKFVEDIKEIDIAKKLNISRQSVYKNKIMALGRLKPIL
PROKKA_00009	tr|A0A0D1AER2|A0A0D1AER2_CLOBO Transcriptional regulator OS=Clostridium botulinum B2 450 GN=N495_19875 PE=4 SV=1 !!! 	180	178	172	160	93.02	12	0	1	172	MNKLFLQIKRLKNDNREFQEIFKNFEKTIDIFTRKYNIYDNYNDILYHLWYTLKKVDLSNFNTQNDLERYISRTLKRYCLDICNKRKIDKKIIYNSEIVGEKLRLIANSYSSYSEVEFNDLISILPDDQKKIIYMKFVEDIKEIDIAKKLNISRQSVYKNKIMALGRLKPIL
PROKKA_00009	tr|A0A0C1QVR0|A0A0C1QVR0_9CLOT Transcriptional regulator BotR, P-21 OS=Clostridium argentinense CDC 2741 GN=botR PE=4 SV=1 !!!BotR	180	178	172	99	57.56	73	0	1	172	MNKLFLQIKRLKNDNREFQEIFKNFEKTIDIFTRKYNIYDNYNDILYHLWYTLKKVDLSNFNTQNDLERYISRTLKRYCLDICNKRKIDKKIIYNSEIVGEKLRLIANSYSSYSEVEFNDLISILPDDQKKIIYMKFVEDIKEIDIAKKLNISRQSVYKNKIMALGRLKPIL
PROKKA_00009	tr|A7GBG0|A7GBG0_CLOBL Transcriptional regulator BotR, P-21 OS=Clostridium botulinum (strain Langeland / NCTC 10281 / Type F) GN=botR PE=4 SV=1 !!!BotR	180	178	172	106	61.63	66	0	1	172	MNKLFLQIKRLKNDNREFQEIFKNFEKTIDIFTRKYNIYDNYNDILYHLWYTLKKVDLSNFNTQNDLERYISRTLKRYCLDICNKRKIDKKIIYNSEIVGEKLRLIANSYSSYSEVEFNDLISILPDDQKKIIYMKFVEDIKEIDIAKKLNISRQSVYKNKIMALGRLKPIL
PROKKA_00009	tr|B1L2G2|B1L2G2_CLOBM Transcriptional regulator BotR, P-21 OS=Clostridium botulinum (strain Loch Maree / Type A3) GN=botR PE=4 SV=1 !!!BotR	180	184	169	105	62.13	64	0	4	172	LFLQIKRLKNDNREFQEIFKNFEKTIDIFTRKYNIYDNYNDILYHLWYTLKKVDLSNFNTQNDLERYISRTLKRYCLDICNKRKIDKKIIYNSEIVGEKLRLIANSYSSYSEVEFNDLISILPDDQKKIIYMKFVEDIKEIDIAKKLNISRQSVYKNKIMALGRLKPIL
PROKKA_00009	tr|A0A073CMR9|A0A073CMR9_CLOBO Transcriptional regulator OS=Clostridium botulinum A2B3 87 GN=N496_18580 PE=4 SV=1 !!! 	180	178	172	102	59.30	70	0	1	172	MNKLFLQIKRLKNDNREFQEIFKNFEKTIDIFTRKYNIYDNYNDILYHLWYTLKKVDLSNFNTQNDLERYISRTLKRYCLDICNKRKIDKKIIYNSEIVGEKLRLIANSYSSYSEVEFNDLISILPDDQKKIIYMKFVEDIKEIDIAKKLNISRQSVYKNKIMALGRLKPIL
PROKKA_00009	tr|B1BE47|B1BE47_CLOBO Clostridium toxin-associated regulator BotR OS=Clostridium botulinum C str. Eklund GN=botR PE=4 SV=1 !!!BotR	180	179	174	81	46.55	92	1	1	173	MNKLFLQIKRLKNDNREFQEIFKNFEKTID-IFTRKYNIYDNYNDILYHLWYTLKKVDLSNFNTQNDLERYISRTLKRYCLDICNKRKIDKKIIYNSEIVGEKLRLIANSYSSYSEVEFNDLISILPDDQKKIIYMKFVEDIKEIDIAKKLNISRQSVYKNKIMALGRLKPILV
PROKKA_00009	tr|B2TSC3|B2TSC3_CLOBB Botulinum neurotoxin type B OS=Clostridium botulinum (strain Eklund 17B / Type B) GN=ntnH PE=4 SV=1 !!!ntnH	180	1197	33	10	30.30	23	0	66	98	DLERYISRTLKRYCLDICNKRKIDKKIIYNSEI
PROKKA_00009	tr|M1ZPH7|M1ZPH7_CLOBO Hemagglutinin component HA70 OS=Clostridium botulinum CFSAN001627 GN=CFSAN001627_19663 PE=4 SV=1 !!!ha70	180	626	33	10	30.30	23	0	36	68	YNIYDNYNDILYHLWYTLKKVDLSNFNTQNDLE
PROKKA_00009	tr|B1INP6|B1INP6_CLOBK Botulinum neurotoxin type B1, nontoxic-nonhemagglutinin component, NTNH OS=Clostridium botulinum (strain Okra / Type B1) GN=ntnH PE=4 SV=1 !!!ntnH	180	1197	33	9	27.27	24	0	66	98	DLERYISRTLKRYCLDICNKRKIDKKIIYNSEI
PROKKA_00009	tr|A0A060N6G5|A0A060N6G5_CLOBO Nontoxic-nonhemagglutinin component, NTNH OS=Clostridium botulinum B str. Osaka05 GN=CBO05P2_175 PE=4 SV=1 !!!ntnH	180	1197	33	8	24.24	25	0	66	98	DLERYISRTLKRYCLDICNKRKIDKKIIYNSEI
PROKKA_00009	tr|S8BA68|S8BA68_CLOBO Hemagglutinin component HA70 OS=Clostridium botulinum CFSAN002367 GN=CFSAN002367_15786 PE=4 SV=1 !!!ha70	180	508	32	9	28.12	23	0	36	67	YNIYDNYNDILYHLWYTLKKVDLSNFNTQNDL
PROKKA_00009	tr|A0A0E1L2H2|A0A0E1L2H2_CLOBO Hemagglutinin components HA-22/23/53 OS=Clostridium botulinum CDC_1436 GN=ha-70 PE=4 SV=1 !!!ha70	180	626	33	9	27.27	24	0	36	68	YNIYDNYNDILYHLWYTLKKVDLSNFNTQNDLE
PROKKA_00009	tr|B1INQ0|B1INQ0_CLOBK Hemagglutinin component HA70 OS=Clostridium botulinum (strain Okra / Type B1) GN=ha70 PE=4 SV=1 !!!ha70	180	626	33	9	27.27	24	0	36	68	YNIYDNYNDILYHLWYTLKKVDLSNFNTQNDLE
PROKKA_00009	tr|A0A0B4W4X0|A0A0B4W4X0_CLOBO Hemagglutinin components HA-22/23/53 OS=Clostridium botulinum Prevot_594 GN=ha-70 PE=4 SV=1 !!!ha70	180	626	32	9	28.12	23	0	36	67	YNIYDNYNDILYHLWYTLKKVDLSNFNTQNDL
PROKKA_00009	tr|A0A060NA10|A0A060NA10_CLOBO Haemagglutinin component HA70 OS=Clostridium botulinum B str. Osaka05 GN=CBO05P2_179 PE=4 SV=1 !!!ha70	180	626	33	9	27.27	24	0	36	68	YNIYDNYNDILYHLWYTLKKVDLSNFNTQNDLE
PROKKA_00010	tr|B2TSC1|B2TSC1_CLOBB Haemagglutinin component OS=Clostridium botulinum (strain Eklund 17B / Type B) GN=ha33 PE=4 SV=1  !!!ha33	293	292	292	285	97.60	7	0	1	292	MEHYSVIQNSLNDEIVTISCKADTNLFFYQTVGNVSLFQQTRNYLERWRLIYDANKAAYKIKSMDIHNTNLVLTWNAPTHNISAQQDSNADNQYWLLLKDIGSNSFIIASYKNPNLVLYADTVAHNLKLSTLNNSSYIKFIIEDYIISDFNNFTCKISPILDLSKVVQQVAMTDLSVNLYTWDYGRNQKWTIRYNKEKSAYQFFNTILSNGVLTWISSNGNTVRVSSSAQNNDAQYWLINPVSNAYETYTITNLHDTTKALDLYNSQTANGTTIQVFNYHGDDNQKWSIRNP
PROKKA_00010	tr|A5HZZ6|A5HZZ6_CLOBH Hemagglutinin component of the neurotoxin complex OS=Clostridium botulinum (strain Hall / ATCC 3502 / NCTC 13319 / Type A) GN=ha33 PE=1 SV=1 !!!ha33	293	293	293	266	90.78	26	1	1	292	MEHYSVIQNSLNDEIVTISCKADTNLFFYQTVGNVSLFQQTRNYLERWRLIYDANKAAYKIKSMDIHNTNLVLTWNAPTHNISAQQDSNADNQYWLLLKDIGSNSFIIASYKNPNLVLYADTVAHNLKLSTLNNSSYIKFIIEDYIISDFNNFTCKISPILDLSKVVQQVAMTDLSVNLYTWDYGRNQKWTIRYNKEKSAYQFFNTILSNGVLTWISSNGNTVRVSSS-AQNNDAQYWLINPVSNAYETYTITNLHDTTKALDLYNSQTANGTTIQVFNYHGDDNQKWSIRNP
PROKKA_00010	tr|B1INP8|B1INP8_CLOBK Hemagglutinin component HA33 OS=Clostridium botulinum (strain Okra / Type B1) GN=ha33 PE=1 SV=1 !!!ha33	293	294	294	243	82.65	49	2	1	292	MEHYSVIQNSLNDEIVTISCKADTNLFFYQTVGN--VSLFQQTRNYLERWRLIYDANKAAYKIKSMDIHNTNLVLTWNAPTHNISAQQDSNADNQYWLLLKDIGSNSFIIASYKNPNLVLYADTVAHNLKLSTLNNSSYIKFIIEDYIISDFNNFTCKISPILDLSKVVQQVAMTDLSVNLYTWDYGRNQKWTIRYNKEKSAYQFFNTILSNGVLTWISSNGNTVRVSSSAQNNDAQYWLINPVSNAYETYTITNLHDTTKALDLYNSQTANGTTIQVFNYHGDDNQKWSIRNP
PROKKA_00010	tr|C5VU79|C5VU79_CLOBO Hemagglutinin component HA33 OS=Clostridium botulinum D str. 1873 GN=ha33 PE=4 SV=1 !!!ha33	293	285	279	119	42.65	152	8	12	289	NDEIVTISCKADTNLFFYQ-TVGNVSLFQQTRNYLERWRLIYDANKAAYKIKSMDIHNTNLVLTWNAPTHNISAQQDSNADNQYWLLLKDIGSNSFIIASYKNPNLVLYADTVAHNLKLSTLNNSSYIKFIIEDYIISDFNNFTCKISPILDLSKVVQQVAMTDLSVNLYTWDYGRNQKWTIRYNKEKSAYQFFNTILSNGVLTWISSNGNTVRVSSSAQNNDAQYWLINPVSNAYETYTITNLHDTTKALDLYNSQTANGTTIQVFNYHGDDNQKWSI
PROKKA_00010	tr|A0A0C1TY77|A0A0C1TY77_9CLOT Main hemagglutinin component OS=Clostridium argentinense CDC 2741 GN=ha-33 PE=4 SV=1 !!!ha33	293	285	281	116	41.28	155	10	11	289	LNDEIVTISCKADTNLFFYQ-TVGNVSLFQQTRNYLERWRLIYDANKAAYKIKSMDIHNTNLVLTWNAPTHNISAQQDSNADNQYWLLLKDIGSNSFIIASYKNPNLVL-YADTVAHNLKLSTLNNSSYIKFIIEDYIISDFNNFTCKISPILDLSKVVQQVAMTDLSVNLYTWDYGRNQKWTIRYNKEKSAYQFFNTILSNGVLTWISSNGNTVRVSSSAQNNDAQYWLINPVSNAYETYTITNLHDTTKALDLYNSQTANGTTIQVFNYHGDDNQKWSI
PROKKA_00010	tr|A0A0C1QVX2|A0A0C1QVX2_9CLOT Hemagglutinin component HA-17 OS=Clostridium argentinense CDC 2741 GN=ha-17 PE=4 SV=1 !!!ha17	293	147	81	31	38.27	43	7	187	265	NQKWTIRYNKEKSAYQFFNTILSNGVLTWISSNGNTVR--VSSSAQNNDAQYWLINPVSNAYETYTITNLHDTTKALDLYN
PROKKA_00010	tr|A0A0C1QVX2|A0A0C1QVX2_9CLOT Hemagglutinin component HA-17 OS=Clostridium argentinense CDC 2741 GN=ha-17 PE=4 SV=1 !!!ha17	293	147	68	24	35.29	40	4	46	112	ERWRLIYDANKAAYKIKSMDIHNTNLVLTWNAPTHNISAQ-QDSNADNQYWLLLKDIGSNSFIIASYK
PROKKA_00010	tr|A0A073CN83|A0A073CN83_CLOBO Hemagglutinin OS=Clostridium botulinum A2B3 87 GN=N496_19565 PE=4 SV=1 !!! 	293	146	82	19	23.17	59	4	185	266	GRNQKWTIRYNKEKSAYQFFNTILSNGVLTWISSNGNTVRVSSSAQNNDAQYWLINPVSNAYETYTITNLHDTTKALDLYNS
PROKKA_00010	tr|A0A073CN83|A0A073CN83_CLOBO Hemagglutinin OS=Clostridium botulinum A2B3 87 GN=N496_19565 PE=4 SV=1 !!! 	293	146	75	19	25.33	50	6	46	120	ERWRLIYDANKAAYKIKSMDIHNTNLVLTWNAPTHNISAQQDSNADNQYWLLLKDIGSNSFIIASYKNPNLVLYA
PROKKA_00010	tr|A0A073CN83|A0A073CN83_CLOBO Hemagglutinin OS=Clostridium botulinum A2B3 87 GN=N496_19565 PE=4 SV=1 !!! 	293	146	96	27	28.12	61	8	59	151	YKIKSMDIHNTNLVLTWNAPTHNISAQQDSNADNQYWLLLKDIGSNSFIIASYKNPNLVLYADTVAHNLKLSTLNNSSY---IKFIIEDYIISDFN
PROKKA_00010	tr|B2TSC0|B2TSC0_CLOBB Hemagglutinin component HA-17 OS=Clostridium botulinum (strain Eklund 17B / Type B) GN=ha17 PE=4 SV=1 !!!ha17	293	146	85	22	25.88	53	10	185	266	GRNQKWTIRYNKEKSAYQFFNTILSNGVLTWISSNGNTVRVSSSAQNNDAQYWLINPVSNAYETYTITNLHDTTK---ALDLYNS
PROKKA_00010	tr|B2TSC0|B2TSC0_CLOBB Hemagglutinin component HA-17 OS=Clostridium botulinum (strain Eklund 17B / Type B) GN=ha17 PE=4 SV=1 !!!ha17	293	146	96	28	29.17	60	8	59	151	YKIKSMDIHNTNLVLTWNAPTHNISAQQDSNADNQYWLLLKDIGSNSFIIASYKNPNLVLYADTVAHNLKLSTLNNSSY---IKFIIEDYIISDFN
PROKKA_00010	tr|A0A0D1BS75|A0A0D1BS75_CLOBO Hemagglutinin OS=Clostridium botulinum B2 450 GN=N495_19885 PE=4 SV=1 !!! 	293	146	82	18	21.95	60	4	185	266	GRNQKWTIRYNKEKSAYQFFNTILSNGVLTWISSNGNTVRVSSSAQNNDAQYWLINPVSNAYETYTITNLHDTTKALDLYNS
PROKKA_00010	tr|A0A0D1BS75|A0A0D1BS75_CLOBO Hemagglutinin OS=Clostridium botulinum B2 450 GN=N495_19885 PE=4 SV=1 !!! 	293	146	96	28	29.17	60	8	59	151	YKIKSMDIHNTNLVLTWNAPTHNISAQQDSNADNQYWLLLKDIGSNSFIIASYKNPNLVLYADTVAHNLKLSTLNNSSY---IKFIIEDYIISDFN
PROKKA_00010	tr|A0A0D1BS75|A0A0D1BS75_CLOBO Hemagglutinin OS=Clostridium botulinum B2 450 GN=N495_19885 PE=4 SV=1 !!! 	293	146	75	19	25.33	50	6	46	120	ERWRLIYDANKAAYKIKSMDIHNTNLVLTWNAPTHNISAQQDSNADNQYWLLLKDIGSNSFIIASYKNPNLVLYA
PROKKA_00010	tr|A0A060N976|A0A060N976_CLOBO Hemagglutinin component HA17 OS=Clostridium botulinum B str. Osaka05 GN=CBO05P2_178 PE=4 SV=1 !!!ha17	293	146	82	18	21.95	60	4	185	266	GRNQKWTIRYNKEKSAYQFFNTILSNGVLTWISSNGNTVRVSSSAQNNDAQYWLINPVSNAYETYTITNLHDTTKALDLYNS
PROKKA_00010	tr|A0A060N976|A0A060N976_CLOBO Hemagglutinin component HA17 OS=Clostridium botulinum B str. Osaka05 GN=CBO05P2_178 PE=4 SV=1 !!!ha17	293	146	96	28	29.17	60	8	59	151	YKIKSMDIHNTNLVLTWNAPTHNISAQQDSNADNQYWLLLKDIGSNSFIIASYKNPNLVLYADTVAHNLKLSTLNNSSY---IKFIIEDYIISDFN
PROKKA_00010	tr|A0A060N976|A0A060N976_CLOBO Hemagglutinin component HA17 OS=Clostridium botulinum B str. Osaka05 GN=CBO05P2_178 PE=4 SV=1 !!!ha17	293	146	75	19	25.33	50	6	46	120	ERWRLIYDANKAAYKIKSMDIHNTNLVLTWNAPTHNISAQQDSNADNQYWLLLKDIGSNSFIIASYKNPNLVLYA
PROKKA_00010	tr|A0A0B4W498|A0A0B4W498_CLOBO Hemagglutinin component HA-17 OS=Clostridium botulinum Prevot_594 GN=ha-17 PE=4 SV=1 !!!ha17	293	146	82	18	21.95	60	4	185	266	GRNQKWTIRYNKEKSAYQFFNTILSNGVLTWISSNGNTVRVSSSAQNNDAQYWLINPVSNAYETYTITNLHDTTKALDLYNS
PROKKA_00010	tr|A0A0B4W498|A0A0B4W498_CLOBO Hemagglutinin component HA-17 OS=Clostridium botulinum Prevot_594 GN=ha-17 PE=4 SV=1 !!!ha17	293	146	96	28	29.17	60	8	59	151	YKIKSMDIHNTNLVLTWNAPTHNISAQQDSNADNQYWLLLKDIGSNSFIIASYKNPNLVLYADTVAHNLKLSTLNNSSY---IKFIIEDYIISDFN
PROKKA_00010	tr|A0A0B4W498|A0A0B4W498_CLOBO Hemagglutinin component HA-17 OS=Clostridium botulinum Prevot_594 GN=ha-17 PE=4 SV=1 !!!ha17	293	146	75	19	25.33	50	6	46	120	ERWRLIYDANKAAYKIKSMDIHNTNLVLTWNAPTHNISAQQDSNADNQYWLLLKDIGSNSFIIASYKNPNLVLYA
PROKKA_00010	tr|A0A0E1L447|A0A0E1L447_CLOBO Hemagglutinin component HA-17 OS=Clostridium botulinum CDC_1436 GN=ha-17 PE=4 SV=1 !!!ha17	293	146	82	18	21.95	60	4	185	266	GRNQKWTIRYNKEKSAYQFFNTILSNGVLTWISSNGNTVRVSSSAQNNDAQYWLINPVSNAYETYTITNLHDTTKALDLYNS
PROKKA_00010	tr|A0A0E1L447|A0A0E1L447_CLOBO Hemagglutinin component HA-17 OS=Clostridium botulinum CDC_1436 GN=ha-17 PE=4 SV=1 !!!ha17	293	146	96	28	29.17	60	8	59	151	YKIKSMDIHNTNLVLTWNAPTHNISAQQDSNADNQYWLLLKDIGSNSFIIASYKNPNLVLYADTVAHNLKLSTLNNSSY---IKFIIEDYIISDFN
PROKKA_00010	tr|A0A0E1L447|A0A0E1L447_CLOBO Hemagglutinin component HA-17 OS=Clostridium botulinum CDC_1436 GN=ha-17 PE=4 SV=1 !!!ha17	293	146	75	19	25.33	50	6	46	120	ERWRLIYDANKAAYKIKSMDIHNTNLVLTWNAPTHNISAQQDSNADNQYWLLLKDIGSNSFIIASYKNPNLVLYA
PROKKA_00010	tr|A5HZZ5|A5HZZ5_CLOBH Hemagglutinin component of the neurotoxin complex OS=Clostridium botulinum (strain Hall / ATCC 3502 / NCTC 13319 / Type A) GN=ha17 PE=1 SV=1 !!!ha17	293	146	82	18	21.95	60	4	185	266	GRNQKWTIRYNKEKSAYQFFNTILSNGVLTWISSNGNTVRVSSSAQNNDAQYWLINPVSNAYETYTITNLHDTTKALDLYNS
PROKKA_00010	tr|A5HZZ5|A5HZZ5_CLOBH Hemagglutinin component of the neurotoxin complex OS=Clostridium botulinum (strain Hall / ATCC 3502 / NCTC 13319 / Type A) GN=ha17 PE=1 SV=1 !!!ha17	293	146	96	28	29.17	60	8	59	151	YKIKSMDIHNTNLVLTWNAPTHNISAQQDSNADNQYWLLLKDIGSNSFIIASYKNPNLVLYADTVAHNLKLSTLNNSSY---IKFIIEDYIISDFN
PROKKA_00010	tr|B1INP9|B1INP9_CLOBK Hemagglutinin component HA17 OS=Clostridium botulinum (strain Okra / Type B1) GN=ha17 PE=4 SV=1 !!!ha17	293	146	82	18	21.95	60	4	185	266	GRNQKWTIRYNKEKSAYQFFNTILSNGVLTWISSNGNTVRVSSSAQNNDAQYWLINPVSNAYETYTITNLHDTTKALDLYNS
PROKKA_00010	tr|B1INP9|B1INP9_CLOBK Hemagglutinin component HA17 OS=Clostridium botulinum (strain Okra / Type B1) GN=ha17 PE=4 SV=1 !!!ha17	293	146	96	27	28.12	61	8	59	151	YKIKSMDIHNTNLVLTWNAPTHNISAQQDSNADNQYWLLLKDIGSNSFIIASYKNPNLVLYADTVAHNLKLSTLNNSSY---IKFIIEDYIISDFN
PROKKA_00010	tr|B1INP9|B1INP9_CLOBK Hemagglutinin component HA17 OS=Clostridium botulinum (strain Okra / Type B1) GN=ha17 PE=4 SV=1 !!!ha17	293	146	95	21	22.11	68	6	26	120	LFFYQTVGNVSLFQQTRNYLERWRLIYDANKAAYKIKSMDIHNTNLVLTWNAPTHNISAQQDSNADNQYWLLLKDIGSNSFIIASYKNPNLVLYA
PROKKA_00010	tr|C5VU78|C5VU78_CLOBO Hemagglutinin component HA17 OS=Clostridium botulinum D str. 1873 GN=ha17 PE=4 SV=1 !!!ha17	293	146	60	21	35.00	35	4	59	118	YKIKSMDIHNTNLVLTWNAPTHNISAQQDSNADNQYWLLLKDIGSNSFIIASYKNPNLVL
PROKKA_00010	tr|C5VU78|C5VU78_CLOBO Hemagglutinin component HA17 OS=Clostridium botulinum D str. 1873 GN=ha17 PE=4 SV=1 !!!ha17	293	146	29	9	31.03	20	0	187	215	NQKWTIRYNKEKSAYQFFNTILSNGVLTW
PROKKA_00010	tr|B1BE45|B1BE45_CLOBO Non-toxin haemagglutinin HA-17 OS=Clostridium botulinum C str. Eklund GN=CBC_A0168 PE=4 SV=1 !!!ha17	293	146	29	10	34.48	19	0	187	215	NQKWTIRYNKEKSAYQFFNTILSNGVLTW
PROKKA_00010	tr|B1BE45|B1BE45_CLOBO Non-toxin haemagglutinin HA-17 OS=Clostridium botulinum C str. Eklund GN=CBC_A0168 PE=4 SV=1 !!!ha17	293	146	48	18	37.50	26	4	59	106	YKIKSMDIHNTNLVLTWNAPTHNISAQQDSNADNQYWLLLKDIGSNSF
PROKKA_00010	tr|C5UY13|C5UY13_CLOBO P-47 protein OS=Clostridium botulinum E1 str. 'BoNT E Beluga' GN=p47 PE=4 SV=1 !!!P-47	293	416	78	20	25.64	56	2	169	244	QVAMTDLSVNLYTWDYGRNQKWTIR--YNKEKSAYQFFNTILSNGVLTWISSNGNTVRVSSSAQNNDAQYWLINPVSN
PROKKA_00011	tr|B2TSC0|B2TSC0_CLOBB Hemagglutinin component HA-17 OS=Clostridium botulinum (strain Eklund 17B / Type B) GN=ha17 PE=4 SV=1 !!!ha17	147	146	146	146	100.00	0	0	1	146	MSVERTFLPDGNYNIKSIFSGSLYLNPVSGSLTFSSESSANNQKWNVEYMAKNRCFKISNVAEPNKYLSYDNFGFISLDSLSNKCYWFPIKIAVNTYIMLNLNKVNELDYAWDIYDTNENILSQPLLLLPNFDIYNSNQMLKLEKI
PROKKA_00011	tr|A0A0D1BS75|A0A0D1BS75_CLOBO Hemagglutinin OS=Clostridium botulinum B2 450 GN=N495_19885 PE=4 SV=1 !!! 	147	146	146	139	95.21	7	0	1	146	MSVERTFLPDGNYNIKSIFSGSLYLNPVSGSLTFSSESSANNQKWNVEYMAKNRCFKISNVAEPNKYLSYDNFGFISLDSLSNKCYWFPIKIAVNTYIMLNLNKVNELDYAWDIYDTNENILSQPLLLLPNFDIYNSNQMLKLEKI
PROKKA_00011	tr|A0A060N976|A0A060N976_CLOBO Hemagglutinin component HA17 OS=Clostridium botulinum B str. Osaka05 GN=CBO05P2_178 PE=4 SV=1 !!!ha17	147	146	146	139	95.21	7	0	1	146	MSVERTFLPDGNYNIKSIFSGSLYLNPVSGSLTFSSESSANNQKWNVEYMAKNRCFKISNVAEPNKYLSYDNFGFISLDSLSNKCYWFPIKIAVNTYIMLNLNKVNELDYAWDIYDTNENILSQPLLLLPNFDIYNSNQMLKLEKI
PROKKA_00011	tr|A0A0E1L447|A0A0E1L447_CLOBO Hemagglutinin component HA-17 OS=Clostridium botulinum CDC_1436 GN=ha-17 PE=4 SV=1 !!!ha17	147	146	146	139	95.21	7	0	1	146	MSVERTFLPDGNYNIKSIFSGSLYLNPVSGSLTFSSESSANNQKWNVEYMAKNRCFKISNVAEPNKYLSYDNFGFISLDSLSNKCYWFPIKIAVNTYIMLNLNKVNELDYAWDIYDTNENILSQPLLLLPNFDIYNSNQMLKLEKI
PROKKA_00011	tr|B1INP9|B1INP9_CLOBK Hemagglutinin component HA17 OS=Clostridium botulinum (strain Okra / Type B1) GN=ha17 PE=4 SV=1 !!!ha17	147	146	146	138	94.52	8	0	1	146	MSVERTFLPDGNYNIKSIFSGSLYLNPVSGSLTFSSESSANNQKWNVEYMAKNRCFKISNVAEPNKYLSYDNFGFISLDSLSNKCYWFPIKIAVNTYIMLNLNKVNELDYAWDIYDTNENILSQPLLLLPNFDIYNSNQMLKLEKI
PROKKA_00011	tr|A5HZZ5|A5HZZ5_CLOBH Hemagglutinin component of the neurotoxin complex OS=Clostridium botulinum (strain Hall / ATCC 3502 / NCTC 13319 / Type A) GN=ha17 PE=1 SV=1 !!!ha17	147	146	146	139	95.21	7	0	1	146	MSVERTFLPDGNYNIKSIFSGSLYLNPVSGSLTFSSESSANNQKWNVEYMAKNRCFKISNVAEPNKYLSYDNFGFISLDSLSNKCYWFPIKIAVNTYIMLNLNKVNELDYAWDIYDTNENILSQPLLLLPNFDIYNSNQMLKLEKI
PROKKA_00011	tr|A0A073CN83|A0A073CN83_CLOBO Hemagglutinin OS=Clostridium botulinum A2B3 87 GN=N496_19565 PE=4 SV=1 !!! 	147	146	146	138	94.52	8	0	1	146	MSVERTFLPDGNYNIKSIFSGSLYLNPVSGSLTFSSESSANNQKWNVEYMAKNRCFKISNVAEPNKYLSYDNFGFISLDSLSNKCYWFPIKIAVNTYIMLNLNKVNELDYAWDIYDTNENILSQPLLLLPNFDIYNSNQMLKLEKI
PROKKA_00011	tr|A0A0B4W498|A0A0B4W498_CLOBO Hemagglutinin component HA-17 OS=Clostridium botulinum Prevot_594 GN=ha-17 PE=4 SV=1 !!!ha17	147	146	146	136	93.15	10	0	1	146	MSVERTFLPDGNYNIKSIFSGSLYLNPVSGSLTFSSESSANNQKWNVEYMAKNRCFKISNVAEPNKYLSYDNFGFISLDSLSNKCYWFPIKIAVNTYIMLNLNKVNELDYAWDIYDTNENILSQPLLLLPNFDIYNSNQMLKLEKI
PROKKA_00011	tr|C5VU78|C5VU78_CLOBO Hemagglutinin component HA17 OS=Clostridium botulinum D str. 1873 GN=ha17 PE=4 SV=1 !!!ha17	147	146	146	92	63.01	54	0	1	146	MSVERTFLPDGNYNIKSIFSGSLYLNPVSGSLTFSSESSANNQKWNVEYMAKNRCFKISNVAEPNKYLSYDNFGFISLDSLSNKCYWFPIKIAVNTYIMLNLNKVNELDYAWDIYDTNENILSQPLLLLPNFDIYNSNQMLKLEKI
PROKKA_00011	tr|B1BE45|B1BE45_CLOBO Non-toxin haemagglutinin HA-17 OS=Clostridium botulinum C str. Eklund GN=CBC_A0168 PE=4 SV=1 !!!ha17	147	146	146	90	61.64	56	0	1	146	MSVERTFLPDGNYNIKSIFSGSLYLNPVSGSLTFSSESSANNQKWNVEYMAKNRCFKISNVAEPNKYLSYDNFGFISLDSLSNKCYWFPIKIAVNTYIMLNLNKVNELDYAWDIYDTNENILSQPLLLLPNFDIYNSNQMLKLEKI
PROKKA_00011	tr|A0A0C1QVX2|A0A0C1QVX2_9CLOT Hemagglutinin component HA-17 OS=Clostridium argentinense CDC 2741 GN=ha-17 PE=4 SV=1 !!!ha17	147	147	150	83	55.33	60	7	1	146	MSVERTFLPDGNYNIKSIFSGSLYLNPVSGSLTFSSESSANNQKWNVEYMAKNRCFKISNVAEPNKYLSYDNFGFISL----DSLSNKCYWFPIKIAVNTYIMLNLNKVNELDYAWDIYDTNENILSQPLLLLPNFDIYNSNQMLKLEKI
PROKKA_00011	tr|A5HZZ6|A5HZZ6_CLOBH Hemagglutinin component of the neurotoxin complex OS=Clostridium botulinum (strain Hall / ATCC 3502 / NCTC 13319 / Type A) GN=ha33 PE=1 SV=1 !!!ha33	147	293	96	30	31.25	58	8	13	103	YNIKS--IFSGSLYL--NPVSGSLTFSSESSANNQKWNVEYMAKNRCFKISNVAEPNKYLSYDNFGF-ISLDSLSNKCYWFPIKIAVNTYIMLNLN
PROKKA_00011	tr|A5HZZ6|A5HZZ6_CLOBH Hemagglutinin component of the neurotoxin complex OS=Clostridium botulinum (strain Hall / ATCC 3502 / NCTC 13319 / Type A) GN=ha33 PE=1 SV=1 !!!ha33	147	293	84	20	23.81	53	11	40	115	ANNQKWNVEYMAKNRCFKISNVAEPNKYLS--YDNFGFISLDSLSNK----CYWF--PIKIAVNTYIMLNLNKVNELDYAWDIY
PROKKA_00011	tr|A5HZZ6|A5HZZ6_CLOBH Hemagglutinin component of the neurotoxin complex OS=Clostridium botulinum (strain Hall / ATCC 3502 / NCTC 13319 / Type A) GN=ha33 PE=1 SV=1 !!!ha33	147	293	116	25	21.55	85	6	2	111	SVERTFLPDGNYNIKSIFSGSLYLNPVSGSLTFSSESSANNQKWNVEYMAKNRCFKIS--NVAEPNKYLSYDNFGF---ISLDSLSNKCYWFPIK-IAVNTYIMLNLNKVNELDYA
PROKKA_00011	tr|B2TSC1|B2TSC1_CLOBB Haemagglutinin component OS=Clostridium botulinum (strain Eklund 17B / Type B) GN=ha33 PE=4 SV=1  !!!ha33	147	292	85	21	24.71	54	10	40	117	ANNQKWNVEYMAKNRCFKISNVAEPNKYLSY--DNFGFISLDSLS---NKCYWF--PIKIAVNTYIMLNLNKVNELDYAWDIYDT
PROKKA_00011	tr|B2TSC1|B2TSC1_CLOBB Haemagglutinin component OS=Clostridium botulinum (strain Eklund 17B / Type B) GN=ha33 PE=4 SV=1  !!!ha33	147	292	96	26	27.08	62	8	13	103	YNIKSIFSGS----LYLNPVSGSLTFSSESSANNQKWNVEYMAKNRCFKISNVAEPNKYLSYDNFGF-ISLDSLSNKCYWFPIKIAVNTYIMLNLN
PROKKA_00011	tr|A0A0C1TY77|A0A0C1TY77_9CLOT Main hemagglutinin component OS=Clostridium argentinense CDC 2741 GN=ha-33 PE=4 SV=1 !!!ha33	147	285	35	11	31.43	24	0	37	71	ESSANNQKWNVEYMAKNRCFKISNVAEPNKYLSYD
PROKKA_00011	tr|B1INP8|B1INP8_CLOBK Hemagglutinin component HA33 OS=Clostridium botulinum (strain Okra / Type B1) GN=ha33 PE=1 SV=1 !!!ha33	147	294	92	27	29.35	57	8	13	99	YNIKS--IFSGSLYL--NPVSGSLTFSSESSANNQKWNVEYMAKNRCFKISNVAEPNKYLSYDNFGF-ISLDSLSNKCYWFPIKIAVNTYIM
PROKKA_00011	tr|B1INP8|B1INP8_CLOBK Hemagglutinin component HA33 OS=Clostridium botulinum (strain Okra / Type B1) GN=ha33 PE=1 SV=1 !!!ha33	147	294	95	21	22.11	68	6	23	111	LYLNPVSGSLTFSSESSANNQKWNVEYMAKNRCFKIS--NVAEPNKYLSYDNFGF---ISLDSLSNKCYWFPIK-IAVNTYIMLNLNKVNELDYA
PROKKA_00011	tr|C5VU79|C5VU79_CLOBO Hemagglutinin component HA33 OS=Clostridium botulinum D str. 1873 GN=ha33 PE=4 SV=1 !!!ha33	147	285	68	18	26.47	43	7	26	88	NPVSGSLTFSSESSANNQKWNVEYMAKNRCFKISNVAEPNKYLSY-----DNFGFISLDSLSNKCYWF
PROKKA_00011	tr|C5VU79|C5VU79_CLOBO Hemagglutinin component HA33 OS=Clostridium botulinum D str. 1873 GN=ha33 PE=4 SV=1 !!!ha33	147	285	65	21	32.31	34	10	13	71	YNIKSIFSGSLYLN---PVSGSLTFSSESSANNQKWNVEYMAKN---RCFKISNVAEPNKYLSYD
PROKKA_00011	tr|C5VU79|C5VU79_CLOBO Hemagglutinin component HA33 OS=Clostridium botulinum D str. 1873 GN=ha33 PE=4 SV=1 !!!ha33	147	285	20	8	40.00	12	0	39	58	SANNQKWNVEYMAKNRCFKI
PROKKA_00011	tr|C5VU79|C5VU79_CLOBO Hemagglutinin component HA33 OS=Clostridium botulinum D str. 1873 GN=ha33 PE=4 SV=1 !!!ha33	147	285	44	13	29.55	29	2	33	75	TFSSESSANNQKWNVEYMAKNRC-FKISNVAEPNKYLSYDNFGF
PROKKA_00011	tr|C1FUH8|C1FUH8_CLOBJ Botulinum neurotoxin type A2, nontoxic-nonhemagglutinin component, NTNH OS=Clostridium botulinum (strain Kyoto / Type A2) GN=ntnH PE=4 SV=1 !!!ntnH	147	1159	23	9	39.13	14	0	15	37	IKSIFSGSLYLNPVSGSLTFSSE
PROKKA_00011	tr|B1L2G4|B1L2G4_CLOBM Botulinum neurotoxin type A3, nontoxic-nonhemagglutinin component, NTNH OS=Clostridium botulinum (strain Loch Maree / Type A3) GN=ntnH PE=4 SV=1 !!!ntnH	147	1159	23	9	39.13	14	0	15	37	IKSIFSGSLYLNPVSGSLTFSSE
PROKKA_00011	tr|A5HZZ8|A5HZZ8_CLOBH Type A progenitor toxin nontoxic-nonha OS=Clostridium botulinum (strain Hall / ATCC 3502 / NCTC 13319 / Type A) GN=ntnH PE=4 SV=1 !!!ntnH	147	1193	23	9	39.13	14	0	15	37	IKSIFSGSLYLNPVSGSLTFSSE
PROKKA_00011	tr|B1BE43|B1BE43_CLOBO Botulinum neurotoxin type C, nontoxic-nonhemagglutinin component NTNH OS=Clostridium botulinum C str. Eklund GN=CBC_A0166 PE=4 SV=1 !!!ntnH	147	1196	12	6	50.00	6	0	114	125	IYDTNENILSQP
PROKKA_00011	tr|A7GBG2|A7GBG2_CLOBL Botulinum neurotoxin type F, nontoxic-nonhemagglutinin component, NTNH OS=Clostridium botulinum (strain Langeland / NCTC 10281 / Type F) GN=ntnH PE=4 SV=1 !!!ntnH	147	1163	23	8	34.78	15	0	15	37	IKSIFSGSLYLNPVSGSLTFSSE
PROKKA_00011	tr|B2TSC3|B2TSC3_CLOBB Botulinum neurotoxin type B OS=Clostridium botulinum (strain Eklund 17B / Type B) GN=ntnH PE=4 SV=1 !!!ntnH	147	1197	27	11	40.74	13	3	95	121	NTYIMLNLNKVNELDYAWDIYDTNENI
PROKKA_00012	tr|B2TSB9|B2TSB9_CLOBB Heamagglutinin components HA-70 OS=Clostridium botulinum (strain Eklund 17B / Type B) GN=ha70 PE=4 SV=1 !!!ha70	627	626	626	620	99.04	6	0	1	626	MNSSIKKIYNHIQEKVINYSDTIDLADGNYVVSRGDGWILSRQNQILGGSVISNGSTGIVGDLRVNDNAIPYYYPTPSFNEEYIKNNIQTVFTNFTEANQIPIGFEFSKTAPSNKNLYMYLQYTYIRYEIIKVLQHEIIERAVLYVPSLGYVKSIEFNPGEKINKDFYFLTNDKCILNEQFLYKKILETTKNIPTNNIFNSKVSSTQRVLPYSNGLYVINKGDGYIRTNDKDLIGTLLIEAGSSGSIIQPRLRNTTRPLFTTSNNAKFSQQYTEERLKDAFNVQLFNTSTSLFKFVEEAPSNKNICIKAYNTYEKYELIDYQNGSIINTAEYYLPSLGYCEVTNAPSPESEVVKTQVAEDGFIQNGPEEEIVVGVIDPSENIQEINTAISDNYTYSIPDIVDNNPFYILFTVNTTGIYKINAQNNLPPLKIYEAIGSGNRNLQSGNLCNDHIKAINYITGFDSSNAKSYLVVLLNKNKNYYIRVPQTSSNIENQIKFKREEGNIRNLANSSVNIIDNLNSTGEHYYTRQSPDVGNYISYEFTVPGNFNNKDTSNIRLYTSNNQGIGTLFRVTETIDGYDLIDIQQNLHLLNSTKSIRLLNGAIYILKVEVTELNNYNIRLHIDITN
PROKKA_00012	tr|B1INQ0|B1INQ0_CLOBK Hemagglutinin component HA70 OS=Clostridium botulinum (strain Okra / Type B1) GN=ha70 PE=4 SV=1 !!!ha70	627	626	626	601	96.01	25	0	1	626	MNSSIKKIYNHIQEKVINYSDTIDLADGNYVVSRGDGWILSRQNQILGGSVISNGSTGIVGDLRVNDNAIPYYYPTPSFNEEYIKNNIQTVFTNFTEANQIPIGFEFSKTAPSNKNLYMYLQYTYIRYEIIKVLQHEIIERAVLYVPSLGYVKSIEFNPGEKINKDFYFLTNDKCILNEQFLYKKILETTKNIPTNNIFNSKVSSTQRVLPYSNGLYVINKGDGYIRTNDKDLIGTLLIEAGSSGSIIQPRLRNTTRPLFTTSNNAKFSQQYTEERLKDAFNVQLFNTSTSLFKFVEEAPSNKNICIKAYNTYEKYELIDYQNGSIINTAEYYLPSLGYCEVTNAPSPESEVVKTQVAEDGFIQNGPEEEIVVGVIDPSENIQEINTAISDNYTYSIPDIVDNNPFYILFTVNTTGIYKINAQNNLPPLKIYEAIGSGNRNLQSGNLCNDHIKAINYITGFDSSNAKSYLVVLLNKNKNYYIRVPQTSSNIENQIKFKREEGNIRNLANSSVNIIDNLNSTGEHYYTRQSPDVGNYISYEFTVPGNFNNKDTSNIRLYTSNNQGIGTLFRVTETIDGYDLIDIQQNLHLLNSTKSIRLLNGAIYILKVEVTELNNYNIRLHIDITN
PROKKA_00012	tr|A0A060NA10|A0A060NA10_CLOBO Haemagglutinin component HA70 OS=Clostridium botulinum B str. Osaka05 GN=CBO05P2_179 PE=4 SV=1 !!!ha70	627	626	626	601	96.01	25	0	1	626	MNSSIKKIYNHIQEKVINYSDTIDLADGNYVVSRGDGWILSRQNQILGGSVISNGSTGIVGDLRVNDNAIPYYYPTPSFNEEYIKNNIQTVFTNFTEANQIPIGFEFSKTAPSNKNLYMYLQYTYIRYEIIKVLQHEIIERAVLYVPSLGYVKSIEFNPGEKINKDFYFLTNDKCILNEQFLYKKILETTKNIPTNNIFNSKVSSTQRVLPYSNGLYVINKGDGYIRTNDKDLIGTLLIEAGSSGSIIQPRLRNTTRPLFTTSNNAKFSQQYTEERLKDAFNVQLFNTSTSLFKFVEEAPSNKNICIKAYNTYEKYELIDYQNGSIINTAEYYLPSLGYCEVTNAPSPESEVVKTQVAEDGFIQNGPEEEIVVGVIDPSENIQEINTAISDNYTYSIPDIVDNNPFYILFTVNTTGIYKINAQNNLPPLKIYEAIGSGNRNLQSGNLCNDHIKAINYITGFDSSNAKSYLVVLLNKNKNYYIRVPQTSSNIENQIKFKREEGNIRNLANSSVNIIDNLNSTGEHYYTRQSPDVGNYISYEFTVPGNFNNKDTSNIRLYTSNNQGIGTLFRVTETIDGYDLIDIQQNLHLLNSTKSIRLLNGAIYILKVEVTELNNYNIRLHIDITN
PROKKA_00012	tr|A0A0B4W4X0|A0A0B4W4X0_CLOBO Hemagglutinin components HA-22/23/53 OS=Clostridium botulinum Prevot_594 GN=ha-70 PE=4 SV=1 !!!ha70	627	626	626	599	95.69	27	0	1	626	MNSSIKKIYNHIQEKVINYSDTIDLADGNYVVSRGDGWILSRQNQILGGSVISNGSTGIVGDLRVNDNAIPYYYPTPSFNEEYIKNNIQTVFTNFTEANQIPIGFEFSKTAPSNKNLYMYLQYTYIRYEIIKVLQHEIIERAVLYVPSLGYVKSIEFNPGEKINKDFYFLTNDKCILNEQFLYKKILETTKNIPTNNIFNSKVSSTQRVLPYSNGLYVINKGDGYIRTNDKDLIGTLLIEAGSSGSIIQPRLRNTTRPLFTTSNNAKFSQQYTEERLKDAFNVQLFNTSTSLFKFVEEAPSNKNICIKAYNTYEKYELIDYQNGSIINTAEYYLPSLGYCEVTNAPSPESEVVKTQVAEDGFIQNGPEEEIVVGVIDPSENIQEINTAISDNYTYSIPDIVDNNPFYILFTVNTTGIYKINAQNNLPPLKIYEAIGSGNRNLQSGNLCNDHIKAINYITGFDSSNAKSYLVVLLNKNKNYYIRVPQTSSNIENQIKFKREEGNIRNLANSSVNIIDNLNSTGEHYYTRQSPDVGNYISYEFTVPGNFNNKDTSNIRLYTSNNQGIGTLFRVTETIDGYDLIDIQQNLHLLNSTKSIRLLNGAIYILKVEVTELNNYNIRLHIDITN
PROKKA_00012	tr|A5HZZ4|A5HZZ4_CLOBH Hemagglutinin component of the neurotoxin complex OS=Clostridium botulinum (strain Hall / ATCC 3502 / NCTC 13319 / Type A) GN=ha70 PE=1 SV=1 !!!ha70	627	626	626	596	95.21	30	0	1	626	MNSSIKKIYNHIQEKVINYSDTIDLADGNYVVSRGDGWILSRQNQILGGSVISNGSTGIVGDLRVNDNAIPYYYPTPSFNEEYIKNNIQTVFTNFTEANQIPIGFEFSKTAPSNKNLYMYLQYTYIRYEIIKVLQHEIIERAVLYVPSLGYVKSIEFNPGEKINKDFYFLTNDKCILNEQFLYKKILETTKNIPTNNIFNSKVSSTQRVLPYSNGLYVINKGDGYIRTNDKDLIGTLLIEAGSSGSIIQPRLRNTTRPLFTTSNNAKFSQQYTEERLKDAFNVQLFNTSTSLFKFVEEAPSNKNICIKAYNTYEKYELIDYQNGSIINTAEYYLPSLGYCEVTNAPSPESEVVKTQVAEDGFIQNGPEEEIVVGVIDPSENIQEINTAISDNYTYSIPDIVDNNPFYILFTVNTTGIYKINAQNNLPPLKIYEAIGSGNRNLQSGNLCNDHIKAINYITGFDSSNAKSYLVVLLNKNKNYYIRVPQTSSNIENQIKFKREEGNIRNLANSSVNIIDNLNSTGEHYYTRQSPDVGNYISYEFTVPGNFNNKDTSNIRLYTSNNQGIGTLFRVTETIDGYDLIDIQQNLHLLNSTKSIRLLNGAIYILKVEVTELNNYNIRLHIDITN
PROKKA_00012	tr|M1ZPH7|M1ZPH7_CLOBO Hemagglutinin component HA70 OS=Clostridium botulinum CFSAN001627 GN=CFSAN001627_19663 PE=4 SV=1 !!!ha70	627	626	626	595	95.05	31	0	1	626	MNSSIKKIYNHIQEKVINYSDTIDLADGNYVVSRGDGWILSRQNQILGGSVISNGSTGIVGDLRVNDNAIPYYYPTPSFNEEYIKNNIQTVFTNFTEANQIPIGFEFSKTAPSNKNLYMYLQYTYIRYEIIKVLQHEIIERAVLYVPSLGYVKSIEFNPGEKINKDFYFLTNDKCILNEQFLYKKILETTKNIPTNNIFNSKVSSTQRVLPYSNGLYVINKGDGYIRTNDKDLIGTLLIEAGSSGSIIQPRLRNTTRPLFTTSNNAKFSQQYTEERLKDAFNVQLFNTSTSLFKFVEEAPSNKNICIKAYNTYEKYELIDYQNGSIINTAEYYLPSLGYCEVTNAPSPESEVVKTQVAEDGFIQNGPEEEIVVGVIDPSENIQEINTAISDNYTYSIPDIVDNNPFYILFTVNTTGIYKINAQNNLPPLKIYEAIGSGNRNLQSGNLCNDHIKAINYITGFDSSNAKSYLVVLLNKNKNYYIRVPQTSSNIENQIKFKREEGNIRNLANSSVNIIDNLNSTGEHYYTRQSPDVGNYISYEFTVPGNFNNKDTSNIRLYTSNNQGIGTLFRVTETIDGYDLIDIQQNLHLLNSTKSIRLLNGAIYILKVEVTELNNYNIRLHIDITN
PROKKA_00012	tr|A0A0E1L2H2|A0A0E1L2H2_CLOBO Hemagglutinin components HA-22/23/53 OS=Clostridium botulinum CDC_1436 GN=ha-70 PE=4 SV=1 !!!ha70	627	626	626	595	95.05	31	0	1	626	MNSSIKKIYNHIQEKVINYSDTIDLADGNYVVSRGDGWILSRQNQILGGSVISNGSTGIVGDLRVNDNAIPYYYPTPSFNEEYIKNNIQTVFTNFTEANQIPIGFEFSKTAPSNKNLYMYLQYTYIRYEIIKVLQHEIIERAVLYVPSLGYVKSIEFNPGEKINKDFYFLTNDKCILNEQFLYKKILETTKNIPTNNIFNSKVSSTQRVLPYSNGLYVINKGDGYIRTNDKDLIGTLLIEAGSSGSIIQPRLRNTTRPLFTTSNNAKFSQQYTEERLKDAFNVQLFNTSTSLFKFVEEAPSNKNICIKAYNTYEKYELIDYQNGSIINTAEYYLPSLGYCEVTNAPSPESEVVKTQVAEDGFIQNGPEEEIVVGVIDPSENIQEINTAISDNYTYSIPDIVDNNPFYILFTVNTTGIYKINAQNNLPPLKIYEAIGSGNRNLQSGNLCNDHIKAINYITGFDSSNAKSYLVVLLNKNKNYYIRVPQTSSNIENQIKFKREEGNIRNLANSSVNIIDNLNSTGEHYYTRQSPDVGNYISYEFTVPGNFNNKDTSNIRLYTSNNQGIGTLFRVTETIDGYDLIDIQQNLHLLNSTKSIRLLNGAIYILKVEVTELNNYNIRLHIDITN
PROKKA_00012	tr|S8BA68|S8BA68_CLOBO Hemagglutinin component HA70 OS=Clostridium botulinum CFSAN002367 GN=CFSAN002367_15786 PE=4 SV=1 !!!ha70	627	508	508	480	94.49	28	0	119	626	MYLQYTYIRYEIIKVLQHEIIERAVLYVPSLGYVKSIEFNPGEKINKDFYFLTNDKCILNEQFLYKKILETTKNIPTNNIFNSKVSSTQRVLPYSNGLYVINKGDGYIRTNDKDLIGTLLIEAGSSGSIIQPRLRNTTRPLFTTSNNAKFSQQYTEERLKDAFNVQLFNTSTSLFKFVEEAPSNKNICIKAYNTYEKYELIDYQNGSIINTAEYYLPSLGYCEVTNAPSPESEVVKTQVAEDGFIQNGPEEEIVVGVIDPSENIQEINTAISDNYTYSIPDIVDNNPFYILFTVNTTGIYKINAQNNLPPLKIYEAIGSGNRNLQSGNLCNDHIKAINYITGFDSSNAKSYLVVLLNKNKNYYIRVPQTSSNIENQIKFKREEGNIRNLANSSVNIIDNLNSTGEHYYTRQSPDVGNYISYEFTVPGNFNNKDTSNIRLYTSNNQGIGTLFRVTETIDGYDLIDIQQNLHLLNSTKSIRLLNGAIYILKVEVTELNNYNIRLHIDITN
PROKKA_00012	tr|S8BA68|S8BA68_CLOBO Hemagglutinin component HA70 OS=Clostridium botulinum CFSAN002367 GN=CFSAN002367_15786 PE=4 SV=1 !!!ha70	627	508	141	41	29.08	97	3	15	153	KVINYSDTIDLADGNYVVSRGDGWILSRQNQILGGSVISNGSTGIVGDLRVNDNAIPYYYPT--PSFNEEYIKNNIQTVFTNFTEANQIPIGFEFSKTAPSNKNLYMYLQYTYIRYEIIKVLQHEIIERAVLYVPSLGYVK
PROKKA_00012	tr|B1BE46|B1BE46_CLOBO Non-toxin haemagglutinin HA-70 OS=Clostridium botulinum C str. Eklund GN=CBC_A0169 PE=4 SV=1 !!!ha70	627	623	627	437	69.70	185	5	1	626	MNSSIKKIYNHIQEKVINYSDTIDLADGNYVVSRGDGWILSRQNQILGGSVISNGSTGIVGDLRVNDNAIPYYYPTPSFNEEYIKNNIQTVFTNFTEANQIPIGFEFSKTAPSNKNLYMYLQYTYIRYEIIKVLQHEIIERAVLYVPSLGYVKSIEFNPGEKINKDFYFLTNDKCILNEQFLYKKILETTKNIPTNNIFNSK-VSSTQRVLPYSNGLYVINKGDGYIRTNDKDLIGTLLIEAGSSGSIIQPRLRNTTRPLFTTSNNAKFSQQYTEERLKDAFNVQLFNTSTSLFKFVEEAPSNKNICIKAYNTYEKYELIDYQNGSIINTAEYYLPSLGYCEVTNAPSPESEVVKTQVAEDGFIQNGPEEEIVVGVIDPSENIQEINTAISDNYTYSIPDIVDNNPFYILFTVNTTGIYKINAQNNLPPLKIYEAIGSGNRNLQSGNLCNDHIKAINYITGFDSSNAKSYLVVLLNKNKNYYIRVPQTSSNIENQIKFKREEGNIRNLANSSVNIIDNLNSTGEHYYTRQSPDVGNYISYEFTVPGNFNNKDTSNIRLYTSNNQGIGTLFRVTETIDGYDLIDIQQNLHLLNSTKSIRLLNGAIYILKVEVTELNNYNIRLHIDITN
PROKKA_00012	tr|A0A0C1TZQ5|A0A0C1TZQ5_9CLOT Hemagglutinin components HA-22/23/53 OS=Clostridium argentinense CDC 2741 GN=ha-70 PE=4 SV=1 !!!ha70	627	629	631	445	70.52	179	7	1	626	MNSSIKKIYNHIQEKVINYSDTIDLADGNYVVSRGDGWILSRQNQILGGSVISNGSTGIVGDLRVNDNAIPYYYPTPSFNEEYIKNNIQTVFTNFTEANQIPIGFEFSKTAPSNKNLYMYLQYTYIRYEIIKVLQHEIIERAVLYVPSLGYVKSIEFNPGEKINKDFYFLTNDKCILNEQFLYKKI--LETTKNIPTNNI--FNSKVSSTQRVLPYSNGLYVINKGDGYIRTNDKDLIGTLLIEAGSSGSIIQPRLRNTTRPLFTTSNNAKFSQQYTEERLKDAFNVQLFNTSTSLFKFVEEAPSNKNICIKAYNTYEKYELIDYQNGSIINTAEYYLPSLGYCEVTNAPSPESEVVKTQVAEDGFIQNGPEEEIVVGVIDPSENIQEINTAISDNYTYSIPDIVDNNPFYILFTVNTTGIYKINAQNNLPPLKIYEAIGSGNRNLQSGNLCNDHIKAINYITGFDSSNAKSYLVVLLNKNKNYYIRVPQTSSNIENQIKFKREE-GNIRNLANSSVNIIDNLNSTGEHYYTRQSPDVGNYISYEFTVPGNFNNKDTSNIRLYTSNNQGIGTLFRVTETIDGYDLIDIQQNLHLLNSTKSIRLLNGAIYILKVEVTELNNYNIRLHIDITN
PROKKA_00012	tr|A0A059PYB0|A0A059PYB0_9CLOT Toxin complex component ORF-X2 OS=Clostridium baratii PE=4 SV=1 !!!ORF-X2	627	748	145	36	24.83	89	20	174	315	KCILNEQFLYKKILETTKNIPTNNIFNSKVSSTQRVLPYSNGLYVINKGDGYIRTNDKDLIGTLLIEAGSSGSIIQPRLRNTTRPLFTTSNNAKFSQQYTEERLKDAFNVQLFNTSTSLFKF-VEEAPS--NKNICIKAYNTYEK
PROKKA_00012	tr|A0A073CND8|A0A073CND8_CLOBO P-47 protein OS=Clostridium botulinum A2B3 87 GN=N496_18585 PE=4 SV=1 !!!P-47	627	415	75	20	26.67	50	5	401	470	VDNNPFYILFTVNTTGIYKINAQNNLPPLKI-----YEAIGSGNRNLQSGNLCNDHIKAINYITGFDSSNAKSYL
PROKKA_00012	tr|B2TSC3|B2TSC3_CLOBB Botulinum neurotoxin type B OS=Clostridium botulinum (strain Eklund 17B / Type B) GN=ntnH PE=4 SV=1 !!!ntnH	627	1197	25	10	40.00	11	4	382	406	IQEINTAISDNYTYSIPDIVDNNPF
PROKKA_00012	tr|B1BE43|B1BE43_CLOBO Botulinum neurotoxin type C, nontoxic-nonhemagglutinin component NTNH OS=Clostridium botulinum C str. Eklund GN=CBC_A0166 PE=4 SV=1 !!!ntnH	627	1196	153	37	24.18	86	30	396	525	SIPDIVDNNPFY-----ILFTVNTTGIYKINAQNNLPPLKIYEAIGSGNRNLQSGNLCNDHIKAINYITGFDSS-------NAKSYLVVL-----LNKNKNYYIRVPQTSSNIENQIKFKREEGNIRNL------ANSSVNIIDNLNSTGEHY
PROKKA_00012	tr|B1BE45|B1BE45_CLOBO Non-toxin haemagglutinin HA-17 OS=Clostridium botulinum C str. Eklund GN=CBC_A0168 PE=4 SV=1 !!!ha17	627	146	20	11	55.00	5	4	104	123	GFEFSKTAPSNKNLYMYLQY
PROKKA_00013	tr|A5HZZ6|A5HZZ6_CLOBH Hemagglutinin component of the neurotoxin complex OS=Clostridium botulinum (strain Hall / ATCC 3502 / NCTC 13319 / Type A) GN=ha33 PE=1 SV=1 !!!ha33	43	293	19	6	31.58	13	0	22	40	MQASFYDNGNHPKMLIENF
PROKKA_00014	tr|B1BE46|B1BE46_CLOBO Non-toxin haemagglutinin HA-70 OS=Clostridium botulinum C str. Eklund GN=CBC_A0169 PE=4 SV=1 !!!ha70	91	623	21	8	38.10	13	0	23	43	TYWYYKCDCGNEKWIRADALN
PROKKA_00015	tr|A7GBF8|A7GBF8_CLOBL Toxin complex component ORF-X2 OS=Clostridium botulinum (strain Langeland / NCTC 10281 / Type F) GN=CLI_0846 PE=4 SV=1 !!!ORF-X2	60	750	48	14	29.17	32	2	1	48	MKGKVTFNISGSGSKSARLTIPAALIELMKITEDNREVEITYEDGKLV
PROKKA_00015	tr|A7GBF8|A7GBF8_CLOBL Toxin complex component ORF-X2 OS=Clostridium botulinum (strain Langeland / NCTC 10281 / Type F) GN=CLI_0846 PE=4 SV=1 !!!ORF-X2	60	750	23	7	30.43	16	0	37	59	EVEITYEDGKLVVEKVSEYVEGK
PROKKA_00015	tr|A5HZZ8|A5HZZ8_CLOBH Type A progenitor toxin nontoxic-nonha OS=Clostridium botulinum (strain Hall / ATCC 3502 / NCTC 13319 / Type A) GN=ntnH PE=4 SV=1 !!!ntnH	60	1193	26	9	34.62	17	0	27	52	ELMKITEDNREVEITYEDGKLVVEKV
PROKKA_00015	tr|C1FUH8|C1FUH8_CLOBJ Botulinum neurotoxin type A2, nontoxic-nonhemagglutinin component, NTNH OS=Clostridium botulinum (strain Kyoto / Type A2) GN=ntnH PE=4 SV=1 !!!ntnH	60	1159	26	9	34.62	17	0	27	52	ELMKITEDNREVEITYEDGKLVVEKV
PROKKA_00015	tr|B1L2G4|B1L2G4_CLOBM Botulinum neurotoxin type A3, nontoxic-nonhemagglutinin component, NTNH OS=Clostridium botulinum (strain Loch Maree / Type A3) GN=ntnH PE=4 SV=1 !!!ntnH	60	1159	26	9	34.62	17	0	27	52	ELMKITEDNREVEITYEDGKLVVEKV
PROKKA_00015	tr|A7GBG2|A7GBG2_CLOBL Botulinum neurotoxin type F, nontoxic-nonhemagglutinin component, NTNH OS=Clostridium botulinum (strain Langeland / NCTC 10281 / Type F) GN=ntnH PE=4 SV=1 !!!ntnH	60	1163	26	9	34.62	17	0	27	52	ELMKITEDNREVEITYEDGKLVVEKV
PROKKA_00016	tr|B1L2G4|B1L2G4_CLOBM Botulinum neurotoxin type A3, nontoxic-nonhemagglutinin component, NTNH OS=Clostridium botulinum (strain Loch Maree / Type A3) GN=ntnH PE=4 SV=1 !!!ntnH	58	1159	23	8	34.78	15	0	26	48	ECEVLIHKDTQKFIITFVSTDED
PROKKA_00016	tr|A0A0X1KH90|A0A0X1KH90_CLOBA Botulinum neurotoxin type E, nontoxic-nonhemagglutinin component, NTNH OS=Clostridium botulinum (strain Alaska E43 / Type E3) PE=1 SV=1 !!!ntnH	58	1163	22	7	31.82	15	0	26	47	ECEVLIHKDTQKFIITFVSTDE
PROKKA_00016	tr|C4IHM0|C4IHM0_CLOBU Botulinum neurotoxin type E, nontoxic-nonhemagglutinin component, NTNH OS=Clostridium butyricum E4 str. BoNT E BL5262 GN=ntnH PE=4 SV=1 !!!ntnH	58	1163	22	7	31.82	15	0	26	47	ECEVLIHKDTQKFIITFVSTDE
PROKKA_00016	tr|C5UY14|C5UY14_CLOBO Botulinum neurotoxin type E1, nontoxic-nonhemagglutinin component, NTNH OS=Clostridium botulinum E1 str. 'BoNT E Beluga' GN=ntnH PE=4 SV=1 !!!ntnH	58	1163	22	7	31.82	15	0	26	47	ECEVLIHKDTQKFIITFVSTDE
PROKKA_00017	tr|B1INP6|B1INP6_CLOBK Botulinum neurotoxin type B1, nontoxic-nonhemagglutinin component, NTNH OS=Clostridium botulinum (strain Okra / Type B1) GN=ntnH PE=4 SV=1 !!!ntnH	46	1197	43	12	27.91	31	0	2	44	YNLINSLSNGDQKMFWLIFDLIVIATFHLIWFSYLFFKRKDSE
PROKKA_00017	tr|A5HZZ8|A5HZZ8_CLOBH Type A progenitor toxin nontoxic-nonha OS=Clostridium botulinum (strain Hall / ATCC 3502 / NCTC 13319 / Type A) GN=ntnH PE=4 SV=1 !!!ntnH	46	1193	43	12	27.91	31	0	2	44	YNLINSLSNGDQKMFWLIFDLIVIATFHLIWFSYLFFKRKDSE
PROKKA_00017	tr|A0A060N6G5|A0A060N6G5_CLOBO Nontoxic-nonhemagglutinin component, NTNH OS=Clostridium botulinum B str. Osaka05 GN=CBO05P2_175 PE=4 SV=1 !!!ntnH	46	1197	43	12	27.91	31	0	2	44	YNLINSLSNGDQKMFWLIFDLIVIATFHLIWFSYLFFKRKDSE
PROKKA_00017	tr|B2TSC3|B2TSC3_CLOBB Botulinum neurotoxin type B OS=Clostridium botulinum (strain Eklund 17B / Type B) GN=ntnH PE=4 SV=1 !!!ntnH	46	1197	43	12	27.91	31	0	2	44	YNLINSLSNGDQKMFWLIFDLIVIATFHLIWFSYLFFKRKDSE
PROKKA_00017	tr|C1FUH8|C1FUH8_CLOBJ Botulinum neurotoxin type A2, nontoxic-nonhemagglutinin component, NTNH OS=Clostridium botulinum (strain Kyoto / Type A2) GN=ntnH PE=4 SV=1 !!!ntnH	46	1159	43	9	20.93	34	0	2	44	YNLINSLSNGDQKMFWLIFDLIVIATFHLIWFSYLFFKRKDSE
PROKKA_00017	tr|A7GBG2|A7GBG2_CLOBL Botulinum neurotoxin type F, nontoxic-nonhemagglutinin component, NTNH OS=Clostridium botulinum (strain Langeland / NCTC 10281 / Type F) GN=ntnH PE=4 SV=1 !!!ntnH	46	1163	43	9	20.93	34	0	2	44	YNLINSLSNGDQKMFWLIFDLIVIATFHLIWFSYLFFKRKDSE
PROKKA_00017	tr|B1L2G4|B1L2G4_CLOBM Botulinum neurotoxin type A3, nontoxic-nonhemagglutinin component, NTNH OS=Clostridium botulinum (strain Loch Maree / Type A3) GN=ntnH PE=4 SV=1 !!!ntnH	46	1159	43	9	20.93	34	0	2	44	YNLINSLSNGDQKMFWLIFDLIVIATFHLIWFSYLFFKRKDSE
PROKKA_00017	tr|B1L2G4|B1L2G4_CLOBM Botulinum neurotoxin type A3, nontoxic-nonhemagglutinin component, NTNH OS=Clostridium botulinum (strain Loch Maree / Type A3) GN=ntnH PE=4 SV=1 !!!ntnH	46	1159	18	8	44.44	8	2	1	18	MYNLINSLSNGDQKMFWL
PROKKA_00017	tr|A7GBF8|A7GBF8_CLOBL Toxin complex component ORF-X2 OS=Clostridium botulinum (strain Langeland / NCTC 10281 / Type F) GN=CLI_0846 PE=4 SV=1 !!!ORF-X2	46	750	30	12	40.00	17	1	3	32	NLINSLSNGDQKMFWLIFDLIVIATFHLIW
PROKKA_00017	tr|C5VU80|C5VU80_CLOBO Botulinum neurotoxin type D, nontoxic-nonhemagglutinin component, NTNH OS=Clostridium botulinum D str. 1873 GN=ntnH PE=4 SV=1 !!!ntnH	46	1196	43	8	18.60	35	0	2	44	YNLINSLSNGDQKMFWLIFDLIVIATFHLIWFSYLFFKRKDSE
PROKKA_00018	tr|C1FUH8|C1FUH8_CLOBJ Botulinum neurotoxin type A2, nontoxic-nonhemagglutinin component, NTNH OS=Clostridium botulinum (strain Kyoto / Type A2) GN=ntnH PE=4 SV=1 !!!ntnH	363	1159	14	7	50.00	7	0	140	153	GLKPKDLMGIPWRV
PROKKA_00018	tr|C1FUH8|C1FUH8_CLOBJ Botulinum neurotoxin type A2, nontoxic-nonhemagglutinin component, NTNH OS=Clostridium botulinum (strain Kyoto / Type A2) GN=ntnH PE=4 SV=1 !!!ntnH	363	1159	38	13	34.21	16	9	35	72	KLLDDNSIDCCITFPPYWGLRDYGVDGQIGLEETLQDY
PROKKA_00018	tr|A7GBG2|A7GBG2_CLOBL Botulinum neurotoxin type F, nontoxic-nonhemagglutinin component, NTNH OS=Clostridium botulinum (strain Langeland / NCTC 10281 / Type F) GN=ntnH PE=4 SV=1 !!!ntnH	363	1163	14	7	50.00	7	0	140	153	GLKPKDLMGIPWRV
PROKKA_00018	tr|A7GBG2|A7GBG2_CLOBL Botulinum neurotoxin type F, nontoxic-nonhemagglutinin component, NTNH OS=Clostridium botulinum (strain Langeland / NCTC 10281 / Type F) GN=ntnH PE=4 SV=1 !!!ntnH	363	1163	64	16	25.00	37	11	50	104	PYWGLRDYGVDGQIGLEETLQDY---------LKEMVEVFREVKRILKPEGTLWLNLGDSYVGT
PROKKA_00018	tr|A7GBG2|A7GBG2_CLOBL Botulinum neurotoxin type F, nontoxic-nonhemagglutinin component, NTNH OS=Clostridium botulinum (strain Langeland / NCTC 10281 / Type F) GN=ntnH PE=4 SV=1 !!!ntnH	363	1163	30	8	26.67	22	0	173	202	TNCMPEAVKDRPTKAHEYIFLLSKSNRYYY
PROKKA_00018	tr|A0A0X1KH90|A0A0X1KH90_CLOBA Botulinum neurotoxin type E, nontoxic-nonhemagglutinin component, NTNH OS=Clostridium botulinum (strain Alaska E43 / Type E3) PE=1 SV=1 !!!ntnH	363	1163	14	7	50.00	7	0	140	153	GLKPKDLMGIPWRV
PROKKA_00018	tr|A0A0X1KH90|A0A0X1KH90_CLOBA Botulinum neurotoxin type E, nontoxic-nonhemagglutinin component, NTNH OS=Clostridium botulinum (strain Alaska E43 / Type E3) PE=1 SV=1 !!!ntnH	363	1163	23	8	34.78	15	0	50	72	PYWGLRDYGVDGQIGLEETLQDY
PROKKA_00018	tr|C5UY14|C5UY14_CLOBO Botulinum neurotoxin type E1, nontoxic-nonhemagglutinin component, NTNH OS=Clostridium botulinum E1 str. 'BoNT E Beluga' GN=ntnH PE=4 SV=1 !!!ntnH	363	1163	14	7	50.00	7	0	140	153	GLKPKDLMGIPWRV
PROKKA_00018	tr|C5UY14|C5UY14_CLOBO Botulinum neurotoxin type E1, nontoxic-nonhemagglutinin component, NTNH OS=Clostridium botulinum E1 str. 'BoNT E Beluga' GN=ntnH PE=4 SV=1 !!!ntnH	363	1163	23	8	34.78	15	0	50	72	PYWGLRDYGVDGQIGLEETLQDY
PROKKA_00018	tr|C4IHM0|C4IHM0_CLOBU Botulinum neurotoxin type E, nontoxic-nonhemagglutinin component, NTNH OS=Clostridium butyricum E4 str. BoNT E BL5262 GN=ntnH PE=4 SV=1 !!!ntnH	363	1163	14	7	50.00	7	0	140	153	GLKPKDLMGIPWRV
PROKKA_00018	tr|C4IHM0|C4IHM0_CLOBU Botulinum neurotoxin type E, nontoxic-nonhemagglutinin component, NTNH OS=Clostridium butyricum E4 str. BoNT E BL5262 GN=ntnH PE=4 SV=1 !!!ntnH	363	1163	23	8	34.78	15	0	50	72	PYWGLRDYGVDGQIGLEETLQDY
PROKKA_00018	tr|B1L2G4|B1L2G4_CLOBM Botulinum neurotoxin type A3, nontoxic-nonhemagglutinin component, NTNH OS=Clostridium botulinum (strain Loch Maree / Type A3) GN=ntnH PE=4 SV=1 !!!ntnH	363	1159	79	21	26.58	38	20	35	104	KLLDDNSIDCCITFPPYWGLRDYGVDGQIGLEETLQDY---------LKEMVEVFREVKRILKPEGTLWLNLGDSYVGT
PROKKA_00018	tr|B1L2G4|B1L2G4_CLOBM Botulinum neurotoxin type A3, nontoxic-nonhemagglutinin component, NTNH OS=Clostridium botulinum (strain Loch Maree / Type A3) GN=ntnH PE=4 SV=1 !!!ntnH	363	1159	30	8	26.67	22	0	173	202	TNCMPEAVKDRPTKAHEYIFLLSKSNRYYY
PROKKA_00018	tr|A5HZZ8|A5HZZ8_CLOBH Type A progenitor toxin nontoxic-nonha OS=Clostridium botulinum (strain Hall / ATCC 3502 / NCTC 13319 / Type A) GN=ntnH PE=4 SV=1 !!!ntnH	363	1193	19	8	42.11	11	0	140	158	GLKPKDLMGIPWRVAFALQ
PROKKA_00018	tr|B1INP6|B1INP6_CLOBK Botulinum neurotoxin type B1, nontoxic-nonhemagglutinin component, NTNH OS=Clostridium botulinum (strain Okra / Type B1) GN=ntnH PE=4 SV=1 !!!ntnH	363	1197	19	8	42.11	11	0	140	158	GLKPKDLMGIPWRVAFALQ
PROKKA_00018	tr|C5VU80|C5VU80_CLOBO Botulinum neurotoxin type D, nontoxic-nonhemagglutinin component, NTNH OS=Clostridium botulinum D str. 1873 GN=ntnH PE=4 SV=1 !!!ntnH	363	1196	14	6	42.86	8	0	140	153	GLKPKDLMGIPWRV
PROKKA_00018	tr|A0A060N6G5|A0A060N6G5_CLOBO Nontoxic-nonhemagglutinin component, NTNH OS=Clostridium botulinum B str. Osaka05 GN=CBO05P2_175 PE=4 SV=1 !!!ntnH	363	1197	14	6	42.86	8	0	140	153	GLKPKDLMGIPWRV
PROKKA_00018	tr|B2TSC3|B2TSC3_CLOBB Botulinum neurotoxin type B OS=Clostridium botulinum (strain Eklund 17B / Type B) GN=ntnH PE=4 SV=1 !!!ntnH	363	1197	14	6	42.86	8	0	140	153	GLKPKDLMGIPWRV
PROKKA_00019	tr|C5VU79|C5VU79_CLOBO Hemagglutinin component HA33 OS=Clostridium botulinum D str. 1873 GN=ha33 PE=4 SV=1 !!!ha33	99	285	24	12	50.00	12	0	55	78	DKKFKILSNEKQEFGTLTIIKYKE
PROKKA_00019	tr|A0A0A7FV57|A0A0A7FV57_9CLOT Clostridium P-47 family protein OS=Clostridium baratii str. Sullivan GN=U729_696 PE=4 SV=1 !!!P-47	99	491	55	15	27.27	36	4	41	95	DMTIFDSKVITDEKDKKFKILSNEKQEFGTLTIIKYKETGEKFVIFSGYNNGGIA
PROKKA_00019	tr|A0A059PY44|A0A059PY44_9CLOT Toxin complex component ORF-X3 OS=Clostridium baratii PE=4 SV=1 !!!ORF-X3	99	491	55	15	27.27	36	4	41	95	DMTIFDSKVITDEKDKKFKILSNEKQEFGTLTIIKYKETGEKFVIFSGYNNGGIA
PROKKA_00019	tr|A0A0C1TZQ5|A0A0C1TZQ5_9CLOT Hemagglutinin components HA-22/23/53 OS=Clostridium argentinense CDC 2741 GN=ha-70 PE=4 SV=1 !!!ha70	99	629	39	14	35.90	20	5	34	69	NTSEETKDMTIF---DSKVITDEKDKKFKILSNEKQEFG
PROKKA_00019	tr|B1L2G4|B1L2G4_CLOBM Botulinum neurotoxin type A3, nontoxic-nonhemagglutinin component, NTNH OS=Clostridium botulinum (strain Loch Maree / Type A3) GN=ntnH PE=4 SV=1 !!!ntnH	99	1159	27	8	29.63	19	0	52	78	DEKDKKFKILSNEKQEFGTLTIIKYKE
PROKKA_00019	tr|C4IHM0|C4IHM0_CLOBU Botulinum neurotoxin type E, nontoxic-nonhemagglutinin component, NTNH OS=Clostridium butyricum E4 str. BoNT E BL5262 GN=ntnH PE=4 SV=1 !!!ntnH	99	1163	19	9	47.37	10	0	55	73	DKKFKILSNEKQEFGTLTI
PROKKA_00020	tr|A0A060NA10|A0A060NA10_CLOBO Haemagglutinin component HA70 OS=Clostridium botulinum B str. Osaka05 GN=CBO05P2_179 PE=4 SV=1 !!!ha70	62	626	27	10	37.04	16	1	15	41	ILNRNYIYKAKLFESIKGVIKYAMFLS
PROKKA_00020	tr|A5HZZ4|A5HZZ4_CLOBH Hemagglutinin component of the neurotoxin complex OS=Clostridium botulinum (strain Hall / ATCC 3502 / NCTC 13319 / Type A) GN=ha70 PE=1 SV=1 !!!ha70	62	626	27	10	37.04	16	1	15	41	ILNRNYIYKAKLFESIKGVIKYAMFLS
PROKKA_00020	tr|M1ZPH7|M1ZPH7_CLOBO Hemagglutinin component HA70 OS=Clostridium botulinum CFSAN001627 GN=CFSAN001627_19663 PE=4 SV=1 !!!ha70	62	626	27	10	37.04	16	1	15	41	ILNRNYIYKAKLFESIKGVIKYAMFLS
PROKKA_00020	tr|B2TSB9|B2TSB9_CLOBB Heamagglutinin components HA-70 OS=Clostridium botulinum (strain Eklund 17B / Type B) GN=ha70 PE=4 SV=1 !!!ha70	62	626	27	10	37.04	16	1	15	41	ILNRNYIYKAKLFESIKGVIKYAMFLS
PROKKA_00020	tr|A0A0B4W4X0|A0A0B4W4X0_CLOBO Hemagglutinin components HA-22/23/53 OS=Clostridium botulinum Prevot_594 GN=ha-70 PE=4 SV=1 !!!ha70	62	626	27	10	37.04	16	1	15	41	ILNRNYIYKAKLFESIKGVIKYAMFLS
PROKKA_00020	tr|S8BA68|S8BA68_CLOBO Hemagglutinin component HA70 OS=Clostridium botulinum CFSAN002367 GN=CFSAN002367_15786 PE=4 SV=1 !!!ha70	62	508	27	10	37.04	16	1	15	41	ILNRNYIYKAKLFESIKGVIKYAMFLS
PROKKA_00020	tr|A0A0E1L2H2|A0A0E1L2H2_CLOBO Hemagglutinin components HA-22/23/53 OS=Clostridium botulinum CDC_1436 GN=ha-70 PE=4 SV=1 !!!ha70	62	626	27	10	37.04	16	1	15	41	ILNRNYIYKAKLFESIKGVIKYAMFLS
PROKKA_00020	tr|B1INQ0|B1INQ0_CLOBK Hemagglutinin component HA70 OS=Clostridium botulinum (strain Okra / Type B1) GN=ha70 PE=4 SV=1 !!!ha70	62	626	27	10	37.04	16	1	15	41	ILNRNYIYKAKLFESIKGVIKYAMFLS
PROKKA_00020	tr|C5UY11|C5UY11_CLOBO Toxin complex component ORF-X2 OS=Clostridium botulinum E1 str. 'BoNT E Beluga' GN=CLO_2648 PE=4 SV=1 !!!ORF-X2	62	748	24	9	37.50	15	0	13	36	FLILNRNYIYKAKLFESIKGVIKY
PROKKA_00021	tr|A0A059PYB0|A0A059PYB0_9CLOT Toxin complex component ORF-X2 OS=Clostridium baratii PE=4 SV=1 !!!ORF-X2	53	748	10	6	60.00	4	0	28	37	SFKKHNLEDV
PROKKA_00021	tr|C5UY11|C5UY11_CLOBO Toxin complex component ORF-X2 OS=Clostridium botulinum E1 str. 'BoNT E Beluga' GN=CLO_2648 PE=4 SV=1 !!!ORF-X2	53	748	14	6	42.86	8	0	24	37	YWEKSFKKHNLEDV
PROKKA_00021	tr|A0A059PYE4|A0A059PYE4_9CLOT Toxin OS=Clostridium baratii GN=UC77_04385 PE=4 SV=1 !!! 	53	140	16	7	43.75	9	0	26	41	EKSFKKHNLEDVIEWV
PROKKA_00021	tr|A0A0A7FVW8|A0A0A7FVW8_9CLOT Putative oRF-X1 OS=Clostridium baratii str. Sullivan GN=U729_698 PE=4 SV=1 !!!ORF-X1	53	140	16	7	43.75	9	0	26	41	EKSFKKHNLEDVIEWV
PROKKA_00022	tr|B1L2G2|B1L2G2_CLOBM Transcriptional regulator BotR, P-21 OS=Clostridium botulinum (strain Loch Maree / Type A3) GN=botR PE=4 SV=1 !!!BotR	105	184	95	28	29.47	46	21	9	86	LMTKLNSNSFNREQLNIIEEYNNKDKKLFLITIC--------IVFASSIFDSIFRINLI---------FEIVDTVSIISAMLILIRYLYFKLTMK
PROKKA_00022	tr|A0A0C1QVR0|A0A0C1QVR0_9CLOT Transcriptional regulator BotR, P-21 OS=Clostridium argentinense CDC 2741 GN=botR PE=4 SV=1 !!!BotR	105	178	94	25	26.60	52	17	9	87	LMTKLNSNSFNREQLNIIEEYNNKDKKLFLITIC--------IVFAS-------SIFDSIFRINLIFEIVDTVSIISAMLILIRYLYFKLTMKK
PROKKA_00022	tr|A0A0C1QVX2|A0A0C1QVX2_9CLOT Hemagglutinin component HA-17 OS=Clostridium argentinense CDC 2741 GN=ha-17 PE=4 SV=1 !!!ha17	105	147	30	11	36.67	17	2	3	30	IILISELMTKLNSNSFNRE--QLNIIEEYN
PROKKA_00022	tr|A0A073CMR9|A0A073CMR9_CLOBO Transcriptional regulator OS=Clostridium botulinum A2B3 87 GN=N496_18580 PE=4 SV=1 !!! 	105	178	95	27	28.42	47	21	9	86	LMTKLNSNSFNREQLNIIEEYNNKDKKLFLITIC--------IVFASSIFDSIFRINLI---------FEIVDTVSIISAMLILIRYLYFKLTMK
PROKKA_00022	tr|A7GBG0|A7GBG0_CLOBL Transcriptional regulator BotR, P-21 OS=Clostridium botulinum (strain Langeland / NCTC 10281 / Type F) GN=botR PE=4 SV=1 !!!BotR	105	178	94	26	27.66	49	19	9	86	LMTKLNSNSFNREQLNIIEEYNNKDKKLFLITIC--------IVFASSIF--------DSIFRINLIFEIVDTVSIISAMLILIRYLYFKLTMK
PROKKA_00022	tr|A0A060NA10|A0A060NA10_CLOBO Haemagglutinin component HA70 OS=Clostridium botulinum B str. Osaka05 GN=CBO05P2_179 PE=4 SV=1 !!!ha70	105	626	53	14	26.42	37	2	41	93	ICIVFASSIFDSIFRINLIFEIVDTVSIISAMLILIRYLYFKLTMKKSLLIEL
PROKKA_00022	tr|A0A0E1L2H2|A0A0E1L2H2_CLOBO Hemagglutinin components HA-22/23/53 OS=Clostridium botulinum CDC_1436 GN=ha-70 PE=4 SV=1 !!!ha70	105	626	53	14	26.42	37	2	41	93	ICIVFASSIFDSIFRINLIFEIVDTVSIISAMLILIRYLYFKLTMKKSLLIEL
PROKKA_00022	tr|B1INQ0|B1INQ0_CLOBK Hemagglutinin component HA70 OS=Clostridium botulinum (strain Okra / Type B1) GN=ha70 PE=4 SV=1 !!!ha70	105	626	53	14	26.42	37	2	41	93	ICIVFASSIFDSIFRINLIFEIVDTVSIISAMLILIRYLYFKLTMKKSLLIEL
PROKKA_00022	tr|A0A0B4W4X0|A0A0B4W4X0_CLOBO Hemagglutinin components HA-22/23/53 OS=Clostridium botulinum Prevot_594 GN=ha-70 PE=4 SV=1 !!!ha70	105	626	53	14	26.42	37	2	41	93	ICIVFASSIFDSIFRINLIFEIVDTVSIISAMLILIRYLYFKLTMKKSLLIEL
PROKKA_00023	tr|C5VU80|C5VU80_CLOBO Botulinum neurotoxin type D, nontoxic-nonhemagglutinin component, NTNH OS=Clostridium botulinum D str. 1873 GN=ntnH PE=4 SV=1 !!!ntnH	78	1196	43	15	34.88	21	7	20	56	ITRENKKYLSLMKQLDKSKKNNIRKRLI------AAVEKWVEC
PROKKA_00023	tr|B1BE43|B1BE43_CLOBO Botulinum neurotoxin type C, nontoxic-nonhemagglutinin component NTNH OS=Clostridium botulinum C str. Eklund GN=CBC_A0166 PE=4 SV=1 !!!ntnH	78	1196	43	15	34.88	21	7	20	56	ITRENKKYLSLMKQLDKSKKNNIRKRLI------AAVEKWVEC
PROKKA_00024	tr|A0A060N6G5|A0A060N6G5_CLOBO Nontoxic-nonhemagglutinin component, NTNH OS=Clostridium botulinum B str. Osaka05 GN=CBO05P2_175 PE=4 SV=1 !!!ntnH	53	1197	36	10	27.78	26	0	6	41	MQELTQIWEVIIIWIKYMLMHLAIAMPIMFIVMKFL
PROKKA_00024	tr|B2TSC3|B2TSC3_CLOBB Botulinum neurotoxin type B OS=Clostridium botulinum (strain Eklund 17B / Type B) GN=ntnH PE=4 SV=1 !!!ntnH	53	1197	36	10	27.78	26	0	6	41	MQELTQIWEVIIIWIKYMLMHLAIAMPIMFIVMKFL
PROKKA_00025	tr|A0A060N3U8|A0A060N3U8_CLOBO Transcriptional regulator botR OS=Clostridium botulinum B str. Osaka05 GN=CBO05P2_176 PE=4 SV=1 !!!BotR	91	178	41	15	36.59	25	1	1	40	MNIWISVTKDKEIKKIYYDFNKQIKELDI-RRLKVEYEVIY
PROKKA_00025	tr|M1ZWZ6|M1ZWZ6_CLOBO Transcriptional regulator BotR, P-21 OS=Clostridium botulinum CFSAN001627 GN=CFSAN001627_10483 PE=4 SV=1 !!!BotR	91	178	41	15	36.59	25	1	1	40	MNIWISVTKDKEIKKIYYDFNKQIKELDI-RRLKVEYEVIY
PROKKA_00025	tr|A0A0D1AER2|A0A0D1AER2_CLOBO Transcriptional regulator OS=Clostridium botulinum B2 450 GN=N495_19875 PE=4 SV=1 !!! 	91	178	41	15	36.59	25	1	1	40	MNIWISVTKDKEIKKIYYDFNKQIKELDI-RRLKVEYEVIY
PROKKA_00025	tr|A0A073CP83|A0A073CP83_CLOBO Transcriptional regulator OS=Clostridium botulinum A2B3 87 GN=N496_19575 PE=4 SV=1 !!! 	91	178	41	15	36.59	25	1	1	40	MNIWISVTKDKEIKKIYYDFNKQIKELDI-RRLKVEYEVIY
PROKKA_00025	tr|A5HZZ7|A5HZZ7_CLOBH RNA polymerase ECF-type sigma factor OS=Clostridium botulinum (strain Hall / ATCC 3502 / NCTC 13319 / Type A) GN=botR PE=4 SV=1 !!!BotR	91	178	41	15	36.59	25	1	1	40	MNIWISVTKDKEIKKIYYDFNKQIKELDI-RRLKVEYEVIY
PROKKA_00025	tr|S8CEF4|S8CEF4_CLOBO Transcriptional regulator BotR, P-21 OS=Clostridium botulinum CFSAN002367 GN=CFSAN002367_15806 PE=4 SV=1 !!!BotR	91	178	41	15	36.59	25	1	1	40	MNIWISVTKDKEIKKIYYDFNKQIKELDI-RRLKVEYEVIY
PROKKA_00025	tr|B2TSC2|B2TSC2_CLOBB Putative RNA polymerase sigma factor OS=Clostridium botulinum (strain Eklund 17B / Type B) GN=botR PE=4 SV=1 !!!BotR	91	179	41	15	36.59	25	1	1	40	MNIWISVTKDKEIKKIYYDFNKQIKELDI-RRLKVEYEVIY
PROKKA_00025	tr|B1L2G2|B1L2G2_CLOBM Transcriptional regulator BotR, P-21 OS=Clostridium botulinum (strain Loch Maree / Type A3) GN=botR PE=4 SV=1 !!!BotR	91	184	37	12	32.43	24	1	5	40	ISVTKDKEIKKIYYDFNKQIKELDI-RRLKVEYEVIY
PROKKA_00025	tr|A0A0C1QVR0|A0A0C1QVR0_9CLOT Transcriptional regulator BotR, P-21 OS=Clostridium argentinense CDC 2741 GN=botR PE=4 SV=1 !!!BotR	91	178	41	13	31.71	27	1	1	40	MNIWISVTKDKEIKKIYYDFNKQIKELDIR-RLKVEYEVIY
PROKKA_00025	tr|A0A059PYB0|A0A059PYB0_9CLOT Toxin complex component ORF-X2 OS=Clostridium baratii PE=4 SV=1 !!!ORF-X2	91	748	50	14	28.00	34	2	24	73	IKELDIRRLKVEYEVIYNIYKYSKELEDSNNESTNNIENIIKWINIIDVN
PROKKA_00025	tr|B2TSC3|B2TSC3_CLOBB Botulinum neurotoxin type B OS=Clostridium botulinum (strain Eklund 17B / Type B) GN=ntnH PE=4 SV=1 !!!ntnH	91	1197	18	8	44.44	10	0	28	45	DIRRLKVEYEVIYNIYKY
PROKKA_00025	tr|A0A059PYE4|A0A059PYE4_9CLOT Toxin OS=Clostridium baratii GN=UC77_04385 PE=4 SV=1 !!! 	91	140	50	18	36.00	24	8	13	59	IKKIYYDF--NKQIKELD-IRRLKVEYEVIYNIYKYSKELEDSNNESTNN
PROKKA_00025	tr|A0A0A7FVW8|A0A0A7FVW8_9CLOT Putative oRF-X1 OS=Clostridium baratii str. Sullivan GN=U729_698 PE=4 SV=1 !!!ORF-X1	91	140	50	18	36.00	24	8	13	59	IKKIYYDF--NKQIKELD-IRRLKVEYEVIYNIYKYSKELEDSNNESTNN
PROKKA_00025	tr|S8BA68|S8BA68_CLOBO Hemagglutinin component HA70 OS=Clostridium botulinum CFSAN002367 GN=CFSAN002367_15786 PE=4 SV=1 !!!ha70	91	508	20	10	50.00	10	0	43	62	YKYSKELEDSNNESTNNIEN
PROKKA_00025	tr|M1ZPH7|M1ZPH7_CLOBO Hemagglutinin component HA70 OS=Clostridium botulinum CFSAN001627 GN=CFSAN001627_19663 PE=4 SV=1 !!!ha70	91	626	20	10	50.00	10	0	43	62	YKYSKELEDSNNESTNNIEN
PROKKA_00025	tr|B2TSB9|B2TSB9_CLOBB Heamagglutinin components HA-70 OS=Clostridium botulinum (strain Eklund 17B / Type B) GN=ha70 PE=4 SV=1 !!!ha70	91	626	20	10	50.00	10	0	43	62	YKYSKELEDSNNESTNNIEN
PROKKA_00025	tr|A0A0B4W4X0|A0A0B4W4X0_CLOBO Hemagglutinin components HA-22/23/53 OS=Clostridium botulinum Prevot_594 GN=ha-70 PE=4 SV=1 !!!ha70	91	626	20	10	50.00	10	0	43	62	YKYSKELEDSNNESTNNIEN
PROKKA_00025	tr|A5HZZ4|A5HZZ4_CLOBH Hemagglutinin component of the neurotoxin complex OS=Clostridium botulinum (strain Hall / ATCC 3502 / NCTC 13319 / Type A) GN=ha70 PE=1 SV=1 !!!ha70	91	626	20	10	50.00	10	0	43	62	YKYSKELEDSNNESTNNIEN
PROKKA_00025	tr|B1INQ0|B1INQ0_CLOBK Hemagglutinin component HA70 OS=Clostridium botulinum (strain Okra / Type B1) GN=ha70 PE=4 SV=1 !!!ha70	91	626	20	10	50.00	10	0	43	62	YKYSKELEDSNNESTNNIEN
PROKKA_00025	tr|A0A060NA10|A0A060NA10_CLOBO Haemagglutinin component HA70 OS=Clostridium botulinum B str. Osaka05 GN=CBO05P2_179 PE=4 SV=1 !!!ha70	91	626	20	10	50.00	10	0	43	62	YKYSKELEDSNNESTNNIEN
PROKKA_00025	tr|A0A0E1L2H2|A0A0E1L2H2_CLOBO Hemagglutinin components HA-22/23/53 OS=Clostridium botulinum CDC_1436 GN=ha-70 PE=4 SV=1 !!!ha70	91	626	20	10	50.00	10	0	43	62	YKYSKELEDSNNESTNNIEN
PROKKA_00025	tr|C5VU80|C5VU80_CLOBO Botulinum neurotoxin type D, nontoxic-nonhemagglutinin component, NTNH OS=Clostridium botulinum D str. 1873 GN=ntnH PE=4 SV=1 !!!ntnH	91	1196	54	18	33.33	28	8	32	77	LKVEYEVIYNIYK------YSKELEDSNNESTNN--IENIIKWINIIDVNSLEE
PROKKA_00025	tr|B1BE43|B1BE43_CLOBO Botulinum neurotoxin type C, nontoxic-nonhemagglutinin component NTNH OS=Clostridium botulinum C str. Eklund GN=CBC_A0166 PE=4 SV=1 !!!ntnH	91	1196	54	18	33.33	28	8	32	77	LKVEYEVIYNIYK------YSKELEDSNNESTNN--IENIIKWINIIDVNSLEE
PROKKA_00025	tr|A0A073CND8|A0A073CND8_CLOBO P-47 protein OS=Clostridium botulinum A2B3 87 GN=N496_18585 PE=4 SV=1 !!!P-47	91	415	41	12	29.27	24	5	51	86	DSNNESTNNIENIIKWINIIDVN-----SLEELENALDEQI
PROKKA_00025	tr|A7GBG1|A7GBG1_CLOBL P-47 protein OS=Clostridium botulinum (strain Langeland / NCTC 10281 / Type F) GN=p47 PE=4 SV=1 !!!P-47	91	416	35	9	25.71	26	0	2	36	NIWISVTKDKEIKKIYYDFNKQIKELDIRRLKVEY
PROKKA_00025	tr|A0A0X1KH90|A0A0X1KH90_CLOBA Botulinum neurotoxin type E, nontoxic-nonhemagglutinin component, NTNH OS=Clostridium botulinum (strain Alaska E43 / Type E3) PE=1 SV=1 !!!ntnH	91	1163	8	6	75.00	2	0	13	20	IKKIYYDF
PROKKA_00025	tr|C5UY14|C5UY14_CLOBO Botulinum neurotoxin type E1, nontoxic-nonhemagglutinin component, NTNH OS=Clostridium botulinum E1 str. 'BoNT E Beluga' GN=ntnH PE=4 SV=1 !!!ntnH	91	1163	8	6	75.00	2	0	13	20	IKKIYYDF
PROKKA_00025	tr|C4IHM0|C4IHM0_CLOBU Botulinum neurotoxin type E, nontoxic-nonhemagglutinin component, NTNH OS=Clostridium butyricum E4 str. BoNT E BL5262 GN=ntnH PE=4 SV=1 !!!ntnH	91	1163	8	6	75.00	2	0	13	20	IKKIYYDF
