PROKKA_00001	tr|B1L2G4|B1L2G4_CLOBM Botulinum neurotoxin type A3, nontoxic-nonhemagglutinin component, NTNH OS=Clostridium botulinum (strain Loch Maree / Type A3) GN=ntnH PE=4 SV=1 !!!ntnH	257	1159	58	20	34.48	34	4	95	152	SDGKINTSINFEYLTNKEQEEFIDIEIKKITDKLINDKMSDFEKVKAINDYLANRYEY
PROKKA_00001	tr|A7GBG2|A7GBG2_CLOBL Botulinum neurotoxin type F, nontoxic-nonhemagglutinin component, NTNH OS=Clostridium botulinum (strain Langeland / NCTC 10281 / Type F) GN=ntnH PE=4 SV=1 !!!ntnH	257	1163	58	20	34.48	34	4	95	152	SDGKINTSINFEYLTNKEQEEFIDIEIKKITDKLINDKMSDFEKVKAINDYLANRYEY
PROKKA_00001	tr|B1BE46|B1BE46_CLOBO Non-toxin haemagglutinin HA-70 OS=Clostridium botulinum C str. Eklund GN=CBC_A0169 PE=4 SV=1 !!!ha70	257	623	35	10	28.57	25	0	82	116	ERSWLEIKPNVNISDGKINTSINFEYLTNKEQEEF
PROKKA_00002	tr|A0A0X1KH90|A0A0X1KH90_CLOBA Botulinum neurotoxin type E, nontoxic-nonhemagglutinin component, NTNH OS=Clostridium botulinum (strain Alaska E43 / Type E3) PE=1 SV=1 !!!ntnH	46	1163	24	9	37.50	15	0	15	38	SFVVLIVSIKFLWVSILIFIDRVV
PROKKA_00002	tr|C5UY14|C5UY14_CLOBO Botulinum neurotoxin type E1, nontoxic-nonhemagglutinin component, NTNH OS=Clostridium botulinum E1 str. 'BoNT E Beluga' GN=ntnH PE=4 SV=1 !!!ntnH	46	1163	24	9	37.50	15	0	15	38	SFVVLIVSIKFLWVSILIFIDRVV
PROKKA_00002	tr|C4IHM0|C4IHM0_CLOBU Botulinum neurotoxin type E, nontoxic-nonhemagglutinin component, NTNH OS=Clostridium butyricum E4 str. BoNT E BL5262 GN=ntnH PE=4 SV=1 !!!ntnH	46	1163	24	9	37.50	15	0	15	38	SFVVLIVSIKFLWVSILIFIDRVV
PROKKA_00002	tr|A7GBG2|A7GBG2_CLOBL Botulinum neurotoxin type F, nontoxic-nonhemagglutinin component, NTNH OS=Clostridium botulinum (strain Langeland / NCTC 10281 / Type F) GN=ntnH PE=4 SV=1 !!!ntnH	46	1163	21	9	42.86	12	0	15	35	SFVVLIVSIKFLWVSILIFID
PROKKA_00003	tr|C5UY13|C5UY13_CLOBO P-47 protein OS=Clostridium botulinum E1 str. 'BoNT E Beluga' GN=p47 PE=4 SV=1 !!!P-47	474	416	122	26	21.31	80	16	318	423	INSTKSNYI--------GKYNYKNKTL-----VELLEISLEEMKHMTSLISKEHKFQ---RNNERRKSLRRNENGLTKREQLKKDNLIKIIKLMDEGRKTKEIAETLDISLRMVQKYKKELK
PROKKA_00004	tr|A7GBF9|A7GBF9_CLOBL Toxin complex component ORF-X1 OS=Clostridium botulinum (strain Langeland / NCTC 10281 / Type F) GN=CLI_0847 PE=4 SV=1 !!!ORF-X1	107	142	46	20	43.48	15	11	46	85	DIKDLLRFNIKELLRLKVEYL-----NQKKECDDAN-KNKKIENKL
PROKKA_00004	tr|B1L2G1|B1L2G1_CLOBM Toxin complex component ORF-X1 OS=Clostridium botulinum (strain Loch Maree / Type A3) GN=CLK_A0072 PE=4 SV=1 !!!ORF-X1	107	142	41	16	39.02	24	1	46	85	DIKDLLRFNIKELLRLKVEYLNQKKECDDAN-KNKKIENKL
PROKKA_00004	tr|C1FUH5|C1FUH5_CLOBJ Toxin complex component ORF-X1 OS=Clostridium botulinum (strain Kyoto / Type A2) GN=CLM_0893 PE=4 SV=1 !!!ORF-X1	107	142	46	18	39.13	17	11	46	85	DIKDLLRFNIKELLRLKVEYL-----NQKKECDDAN-KNKKIENKL
PROKKA_00004	tr|A0A073CND8|A0A073CND8_CLOBO P-47 protein OS=Clostridium botulinum A2B3 87 GN=N496_18585 PE=4 SV=1 !!!P-47	107	415	50	12	24.00	34	4	8	53	IRLTEVQKEDIKLRAKNKSLKMSEYILNKIY----ENPESTNDIKDLLRF
PROKKA_00005	tr|A0A059PYB0|A0A059PYB0_9CLOT Toxin complex component ORF-X2 OS=Clostridium baratii PE=4 SV=1 !!!ORF-X2	182	748	124	29	23.39	85	10	4	125	GYVRVNTKEQLNNNSIEK-QIFEIFDVYSNAIIYEETFNNKFTVRPKFLELLDLLNKHDILVVTELDKF-CTSIKEGLKYIKMLINNGVKVHILNMGMIENTSIGNLIIKNLIAFDKFEEMILK
PROKKA_00005	tr|A5HZZ8|A5HZZ8_CLOBH Type A progenitor toxin nontoxic-nonha OS=Clostridium botulinum (strain Hall / ATCC 3502 / NCTC 13319 / Type A) GN=ntnH PE=4 SV=1 !!!ntnH	182	1193	39	15	38.46	19	5	21	59	KQIFEIFDVYSNAIIYEETFNNKFTVRPKFLELLDLLNK
PROKKA_00005	tr|C1FUH8|C1FUH8_CLOBJ Botulinum neurotoxin type A2, nontoxic-nonhemagglutinin component, NTNH OS=Clostridium botulinum (strain Kyoto / Type A2) GN=ntnH PE=4 SV=1 !!!ntnH	182	1159	39	15	38.46	19	5	21	59	KQIFEIFDVYSNAIIYEETFNNKFTVRPKFLELLDLLNK
PROKKA_00005	tr|C5VU80|C5VU80_CLOBO Botulinum neurotoxin type D, nontoxic-nonhemagglutinin component, NTNH OS=Clostridium botulinum D str. 1873 GN=ntnH PE=4 SV=1 !!!ntnH	182	1196	90	18	20.00	69	3	85	173	LINNGVKVHILNMGMIENTSIGNLIIKNLIAFDKFEEMILKQYSKNKDGRPKKFTLIQLRYA-LSLLKVNGGKNSYNEVARITGISKSTL
PROKKA_00006	tr|B1BE43|B1BE43_CLOBO Botulinum neurotoxin type C, nontoxic-nonhemagglutinin component NTNH OS=Clostridium botulinum C str. Eklund GN=CBC_A0166 PE=4 SV=1 !!!ntnH	211	1196	50	16	32.00	27	7	12	58	KEKQKTDRQEITLIN---YSKENNFTFGDIIPEKISGSVKANYRPKYKSL
PROKKA_00006	tr|C5VU80|C5VU80_CLOBO Botulinum neurotoxin type D, nontoxic-nonhemagglutinin component, NTNH OS=Clostridium botulinum D str. 1873 GN=ntnH PE=4 SV=1 !!!ntnH	211	1196	25	9	36.00	16	0	34	58	TFGDIIPEKISGSVKANYRPKYKSL
PROKKA_00006	tr|B2TSC3|B2TSC3_CLOBB Botulinum neurotoxin type B OS=Clostridium botulinum (strain Eklund 17B / Type B) GN=ntnH PE=4 SV=1 !!!ntnH	211	1197	50	16	32.00	24	10	6	55	MRISTNKEKQKTDRQEITLINYSKENNFTFGDIIPEKISGSVKANYRPKY
PROKKA_00006	tr|B1INP6|B1INP6_CLOBK Botulinum neurotoxin type B1, nontoxic-nonhemagglutinin component, NTNH OS=Clostridium botulinum (strain Okra / Type B1) GN=ntnH PE=4 SV=1 !!!ntnH	211	1197	38	12	31.58	22	4	18	55	DRQEITLINYSKENNFTFGDIIPEKISGSVKANYRPKY
PROKKA_00006	tr|A5HZZ8|A5HZZ8_CLOBH Type A progenitor toxin nontoxic-nonha OS=Clostridium botulinum (strain Hall / ATCC 3502 / NCTC 13319 / Type A) GN=ntnH PE=4 SV=1 !!!ntnH	211	1193	38	12	31.58	22	4	18	55	DRQEITLINYSKENNFTFGDIIPEKISGSVKANYRPKY
PROKKA_00006	tr|A0A060N6G5|A0A060N6G5_CLOBO Nontoxic-nonhemagglutinin component, NTNH OS=Clostridium botulinum B str. Osaka05 GN=CBO05P2_175 PE=4 SV=1 !!!ntnH	211	1197	38	12	31.58	22	4	18	55	DRQEITLINYSKENNFTFGDIIPEKISGSVKANYRPKY
PROKKA_00006	tr|A0A0X1KH90|A0A0X1KH90_CLOBA Botulinum neurotoxin type E, nontoxic-nonhemagglutinin component, NTNH OS=Clostridium botulinum (strain Alaska E43 / Type E3) PE=1 SV=1 !!!ntnH	211	1163	38	12	31.58	22	4	18	55	DRQEITLINYSKENNFTFGDIIPEKISGSVKANYRPKY
PROKKA_00006	tr|C5UY14|C5UY14_CLOBO Botulinum neurotoxin type E1, nontoxic-nonhemagglutinin component, NTNH OS=Clostridium botulinum E1 str. 'BoNT E Beluga' GN=ntnH PE=4 SV=1 !!!ntnH	211	1163	38	12	31.58	22	4	18	55	DRQEITLINYSKENNFTFGDIIPEKISGSVKANYRPKY
PROKKA_00006	tr|C4IHM0|C4IHM0_CLOBU Botulinum neurotoxin type E, nontoxic-nonhemagglutinin component, NTNH OS=Clostridium butyricum E4 str. BoNT E BL5262 GN=ntnH PE=4 SV=1 !!!ntnH	211	1163	38	12	31.58	22	4	18	55	DRQEITLINYSKENNFTFGDIIPEKISGSVKANYRPKY
PROKKA_00007	tr|A0A060N6G5|A0A060N6G5_CLOBO Nontoxic-nonhemagglutinin component, NTNH OS=Clostridium botulinum B str. Osaka05 GN=CBO05P2_175 PE=4 SV=1 !!!ntnH	1292	1197	302	87	28.81	160	55	6	281	NNFNYNDPIDNDNIIMMEPPFARGTGRYYKAFKITDRIWIIPERYTFGYK---PEDFNKSSGIFNRDVCEYYDPDYLNTNDKKNIFLQTMIKLFNRIKSKPLGEKLLEMIINGIPY----------------LGDRRVPLEEFNTNIASVT----VNKLISNPGEVEQKKGIFA-NLIIFGPGPVLNENETIDIGIQNHFASREGFGGIMQMKFCPEYVSVFNNVQENKGASIFNRRGYFSDPALILMHELIHVLHGLYGIKVDDLPIVPNEKKFFMQSTDTIQAE--ELYTFGGQDPSIIS
PROKKA_00007	tr|A0A060N6G5|A0A060N6G5_CLOBO Nontoxic-nonhemagglutinin component, NTNH OS=Clostridium botulinum B str. Osaka05 GN=CBO05P2_175 PE=4 SV=1 !!!ntnH	1292	1197	594	129	21.72	403	62	538	1102	FQYLYSQTFPLNIRDISLTSSFDDALLVSSK----VYSFFS-----MDYIKTANKVVEAGLFAGWVKQIVDDFVIEANKSSTMDKIADISLIVPYIGLALNVGDETAKGNFESAFEIAGSSILLEFIPELLIPVVGVFLLESYIDN--KNKIIKTIDNALTKRVEKWIDMYGLIVAQWLSTVNTQFYTIKEGMYKALNYQAQALEEIIKYKYNIYSEEEKSNININFNDINSK-----LNDGINQAMDNINDFINECSVSYLMKKMIPLAVKKLLDFDNTLKKNLLNYIDENKLYLIGSVEDEKSKVDKYLKTIIPFDLSTYTNNEILIKIFN-----KYNSEILNNIILNLRYRDNNLI--DLSGYGAKVEVYDGVKL---NDKNQFKLTSSADSKIRVTQNQNIIFNSMFLDFSVSFWIRIPKYRNDDIQNYIHNEYTIINCMKNNSGWKISIRGNRIIWTLIDINGKTKSVFFEYNIREDISEYINR-WFFVTITNN--LDNAKIYINGTLESNMDIKDIGEVIVNGEITFKLDGDVDRTQFIWMKYFSIFNTQLNQSNIKEIYKIQSYSEYLKDFWGNPLMYNKEYYMFN
PROKKA_00007	tr|B2TSC3|B2TSC3_CLOBB Botulinum neurotoxin type B OS=Clostridium botulinum (strain Eklund 17B / Type B) GN=ntnH PE=4 SV=1 !!!ntnH	1292	1197	302	87	28.81	160	55	6	281	NNFNYNDPIDNDNIIMMEPPFARGTGRYYKAFKITDRIWIIPERYTFGYK---PEDFNKSSGIFNRDVCEYYDPDYLNTNDKKNIFLQTMIKLFNRIKSKPLGEKLLEMIINGIPY----------------LGDRRVPLEEFNTNIASVT----VNKLISNPGEVEQKKGIFA-NLIIFGPGPVLNENETIDIGIQNHFASREGFGGIMQMKFCPEYVSVFNNVQENKGASIFNRRGYFSDPALILMHELIHVLHGLYGIKVDDLPIVPNEKKFFMQSTDTIQAE--ELYTFGGQDPSIIS
PROKKA_00007	tr|B2TSC3|B2TSC3_CLOBB Botulinum neurotoxin type B OS=Clostridium botulinum (strain Eklund 17B / Type B) GN=ntnH PE=4 SV=1 !!!ntnH	1292	1197	595	133	22.35	390	72	542	1102	YSQTFPLNIRDISLTSSFDDALLVSSK----VYSFFS-----MDYIKTANKVVEAGLFAGWVKQIVDDFVIEANKSSTMDKIADISLIVPYIGLALNVGDETAKGNFESAFEIAGSSILLEFIPELLIPVVGVFLLESYIDN--KNKIIKTIDNALTKRVEKWIDMYGLIVAQWLSTVNTQFYTIKEGMYKALNYQAQALEEIIKYKYNIYSEEEKSNININFNDINS-----KLNDGINQAMDNINDFINECSVSYLMKKMIPLAVKKLLDFDNTLKKNLLNYIDENKLYLIGSVEDEKSKVDKYLKTIIPFDLSTY---------TNNEILIKIFNKYNSEILNNIILNLRYRDNNLI-DLSGYGAKVEVYDGVKL---NDKNQFKLTSSADSKIRVTQNQNIIFNSMFLDFSVSFWIRIPKYRNDDIQNYIHNEYTIINCMKNNSGWKISIRGNRIIWTLIDINGKTKSVFFEYNIREDISEYINR-WFFVTITNNLDNAK----IYINGTLESNMDIKDIGEVIVNGEITFKLDGDVDRTQFIWMKYFSIFNTQLNQSNIKEIYKIQSYSEYLKDFWGNPLMYNKEYYMFN
PROKKA_00007	tr|A5HZZ8|A5HZZ8_CLOBH Type A progenitor toxin nontoxic-nonha OS=Clostridium botulinum (strain Hall / ATCC 3502 / NCTC 13319 / Type A) GN=ntnH PE=4 SV=1 !!!ntnH	1292	1193	301	85	28.24	161	55	6	280	NNFNYNDPIDNDNIIMMEPPFARGTGRYYKAFKITDRIWIIPERYTFGYK---PEDFNKSSGIFNRDVCEYYDPDYLNTNDKKNIFLQTMIKLFNRIKSKPLGEKLLEMIINGIPY----------------LGDRRVPLEEFNTNIASVT----VNKLISNPGEVEQKKGIFA-NLIIFGPGPVLNENETIDIGIQNHFASREGFGGIMQMKFCPEYVSVFNNVQENKGASIFNRRGYFSDPALILMHELIHVLHGLYGIKVDDLPIVPNEKKFFMQSTDTIQAE--ELYTFGGQDPSII
PROKKA_00007	tr|A5HZZ8|A5HZZ8_CLOBH Type A progenitor toxin nontoxic-nonha OS=Clostridium botulinum (strain Hall / ATCC 3502 / NCTC 13319 / Type A) GN=ntnH PE=4 SV=1 !!!ntnH	1292	1193	602	125	20.76	392	85	542	1102	YSQTFPLNIRDISLTSSFDDALLVSSK----VYSFFS-----MDYIKTANKVVEAGLFAGWVKQIVDDFVIEANKSSTMDKIADISLIVPYIGLALNVGDETAKGNFESAFEIAGSSILLEFIPELLIPVVGVFLLESY-IDNK------NKIIKTIDNALTKRVEKWIDMYGLIVAQWLSTVNTQFYTIKEGMYKALNYQAQALEEIIKYKYNIY------SEEEKSNININFNDINSKLNDGINQAMDNINDFINECSVSYLMKKMIPLAVKKLLDFDNTLKKNLLNYIDENKLYLIGSVEDEKSK-VDKYLKTIIPFDL-------STYTNNEILIKIFNKYNSEILNNIILNLRYRDNNLI-DLSGYGAKVEVYDGVKLNDKNQFKLTSSADSKIRVTQNQNIIFNSMFLD------FSVSFWIRIPKYRNDDIQNYIHNEYTIINCMKNNSGWKISIRGNRIIWTLIDINGKTKSVFFEYNIREDISEYINRWFFVTITNNLDNAK----IYINGTLESNMDIKDIGEVIVNGEITFKLDGDVDRTQFIWMKYFSIFNTQLNQSNIKEIYKIQSYSEYLKDFWGNPLMYNKEYYMFN
PROKKA_00007	tr|B1INP6|B1INP6_CLOBK Botulinum neurotoxin type B1, nontoxic-nonhemagglutinin component, NTNH OS=Clostridium botulinum (strain Okra / Type B1) GN=ntnH PE=4 SV=1 !!!ntnH	1292	1197	302	85	28.15	162	55	6	281	NNFNYNDPIDNDNIIMMEPPFARGTGRYYKAFKITDRIWIIPERYTFGYK---PEDFNKSSGIFNRDVCEYYDPDYLNTNDKKNIFLQTMIKLFNRIKSKPLGEKLLEMIINGIPY----------------LGDRRVPLEEFNTNIASVT----VNKLISNPGEVEQKKGIFA-NLIIFGPGPVLNENETIDIGIQNHFASREGFGGIMQMKFCPEYVSVFNNVQENKGASIFNRRGYFSDPALILMHELIHVLHGLYGIKVDDLPIVPNEKKFFMQSTDTIQAE--ELYTFGGQDPSIIS
PROKKA_00007	tr|B1INP6|B1INP6_CLOBK Botulinum neurotoxin type B1, nontoxic-nonhemagglutinin component, NTNH OS=Clostridium botulinum (strain Okra / Type B1) GN=ntnH PE=4 SV=1 !!!ntnH	1292	1197	592	129	21.79	397	66	542	1102	YSQTFPLNIRDISLTSSFDDALLVSSK----VYSFFS-----MDYIKTANKVVEAGLFAGWVKQIVDDFVIEANKSSTMDKIADISLIVPYIGLALNVGDETAKGNFESAFEIAGSSILLEFIPELLIPVVGVFLLESYIDN--KNKIIKTIDNALTKRVEKWIDMYGLIVAQWLSTVNTQFYTIKEGMYKALNYQAQALEEIIKYKYNIYSEEEKSNININFNDINSK-----LNDGINQAMDNINDFINECSVSYLMKKMIPLAVKKLLDFDNTLKKNLLNYIDENKLYLIGSVEDEKSKVDKYLKTIIPFDLSTYTNNEILIKIFN-----KYNSEILNNIILNLRYRDNNLI--DLSGYGAKVEVYDGVKL---NDKNQFKLTSSADSKIRVTQNQNIIFNSMFLDFSVSFWIRIPKYRNDDIQNYIHNEYTIINCMKNNSGWKISIRGNRIIWTLIDINGKTKSVFFEYNIREDISEYINR-WFFVTITNNLDNAK----IYINGTLESNMDIKDIGEVIVNGEITFKLDGDVDRTQFIWMKYFSIFNTQLNQSNIKEIYKIQSYSEYLKDFWGNPLMYNKEYYMFN
PROKKA_00007	tr|B1L2G4|B1L2G4_CLOBM Botulinum neurotoxin type A3, nontoxic-nonhemagglutinin component, NTNH OS=Clostridium botulinum (strain Loch Maree / Type A3) GN=ntnH PE=4 SV=1 !!!ntnH	1292	1159	253	80	31.62	118	55	6	249	NNFNYNDPIDNDNIIMMEPPFARGTGRYYKAFKITDRIWIIPERYTFGYK---PEDFNKSSGIFNRDVCEYYDPDYLNTNDKKNIFLQTMIKLFNRIKSKPLGEKLLEMIINGIPY-----LGDRRVPLEEFNTNIASVTVNKLISNPGEVEQKKGIFANLIIFGPGPVLNENETIDIGIQNHFASREGFGGIMQMKFCPEYVSVFNNVQENKGASIFNRRGYFSDPALILMHELIHVLHGLYGIK-VDDLPI
PROKKA_00007	tr|C1FUH8|C1FUH8_CLOBJ Botulinum neurotoxin type A2, nontoxic-nonhemagglutinin component, NTNH OS=Clostridium botulinum (strain Kyoto / Type A2) GN=ntnH PE=4 SV=1 !!!ntnH	1292	1159	253	82	32.41	116	55	6	249	NNFNYNDPIDNDNIIMMEPPFARGTGRYYKAFKITDRIWIIPERYTFGYK---PEDFNKSSGIFNRDVCEYYDPDYLNTNDKKNIFLQTMIKLFNRIKSKPLGEKLLEMIINGIPY-----LGDRRVPLEEFNTNIASVTVNKLISNPGEVEQKKGIFANLIIFGPGPVLNENETIDIGIQNHFASREGFGGIMQMKFCPEYVSVFNNVQENKGASIFNRRGYFSDPALILMHELIHVLHGLYGIK-VDDLPI
PROKKA_00007	tr|A7GBG2|A7GBG2_CLOBL Botulinum neurotoxin type F, nontoxic-nonhemagglutinin component, NTNH OS=Clostridium botulinum (strain Langeland / NCTC 10281 / Type F) GN=ntnH PE=4 SV=1 !!!ntnH	1292	1163	253	80	31.62	118	55	6	249	NNFNYNDPIDNDNIIMMEPPFARGTGRYYKAFKITDRIWIIPERYTFGYK---PEDFNKSSGIFNRDVCEYYDPDYLNTNDKKNIFLQTMIKLFNRIKSKPLGEKLLEMIINGIPY-----LGDRRVPLEEFNTNIASVTVNKLISNPGEVEQKKGIFANLIIFGPGPVLNENETIDIGIQNHFASREGFGGIMQMKFCPEYVSVFNNVQENKGASIFNRRGYFSDPALILMHELIHVLHGLYGIK-VDDLPI
PROKKA_00007	tr|A0A0X1KH90|A0A0X1KH90_CLOBA Botulinum neurotoxin type E, nontoxic-nonhemagglutinin component, NTNH OS=Clostridium botulinum (strain Alaska E43 / Type E3) PE=1 SV=1 !!!ntnH	1292	1163	248	79	31.85	125	44	7	251	NFNYNDPIDNDNIIMMEPPFARGTGRYYKAFKITDRIWIIPERYTFGYK---PEDFNKSSGIFNRDVCEYYDPDYLNTNDKKNIFLQTMIKLFNRIKSKPLGEKLLEMIINGIPYLGDRRVPLEEFNTNIASVTVNKLISNPGEVEQKKGIFANLIIFGPGPVLNENETIDIGIQNHFASREGFGGIMQMKFCPEYVSVFNNVQENKGASIFNRRGYFSDPALILMHELIHVLHGLYGIKVDDLPIVP
PROKKA_00007	tr|C5UY14|C5UY14_CLOBO Botulinum neurotoxin type E1, nontoxic-nonhemagglutinin component, NTNH OS=Clostridium botulinum E1 str. 'BoNT E Beluga' GN=ntnH PE=4 SV=1 !!!ntnH	1292	1163	248	79	31.85	125	44	7	251	NFNYNDPIDNDNIIMMEPPFARGTGRYYKAFKITDRIWIIPERYTFGYK---PEDFNKSSGIFNRDVCEYYDPDYLNTNDKKNIFLQTMIKLFNRIKSKPLGEKLLEMIINGIPYLGDRRVPLEEFNTNIASVTVNKLISNPGEVEQKKGIFANLIIFGPGPVLNENETIDIGIQNHFASREGFGGIMQMKFCPEYVSVFNNVQENKGASIFNRRGYFSDPALILMHELIHVLHGLYGIKVDDLPIVP
PROKKA_00007	tr|C4IHM0|C4IHM0_CLOBU Botulinum neurotoxin type E, nontoxic-nonhemagglutinin component, NTNH OS=Clostridium butyricum E4 str. BoNT E BL5262 GN=ntnH PE=4 SV=1 !!!ntnH	1292	1163	248	81	32.66	123	44	7	251	NFNYNDPIDNDNIIMMEPPFARGTGRYYKAFKITDRIWIIPERYTFGYK---PEDFNKSSGIFNRDVCEYYDPDYLNTNDKKNIFLQTMIKLFNRIKSKPLGEKLLEMIINGIPYLGDRRVPLEEFNTNIASVTVNKLISNPGEVEQKKGIFANLIIFGPGPVLNENETIDIGIQNHFASREGFGGIMQMKFCPEYVSVFNNVQENKGASIFNRRGYFSDPALILMHELIHVLHGLYGIKVDDLPIVP
PROKKA_00007	tr|C5VU80|C5VU80_CLOBO Botulinum neurotoxin type D, nontoxic-nonhemagglutinin component, NTNH OS=Clostridium botulinum D str. 1873 GN=ntnH PE=4 SV=1 !!!ntnH	1292	1196	270	78	28.89	139	53	6	251	NNFNYNDPIDNDNIIMMEPPFARGTGRYYKAFKITDRIWIIPERYTFGYK---PEDFNKSSGIFNRDVCEYYDPDYLNTNDKKNIFLQTMIKLFNRIKSKPLGEKLLEMIINGIP----YLGDRRVPLEEFN---TNIASVTVNKLI-------------SNPGEVEQKKGIFA-NLIIFGPGPVLNENETIDIGIQNHFASREGFGGIMQMKFCPEYVSVFNNVQENKGASIFNRRGYFSDPALILMHELIHVLHGLYGIKVDDLPIVP
PROKKA_00007	tr|C5VU80|C5VU80_CLOBO Botulinum neurotoxin type D, nontoxic-nonhemagglutinin component, NTNH OS=Clostridium botulinum D str. 1873 GN=ntnH PE=4 SV=1 !!!ntnH	1292	1196	715	147	20.56	459	109	443	1102	PGICIDVDNENLFFIADKNSFSD-------DLSKNERVEYNTQNNYIGND---FPINEL-ILDTDLISKIELPSENTESLTDFNVDVPVYEKQPAIKKVFTDENTI-FQYLYSQTFPLNIRDISLTSSFDDALLVSSK----VYSFFS-----MDYIKTANKVVEAGLFAGWVKQIVDDFVIEANKSSTMDKIADISLIVPYIGLALNVGDETAKGNFESAFEIAGSSILLEFIPELLIPVVGV------FLLESYIDNKNKIIKTIDNALTKRVEKWIDMYGLIVAQWLSTVNTQFYTIKEGMYKALNYQAQALEEIIKYKYNIYSEEE---------KSNININFNDINSKLNDGINQAMDNINDFINECSVSYLMKKMIPLAVKKLLDFDNTLKKNLLNYIDENKLYLIGSVEDEKS-KVDKYLKTIIPF---DLSTYTN------NEILIKIFNKYNSEILNNIILNLRYRDNNLI-DLSGYGAKVEVYDGVKLNDKNQFKLTSSADSKIRVTQNQNIIFNSMFL------DFSVSFWIRIPKYRNDDIQNYIHNEYTIINCMKNNSGWKISIRGNRIIWTLIDINGKTKSVFFEYNIREDISEYINRWFFVTITNNL--DNAKIYINGTLESNMDIKDIGEVIVNGEITFKLDGDVDRTQFIWMKYFSIFNTQLNQSNIKEIYKIQSYSEYLKDFWGNPLMYNKEYYMFN
PROKKA_00007	tr|B1BE43|B1BE43_CLOBO Botulinum neurotoxin type C, nontoxic-nonhemagglutinin component NTNH OS=Clostridium botulinum C str. Eklund GN=CBC_A0166 PE=4 SV=1 !!!ntnH	1292	1196	270	77	28.52	140	53	6	251	NNFNYNDPIDNDNIIMMEPPFARGTGRYYKAFKITDRIWIIPERYTFGYK---PEDFNKSSGIFNRDVCEYYDPDYLNTNDKKNIFLQTMIKLFNRIKSKPLGEKLLEMIINGIP----YLGDRRVPLEEFN---TNIASVTVNKLI-------------SNPGEVEQKKGIFA-NLIIFGPGPVLNENETIDIGIQNHFASREGFGGIMQMKFCPEYVSVFNNVQENKGASIFNRRGYFSDPALILMHELIHVLHGLYGIKVDDLPIVP
PROKKA_00007	tr|B1BE43|B1BE43_CLOBO Botulinum neurotoxin type C, nontoxic-nonhemagglutinin component NTNH OS=Clostridium botulinum C str. Eklund GN=CBC_A0166 PE=4 SV=1 !!!ntnH	1292	1196	719	152	21.14	450	117	443	1102	PGICIDVDNENLFFIADKNSFSD-------DLSKNERVEYNTQNNYIGND---FPINEL-ILDTDLISKIELPSENTESLTDFNVDVPVYEKQPAIKKVFTDENTIFQYLYSQT-FPLNIRDISLTS------SFDDALLVSSK----VYSFFS-----MDYIKTANKVVEAGLFAGWVKQIVDDFVIEANKSSTMDKIADISLIVPYIGLALNVGDETAKGNFESAFEIAGSSILLEFIPELLIPVVGV------FLLESYIDNKNKIIKTIDNALTKRVEKWIDMYGLIVAQWLSTVNTQFYTIKEGMYKALNYQAQALEEIIKYKYNIYSEEE---------KSNININFNDINSKLNDGINQAMDNINDFINECSVSYLMKKMIPLAVKKLLDFDNTLKKNLLNYIDENKLYLIGSVEDEKS-KVDKYLKTIIPFDLSTYTNNEILIKIFNKYNSEILNN-------IILNLRYRDNNLI-DLSG------YGAKVEVYDGVKLNDKNQFKLTSSADSKIRVTQNQNIIFNSMFLDFSVSFWIRIPKYRNDDIQNYIHNEYTIINCMKNNSGWKISIRGNRIIWTLIDINGKTKSVFFEYNIREDISEYINRWFFVTITNNL--DNAKIYINGTLESNMDIKDIGEVIVNGEITFKLDGDVDRTQFIWMKYFSIFNTQLNQSNIKEIYKIQSYSEYLKDFWGNPLMYNKEYYMFN
PROKKA_00007	tr|A0A059PYB0|A0A059PYB0_9CLOT Toxin complex component ORF-X2 OS=Clostridium baratii PE=4 SV=1 !!!ORF-X2	1292	748	97	29	29.90	48	20	837	931	PFDLSTYTNNEILIKIFNKYNSEILNNIILNLRYRDNNLIDLSGYGAKVEVYDGVKLNDKNQFKLTSSADSKIRVTQNQN--IIFNSMFLDFSVSFW
PROKKA_00007	tr|B1BE46|B1BE46_CLOBO Non-toxin haemagglutinin HA-70 OS=Clostridium botulinum C str. Eklund GN=CBC_A0169 PE=4 SV=1 !!!ha70	1292	623	51	14	27.45	31	6	328	378	YKFVEDSEGKYSIDVESFNKLYKSLMFGFTEINIAENYKIKTRASYFSDSL
PROKKA_00007	tr|C5UY11|C5UY11_CLOBO Toxin complex component ORF-X2 OS=Clostridium botulinum E1 str. 'BoNT E Beluga' GN=CLO_2648 PE=4 SV=1 !!!ORF-X2	1292	748	32	11	34.38	21	0	876	907	IDLSGYGAKVEVYDGVKLNDKNQFKLTSSADS
PROKKA_00007	tr|A0A0C1QVX2|A0A0C1QVX2_9CLOT Hemagglutinin component HA-17 OS=Clostridium argentinense CDC 2741 GN=ha-17 PE=4 SV=1 !!!ha17	1292	147	29	9	31.03	20	0	629	657	NVGDETAKGNFESAFEIAGSSILLEFIPE
PROKKA_00007	tr|C5UY13|C5UY13_CLOBO P-47 protein OS=Clostridium botulinum E1 str. 'BoNT E Beluga' GN=p47 PE=4 SV=1 !!!P-47	1292	416	91	27	29.67	44	20	801	887	TLKKNLLNYIDENKLYLIGSVEDEKSKVDKYLKTIIPFD----LSTYTNNEILIKIFNKYNSEILNNIILNLRYRDNNLIDLSGYGAKVEV
PROKKA_00008	tr|B2TSC3|B2TSC3_CLOBB Botulinum neurotoxin type B OS=Clostridium botulinum (strain Eklund 17B / Type B) GN=ntnH PE=4 SV=1 !!!ntnH	1210	1197	1197	1197	100.00	0	0	13	1209	MNINDNLSINSPVDNKNVVVVRARKTDTIFKAFKVAPNIWVAPERYYGESLSIDEEYKVDGGIYDSNFLSQDSEKDKFLQAIITLLKRINSTNAGEKLLSLISTAIPFPYGYIGGGYYAPNMITFGSAPKSNKKLNSLISSTIPFPYAGYRETNYLSSEDNKNFYASNIVIFGPGSNIVENNTVFYKKEDAENGMGTMTEIWFQPFLTYKYDQFYIDPAIELMKCLIKSLYFLYGIKPSDDLVVPYRLRNELENIEYSQLNIVDLLVSGGIDPKFINTDPYWFIDNYFSNAKKVFEDHRNIYKTEVEGNNAIGNDIKLRLKQKFRINTNDIWELNLNYFSKEFSIMMPDRFNNALKHFYRKQYYKIDYPENYSINGFVNGQINAQLFLSDRNQDIINKPEEIINLLNGNNVSLMRSNIYGDGLKSTVDDFYSNYKIPYNRAYEYHFNNSNDSSLDNVNTGVIDNIPEIIDVNPYKENCDKFSPVQKITSTREINTNIPWPINYLQAQNTNNERFSLSSDFVEVVSSKDKSLVYSFLSNVMFYLDSIKDNSPIDTDKEYYLWLREIFRNYSFDITATQEINTNCGINKVVAWFGKALNILNTSDSFVEEFQNLGPSSLINKKENLSMPIIEIDEIPNYMLGLPLNDLNEKLFNIYLKNILYFKKVYFNFLDQWWTEYYSQYFDLICMAKQSILAQEKLIKQIIQNKLQDLSKADISMDKLNLMNLATGKTFIDLSNESQIAIDNINDFLNKSAICFFDTNIYPKFISFMEQCINSVNSNVTTFIQKCTNITEDEKLQLIKLNTFMNIDFEFFDIQNIKDLITSETDLIKEEKESDYNLFLLTLQEDNNKVIEDISGKNTLVKYSDSISLVYGVNGDALYLKEPNESVSFSNKVFENGLTNSFSICFWLRNLGEDIITSKLIENKADNCGWEIYFENNGLVFSIVDCNGNEENIYLSDVISKNWYYISISIDRLRNQLLIFINDKLIANQSIEQILNIYSSSTISLVNENNPIYVEGLSILNRSITSEEVVNNYFSYLNNSYIRDISGERLEYNKIYELYNYVFPENSLYEVTENNNIYLSIKDTNDLNIQGAKFKLINIDTNKQYVQKWDEGVVCLLGDEEKYVDISSENNRIQLVSSRDTAKKIIFNNDIFKPNCLTFAYNNKYLSLSFRDRNYNWMIYNNNDNIPKAAHLWTLKGI
PROKKA_00008	tr|B1INP6|B1INP6_CLOBK Botulinum neurotoxin type B1, nontoxic-nonhemagglutinin component, NTNH OS=Clostridium botulinum (strain Okra / Type B1) GN=ntnH PE=4 SV=1 !!!ntnH	1210	1197	1197	1153	96.32	44	0	13	1209	MNINDNLSINSPVDNKNVVVVRARKTDTIFKAFKVAPNIWVAPERYYGESLSIDEEYKVDGGIYDSNFLSQDSEKDKFLQAIITLLKRINSTNAGEKLLSLISTAIPFPYGYIGGGYYAPNMITFGSAPKSNKKLNSLISSTIPFPYAGYRETNYLSSEDNKNFYASNIVIFGPGSNIVENNTVFYKKEDAENGMGTMTEIWFQPFLTYKYDQFYIDPAIELMKCLIKSLYFLYGIKPSDDLVVPYRLRNELENIEYSQLNIVDLLVSGGIDPKFINTDPYWFIDNYFSNAKKVFEDHRNIYKTEVEGNNAIGNDIKLRLKQKFRINTNDIWELNLNYFSKEFSIMMPDRFNNALKHFYRKQYYKIDYPENYSINGFVNGQINAQLFLSDRNQDIINKPEEIINLLNGNNVSLMRSNIYGDGLKSTVDDFYSNYKIPYNRAYEYHFNNSNDSSLDNVNTGVIDNIPEIIDVNPYKENCDKFSPVQKITSTREINTNIPWPINYLQAQNTNNERFSLSSDFVEVVSSKDKSLVYSFLSNVMFYLDSIKDNSPIDTDKEYYLWLREIFRNYSFDITATQEINTNCGINKVVAWFGKALNILNTSDSFVEEFQNLGPSSLINKKENLSMPIIEIDEIPNYMLGLPLNDLNEKLFNIYLKNILYFKKVYFNFLDQWWTEYYSQYFDLICMAKQSILAQEKLIKQIIQNKLQDLSKADISMDKLNLMNLATGKTFIDLSNESQIAIDNINDFLNKSAICFFDTNIYPKFISFMEQCINSVNSNVTTFIQKCTNITEDEKLQLIKLNTFMNIDFEFFDIQNIKDLITSETDLIKEEKESDYNLFLLTLQEDNNKVIEDISGKNTLVKYSDSISLVYGVNGDALYLKEPNESVSFSNKVFENGLTNSFSICFWLRNLGEDIITSKLIENKADNCGWEIYFENNGLVFSIVDCNGNEENIYLSDVISKNWYYISISIDRLRNQLLIFINDKLIANQSIEQILNIYSSSTISLVNENNPIYVEGLSILNRSITSEEVVNNYFSYLNNSYIRDISGERLEYNKIYELYNYVFPENSLYEVTENNNIYLSIKDTNDLNIQGAKFKLINIDTNKQYVQKWDEGVVCLLGDEEKYVDISSENNRIQLVSSRDTAKKIIFNNDIFKPNCLTFAYNNKYLSLSFRDRNYNWMIYNNNDNIPKAAHLWTLKGI
PROKKA_00008	tr|A0A060N6G5|A0A060N6G5_CLOBO Nontoxic-nonhemagglutinin component, NTNH OS=Clostridium botulinum B str. Osaka05 GN=CBO05P2_175 PE=4 SV=1 !!!ntnH	1210	1197	1197	1147	95.82	50	0	13	1209	MNINDNLSINSPVDNKNVVVVRARKTDTIFKAFKVAPNIWVAPERYYGESLSIDEEYKVDGGIYDSNFLSQDSEKDKFLQAIITLLKRINSTNAGEKLLSLISTAIPFPYGYIGGGYYAPNMITFGSAPKSNKKLNSLISSTIPFPYAGYRETNYLSSEDNKNFYASNIVIFGPGSNIVENNTVFYKKEDAENGMGTMTEIWFQPFLTYKYDQFYIDPAIELMKCLIKSLYFLYGIKPSDDLVVPYRLRNELENIEYSQLNIVDLLVSGGIDPKFINTDPYWFIDNYFSNAKKVFEDHRNIYKTEVEGNNAIGNDIKLRLKQKFRINTNDIWELNLNYFSKEFSIMMPDRFNNALKHFYRKQYYKIDYPENYSINGFVNGQINAQLFLSDRNQDIINKPEEIINLLNGNNVSLMRSNIYGDGLKSTVDDFYSNYKIPYNRAYEYHFNNSNDSSLDNVNTGVIDNIPEIIDVNPYKENCDKFSPVQKITSTREINTNIPWPINYLQAQNTNNERFSLSSDFVEVVSSKDKSLVYSFLSNVMFYLDSIKDNSPIDTDKEYYLWLREIFRNYSFDITATQEINTNCGINKVVAWFGKALNILNTSDSFVEEFQNLGPSSLINKKENLSMPIIEIDEIPNYMLGLPLNDLNEKLFNIYLKNILYFKKVYFNFLDQWWTEYYSQYFDLICMAKQSILAQEKLIKQIIQNKLQDLSKADISMDKLNLMNLATGKTFIDLSNESQIAIDNINDFLNKSAICFFDTNIYPKFISFMEQCINSVNSNVTTFIQKCTNITEDEKLQLIKLNTFMNIDFEFFDIQNIKDLITSETDLIKEEKESDYNLFLLTLQEDNNKVIEDISGKNTLVKYSDSISLVYGVNGDALYLKEPNESVSFSNKVFENGLTNSFSICFWLRNLGEDIITSKLIENKADNCGWEIYFENNGLVFSIVDCNGNEENIYLSDVISKNWYYISISIDRLRNQLLIFINDKLIANQSIEQILNIYSSSTISLVNENNPIYVEGLSILNRSITSEEVVNNYFSYLNNSYIRDISGERLEYNKIYELYNYVFPENSLYEVTENNNIYLSIKDTNDLNIQGAKFKLINIDTNKQYVQKWDEGVVCLLGDEEKYVDISSENNRIQLVSSRDTAKKIIFNNDIFKPNCLTFAYNNKYLSLSFRDRNYNWMIYNNNDNIPKAAHLWTLKGI
PROKKA_00008	tr|A5HZZ8|A5HZZ8_CLOBH Type A progenitor toxin nontoxic-nonha OS=Clostridium botulinum (strain Hall / ATCC 3502 / NCTC 13319 / Type A) GN=ntnH PE=4 SV=1 !!!ntnH	1210	1193	1196	971	81.19	221	4	13	1207	MNINDNLSINSPVDNKNVVVVRARKTDTIFKAFKVAPNIWVAPERYYGESLSIDEEYKVDGGIYDSNFLSQDSEKDKFLQAIITLLKRINSTNAGEKLLSLISTAIPFPYGYIGGGYYAPNMITFGSAPKSNKKLNSLISSTIPFPYAGYRETNYLSSEDNKNFYASNIVIFGPGSNIVENNTVFYKKEDAENGMGTMTEIWFQPFLTYKYDQFYIDPAIELMKCLIKSLYFLYGIKPSDDLVVPYRLRNELENIEYSQLNIVDLLVSGGIDPKFINTDPYWFIDNYFSNAKKVFEDHRNIYKTEVEGNNAIGNDIKLRLKQKFRINTNDIWELNLNYFSKEFSIMMPDRFNNALKHFYRKQYYKIDYPENYSINGFVNGQINAQLFLSDRNQDIINKPEEIINLLNGNNVSLMRSNIYGDGLKSTVDDFYSNYKIPYNRAYEYHFNNSNDSSLDNVNTGVIDNIPEIIDVNPYKENCDKFSPVQKITSTREINTNIPWPINYLQAQNTNNERFSLSSDFVEVVSSKDKSLVYSFLSNVMFYLDSIKDNSPIDTDKEYYLWLREIFRNYSFDITATQEINTNCGINKVVAWFGKALNILNTSDSFVEEFQNLGPSSLINKKENLSMPIIEIDEIPNYMLGLPLNDLNEKLFNIYLKNILYFKKVYFNFLDQWWTEYYSQYFDLICMAKQSILAQEKLIKQIIQNKLQDL-SKADISMDKLNLMNLATGKTFIDLSNESQIAIDNINDFLNKSAICFFDTNIYPKFISFMEQCINSVNSNVTTFIQKCTNITEDEKLQLIKLNTFMNIDFEFFDIQNIKDLITSETDLIKEEKESDYNLFLLTLQEDNNKVIEDISGKNTLVKYSDSISLVYGVNGDALYLKEPNESVSFSNKVFENGLTNSFSICFWLRNLGEDIITSKLIENKADNCGWEIYFENNGLVFSIVDCNGNEENIYLSDVISKNWYYISISIDRLRNQLLIFINDKLIANQSIEQILNIYSSSTISLVNENNPIYVEGLSILNRSITSEEVVNNYFSYLNNSYIRDISGERLEYNKIYELYNYVFPENSLYEVTENNNIYLSIKDTNDLNIQGAKFKLINIDTNKQYVQKWDEGVVCLLGDEEKYVDISSENNRIQLVSSRDTAKKIIFNNDIFKPNCLTFAYNNKYLSLSFRDRNYNWMIYNNNDNIPKAAHLWTLK
PROKKA_00008	tr|B1BE43|B1BE43_CLOBO Botulinum neurotoxin type C, nontoxic-nonhemagglutinin component NTNH OS=Clostridium botulinum C str. Eklund GN=CBC_A0166 PE=4 SV=1 !!!ntnH	1210	1196	1196	815	68.14	381	0	13	1208	MNINDNLSINSPVDNKNVVVVRARKTDTIFKAFKVAPNIWVAPERYYGESLSIDEEYKVDGGIYDSNFLSQDSEKDKFLQAIITLLKRINSTNAGEKLLSLISTAIPFPYGYIGGGYYAPNMITFGSAPKSNKKLNSLISSTIPFPYAGYRETNYLSSEDNKNFYASNIVIFGPGSNIVENNTVFYKKEDAENGMGTMTEIWFQPFLTYKYDQFYIDPAIELMKCLIKSLYFLYGIKPSDDLVVPYRLRNELENIEYSQLNIVDLLVSGGIDPKFINTDPYWFIDNYFSNAKKVFEDHRNIYKTEVEGNNAIGNDIKLRLKQKFRINTNDIWELNLNYFSKEFSIMMPDRFNNALKHFYRKQYYKIDYPENYSINGFVNGQINAQLFLSDRNQDIINKPEEIINLLNGNNVSLMRSNIYGDGLKSTVDDFYSNYKIPYNRAYEYHFNNSNDSSLDNVNTGVIDNIPEIIDVNPYKENCDKFSPVQKITSTREINTNIPWPINYLQAQNTNNERFSLSSDFVEVVSSKDKSLVYSFLSNVMFYLDSIKDNSPIDTDKEYYLWLREIFRNYSFDITATQEINTNCGINKVVAWFGKALNILNTSDSFVEEFQNLGPSSLINKKENLSMPIIEIDEIPNYMLGLPLNDLNEKLFNIYLKNILYFKKVYFNFLDQWWTEYYSQYFDLICMAKQSILAQEKLIKQIIQNKLQDLSKADISMDKLNLMNLATGKTFIDLSNESQIAIDNINDFLNKSAICFFDTNIYPKFISFMEQCINSVNSNVTTFIQKCTNITEDEKLQLIKLNTFMNIDFEFFDIQNIKDLITSETDLIKEEKESDYNLFLLTLQEDNNKVIEDISGKNTLVKYSDSISLVYGVNGDALYLKEPNESVSFSNKVFENGLTNSFSICFWLRNLGEDIITSKLIENKADNCGWEIYFENNGLVFSIVDCNGNEENIYLSDVISKNWYYISISIDRLRNQLLIFINDKLIANQSIEQILNIYSSSTISLVNENNPIYVEGLSILNRSITSEEVVNNYFSYLNNSYIRDISGERLEYNKIYELYNYVFPENSLYEVTENNNIYLSIKDTNDLNIQGAKFKLINIDTNKQYVQKWDEGVVCLLGDEEKYVDISSENNRIQLVSSRDTAKKIIFNNDIFKPNCLTFAYNNKYLSLSFRDRNYNWMIYNNNDNIPKAAHLWTLKG
PROKKA_00008	tr|C5VU80|C5VU80_CLOBO Botulinum neurotoxin type D, nontoxic-nonhemagglutinin component, NTNH OS=Clostridium botulinum D str. 1873 GN=ntnH PE=4 SV=1 !!!ntnH	1210	1196	1196	815	68.14	381	0	13	1208	MNINDNLSINSPVDNKNVVVVRARKTDTIFKAFKVAPNIWVAPERYYGESLSIDEEYKVDGGIYDSNFLSQDSEKDKFLQAIITLLKRINSTNAGEKLLSLISTAIPFPYGYIGGGYYAPNMITFGSAPKSNKKLNSLISSTIPFPYAGYRETNYLSSEDNKNFYASNIVIFGPGSNIVENNTVFYKKEDAENGMGTMTEIWFQPFLTYKYDQFYIDPAIELMKCLIKSLYFLYGIKPSDDLVVPYRLRNELENIEYSQLNIVDLLVSGGIDPKFINTDPYWFIDNYFSNAKKVFEDHRNIYKTEVEGNNAIGNDIKLRLKQKFRINTNDIWELNLNYFSKEFSIMMPDRFNNALKHFYRKQYYKIDYPENYSINGFVNGQINAQLFLSDRNQDIINKPEEIINLLNGNNVSLMRSNIYGDGLKSTVDDFYSNYKIPYNRAYEYHFNNSNDSSLDNVNTGVIDNIPEIIDVNPYKENCDKFSPVQKITSTREINTNIPWPINYLQAQNTNNERFSLSSDFVEVVSSKDKSLVYSFLSNVMFYLDSIKDNSPIDTDKEYYLWLREIFRNYSFDITATQEINTNCGINKVVAWFGKALNILNTSDSFVEEFQNLGPSSLINKKENLSMPIIEIDEIPNYMLGLPLNDLNEKLFNIYLKNILYFKKVYFNFLDQWWTEYYSQYFDLICMAKQSILAQEKLIKQIIQNKLQDLSKADISMDKLNLMNLATGKTFIDLSNESQIAIDNINDFLNKSAICFFDTNIYPKFISFMEQCINSVNSNVTTFIQKCTNITEDEKLQLIKLNTFMNIDFEFFDIQNIKDLITSETDLIKEEKESDYNLFLLTLQEDNNKVIEDISGKNTLVKYSDSISLVYGVNGDALYLKEPNESVSFSNKVFENGLTNSFSICFWLRNLGEDIITSKLIENKADNCGWEIYFENNGLVFSIVDCNGNEENIYLSDVISKNWYYISISIDRLRNQLLIFINDKLIANQSIEQILNIYSSSTISLVNENNPIYVEGLSILNRSITSEEVVNNYFSYLNNSYIRDISGERLEYNKIYELYNYVFPENSLYEVTENNNIYLSIKDTNDLNIQGAKFKLINIDTNKQYVQKWDEGVVCLLGDEEKYVDISSENNRIQLVSSRDTAKKIIFNNDIFKPNCLTFAYNNKYLSLSFRDRNYNWMIYNNNDNIPKAAHLWTLKG
PROKKA_00008	tr|B1L2G4|B1L2G4_CLOBM Botulinum neurotoxin type A3, nontoxic-nonhemagglutinin component, NTNH OS=Clostridium botulinum (strain Loch Maree / Type A3) GN=ntnH PE=4 SV=1 !!!ntnH	1210	1159	1202	741	61.65	411	50	13	1207	MNINDNLSINSPVDNKNVVVVRARKTDTIFKAFKVAPNIWVAPERYYGESLSIDEEYKVDGGIYDSNFLSQDSEKDKFLQAIITLLKRINSTNAGEKLLSLISTAIPFPYGYIGGGYYAPNMITFGSAPKSNKKLNSLISSTIPFPY----AGYRETNYLSSEDNKNFYASNIVIFGPGSNIVENNTVFYKKEDAENGMGTMTEIWFQPFLTYKYDQFYIDPAIELMKCLIKSLYFLYGIKPSDDLVVPYRLRNELENIEYSQLNIVDLLVSGGIDPKFINTDPYWFIDNYFSNAKKVFEDHRNIYKTEVEGNNAIGNDIKLRLKQKFRINTNDIWELNLNYFSKEFSIMMPDRFNNALKHFYRKQYYKIDYPENYSINGFVNGQINAQLFLSDRNQDIINKPEEIINLLNGNNVSLMRSNIYGDGLKSTVDDFYSNYKIPYNRAYEYHFNNSNDSSLDNVNTGVIDNIPEI--IDVNPYKENCDKFSPVQKITSTREINTNIPWPINYLQAQNTNNERFSLSSDFVEVVSSKDKSLVYSFLSNVMFYLDSIKDNSPIDTDKEYYLWLREIFRNYSFDITATQEINTNCGINKVVAWFGKALNILNTSDSFVEEFQNLGPSSLINKKENLSMPIIEIDEIPNYMLGLPLNDLNEKLFNIYLKNILYFKKVYFNFLDQWWTEYYSQYFDLICMAKQSILAQEKLIKQIIQNKLQDL-SKADISMDKLNLMNLATGKTFIDLSNESQIAIDNINDFLNKSAICFFDTNIYPKFISFMEQCINSVNSNVTTFIQKCTNITEDEKLQLIKLNTFMNIDFEFFDIQNIKDLITSETDLIKEEKESDYNLFLLTLQEDNNKVIEDISGKNTLVKYSDSISLVYGVNGDALYLKEPNESVSFSNKVFENGLTNSFSICFWLRNLGEDIITSKLIENKADNCGWEIYFENNGLVFSIVDCNGNEENIYLSDVISKNWYYISISIDRLRNQLLIFINDKLIANQSIEQILNIYSSSTISLVNENNPIYVEGLSILNRSITSEEVVNNYFSYLNNSYIRDISGERLEYNKIYELYNYVFPENSLYEVTENNNIYLSIKDTNDLNIQGAKFKLINIDTNKQYVQKWDEGVVCLLGDEEKYVDISSENNRIQLVSSRDTAKKIIFNNDIFKPNCLTFAYNNKYLSLSFRDRNYNWMIYNNNDNIPKAAHLWTLK
PROKKA_00008	tr|A7GBG2|A7GBG2_CLOBL Botulinum neurotoxin type F, nontoxic-nonhemagglutinin component, NTNH OS=Clostridium botulinum (strain Langeland / NCTC 10281 / Type F) GN=ntnH PE=4 SV=1 !!!ntnH	1210	1163	1200	749	62.42	411	40	13	1209	MNINDNLSINSPVDNKNVVVVRARKTDTIFKAFKVAPNIWVAPERYYGESLSIDEEYKVDGGIYDSNFLSQDSEKDKFLQAIITLLKRINSTNAGEKLLSLISTAIPFPYGYIGGGYYAPNMITFGSAPKSNKKLNSLISSTIPFPYAGYRETNYLSSEDNKNFYASNIVIFGPGSNIVENNTVFYKKEDAENGMGTMTEIWFQPFLTYKYDQFYIDPAIELMKCLIKSLYFLYGIKPSDDLVVPYRLRNELENIEYSQLNIVDLLVSGGIDPKFINTDPYWFIDNYFSNAKKVFEDHRNIYKTEVEGNNAIGNDIKLRLKQKFRINTNDIWELNLNYFSKEFSIMMPDRFNNALKHFYRKQYYKIDYPENYSINGFVNGQINAQLFLSDRNQDIINKPEEIINLLNGNNVSLMRSNIYGDGLKSTVDDFYSNYKIPYNRAYEYHFNNSNDSSLDNVNTGVIDNIPEI--IDVNPYKENCDKFSPVQKITSTREINTNIPWPINYLQAQNTNNERFSLSSDFVEVVSSKDKSLVYSFLSNVMFYLDSIKDNSPIDTDKEYYLWLREIFRNYSFDITATQEINTNCGINKVVAWFGKALNILNTSDSFVEEFQNLGPSSLINKKENLSMPIIEIDEIPNYMLGLPLNDLNEKLFNIYLKNILYFKKVYFNFLDQWWTEYYSQYFDLICMAKQSILAQEKLIKQIIQNKLQDL-SKADISMDKLNLMNLATGKTFIDLSNESQIAIDNINDFLNKSAICFFDTNIYPKFISFMEQCINSVNSNVTTFIQKCTNITEDEKLQLIKLNTFMNIDFEFFDIQNIKDLITSETDLIKEEKESDYNLFLLTLQEDNNKVIEDISGKNTLVKYSDSISLVYGVNGDALYLKEPNESVSFSNKVFENGLTNSFSICFWLRNLGEDIITSKLIENKADNCGWEIYFENNGLVFSIVDCNGNEENIYLSDVISKNWYYISISIDRLRNQLLIFINDKLIANQSIEQILNIYSSSTISLVNENNPIYVEGLSILNRSITSEEVVNNYFSYLNNSYIRDISGERLEYNKIYELYNYVFPENSLYEVTENNNIYLSIKDTNDLNIQGAKFKLINIDTNKQYVQKWDEGVVCLLGDEEKYVDISSENNRIQLVSSRDTAKKIIFNNDIFKPNCLTFAYNNKYLSLSFRDRNYNWMIYNNNDNIPKAAHLWTLKGI
PROKKA_00008	tr|C1FUH8|C1FUH8_CLOBJ Botulinum neurotoxin type A2, nontoxic-nonhemagglutinin component, NTNH OS=Clostridium botulinum (strain Kyoto / Type A2) GN=ntnH PE=4 SV=1 !!!ntnH	1210	1159	1202	741	61.65	411	50	13	1207	MNINDNLSINSPVDNKNVVVVRARKTDTIFKAFKVAPNIWVAPERYYGESLSIDEEYKVDGGIYDSNFLSQDSEKDKFLQAIITLLKRINSTNAGEKLLSLISTAIPFPYGYIGGGYYAPNMITFGSAPKSNKKLNSLISSTIPFPY----AGYRETNYLSSEDNKNFYASNIVIFGPGSNIVENNTVFYKKEDAENGMGTMTEIWFQPFLTYKYDQFYIDPAIELMKCLIKSLYFLYGIKPSDDLVVPYRLRNELENIEYSQLNIVDLLVSGGIDPKFINTDPYWFIDNYFSNAKKVFEDHRNIYKTEVEGNNAIGNDIKLRLKQKFRINTNDIWELNLNYFSKEFSIMMPDRFNNALKHFYRKQYYKIDYPENYSINGFVNGQINAQLFLSDRNQDIINKPEEIINLLNGNNVSLMRSNIYGDGLKSTVDDFYSNYKIPYNRAYEYHFNNSNDSSLDNVNTGVIDNIPEI--IDVNPYKENCDKFSPVQKITSTREINTNIPWPINYLQAQNTNNERFSLSSDFVEVVSSKDKSLVYSFLSNVMFYLDSIKDNSPIDTDKEYYLWLREIFRNYSFDITATQEINTNCGINKVVAWFGKALNILNTSDSFVEEFQNLGPSSLINKKENLSMPIIEIDEIPNYMLGLPLNDLNEKLFNIYLKNILYFKKVYFNFLDQWWTEYYSQYFDLICMAKQSILAQEKLIKQIIQNKLQDL-SKADISMDKLNLMNLATGKTFIDLSNESQIAIDNINDFLNKSAICFFDTNIYPKFISFMEQCINSVNSNVTTFIQKCTNITEDEKLQLIKLNTFMNIDFEFFDIQNIKDLITSETDLIKEEKESDYNLFLLTLQEDNNKVIEDISGKNTLVKYSDSISLVYGVNGDALYLKEPNESVSFSNKVFENGLTNSFSICFWLRNLGEDIITSKLIENKADNCGWEIYFENNGLVFSIVDCNGNEENIYLSDVISKNWYYISISIDRLRNQLLIFINDKLIANQSIEQILNIYSSSTISLVNENNPIYVEGLSILNRSITSEEVVNNYFSYLNNSYIRDISGERLEYNKIYELYNYVFPENSLYEVTENNNIYLSIKDTNDLNIQGAKFKLINIDTNKQYVQKWDEGVVCLLGDEEKYVDISSENNRIQLVSSRDTAKKIIFNNDIFKPNCLTFAYNNKYLSLSFRDRNYNWMIYNNNDNIPKAAHLWTLK
PROKKA_00008	tr|C5UY14|C5UY14_CLOBO Botulinum neurotoxin type E1, nontoxic-nonhemagglutinin component, NTNH OS=Clostridium botulinum E1 str. 'BoNT E Beluga' GN=ntnH PE=4 SV=1 !!!ntnH	1210	1163	1204	712	59.14	444	48	13	1209	MNINDNLSINSPVDNKNVVVVRARKTDTIFKAFKVAPNIWVAPERYYGESLSIDEEYKVDGGIYDSNFLSQDSEKDKFLQAIITLLKRINSTNAGEKLLSLISTAIPFPYGYIGGGYYAPNMITFGSAPKSNKKLNSLISSTIPFPYAG----YRETNYLSSEDNKNFYASNIVIFGPGSNIVENNTVFYKKEDAENGMGTMTEIWFQPFLTYKYDQFYIDPAIELMKCLIKSLYFLYGIKPSDDLVVPYRLRNELENIEYSQLNIVDLLVSGGIDPKFINTDPYWFIDNYFSNAKKVFEDHRNIYKTEVEGNNAIGNDIKLRLKQKFRINTNDIWELNLNYFSKEFSIMMPDRFNNALKHFYRKQYYKIDYPENYSINGFVNGQINAQLFLSDRNQDIINKPEEIINLLNGNNVSLMRSNIYGDGLKSTVDDFYSNYKIPYNRAYEYHFNNSNDSSLDNVNTGVIDNIPEI--IDVNPYKENCDKFSPVQKITSTREINTNIPWPINYLQAQNTNNERFSLSSDFVEVVSSKDKSLVYSFLSNVMFYLDSIKDNSPIDTDKEYYLWLREIFRNYSFDITATQEINTNCGINKVVAWFGKALNILNTSDSFVEEFQNLGPSSLINKKENLSMPIIEIDEIPNYMLGLPLNDLNEKLFNIYLKNILYFKKVYFNFLDQWWTEYYSQYFDLICMAKQSILAQEKLIKQIIQNKLQDLSK-ADISMDKLNLMNLATGKTFIDLSNESQIAIDNINDFLNKSAICFFDTNIYPKFISFMEQCINSVNSNVTTFIQKCTNITEDEKLQLIKLNTFMNIDFEFFDIQNIKDLITSETDLIKEEKESDYNLFLLTLQEDNNKVIEDISGKNTLVKYSDSISLVYGVNGDALYLKEPNESVSFSNKVFENGLTNSFSICFWLRNLGEDIITSKLIENKADNCGWEIYFENNGLVFSIVDCNGNEENIYLSDVISKNWYYISISIDRLRNQLLIFINDKLIANQSIEQILNIYSSSTISLVNENNPIYVEGLSILNRSITSEEVVNNYFSYLNNSYIRDISGERLEYNKIYELYNYVFPENSLYEVTENNNIYLSIKDTNDLNIQGAKFKLINIDTNKQYVQKWDEGVVCLLGDEEKYVDISSENNRIQLVSSRDTAKKIIFNNDIFKPNCLTFAYNNKYLSLSFRDRNYNWMIYNNNDNIPKAAHLWTLKGI
PROKKA_00008	tr|A0A0X1KH90|A0A0X1KH90_CLOBA Botulinum neurotoxin type E, nontoxic-nonhemagglutinin component, NTNH OS=Clostridium botulinum (strain Alaska E43 / Type E3) PE=1 SV=1 !!!ntnH	1210	1163	1204	712	59.14	444	48	13	1209	MNINDNLSINSPVDNKNVVVVRARKTDTIFKAFKVAPNIWVAPERYYGESLSIDEEYKVDGGIYDSNFLSQDSEKDKFLQAIITLLKRINSTNAGEKLLSLISTAIPFPYGYIGGGYYAPNMITFGSAPKSNKKLNSLISSTIPFPYAG----YRETNYLSSEDNKNFYASNIVIFGPGSNIVENNTVFYKKEDAENGMGTMTEIWFQPFLTYKYDQFYIDPAIELMKCLIKSLYFLYGIKPSDDLVVPYRLRNELENIEYSQLNIVDLLVSGGIDPKFINTDPYWFIDNYFSNAKKVFEDHRNIYKTEVEGNNAIGNDIKLRLKQKFRINTNDIWELNLNYFSKEFSIMMPDRFNNALKHFYRKQYYKIDYPENYSINGFVNGQINAQLFLSDRNQDIINKPEEIINLLNGNNVSLMRSNIYGDGLKSTVDDFYSNYKIPYNRAYEYHFNNSNDSSLDNVNTGVIDNIPEI--IDVNPYKENCDKFSPVQKITSTREINTNIPWPINYLQAQNTNNERFSLSSDFVEVVSSKDKSLVYSFLSNVMFYLDSIKDNSPIDTDKEYYLWLREIFRNYSFDITATQEINTNCGINKVVAWFGKALNILNTSDSFVEEFQNLGPSSLINKKENLSMPIIEIDEIPNYMLGLPLNDLNEKLFNIYLKNILYFKKVYFNFLDQWWTEYYSQYFDLICMAKQSILAQEKLIKQIIQNKLQDLSK-ADISMDKLNLMNLATGKTFIDLSNESQIAIDNINDFLNKSAICFFDTNIYPKFISFMEQCINSVNSNVTTFIQKCTNITEDEKLQLIKLNTFMNIDFEFFDIQNIKDLITSETDLIKEEKESDYNLFLLTLQEDNNKVIEDISGKNTLVKYSDSISLVYGVNGDALYLKEPNESVSFSNKVFENGLTNSFSICFWLRNLGEDIITSKLIENKADNCGWEIYFENNGLVFSIVDCNGNEENIYLSDVISKNWYYISISIDRLRNQLLIFINDKLIANQSIEQILNIYSSSTISLVNENNPIYVEGLSILNRSITSEEVVNNYFSYLNNSYIRDISGERLEYNKIYELYNYVFPENSLYEVTENNNIYLSIKDTNDLNIQGAKFKLINIDTNKQYVQKWDEGVVCLLGDEEKYVDISSENNRIQLVSSRDTAKKIIFNNDIFKPNCLTFAYNNKYLSLSFRDRNYNWMIYNNNDNIPKAAHLWTLKGI
PROKKA_00008	tr|C4IHM0|C4IHM0_CLOBU Botulinum neurotoxin type E, nontoxic-nonhemagglutinin component, NTNH OS=Clostridium butyricum E4 str. BoNT E BL5262 GN=ntnH PE=4 SV=1 !!!ntnH	1210	1163	1204	716	59.47	440	48	13	1209	MNINDNLSINSPVDNKNVVVVRARKTDTIFKAFKVAPNIWVAPERYYGESLSIDEEYKVDGGIYDSNFLSQDSEKDKFLQAIITLLKRINSTNAGEKLLSLISTAIPFPYGYIGGGYYAPNMITFGSAPKSNKKLNSLISSTIPFPYAG----YRETNYLSSEDNKNFYASNIVIFGPGSNIVENNTVFYKKEDAENGMGTMTEIWFQPFLTYKYDQFYIDPAIELMKCLIKSLYFLYGIKPSDDLVVPYRLRNELENIEYSQLNIVDLLVSGGIDPKFINTDPYWFIDNYFSNAKKVFEDHRNIYKTEVEGNNAIGNDIKLRLKQKFRINTNDIWELNLNYFSKEFSIMMPDRFNNALKHFYRKQYYKIDYPENYSINGFVNGQINAQLFLSDRNQDIINKPEEIINLLNGNNVSLMRSNIYGDGLKSTVDDFYSNYKIPYNRAYEYHFNNSNDSSLDNVNTGVIDNIPEI--IDVNPYKENCDKFSPVQKITSTREINTNIPWPINYLQAQNTNNERFSLSSDFVEVVSSKDKSLVYSFLSNVMFYLDSIKDNSPIDTDKEYYLWLREIFRNYSFDITATQEINTNCGINKVVAWFGKALNILNTSDSFVEEFQNLGPSSLINKKENLSMPIIEIDEIPNYMLGLPLNDLNEKLFNIYLKNILYFKKVYFNFLDQWWTEYYSQYFDLICMAKQSILAQEKLIKQIIQNKLQDLSK-ADISMDKLNLMNLATGKTFIDLSNESQIAIDNINDFLNKSAICFFDTNIYPKFISFMEQCINSVNSNVTTFIQKCTNITEDEKLQLIKLNTFMNIDFEFFDIQNIKDLITSETDLIKEEKESDYNLFLLTLQEDNNKVIEDISGKNTLVKYSDSISLVYGVNGDALYLKEPNESVSFSNKVFENGLTNSFSICFWLRNLGEDIITSKLIENKADNCGWEIYFENNGLVFSIVDCNGNEENIYLSDVISKNWYYISISIDRLRNQLLIFINDKLIANQSIEQILNIYSSSTISLVNENNPIYVEGLSILNRSITSEEVVNNYFSYLNNSYIRDISGERLEYNKIYELYNYVFPENSLYEVTENNNIYLSIKDTNDLNIQGAKFKLINIDTNKQYVQKWDEGVVCLLGDEEKYVDISSENNRIQLVSSRDTAKKIIFNNDIFKPNCLTFAYNNKYLSLSFRDRNYNWMIYNNNDNIPKAAHLWTLKGI
PROKKA_00008	tr|A7GBF8|A7GBF8_CLOBL Toxin complex component ORF-X2 OS=Clostridium botulinum (strain Langeland / NCTC 10281 / Type F) GN=CLI_0846 PE=4 SV=1 !!!ORF-X2	1210	750	19	9	47.37	10	0	769	787	DTNIYPKFISFMEQCINSV
PROKKA_00008	tr|A0A0D1AER2|A0A0D1AER2_CLOBO Transcriptional regulator OS=Clostridium botulinum B2 450 GN=N495_19875 PE=4 SV=1 !!! 	1210	178	57	16	28.07	38	3	1129	1183	GDEEKYVDISSENNRIQLVSSRDTAKKIIFNNDIF--KPNCLTFAYNNKYLSLSFRD
PROKKA_00008	tr|A5HZZ7|A5HZZ7_CLOBH RNA polymerase ECF-type sigma factor OS=Clostridium botulinum (strain Hall / ATCC 3502 / NCTC 13319 / Type A) GN=botR PE=4 SV=1 !!!BotR	1210	178	57	16	28.07	38	3	1129	1183	GDEEKYVDISSENNRIQLVSSRDTAKKIIFNNDIF--KPNCLTFAYNNKYLSLSFRD
PROKKA_00008	tr|S8CEF4|S8CEF4_CLOBO Transcriptional regulator BotR, P-21 OS=Clostridium botulinum CFSAN002367 GN=CFSAN002367_15806 PE=4 SV=1 !!!BotR	1210	178	57	16	28.07	38	3	1129	1183	GDEEKYVDISSENNRIQLVSSRDTAKKIIFNNDIF--KPNCLTFAYNNKYLSLSFRD
PROKKA_00008	tr|C1FUH3|C1FUH3_CLOBJ Toxin complex component ORF-X3 OS=Clostridium botulinum (strain Kyoto / Type A2) GN=CLM_0891 PE=4 SV=1 !!!ORF-X3	1210	490	26	11	42.31	15	0	1094	1119	DTNDLNIQGAKFKLINIDTNKQYVQK
PROKKA_00008	tr|A0A073CP83|A0A073CP83_CLOBO Transcriptional regulator OS=Clostridium botulinum A2B3 87 GN=N496_19575 PE=4 SV=1 !!! 	1210	178	57	16	28.07	38	3	1129	1183	GDEEKYVDISSENNRIQLVSSRDTAKKIIFNNDIF--KPNCLTFAYNNKYLSLSFRD
PROKKA_00008	tr|A7GBF7|A7GBF7_CLOBL Toxin complex component ORF-X3 OS=Clostridium botulinum (strain Langeland / NCTC 10281 / Type F) GN=CLI_0845 PE=4 SV=1 !!!ORF-X3	1210	490	26	11	42.31	15	0	1094	1119	DTNDLNIQGAKFKLINIDTNKQYVQK
PROKKA_00008	tr|B2TSB9|B2TSB9_CLOBB Heamagglutinin components HA-70 OS=Clostridium botulinum (strain Eklund 17B / Type B) GN=ha70 PE=4 SV=1 !!!ha70	1210	626	25	10	40.00	11	4	466	486	LDNVNTGVIDN----IPEIIDVNPY
PROKKA_00008	tr|A0A060N3U8|A0A060N3U8_CLOBO Transcriptional regulator botR OS=Clostridium botulinum B str. Osaka05 GN=CBO05P2_176 PE=4 SV=1 !!!BotR	1210	178	34	10	29.41	24	0	1129	1162	GDEEKYVDISSENNRIQLVSSRDTAKKIIFNNDI
PROKKA_00009	tr|B2TSC2|B2TSC2_CLOBB Putative RNA polymerase sigma factor OS=Clostridium botulinum (strain Eklund 17B / Type B) GN=botR PE=4 SV=1 !!!BotR	180	179	179	179	100.00	0	0	1	179	MNKLFLQIKRLKNDNREFQEIFKNFEKTIDIFTRKYNIYDNYNDILYHLWYTLKKVDLSNFNTQNDLERYISRTLKRYCLDICNKRKIDKKIIYNSEIVGEKLRLIANSYSSYSEVEFNDLISILPDDQKKIIYMKFVEDIKEIDIAKKLNISRQSVYKNKIMALGRLKPILVYIFKKF
PROKKA_00009	tr|A5HZZ7|A5HZZ7_CLOBH RNA polymerase ECF-type sigma factor OS=Clostridium botulinum (strain Hall / ATCC 3502 / NCTC 13319 / Type A) GN=botR PE=4 SV=1 !!!BotR	180	178	172	162	94.19	10	0	1	172	MNKLFLQIKRLKNDNREFQEIFKNFEKTIDIFTRKYNIYDNYNDILYHLWYTLKKVDLSNFNTQNDLERYISRTLKRYCLDICNKRKIDKKIIYNSEIVGEKLRLIANSYSSYSEVEFNDLISILPDDQKKIIYMKFVEDIKEIDIAKKLNISRQSVYKNKIMALGRLKPIL
PROKKA_00009	tr|S8CEF4|S8CEF4_CLOBO Transcriptional regulator BotR, P-21 OS=Clostridium botulinum CFSAN002367 GN=CFSAN002367_15806 PE=4 SV=1 !!!BotR	180	178	172	162	94.19	10	0	1	172	MNKLFLQIKRLKNDNREFQEIFKNFEKTIDIFTRKYNIYDNYNDILYHLWYTLKKVDLSNFNTQNDLERYISRTLKRYCLDICNKRKIDKKIIYNSEIVGEKLRLIANSYSSYSEVEFNDLISILPDDQKKIIYMKFVEDIKEIDIAKKLNISRQSVYKNKIMALGRLKPIL
PROKKA_00009	tr|M1ZWZ6|M1ZWZ6_CLOBO Transcriptional regulator BotR, P-21 OS=Clostridium botulinum CFSAN001627 GN=CFSAN001627_10483 PE=4 SV=1 !!!BotR	180	178	172	161	93.60	11	0	1	172	MNKLFLQIKRLKNDNREFQEIFKNFEKTIDIFTRKYNIYDNYNDILYHLWYTLKKVDLSNFNTQNDLERYISRTLKRYCLDICNKRKIDKKIIYNSEIVGEKLRLIANSYSSYSEVEFNDLISILPDDQKKIIYMKFVEDIKEIDIAKKLNISRQSVYKNKIMALGRLKPIL
PROKKA_00009	tr|A0A073CP83|A0A073CP83_CLOBO Transcriptional regulator OS=Clostridium botulinum A2B3 87 GN=N496_19575 PE=4 SV=1 !!! 	180	178	172	161	93.60	11	0	1	172	MNKLFLQIKRLKNDNREFQEIFKNFEKTIDIFTRKYNIYDNYNDILYHLWYTLKKVDLSNFNTQNDLERYISRTLKRYCLDICNKRKIDKKIIYNSEIVGEKLRLIANSYSSYSEVEFNDLISILPDDQKKIIYMKFVEDIKEIDIAKKLNISRQSVYKNKIMALGRLKPIL
PROKKA_00009	tr|A0A060N3U8|A0A060N3U8_CLOBO Transcriptional regulator botR OS=Clostridium botulinum B str. Osaka05 GN=CBO05P2_176 PE=4 SV=1 !!!BotR	180	178	172	160	93.02	12	0	1	172	MNKLFLQIKRLKNDNREFQEIFKNFEKTIDIFTRKYNIYDNYNDILYHLWYTLKKVDLSNFNTQNDLERYISRTLKRYCLDICNKRKIDKKIIYNSEIVGEKLRLIANSYSSYSEVEFNDLISILPDDQKKIIYMKFVEDIKEIDIAKKLNISRQSVYKNKIMALGRLKPIL
PROKKA_00009	tr|A0A0D1AER2|A0A0D1AER2_CLOBO Transcriptional regulator OS=Clostridium botulinum B2 450 GN=N495_19875 PE=4 SV=1 !!! 	180	178	172	160	93.02	12	0	1	172	MNKLFLQIKRLKNDNREFQEIFKNFEKTIDIFTRKYNIYDNYNDILYHLWYTLKKVDLSNFNTQNDLERYISRTLKRYCLDICNKRKIDKKIIYNSEIVGEKLRLIANSYSSYSEVEFNDLISILPDDQKKIIYMKFVEDIKEIDIAKKLNISRQSVYKNKIMALGRLKPIL
PROKKA_00009	tr|A0A0C1QVR0|A0A0C1QVR0_9CLOT Transcriptional regulator BotR, P-21 OS=Clostridium argentinense CDC 2741 GN=botR PE=4 SV=1 !!!BotR	180	178	172	99	57.56	73	0	1	172	MNKLFLQIKRLKNDNREFQEIFKNFEKTIDIFTRKYNIYDNYNDILYHLWYTLKKVDLSNFNTQNDLERYISRTLKRYCLDICNKRKIDKKIIYNSEIVGEKLRLIANSYSSYSEVEFNDLISILPDDQKKIIYMKFVEDIKEIDIAKKLNISRQSVYKNKIMALGRLKPIL
PROKKA_00009	tr|A7GBG0|A7GBG0_CLOBL Transcriptional regulator BotR, P-21 OS=Clostridium botulinum (strain Langeland / NCTC 10281 / Type F) GN=botR PE=4 SV=1 !!!BotR	180	178	172	106	61.63	66	0	1	172	MNKLFLQIKRLKNDNREFQEIFKNFEKTIDIFTRKYNIYDNYNDILYHLWYTLKKVDLSNFNTQNDLERYISRTLKRYCLDICNKRKIDKKIIYNSEIVGEKLRLIANSYSSYSEVEFNDLISILPDDQKKIIYMKFVEDIKEIDIAKKLNISRQSVYKNKIMALGRLKPIL
PROKKA_00009	tr|B1L2G2|B1L2G2_CLOBM Transcriptional regulator BotR, P-21 OS=Clostridium botulinum (strain Loch Maree / Type A3) GN=botR PE=4 SV=1 !!!BotR	180	184	169	105	62.13	64	0	4	172	LFLQIKRLKNDNREFQEIFKNFEKTIDIFTRKYNIYDNYNDILYHLWYTLKKVDLSNFNTQNDLERYISRTLKRYCLDICNKRKIDKKIIYNSEIVGEKLRLIANSYSSYSEVEFNDLISILPDDQKKIIYMKFVEDIKEIDIAKKLNISRQSVYKNKIMALGRLKPIL
PROKKA_00009	tr|A0A073CMR9|A0A073CMR9_CLOBO Transcriptional regulator OS=Clostridium botulinum A2B3 87 GN=N496_18580 PE=4 SV=1 !!! 	180	178	172	102	59.30	70	0	1	172	MNKLFLQIKRLKNDNREFQEIFKNFEKTIDIFTRKYNIYDNYNDILYHLWYTLKKVDLSNFNTQNDLERYISRTLKRYCLDICNKRKIDKKIIYNSEIVGEKLRLIANSYSSYSEVEFNDLISILPDDQKKIIYMKFVEDIKEIDIAKKLNISRQSVYKNKIMALGRLKPIL
PROKKA_00009	tr|B1BE47|B1BE47_CLOBO Clostridium toxin-associated regulator BotR OS=Clostridium botulinum C str. Eklund GN=botR PE=4 SV=1 !!!BotR	180	179	174	81	46.55	92	1	1	173	MNKLFLQIKRLKNDNREFQEIFKNFEKTID-IFTRKYNIYDNYNDILYHLWYTLKKVDLSNFNTQNDLERYISRTLKRYCLDICNKRKIDKKIIYNSEIVGEKLRLIANSYSSYSEVEFNDLISILPDDQKKIIYMKFVEDIKEIDIAKKLNISRQSVYKNKIMALGRLKPILV
PROKKA_00009	tr|B2TSC3|B2TSC3_CLOBB Botulinum neurotoxin type B OS=Clostridium botulinum (strain Eklund 17B / Type B) GN=ntnH PE=4 SV=1 !!!ntnH	180	1197	33	10	30.30	23	0	66	98	DLERYISRTLKRYCLDICNKRKIDKKIIYNSEI
PROKKA_00009	tr|M1ZPH7|M1ZPH7_CLOBO Hemagglutinin component HA70 OS=Clostridium botulinum CFSAN001627 GN=CFSAN001627_19663 PE=4 SV=1 !!!ha70	180	626	33	10	30.30	23	0	36	68	YNIYDNYNDILYHLWYTLKKVDLSNFNTQNDLE
PROKKA_00009	tr|B1INP6|B1INP6_CLOBK Botulinum neurotoxin type B1, nontoxic-nonhemagglutinin component, NTNH OS=Clostridium botulinum (strain Okra / Type B1) GN=ntnH PE=4 SV=1 !!!ntnH	180	1197	33	9	27.27	24	0	66	98	DLERYISRTLKRYCLDICNKRKIDKKIIYNSEI
PROKKA_00009	tr|A0A060N6G5|A0A060N6G5_CLOBO Nontoxic-nonhemagglutinin component, NTNH OS=Clostridium botulinum B str. Osaka05 GN=CBO05P2_175 PE=4 SV=1 !!!ntnH	180	1197	33	8	24.24	25	0	66	98	DLERYISRTLKRYCLDICNKRKIDKKIIYNSEI
PROKKA_00009	tr|S8BA68|S8BA68_CLOBO Hemagglutinin component HA70 OS=Clostridium botulinum CFSAN002367 GN=CFSAN002367_15786 PE=4 SV=1 !!!ha70	180	508	32	9	28.12	23	0	36	67	YNIYDNYNDILYHLWYTLKKVDLSNFNTQNDL
PROKKA_00009	tr|A0A0E1L2H2|A0A0E1L2H2_CLOBO Hemagglutinin components HA-22/23/53 OS=Clostridium botulinum CDC_1436 GN=ha-70 PE=4 SV=1 !!!ha70	180	626	33	9	27.27	24	0	36	68	YNIYDNYNDILYHLWYTLKKVDLSNFNTQNDLE
PROKKA_00009	tr|B1INQ0|B1INQ0_CLOBK Hemagglutinin component HA70 OS=Clostridium botulinum (strain Okra / Type B1) GN=ha70 PE=4 SV=1 !!!ha70	180	626	33	9	27.27	24	0	36	68	YNIYDNYNDILYHLWYTLKKVDLSNFNTQNDLE
PROKKA_00009	tr|A0A0B4W4X0|A0A0B4W4X0_CLOBO Hemagglutinin components HA-22/23/53 OS=Clostridium botulinum Prevot_594 GN=ha-70 PE=4 SV=1 !!!ha70	180	626	32	9	28.12	23	0	36	67	YNIYDNYNDILYHLWYTLKKVDLSNFNTQNDL
PROKKA_00009	tr|A0A060NA10|A0A060NA10_CLOBO Haemagglutinin component HA70 OS=Clostridium botulinum B str. Osaka05 GN=CBO05P2_179 PE=4 SV=1 !!!ha70	180	626	33	9	27.27	24	0	36	68	YNIYDNYNDILYHLWYTLKKVDLSNFNTQNDLE
PROKKA_00010	tr|B2TSC1|B2TSC1_CLOBB Haemagglutinin component OS=Clostridium botulinum (strain Eklund 17B / Type B) GN=ha33 PE=4 SV=1  !!!ha33	293	292	292	292	100.00	0	0	1	292	MEHYSVIQNSLNDEIVTISCKADTNLFFYQTVGNVSLFQQTRNYLERWRLIYDANKAAYKIKSMDSHNTNLVLTWNAPTHNISAQQDSNADNQYWLLLKDIGSNSFIIASYKNPNLVLYADTVARNLKLSTLNNSSYIKFIIEDYMISDFNNFTCKISPILDSSKVVQQVAMTDLSVNLYTWDYGRNQKWTIKYNKEKSAYQFFNTILSNGVLTWISSNGNTVRVSSIAQNNDAQYWLINPVSNAYETYTITNLHDTTKALDLYNSQTANGTTIQVFNYHGDDNQKWFIRNP
PROKKA_00010	tr|A5HZZ6|A5HZZ6_CLOBH Hemagglutinin component of the neurotoxin complex OS=Clostridium botulinum (strain Hall / ATCC 3502 / NCTC 13319 / Type A) GN=ha33 PE=1 SV=1 !!!ha33	293	293	293	262	89.42	30	1	1	292	MEHYSVIQNSLNDEIVTISCKADTNLFFYQTVGNVSLFQQTRNYLERWRLIYDANKAAYKIKSMDSHNTNLVLTWNAPTHNISAQQDSNADNQYWLLLKDIGSNSFIIASYKNPNLVLYADTVARNLKLSTLNNSSYIKFIIEDYMISDFNNFTCKISPILDSSKVVQQVAMTDLSVNLYTWDYGRNQKWTIKYNKEKSAYQFFNTILSNGVLTWISSNGNTVRVSSI-AQNNDAQYWLINPVSNAYETYTITNLHDTTKALDLYNSQTANGTTIQVFNYHGDDNQKWFIRNP
PROKKA_00010	tr|B1INP8|B1INP8_CLOBK Hemagglutinin component HA33 OS=Clostridium botulinum (strain Okra / Type B1) GN=ha33 PE=1 SV=1 !!!ha33	293	294	294	242	82.31	50	2	1	292	MEHYSVIQNSLNDEIVTISCKADTNLFFYQTVGN--VSLFQQTRNYLERWRLIYDANKAAYKIKSMDSHNTNLVLTWNAPTHNISAQQDSNADNQYWLLLKDIGSNSFIIASYKNPNLVLYADTVARNLKLSTLNNSSYIKFIIEDYMISDFNNFTCKISPILDSSKVVQQVAMTDLSVNLYTWDYGRNQKWTIKYNKEKSAYQFFNTILSNGVLTWISSNGNTVRVSSIAQNNDAQYWLINPVSNAYETYTITNLHDTTKALDLYNSQTANGTTIQVFNYHGDDNQKWFIRNP
PROKKA_00010	tr|C5VU79|C5VU79_CLOBO Hemagglutinin component HA33 OS=Clostridium botulinum D str. 1873 GN=ha33 PE=4 SV=1 !!!ha33	293	285	279	118	42.29	153	8	12	289	NDEIVTISCKADTNLFFYQ-TVGNVSLFQQTRNYLERWRLIYDANKAAYKIKSMDSHNTNLVLTWNAPTHNISAQQDSNADNQYWLLLKDIGSNSFIIASYKNPNLVLYADTVARNLKLSTLNNSSYIKFIIEDYMISDFNNFTCKISPILDSSKVVQQVAMTDLSVNLYTWDYGRNQKWTIKYNKEKSAYQFFNTILSNGVLTWISSNGNTVRVSSIAQNNDAQYWLINPVSNAYETYTITNLHDTTKALDLYNSQTANGTTIQVFNYHGDDNQKWFI
PROKKA_00010	tr|A0A0C1TY77|A0A0C1TY77_9CLOT Main hemagglutinin component OS=Clostridium argentinense CDC 2741 GN=ha-33 PE=4 SV=1 !!!ha33	293	285	281	115	40.93	156	10	11	289	LNDEIVTISCKADTNLFFYQ-TVGNVSLFQQTRNYLERWRLIYDANKAAYKIKSMDSHNTNLVLTWNAPTHNISAQQDSNADNQYWLLLKDIGSNSFIIASYKNPNLVL-YADTVARNLKLSTLNNSSYIKFIIEDYMISDFNNFTCKISPILDSSKVVQQVAMTDLSVNLYTWDYGRNQKWTIKYNKEKSAYQFFNTILSNGVLTWISSNGNTVRVSSIAQNNDAQYWLINPVSNAYETYTITNLHDTTKALDLYNSQTANGTTIQVFNYHGDDNQKWFI
PROKKA_00010	tr|A0A0C1TY77|A0A0C1TY77_9CLOT Main hemagglutinin component OS=Clostridium argentinense CDC 2741 GN=ha-33 PE=4 SV=1 !!!ha33	293	285	99	21	21.21	74	4	1	97	MEHYSVIQNSLNDEIVTISCKADTNLFFYQTV--GNVSLFQQTRNYLERWRLIYDANKAAYKIKSMDSHNTNLVLTWNAPTHNISAQQDSNADNQYWLL
PROKKA_00010	tr|A0A0C1QVX2|A0A0C1QVX2_9CLOT Hemagglutinin component HA-17 OS=Clostridium argentinense CDC 2741 GN=ha-17 PE=4 SV=1 !!!ha17	293	147	81	31	38.27	43	7	187	265	NQKWTIKYNKEKSAYQFFNTILSNGVLTWISSNGNTVR--VSSIAQNNDAQYWLINPVSNAYETYTITNLHDTTKALDLYN
PROKKA_00010	tr|A0A0C1QVX2|A0A0C1QVX2_9CLOT Hemagglutinin component HA-17 OS=Clostridium argentinense CDC 2741 GN=ha-17 PE=4 SV=1 !!!ha17	293	147	68	23	33.82	41	4	46	112	ERWRLIYDANKAAYKIKSMDSHNTNLVLTWNAPTHNISAQ-QDSNADNQYWLLLKDIGSNSFIIASYK
PROKKA_00010	tr|A0A073CN83|A0A073CN83_CLOBO Hemagglutinin OS=Clostridium botulinum A2B3 87 GN=N496_19565 PE=4 SV=1 !!! 	293	146	85	22	25.88	53	10	185	266	GRNQKWTIKYNKEKSAYQFFNTILSNGVLTWISSNGNTVRVSSIAQNNDAQYWLINPVSNAYETYTITNLHDTTK---ALDLYNS
PROKKA_00010	tr|B2TSC0|B2TSC0_CLOBB Hemagglutinin component HA-17 OS=Clostridium botulinum (strain Eklund 17B / Type B) GN=ha17 PE=4 SV=1 !!!ha17	293	146	85	21	24.71	54	10	185	266	GRNQKWTIKYNKEKSAYQFFNTILSNGVLTWISSNGNTVRVSSIAQNNDAQYWLINPVSNAYETYTITNLHDTTK---ALDLYNS
PROKKA_00010	tr|B2TSC0|B2TSC0_CLOBB Hemagglutinin component HA-17 OS=Clostridium botulinum (strain Eklund 17B / Type B) GN=ha17 PE=4 SV=1 !!!ha17	293	146	96	26	27.08	62	8	59	151	YKIKSMDSHNTNLVLTWNAPTHNISAQQDSNADNQYWLLLKDIGSNSFIIASYKNPNLVLYADTVARNLKLSTLNNSSY---IKFIIEDYMISDFN
PROKKA_00010	tr|A0A0D1BS75|A0A0D1BS75_CLOBO Hemagglutinin OS=Clostridium botulinum B2 450 GN=N495_19885 PE=4 SV=1 !!! 	293	146	85	21	24.71	54	10	185	266	GRNQKWTIKYNKEKSAYQFFNTILSNGVLTWISSNGNTVRVSSIAQNNDAQYWLINPVSNAYETYTITNLHDTTK---ALDLYNS
PROKKA_00010	tr|A0A0D1BS75|A0A0D1BS75_CLOBO Hemagglutinin OS=Clostridium botulinum B2 450 GN=N495_19885 PE=4 SV=1 !!! 	293	146	96	26	27.08	62	8	59	151	YKIKSMDSHNTNLVLTWNAPTHNISAQQDSNADNQYWLLLKDIGSNSFIIASYKNPNLVLYADTVARNLKLSTLNNSSY---IKFIIEDYMISDFN
PROKKA_00010	tr|A0A060N976|A0A060N976_CLOBO Hemagglutinin component HA17 OS=Clostridium botulinum B str. Osaka05 GN=CBO05P2_178 PE=4 SV=1 !!!ha17	293	146	85	21	24.71	54	10	185	266	GRNQKWTIKYNKEKSAYQFFNTILSNGVLTWISSNGNTVRVSSIAQNNDAQYWLINPVSNAYETYTITNLHDTTK---ALDLYNS
PROKKA_00010	tr|A0A060N976|A0A060N976_CLOBO Hemagglutinin component HA17 OS=Clostridium botulinum B str. Osaka05 GN=CBO05P2_178 PE=4 SV=1 !!!ha17	293	146	96	26	27.08	62	8	59	151	YKIKSMDSHNTNLVLTWNAPTHNISAQQDSNADNQYWLLLKDIGSNSFIIASYKNPNLVLYADTVARNLKLSTLNNSSY---IKFIIEDYMISDFN
PROKKA_00010	tr|A0A0E1L447|A0A0E1L447_CLOBO Hemagglutinin component HA-17 OS=Clostridium botulinum CDC_1436 GN=ha-17 PE=4 SV=1 !!!ha17	293	146	85	21	24.71	54	10	185	266	GRNQKWTIKYNKEKSAYQFFNTILSNGVLTWISSNGNTVRVSSIAQNNDAQYWLINPVSNAYETYTITNLHDTTK---ALDLYNS
PROKKA_00010	tr|A0A0E1L447|A0A0E1L447_CLOBO Hemagglutinin component HA-17 OS=Clostridium botulinum CDC_1436 GN=ha-17 PE=4 SV=1 !!!ha17	293	146	96	26	27.08	62	8	59	151	YKIKSMDSHNTNLVLTWNAPTHNISAQQDSNADNQYWLLLKDIGSNSFIIASYKNPNLVLYADTVARNLKLSTLNNSSY---IKFIIEDYMISDFN
PROKKA_00010	tr|A5HZZ5|A5HZZ5_CLOBH Hemagglutinin component of the neurotoxin complex OS=Clostridium botulinum (strain Hall / ATCC 3502 / NCTC 13319 / Type A) GN=ha17 PE=1 SV=1 !!!ha17	293	146	85	21	24.71	54	10	185	266	GRNQKWTIKYNKEKSAYQFFNTILSNGVLTWISSNGNTVRVSSIAQNNDAQYWLINPVSNAYETYTITNLHDTTK---ALDLYNS
PROKKA_00010	tr|A5HZZ5|A5HZZ5_CLOBH Hemagglutinin component of the neurotoxin complex OS=Clostridium botulinum (strain Hall / ATCC 3502 / NCTC 13319 / Type A) GN=ha17 PE=1 SV=1 !!!ha17	293	146	96	26	27.08	62	8	59	151	YKIKSMDSHNTNLVLTWNAPTHNISAQQDSNADNQYWLLLKDIGSNSFIIASYKNPNLVLYADTVARNLKLSTLNNSSY---IKFIIEDYMISDFN
PROKKA_00010	tr|B1INP9|B1INP9_CLOBK Hemagglutinin component HA17 OS=Clostridium botulinum (strain Okra / Type B1) GN=ha17 PE=4 SV=1 !!!ha17	293	146	85	21	24.71	54	10	185	266	GRNQKWTIKYNKEKSAYQFFNTILSNGVLTWISSNGNTVRVSSIAQNNDAQYWLINPVSNAYETYTITNLHDTTK---ALDLYNS
PROKKA_00010	tr|B1INP9|B1INP9_CLOBK Hemagglutinin component HA17 OS=Clostridium botulinum (strain Okra / Type B1) GN=ha17 PE=4 SV=1 !!!ha17	293	146	96	25	26.04	63	8	59	151	YKIKSMDSHNTNLVLTWNAPTHNISAQQDSNADNQYWLLLKDIGSNSFIIASYKNPNLVLYADTVARNLKLSTLNNSSY---IKFIIEDYMISDFN
PROKKA_00010	tr|A0A0B4W498|A0A0B4W498_CLOBO Hemagglutinin component HA-17 OS=Clostridium botulinum Prevot_594 GN=ha-17 PE=4 SV=1 !!!ha17	293	146	85	21	24.71	54	10	185	266	GRNQKWTIKYNKEKSAYQFFNTILSNGVLTWISSNGNTVRVSSIAQNNDAQYWLINPVSNAYETYTITNLHDTTK---ALDLYNS
PROKKA_00010	tr|A0A0B4W498|A0A0B4W498_CLOBO Hemagglutinin component HA-17 OS=Clostridium botulinum Prevot_594 GN=ha-17 PE=4 SV=1 !!!ha17	293	146	96	26	27.08	62	8	59	151	YKIKSMDSHNTNLVLTWNAPTHNISAQQDSNADNQYWLLLKDIGSNSFIIASYKNPNLVLYADTVARNLKLSTLNNSSY---IKFIIEDYMISDFN
PROKKA_00010	tr|A0A0B4W498|A0A0B4W498_CLOBO Hemagglutinin component HA-17 OS=Clostridium botulinum Prevot_594 GN=ha-17 PE=4 SV=1 !!!ha17	293	146	76	20	26.32	48	8	46	120	ERWRLIYDANKAAYKIKSMDSHNTNLVLTWNAPTHNIS-AQQDSNADNQYWLLLKDIGSNSFIIASYKNPNLVLYA
PROKKA_00010	tr|C5VU78|C5VU78_CLOBO Hemagglutinin component HA17 OS=Clostridium botulinum D str. 1873 GN=ha17 PE=4 SV=1 !!!ha17	293	146	60	22	36.67	34	4	59	118	YKIKSMDSHNTNLVLTWNAPTHNISAQQDSNADNQYWLLLKDIGSNSFIIASYKNPNLVL
PROKKA_00010	tr|C5VU78|C5VU78_CLOBO Hemagglutinin component HA17 OS=Clostridium botulinum D str. 1873 GN=ha17 PE=4 SV=1 !!!ha17	293	146	29	9	31.03	20	0	187	215	NQKWTIKYNKEKSAYQFFNTILSNGVLTW
PROKKA_00010	tr|B1BE45|B1BE45_CLOBO Non-toxin haemagglutinin HA-17 OS=Clostridium botulinum C str. Eklund GN=CBC_A0168 PE=4 SV=1 !!!ha17	293	146	29	10	34.48	19	0	187	215	NQKWTIKYNKEKSAYQFFNTILSNGVLTW
PROKKA_00010	tr|B1BE45|B1BE45_CLOBO Non-toxin haemagglutinin HA-17 OS=Clostridium botulinum C str. Eklund GN=CBC_A0168 PE=4 SV=1 !!!ha17	293	146	48	19	39.58	25	4	59	106	YKIKSMDSHNTNLVLTWNAPTHNISAQQDSNADNQYWLLLKDIGSNSF
PROKKA_00011	tr|B2TSC0|B2TSC0_CLOBB Hemagglutinin component HA-17 OS=Clostridium botulinum (strain Eklund 17B / Type B) GN=ha17 PE=4 SV=1 !!!ha17	147	146	146	146	100.00	0	0	1	146	MSVERTFLPDGNYNIKSIFSGSLYLNPVSGSLTFSSESSANNQKWNVEYMAKNRCFKISNVAEPNKYLSYDNFGFISLDSLSNKCYWFPIKIAVNTYIMLNLNKVNELDYAWDIYDTNENILSQPLLLLPNFDIYNSNQMLKLEKI
PROKKA_00011	tr|A0A0D1BS75|A0A0D1BS75_CLOBO Hemagglutinin OS=Clostridium botulinum B2 450 GN=N495_19885 PE=4 SV=1 !!! 	147	146	146	139	95.21	7	0	1	146	MSVERTFLPDGNYNIKSIFSGSLYLNPVSGSLTFSSESSANNQKWNVEYMAKNRCFKISNVAEPNKYLSYDNFGFISLDSLSNKCYWFPIKIAVNTYIMLNLNKVNELDYAWDIYDTNENILSQPLLLLPNFDIYNSNQMLKLEKI
PROKKA_00011	tr|A0A060N976|A0A060N976_CLOBO Hemagglutinin component HA17 OS=Clostridium botulinum B str. Osaka05 GN=CBO05P2_178 PE=4 SV=1 !!!ha17	147	146	146	139	95.21	7	0	1	146	MSVERTFLPDGNYNIKSIFSGSLYLNPVSGSLTFSSESSANNQKWNVEYMAKNRCFKISNVAEPNKYLSYDNFGFISLDSLSNKCYWFPIKIAVNTYIMLNLNKVNELDYAWDIYDTNENILSQPLLLLPNFDIYNSNQMLKLEKI
PROKKA_00011	tr|A0A0E1L447|A0A0E1L447_CLOBO Hemagglutinin component HA-17 OS=Clostridium botulinum CDC_1436 GN=ha-17 PE=4 SV=1 !!!ha17	147	146	146	139	95.21	7	0	1	146	MSVERTFLPDGNYNIKSIFSGSLYLNPVSGSLTFSSESSANNQKWNVEYMAKNRCFKISNVAEPNKYLSYDNFGFISLDSLSNKCYWFPIKIAVNTYIMLNLNKVNELDYAWDIYDTNENILSQPLLLLPNFDIYNSNQMLKLEKI
PROKKA_00011	tr|B1INP9|B1INP9_CLOBK Hemagglutinin component HA17 OS=Clostridium botulinum (strain Okra / Type B1) GN=ha17 PE=4 SV=1 !!!ha17	147	146	146	138	94.52	8	0	1	146	MSVERTFLPDGNYNIKSIFSGSLYLNPVSGSLTFSSESSANNQKWNVEYMAKNRCFKISNVAEPNKYLSYDNFGFISLDSLSNKCYWFPIKIAVNTYIMLNLNKVNELDYAWDIYDTNENILSQPLLLLPNFDIYNSNQMLKLEKI
PROKKA_00011	tr|A5HZZ5|A5HZZ5_CLOBH Hemagglutinin component of the neurotoxin complex OS=Clostridium botulinum (strain Hall / ATCC 3502 / NCTC 13319 / Type A) GN=ha17 PE=1 SV=1 !!!ha17	147	146	146	139	95.21	7	0	1	146	MSVERTFLPDGNYNIKSIFSGSLYLNPVSGSLTFSSESSANNQKWNVEYMAKNRCFKISNVAEPNKYLSYDNFGFISLDSLSNKCYWFPIKIAVNTYIMLNLNKVNELDYAWDIYDTNENILSQPLLLLPNFDIYNSNQMLKLEKI
PROKKA_00011	tr|A0A073CN83|A0A073CN83_CLOBO Hemagglutinin OS=Clostridium botulinum A2B3 87 GN=N496_19565 PE=4 SV=1 !!! 	147	146	146	138	94.52	8	0	1	146	MSVERTFLPDGNYNIKSIFSGSLYLNPVSGSLTFSSESSANNQKWNVEYMAKNRCFKISNVAEPNKYLSYDNFGFISLDSLSNKCYWFPIKIAVNTYIMLNLNKVNELDYAWDIYDTNENILSQPLLLLPNFDIYNSNQMLKLEKI
PROKKA_00011	tr|A0A0B4W498|A0A0B4W498_CLOBO Hemagglutinin component HA-17 OS=Clostridium botulinum Prevot_594 GN=ha-17 PE=4 SV=1 !!!ha17	147	146	146	136	93.15	10	0	1	146	MSVERTFLPDGNYNIKSIFSGSLYLNPVSGSLTFSSESSANNQKWNVEYMAKNRCFKISNVAEPNKYLSYDNFGFISLDSLSNKCYWFPIKIAVNTYIMLNLNKVNELDYAWDIYDTNENILSQPLLLLPNFDIYNSNQMLKLEKI
PROKKA_00011	tr|C5VU78|C5VU78_CLOBO Hemagglutinin component HA17 OS=Clostridium botulinum D str. 1873 GN=ha17 PE=4 SV=1 !!!ha17	147	146	146	92	63.01	54	0	1	146	MSVERTFLPDGNYNIKSIFSGSLYLNPVSGSLTFSSESSANNQKWNVEYMAKNRCFKISNVAEPNKYLSYDNFGFISLDSLSNKCYWFPIKIAVNTYIMLNLNKVNELDYAWDIYDTNENILSQPLLLLPNFDIYNSNQMLKLEKI
PROKKA_00011	tr|B1BE45|B1BE45_CLOBO Non-toxin haemagglutinin HA-17 OS=Clostridium botulinum C str. Eklund GN=CBC_A0168 PE=4 SV=1 !!!ha17	147	146	146	90	61.64	56	0	1	146	MSVERTFLPDGNYNIKSIFSGSLYLNPVSGSLTFSSESSANNQKWNVEYMAKNRCFKISNVAEPNKYLSYDNFGFISLDSLSNKCYWFPIKIAVNTYIMLNLNKVNELDYAWDIYDTNENILSQPLLLLPNFDIYNSNQMLKLEKI
PROKKA_00011	tr|A0A0C1QVX2|A0A0C1QVX2_9CLOT Hemagglutinin component HA-17 OS=Clostridium argentinense CDC 2741 GN=ha-17 PE=4 SV=1 !!!ha17	147	147	150	83	55.33	60	7	1	146	MSVERTFLPDGNYNIKSIFSGSLYLNPVSGSLTFSSESSANNQKWNVEYMAKNRCFKISNVAEPNKYLSYDNFGFISL----DSLSNKCYWFPIKIAVNTYIMLNLNKVNELDYAWDIYDTNENILSQPLLLLPNFDIYNSNQMLKLEKI
PROKKA_00011	tr|A5HZZ6|A5HZZ6_CLOBH Hemagglutinin component of the neurotoxin complex OS=Clostridium botulinum (strain Hall / ATCC 3502 / NCTC 13319 / Type A) GN=ha33 PE=1 SV=1 !!!ha33	147	293	96	30	31.25	58	8	13	103	YNIKS--IFSGSLYL--NPVSGSLTFSSESSANNQKWNVEYMAKNRCFKISNVAEPNKYLSYDNFGF-ISLDSLSNKCYWFPIKIAVNTYIMLNLN
PROKKA_00011	tr|A5HZZ6|A5HZZ6_CLOBH Hemagglutinin component of the neurotoxin complex OS=Clostridium botulinum (strain Hall / ATCC 3502 / NCTC 13319 / Type A) GN=ha33 PE=1 SV=1 !!!ha33	147	293	84	20	23.81	53	11	40	115	ANNQKWNVEYMAKNRCFKISNVAEPNKYLS--YDNFGFISLDSLSNK----CYWF--PIKIAVNTYIMLNLNKVNELDYAWDIY
PROKKA_00011	tr|A5HZZ6|A5HZZ6_CLOBH Hemagglutinin component of the neurotoxin complex OS=Clostridium botulinum (strain Hall / ATCC 3502 / NCTC 13319 / Type A) GN=ha33 PE=1 SV=1 !!!ha33	147	293	116	25	21.55	85	6	2	111	SVERTFLPDGNYNIKSIFSGSLYLNPVSGSLTFSSESSANNQKWNVEYMAKNRCFKIS--NVAEPNKYLSYDNFGF---ISLDSLSNKCYWFPIK-IAVNTYIMLNLNKVNELDYA
PROKKA_00011	tr|B2TSC1|B2TSC1_CLOBB Haemagglutinin component OS=Clostridium botulinum (strain Eklund 17B / Type B) GN=ha33 PE=4 SV=1  !!!ha33	147	292	85	21	24.71	54	10	40	117	ANNQKWNVEYMAKNRCFKISNVAEPNKYLSY--DNFGFISLDSLS---NKCYWF--PIKIAVNTYIMLNLNKVNELDYAWDIYDT
PROKKA_00011	tr|B2TSC1|B2TSC1_CLOBB Haemagglutinin component OS=Clostridium botulinum (strain Eklund 17B / Type B) GN=ha33 PE=4 SV=1  !!!ha33	147	292	96	26	27.08	62	8	13	103	YNIKSIFSGS----LYLNPVSGSLTFSSESSANNQKWNVEYMAKNRCFKISNVAEPNKYLSYDNFGF-ISLDSLSNKCYWFPIKIAVNTYIMLNLN
PROKKA_00011	tr|A0A0C1TY77|A0A0C1TY77_9CLOT Main hemagglutinin component OS=Clostridium argentinense CDC 2741 GN=ha-33 PE=4 SV=1 !!!ha33	147	285	35	11	31.43	24	0	37	71	ESSANNQKWNVEYMAKNRCFKISNVAEPNKYLSYD
PROKKA_00011	tr|B1INP8|B1INP8_CLOBK Hemagglutinin component HA33 OS=Clostridium botulinum (strain Okra / Type B1) GN=ha33 PE=1 SV=1 !!!ha33	147	294	92	27	29.35	57	8	13	99	YNIKS--IFSGSLYL--NPVSGSLTFSSESSANNQKWNVEYMAKNRCFKISNVAEPNKYLSYDNFGF-ISLDSLSNKCYWFPIKIAVNTYIM
PROKKA_00011	tr|B1INP8|B1INP8_CLOBK Hemagglutinin component HA33 OS=Clostridium botulinum (strain Okra / Type B1) GN=ha33 PE=1 SV=1 !!!ha33	147	294	95	21	22.11	68	6	23	111	LYLNPVSGSLTFSSESSANNQKWNVEYMAKNRCFKIS--NVAEPNKYLSYDNFGF---ISLDSLSNKCYWFPIK-IAVNTYIMLNLNKVNELDYA
PROKKA_00011	tr|C5VU79|C5VU79_CLOBO Hemagglutinin component HA33 OS=Clostridium botulinum D str. 1873 GN=ha33 PE=4 SV=1 !!!ha33	147	285	68	18	26.47	43	7	26	88	NPVSGSLTFSSESSANNQKWNVEYMAKNRCFKISNVAEPNKYLSY-----DNFGFISLDSLSNKCYWF
PROKKA_00011	tr|C5VU79|C5VU79_CLOBO Hemagglutinin component HA33 OS=Clostridium botulinum D str. 1873 GN=ha33 PE=4 SV=1 !!!ha33	147	285	65	21	32.31	34	10	13	71	YNIKSIFSGSLYLN---PVSGSLTFSSESSANNQKWNVEYMAKN---RCFKISNVAEPNKYLSYD
PROKKA_00011	tr|C5VU79|C5VU79_CLOBO Hemagglutinin component HA33 OS=Clostridium botulinum D str. 1873 GN=ha33 PE=4 SV=1 !!!ha33	147	285	20	8	40.00	12	0	39	58	SANNQKWNVEYMAKNRCFKI
PROKKA_00011	tr|C5VU79|C5VU79_CLOBO Hemagglutinin component HA33 OS=Clostridium botulinum D str. 1873 GN=ha33 PE=4 SV=1 !!!ha33	147	285	44	13	29.55	29	2	33	75	TFSSESSANNQKWNVEYMAKNRC-FKISNVAEPNKYLSYDNFGF
PROKKA_00011	tr|C1FUH8|C1FUH8_CLOBJ Botulinum neurotoxin type A2, nontoxic-nonhemagglutinin component, NTNH OS=Clostridium botulinum (strain Kyoto / Type A2) GN=ntnH PE=4 SV=1 !!!ntnH	147	1159	23	9	39.13	14	0	15	37	IKSIFSGSLYLNPVSGSLTFSSE
PROKKA_00011	tr|B1L2G4|B1L2G4_CLOBM Botulinum neurotoxin type A3, nontoxic-nonhemagglutinin component, NTNH OS=Clostridium botulinum (strain Loch Maree / Type A3) GN=ntnH PE=4 SV=1 !!!ntnH	147	1159	23	9	39.13	14	0	15	37	IKSIFSGSLYLNPVSGSLTFSSE
PROKKA_00011	tr|A5HZZ8|A5HZZ8_CLOBH Type A progenitor toxin nontoxic-nonha OS=Clostridium botulinum (strain Hall / ATCC 3502 / NCTC 13319 / Type A) GN=ntnH PE=4 SV=1 !!!ntnH	147	1193	23	9	39.13	14	0	15	37	IKSIFSGSLYLNPVSGSLTFSSE
PROKKA_00011	tr|B1BE43|B1BE43_CLOBO Botulinum neurotoxin type C, nontoxic-nonhemagglutinin component NTNH OS=Clostridium botulinum C str. Eklund GN=CBC_A0166 PE=4 SV=1 !!!ntnH	147	1196	12	6	50.00	6	0	114	125	IYDTNENILSQP
PROKKA_00011	tr|A7GBG2|A7GBG2_CLOBL Botulinum neurotoxin type F, nontoxic-nonhemagglutinin component, NTNH OS=Clostridium botulinum (strain Langeland / NCTC 10281 / Type F) GN=ntnH PE=4 SV=1 !!!ntnH	147	1163	23	8	34.78	15	0	15	37	IKSIFSGSLYLNPVSGSLTFSSE
PROKKA_00011	tr|B2TSC3|B2TSC3_CLOBB Botulinum neurotoxin type B OS=Clostridium botulinum (strain Eklund 17B / Type B) GN=ntnH PE=4 SV=1 !!!ntnH	147	1197	27	11	40.74	13	3	95	121	NTYIMLNLNKVNELDYAWDIYDTNENI
PROKKA_00012	tr|B2TSB9|B2TSB9_CLOBB Heamagglutinin components HA-70 OS=Clostridium botulinum (strain Eklund 17B / Type B) GN=ha70 PE=4 SV=1 !!!ha70	627	626	626	626	100.00	0	0	1	626	MNSSIKKIYNHIQEKVINYSDTIDLADGNYVVSRGDGWILSRQNQILGGSVISNGSTGIVGDLRVNDNAIPYYYPTPSFNEEYIKNNIQTVFTNFTEANQIPIGFEFSKTAPSNKNLYMYLQYTYIRYEIIKVLQHEIIERAVLYVPSLGYVKSIEFNLGEKINKDFYFLTNDKCILNEQFLYKKILETTKNIPTNNIFNSKVSSTQRVLPYSNGLYVINKGDGYIRTNDKDLIGTLLIEAGSSGSIIQPRLRNTTRPLFTTSNNTKFSQQYTEERLKDAFNVQLFNTSTSLFKFVEEAPSNKNICIKAYNTYEKYELIDYQNGSIINTAEYYLPSLGYCEVTNAPSPESEVVKTQVAEDGFVQNGPEEEIVVGVIDPSENIQEINTAISDNYTYSIPDIVDNNPFYILFTVNTTGIYKINAQNNLPPLKIYEAIGSGNRNLQSGNLCDDHIKAINYITGFDSSNAKSYLVVLLNKNKNYYIRVPQTSSNIENQIKFKREEGNIRILANSSVNIIDNLNSTGEHYYTRQSPDVGNYISYEFTVPGNFNNKDTSNIRLYTSNNQGIGTLFRVTETIDGYDLIDIQHNLHLLNSTKSIRLLNGAIYILKVEVTELNNYNIRLHIDITN
PROKKA_00012	tr|B1INQ0|B1INQ0_CLOBK Hemagglutinin component HA70 OS=Clostridium botulinum (strain Okra / Type B1) GN=ha70 PE=4 SV=1 !!!ha70	627	626	626	597	95.37	29	0	1	626	MNSSIKKIYNHIQEKVINYSDTIDLADGNYVVSRGDGWILSRQNQILGGSVISNGSTGIVGDLRVNDNAIPYYYPTPSFNEEYIKNNIQTVFTNFTEANQIPIGFEFSKTAPSNKNLYMYLQYTYIRYEIIKVLQHEIIERAVLYVPSLGYVKSIEFNLGEKINKDFYFLTNDKCILNEQFLYKKILETTKNIPTNNIFNSKVSSTQRVLPYSNGLYVINKGDGYIRTNDKDLIGTLLIEAGSSGSIIQPRLRNTTRPLFTTSNNTKFSQQYTEERLKDAFNVQLFNTSTSLFKFVEEAPSNKNICIKAYNTYEKYELIDYQNGSIINTAEYYLPSLGYCEVTNAPSPESEVVKTQVAEDGFVQNGPEEEIVVGVIDPSENIQEINTAISDNYTYSIPDIVDNNPFYILFTVNTTGIYKINAQNNLPPLKIYEAIGSGNRNLQSGNLCDDHIKAINYITGFDSSNAKSYLVVLLNKNKNYYIRVPQTSSNIENQIKFKREEGNIRILANSSVNIIDNLNSTGEHYYTRQSPDVGNYISYEFTVPGNFNNKDTSNIRLYTSNNQGIGTLFRVTETIDGYDLIDIQHNLHLLNSTKSIRLLNGAIYILKVEVTELNNYNIRLHIDITN
PROKKA_00012	tr|A0A060NA10|A0A060NA10_CLOBO Haemagglutinin component HA70 OS=Clostridium botulinum B str. Osaka05 GN=CBO05P2_179 PE=4 SV=1 !!!ha70	627	626	626	597	95.37	29	0	1	626	MNSSIKKIYNHIQEKVINYSDTIDLADGNYVVSRGDGWILSRQNQILGGSVISNGSTGIVGDLRVNDNAIPYYYPTPSFNEEYIKNNIQTVFTNFTEANQIPIGFEFSKTAPSNKNLYMYLQYTYIRYEIIKVLQHEIIERAVLYVPSLGYVKSIEFNLGEKINKDFYFLTNDKCILNEQFLYKKILETTKNIPTNNIFNSKVSSTQRVLPYSNGLYVINKGDGYIRTNDKDLIGTLLIEAGSSGSIIQPRLRNTTRPLFTTSNNTKFSQQYTEERLKDAFNVQLFNTSTSLFKFVEEAPSNKNICIKAYNTYEKYELIDYQNGSIINTAEYYLPSLGYCEVTNAPSPESEVVKTQVAEDGFVQNGPEEEIVVGVIDPSENIQEINTAISDNYTYSIPDIVDNNPFYILFTVNTTGIYKINAQNNLPPLKIYEAIGSGNRNLQSGNLCDDHIKAINYITGFDSSNAKSYLVVLLNKNKNYYIRVPQTSSNIENQIKFKREEGNIRILANSSVNIIDNLNSTGEHYYTRQSPDVGNYISYEFTVPGNFNNKDTSNIRLYTSNNQGIGTLFRVTETIDGYDLIDIQHNLHLLNSTKSIRLLNGAIYILKVEVTELNNYNIRLHIDITN
PROKKA_00012	tr|A5HZZ4|A5HZZ4_CLOBH Hemagglutinin component of the neurotoxin complex OS=Clostridium botulinum (strain Hall / ATCC 3502 / NCTC 13319 / Type A) GN=ha70 PE=1 SV=1 !!!ha70	627	626	626	594	94.89	32	0	1	626	MNSSIKKIYNHIQEKVINYSDTIDLADGNYVVSRGDGWILSRQNQILGGSVISNGSTGIVGDLRVNDNAIPYYYPTPSFNEEYIKNNIQTVFTNFTEANQIPIGFEFSKTAPSNKNLYMYLQYTYIRYEIIKVLQHEIIERAVLYVPSLGYVKSIEFNLGEKINKDFYFLTNDKCILNEQFLYKKILETTKNIPTNNIFNSKVSSTQRVLPYSNGLYVINKGDGYIRTNDKDLIGTLLIEAGSSGSIIQPRLRNTTRPLFTTSNNTKFSQQYTEERLKDAFNVQLFNTSTSLFKFVEEAPSNKNICIKAYNTYEKYELIDYQNGSIINTAEYYLPSLGYCEVTNAPSPESEVVKTQVAEDGFVQNGPEEEIVVGVIDPSENIQEINTAISDNYTYSIPDIVDNNPFYILFTVNTTGIYKINAQNNLPPLKIYEAIGSGNRNLQSGNLCDDHIKAINYITGFDSSNAKSYLVVLLNKNKNYYIRVPQTSSNIENQIKFKREEGNIRILANSSVNIIDNLNSTGEHYYTRQSPDVGNYISYEFTVPGNFNNKDTSNIRLYTSNNQGIGTLFRVTETIDGYDLIDIQHNLHLLNSTKSIRLLNGAIYILKVEVTELNNYNIRLHIDITN
PROKKA_00012	tr|A0A0B4W4X0|A0A0B4W4X0_CLOBO Hemagglutinin components HA-22/23/53 OS=Clostridium botulinum Prevot_594 GN=ha-70 PE=4 SV=1 !!!ha70	627	626	626	595	95.05	31	0	1	626	MNSSIKKIYNHIQEKVINYSDTIDLADGNYVVSRGDGWILSRQNQILGGSVISNGSTGIVGDLRVNDNAIPYYYPTPSFNEEYIKNNIQTVFTNFTEANQIPIGFEFSKTAPSNKNLYMYLQYTYIRYEIIKVLQHEIIERAVLYVPSLGYVKSIEFNLGEKINKDFYFLTNDKCILNEQFLYKKILETTKNIPTNNIFNSKVSSTQRVLPYSNGLYVINKGDGYIRTNDKDLIGTLLIEAGSSGSIIQPRLRNTTRPLFTTSNNTKFSQQYTEERLKDAFNVQLFNTSTSLFKFVEEAPSNKNICIKAYNTYEKYELIDYQNGSIINTAEYYLPSLGYCEVTNAPSPESEVVKTQVAEDGFVQNGPEEEIVVGVIDPSENIQEINTAISDNYTYSIPDIVDNNPFYILFTVNTTGIYKINAQNNLPPLKIYEAIGSGNRNLQSGNLCDDHIKAINYITGFDSSNAKSYLVVLLNKNKNYYIRVPQTSSNIENQIKFKREEGNIRILANSSVNIIDNLNSTGEHYYTRQSPDVGNYISYEFTVPGNFNNKDTSNIRLYTSNNQGIGTLFRVTETIDGYDLIDIQHNLHLLNSTKSIRLLNGAIYILKVEVTELNNYNIRLHIDITN
PROKKA_00012	tr|A0A0E1L2H2|A0A0E1L2H2_CLOBO Hemagglutinin components HA-22/23/53 OS=Clostridium botulinum CDC_1436 GN=ha-70 PE=4 SV=1 !!!ha70	627	626	626	593	94.73	33	0	1	626	MNSSIKKIYNHIQEKVINYSDTIDLADGNYVVSRGDGWILSRQNQILGGSVISNGSTGIVGDLRVNDNAIPYYYPTPSFNEEYIKNNIQTVFTNFTEANQIPIGFEFSKTAPSNKNLYMYLQYTYIRYEIIKVLQHEIIERAVLYVPSLGYVKSIEFNLGEKINKDFYFLTNDKCILNEQFLYKKILETTKNIPTNNIFNSKVSSTQRVLPYSNGLYVINKGDGYIRTNDKDLIGTLLIEAGSSGSIIQPRLRNTTRPLFTTSNNTKFSQQYTEERLKDAFNVQLFNTSTSLFKFVEEAPSNKNICIKAYNTYEKYELIDYQNGSIINTAEYYLPSLGYCEVTNAPSPESEVVKTQVAEDGFVQNGPEEEIVVGVIDPSENIQEINTAISDNYTYSIPDIVDNNPFYILFTVNTTGIYKINAQNNLPPLKIYEAIGSGNRNLQSGNLCDDHIKAINYITGFDSSNAKSYLVVLLNKNKNYYIRVPQTSSNIENQIKFKREEGNIRILANSSVNIIDNLNSTGEHYYTRQSPDVGNYISYEFTVPGNFNNKDTSNIRLYTSNNQGIGTLFRVTETIDGYDLIDIQHNLHLLNSTKSIRLLNGAIYILKVEVTELNNYNIRLHIDITN
PROKKA_00012	tr|M1ZPH7|M1ZPH7_CLOBO Hemagglutinin component HA70 OS=Clostridium botulinum CFSAN001627 GN=CFSAN001627_19663 PE=4 SV=1 !!!ha70	627	626	626	591	94.41	35	0	1	626	MNSSIKKIYNHIQEKVINYSDTIDLADGNYVVSRGDGWILSRQNQILGGSVISNGSTGIVGDLRVNDNAIPYYYPTPSFNEEYIKNNIQTVFTNFTEANQIPIGFEFSKTAPSNKNLYMYLQYTYIRYEIIKVLQHEIIERAVLYVPSLGYVKSIEFNLGEKINKDFYFLTNDKCILNEQFLYKKILETTKNIPTNNIFNSKVSSTQRVLPYSNGLYVINKGDGYIRTNDKDLIGTLLIEAGSSGSIIQPRLRNTTRPLFTTSNNTKFSQQYTEERLKDAFNVQLFNTSTSLFKFVEEAPSNKNICIKAYNTYEKYELIDYQNGSIINTAEYYLPSLGYCEVTNAPSPESEVVKTQVAEDGFVQNGPEEEIVVGVIDPSENIQEINTAISDNYTYSIPDIVDNNPFYILFTVNTTGIYKINAQNNLPPLKIYEAIGSGNRNLQSGNLCDDHIKAINYITGFDSSNAKSYLVVLLNKNKNYYIRVPQTSSNIENQIKFKREEGNIRILANSSVNIIDNLNSTGEHYYTRQSPDVGNYISYEFTVPGNFNNKDTSNIRLYTSNNQGIGTLFRVTETIDGYDLIDIQHNLHLLNSTKSIRLLNGAIYILKVEVTELNNYNIRLHIDITN
PROKKA_00012	tr|S8BA68|S8BA68_CLOBO Hemagglutinin component HA70 OS=Clostridium botulinum CFSAN002367 GN=CFSAN002367_15786 PE=4 SV=1 !!!ha70	627	508	508	478	94.09	30	0	119	626	MYLQYTYIRYEIIKVLQHEIIERAVLYVPSLGYVKSIEFNLGEKINKDFYFLTNDKCILNEQFLYKKILETTKNIPTNNIFNSKVSSTQRVLPYSNGLYVINKGDGYIRTNDKDLIGTLLIEAGSSGSIIQPRLRNTTRPLFTTSNNTKFSQQYTEERLKDAFNVQLFNTSTSLFKFVEEAPSNKNICIKAYNTYEKYELIDYQNGSIINTAEYYLPSLGYCEVTNAPSPESEVVKTQVAEDGFVQNGPEEEIVVGVIDPSENIQEINTAISDNYTYSIPDIVDNNPFYILFTVNTTGIYKINAQNNLPPLKIYEAIGSGNRNLQSGNLCDDHIKAINYITGFDSSNAKSYLVVLLNKNKNYYIRVPQTSSNIENQIKFKREEGNIRILANSSVNIIDNLNSTGEHYYTRQSPDVGNYISYEFTVPGNFNNKDTSNIRLYTSNNQGIGTLFRVTETIDGYDLIDIQHNLHLLNSTKSIRLLNGAIYILKVEVTELNNYNIRLHIDITN
PROKKA_00012	tr|S8BA68|S8BA68_CLOBO Hemagglutinin component HA70 OS=Clostridium botulinum CFSAN002367 GN=CFSAN002367_15786 PE=4 SV=1 !!!ha70	627	508	146	42	28.77	101	3	10	153	NHIQEKVINYSDTIDLADGNYVVSRGDGWILSRQNQILGGSVISNGSTGIVGDLRVNDNAIPYYYPT--PSFNEEYIKNNIQTVFTNFTEANQIPIGFEFSKTAPSNKNLYMYLQYTYIRYEIIKVLQHEIIERAVLYVPSLGYVK
PROKKA_00012	tr|B1BE46|B1BE46_CLOBO Non-toxin haemagglutinin HA-70 OS=Clostridium botulinum C str. Eklund GN=CBC_A0169 PE=4 SV=1 !!!ha70	627	623	627	437	69.70	185	5	1	626	MNSSIKKIYNHIQEKVINYSDTIDLADGNYVVSRGDGWILSRQNQILGGSVISNGSTGIVGDLRVNDNAIPYYYPTPSFNEEYIKNNIQTVFTNFTEANQIPIGFEFSKTAPSNKNLYMYLQYTYIRYEIIKVLQHEIIERAVLYVPSLGYVKSIEFNLGEKINKDFYFLTNDKCILNEQFLYKKILETTKNIPTNNIFNS-KVSSTQRVLPYSNGLYVINKGDGYIRTNDKDLIGTLLIEAGSSGSIIQPRLRNTTRPLFTTSNNTKFSQQYTEERLKDAFNVQLFNTSTSLFKFVEEAPSNKNICIKAYNTYEKYELIDYQNGSIINTAEYYLPSLGYCEVTNAPSPESEVVKTQVAEDGFVQNGPEEEIVVGVIDPSENIQEINTAISDNYTYSIPDIVDNNPFYILFTVNTTGIYKINAQNNLPPLKIYEAIGSGNRNLQSGNLCDDHIKAINYITGFDSSNAKSYLVVLLNKNKNYYIRVPQTSSNIENQIKFKREEGNIRILANSSVNIIDNLNSTGEHYYTRQSPDVGNYISYEFTVPGNFNNKDTSNIRLYTSNNQGIGTLFRVTETIDGYDLIDIQHNLHLLNSTKSIRLLNGAIYILKVEVTELNNYNIRLHIDITN
PROKKA_00012	tr|A0A0C1TZQ5|A0A0C1TZQ5_9CLOT Hemagglutinin components HA-22/23/53 OS=Clostridium argentinense CDC 2741 GN=ha-70 PE=4 SV=1 !!!ha70	627	629	631	444	70.36	180	7	1	626	MNSSIKKIYNHIQEKVINYSDTIDLADGNYVVSRGDGWILSRQNQILGGSVISNGSTGIVGDLRVNDNAIPYYYPTPSFNEEYIKNNIQTVFTNFTEANQIPIGFEFSKTAPSNKNLYMYLQYTYIRYEIIKVLQHEIIERAVLYVPSLGYVKSIEFNLGEKINKDFYFLTNDKCILNEQFLYKKI--LETTKNIPTNNI--FNSKVSSTQRVLPYSNGLYVINKGDGYIRTNDKDLIGTLLIEAGSSGSIIQPRLRNTTRPLFTTSNNTKFSQQYTEERLKDAFNVQLFNTSTSLFKFVEEAPSNKNICIKAYNTYEKYELIDYQNGSIINTAEYYLPSLGYCEVTNAPSPESEVVKTQVAEDGFVQNGPEEEIVVGVIDPSENIQEINTAISDNYTYSIPDIVDNNPFYILFTVNTTGIYKINAQNNLPPLKIYEAIGSGNRNLQSGNLCDDHIKAINYITGFDSSNAKSYLVVLLNKNKNYYIRVPQTSSNIENQIKFKRE-EGNIRILANSSVNIIDNLNSTGEHYYTRQSPDVGNYISYEFTVPGNFNNKDTSNIRLYTSNNQGIGTLFRVTETIDGYDLIDIQHNLHLLNSTKSIRLLNGAIYILKVEVTELNNYNIRLHIDITN
PROKKA_00012	tr|A0A059PYB0|A0A059PYB0_9CLOT Toxin complex component ORF-X2 OS=Clostridium baratii PE=4 SV=1 !!!ORF-X2	627	748	145	36	24.83	89	20	174	315	KCILNEQFLYKKILETTKNIPTNNIFNSKVSSTQRVLPYSNGLYVINKGDGYIRTNDKDLIGTLLIEAGSSGSIIQPRLRNTTRPLFTTSNNTKFSQQYTEERLKDAFNVQLFNTSTSLFKF-VEEAPS--NKNICIKAYNTYEK
PROKKA_00012	tr|A0A073CND8|A0A073CND8_CLOBO P-47 protein OS=Clostridium botulinum A2B3 87 GN=N496_18585 PE=4 SV=1 !!!P-47	627	415	75	20	26.67	50	5	401	470	VDNNPFYILFTVNTTGIYKINAQNNLPPLKI-----YEAIGSGNRNLQSGNLCDDHIKAINYITGFDSSNAKSYL
PROKKA_00012	tr|A0A073CND8|A0A073CND8_CLOBO P-47 protein OS=Clostridium botulinum A2B3 87 GN=N496_18585 PE=4 SV=1 !!!P-47	627	415	39	11	28.21	25	3	152	187	VKSIEFNLGEKINKDFYFLTND---KCILNEQFLYKKIL
PROKKA_00012	tr|B2TSC3|B2TSC3_CLOBB Botulinum neurotoxin type B OS=Clostridium botulinum (strain Eklund 17B / Type B) GN=ntnH PE=4 SV=1 !!!ntnH	627	1197	25	10	40.00	11	4	382	406	IQEINTAISDNYTYSIPDIVDNNPF
PROKKA_00012	tr|B1BE43|B1BE43_CLOBO Botulinum neurotoxin type C, nontoxic-nonhemagglutinin component NTNH OS=Clostridium botulinum C str. Eklund GN=CBC_A0166 PE=4 SV=1 !!!ntnH	627	1196	153	37	24.18	86	30	396	525	SIPDIVDNNPFY-----ILFTVNTTGIYKINAQNNLPPLKIYEAIGSGNRNLQSGNLCDDHIKAINYITGFDSS-------NAKSYLVVL-----LNKNKNYYIRVPQTSSNIENQIKFKREEGNIR------ILANSSVNIIDNLNSTGEHY
PROKKA_00012	tr|C5UY13|C5UY13_CLOBO P-47 protein OS=Clostridium botulinum E1 str. 'BoNT E Beluga' GN=p47 PE=4 SV=1 !!!P-47	627	416	40	11	27.50	26	3	151	187	YVKSIEFNLGEKINKDFYFLTND---KCILNEQFLYKKIL
PROKKA_00012	tr|B1L2G3|B1L2G3_CLOBM P-47 protein OS=Clostridium botulinum (strain Loch Maree / Type A3) GN=p47 PE=4 SV=1 !!!P-47	627	416	39	11	28.21	25	3	152	187	VKSIEFNLGEKINKDFYFLTND---KCILNEQFLYKKIL
PROKKA_00012	tr|A7GBG1|A7GBG1_CLOBL P-47 protein OS=Clostridium botulinum (strain Langeland / NCTC 10281 / Type F) GN=p47 PE=4 SV=1 !!!P-47	627	416	39	11	28.21	25	3	152	187	VKSIEFNLGEKINKDFYFLTND---KCILNEQFLYKKIL
PROKKA_00012	tr|M1ZUL7|M1ZUL7_CLOBO P-47 protein OS=Clostridium botulinum CFSAN001627 GN=CFSAN001627_20700 PE=4 SV=1 !!!P-47	627	416	39	11	28.21	25	3	152	187	VKSIEFNLGEKINKDFYFLTND---KCILNEQFLYKKIL
PROKKA_00012	tr|B1BE45|B1BE45_CLOBO Non-toxin haemagglutinin HA-17 OS=Clostridium botulinum C str. Eklund GN=CBC_A0168 PE=4 SV=1 !!!ha17	627	146	20	11	55.00	5	4	104	123	GFEFSKTAPSNKNLYMYLQY
PROKKA_00013	tr|A5HZZ6|A5HZZ6_CLOBH Hemagglutinin component of the neurotoxin complex OS=Clostridium botulinum (strain Hall / ATCC 3502 / NCTC 13319 / Type A) GN=ha33 PE=1 SV=1 !!!ha33	43	293	19	6	31.58	13	0	22	40	MQASFYDNGNHPKMLIENF
PROKKA_00014	tr|B1BE46|B1BE46_CLOBO Non-toxin haemagglutinin HA-70 OS=Clostridium botulinum C str. Eklund GN=CBC_A0169 PE=4 SV=1 !!!ha70	91	623	21	8	38.10	13	0	23	43	TYWYYKCDCGNEKWIRADALN
PROKKA_00015	tr|A7GBF8|A7GBF8_CLOBL Toxin complex component ORF-X2 OS=Clostridium botulinum (strain Langeland / NCTC 10281 / Type F) GN=CLI_0846 PE=4 SV=1 !!!ORF-X2	60	750	48	14	29.17	32	2	1	48	MKGKVTFNISGSGSKSARLTIPAALIELMKITEDNREVEITYEDGKLV
PROKKA_00015	tr|A7GBF8|A7GBF8_CLOBL Toxin complex component ORF-X2 OS=Clostridium botulinum (strain Langeland / NCTC 10281 / Type F) GN=CLI_0846 PE=4 SV=1 !!!ORF-X2	60	750	23	7	30.43	16	0	37	59	EVEITYEDGKLVVEKVSEYVEGK
PROKKA_00015	tr|A5HZZ8|A5HZZ8_CLOBH Type A progenitor toxin nontoxic-nonha OS=Clostridium botulinum (strain Hall / ATCC 3502 / NCTC 13319 / Type A) GN=ntnH PE=4 SV=1 !!!ntnH	60	1193	26	9	34.62	17	0	27	52	ELMKITEDNREVEITYEDGKLVVEKV
PROKKA_00015	tr|C1FUH8|C1FUH8_CLOBJ Botulinum neurotoxin type A2, nontoxic-nonhemagglutinin component, NTNH OS=Clostridium botulinum (strain Kyoto / Type A2) GN=ntnH PE=4 SV=1 !!!ntnH	60	1159	26	9	34.62	17	0	27	52	ELMKITEDNREVEITYEDGKLVVEKV
PROKKA_00015	tr|B1L2G4|B1L2G4_CLOBM Botulinum neurotoxin type A3, nontoxic-nonhemagglutinin component, NTNH OS=Clostridium botulinum (strain Loch Maree / Type A3) GN=ntnH PE=4 SV=1 !!!ntnH	60	1159	26	9	34.62	17	0	27	52	ELMKITEDNREVEITYEDGKLVVEKV
PROKKA_00015	tr|A7GBG2|A7GBG2_CLOBL Botulinum neurotoxin type F, nontoxic-nonhemagglutinin component, NTNH OS=Clostridium botulinum (strain Langeland / NCTC 10281 / Type F) GN=ntnH PE=4 SV=1 !!!ntnH	60	1163	26	9	34.62	17	0	27	52	ELMKITEDNREVEITYEDGKLVVEKV
PROKKA_00016	tr|B1L2G4|B1L2G4_CLOBM Botulinum neurotoxin type A3, nontoxic-nonhemagglutinin component, NTNH OS=Clostridium botulinum (strain Loch Maree / Type A3) GN=ntnH PE=4 SV=1 !!!ntnH	64	1159	23	8	34.78	15	0	26	48	ECEVLIHKDTQKFIITFVSTDED
PROKKA_00016	tr|A0A0X1KH90|A0A0X1KH90_CLOBA Botulinum neurotoxin type E, nontoxic-nonhemagglutinin component, NTNH OS=Clostridium botulinum (strain Alaska E43 / Type E3) PE=1 SV=1 !!!ntnH	64	1163	22	7	31.82	15	0	26	47	ECEVLIHKDTQKFIITFVSTDE
PROKKA_00016	tr|C5UY14|C5UY14_CLOBO Botulinum neurotoxin type E1, nontoxic-nonhemagglutinin component, NTNH OS=Clostridium botulinum E1 str. 'BoNT E Beluga' GN=ntnH PE=4 SV=1 !!!ntnH	64	1163	22	7	31.82	15	0	26	47	ECEVLIHKDTQKFIITFVSTDE
PROKKA_00016	tr|C4IHM0|C4IHM0_CLOBU Botulinum neurotoxin type E, nontoxic-nonhemagglutinin component, NTNH OS=Clostridium butyricum E4 str. BoNT E BL5262 GN=ntnH PE=4 SV=1 !!!ntnH	64	1163	22	7	31.82	15	0	26	47	ECEVLIHKDTQKFIITFVSTDE
PROKKA_00017	tr|C5UY13|C5UY13_CLOBO P-47 protein OS=Clostridium botulinum E1 str. 'BoNT E Beluga' GN=p47 PE=4 SV=1 !!!P-47	96	416	75	23	30.67	40	12	25	90	NKSKSQMLREILKIYKENNTTRNKNEVEDYSIIIHIPE---------KEGFTKEKYQKYADKITNDDIMIIINDL
PROKKA_00017	tr|B1L2G3|B1L2G3_CLOBM P-47 protein OS=Clostridium botulinum (strain Loch Maree / Type A3) GN=p47 PE=4 SV=1 !!!P-47	96	416	12	8	66.67	4	0	79	90	TNDDIMIIINDL
PROKKA_00017	tr|M1ZUL7|M1ZUL7_CLOBO P-47 protein OS=Clostridium botulinum CFSAN001627 GN=CFSAN001627_20700 PE=4 SV=1 !!!P-47	96	416	12	8	66.67	4	0	79	90	TNDDIMIIINDL
PROKKA_00017	tr|A7GBG1|A7GBG1_CLOBL P-47 protein OS=Clostridium botulinum (strain Langeland / NCTC 10281 / Type F) GN=p47 PE=4 SV=1 !!!P-47	96	416	12	8	66.67	4	0	79	90	TNDDIMIIINDL
PROKKA_00017	tr|C1FUH7|C1FUH7_CLOBJ P-47 protein OS=Clostridium botulinum (strain Kyoto / Type A2) GN=p47 PE=4 SV=1 !!!P-47	96	416	12	8	66.67	4	0	79	90	TNDDIMIIINDL
PROKKA_00017	tr|A0A073CND8|A0A073CND8_CLOBO P-47 protein OS=Clostridium botulinum A2B3 87 GN=N496_18585 PE=4 SV=1 !!!P-47	96	415	12	8	66.67	4	0	79	90	TNDDIMIIINDL
PROKKA_00018	tr|A5HZZ8|A5HZZ8_CLOBH Type A progenitor toxin nontoxic-nonha OS=Clostridium botulinum (strain Hall / ATCC 3502 / NCTC 13319 / Type A) GN=ntnH PE=4 SV=1 !!!ntnH	72	1193	43	12	27.91	31	0	2	44	YNLINSLSNGDQKMFWLIFDLIVIATFHLIWFSYLFFKRKDSE
PROKKA_00018	tr|A0A060N6G5|A0A060N6G5_CLOBO Nontoxic-nonhemagglutinin component, NTNH OS=Clostridium botulinum B str. Osaka05 GN=CBO05P2_175 PE=4 SV=1 !!!ntnH	72	1197	43	12	27.91	31	0	2	44	YNLINSLSNGDQKMFWLIFDLIVIATFHLIWFSYLFFKRKDSE
PROKKA_00018	tr|B1INP6|B1INP6_CLOBK Botulinum neurotoxin type B1, nontoxic-nonhemagglutinin component, NTNH OS=Clostridium botulinum (strain Okra / Type B1) GN=ntnH PE=4 SV=1 !!!ntnH	72	1197	43	12	27.91	31	0	2	44	YNLINSLSNGDQKMFWLIFDLIVIATFHLIWFSYLFFKRKDSE
PROKKA_00018	tr|B2TSC3|B2TSC3_CLOBB Botulinum neurotoxin type B OS=Clostridium botulinum (strain Eklund 17B / Type B) GN=ntnH PE=4 SV=1 !!!ntnH	72	1197	43	12	27.91	31	0	2	44	YNLINSLSNGDQKMFWLIFDLIVIATFHLIWFSYLFFKRKDSE
PROKKA_00018	tr|A7GBF8|A7GBF8_CLOBL Toxin complex component ORF-X2 OS=Clostridium botulinum (strain Langeland / NCTC 10281 / Type F) GN=CLI_0846 PE=4 SV=1 !!!ORF-X2	72	750	30	12	40.00	17	1	3	32	NLINSLSNGDQKMFWLIFDLIVIATFHLIW
PROKKA_00018	tr|C1FUH8|C1FUH8_CLOBJ Botulinum neurotoxin type A2, nontoxic-nonhemagglutinin component, NTNH OS=Clostridium botulinum (strain Kyoto / Type A2) GN=ntnH PE=4 SV=1 !!!ntnH	72	1159	43	9	20.93	34	0	2	44	YNLINSLSNGDQKMFWLIFDLIVIATFHLIWFSYLFFKRKDSE
PROKKA_00018	tr|A7GBG2|A7GBG2_CLOBL Botulinum neurotoxin type F, nontoxic-nonhemagglutinin component, NTNH OS=Clostridium botulinum (strain Langeland / NCTC 10281 / Type F) GN=ntnH PE=4 SV=1 !!!ntnH	72	1163	43	9	20.93	34	0	2	44	YNLINSLSNGDQKMFWLIFDLIVIATFHLIWFSYLFFKRKDSE
PROKKA_00018	tr|B1L2G4|B1L2G4_CLOBM Botulinum neurotoxin type A3, nontoxic-nonhemagglutinin component, NTNH OS=Clostridium botulinum (strain Loch Maree / Type A3) GN=ntnH PE=4 SV=1 !!!ntnH	72	1159	43	9	20.93	34	0	2	44	YNLINSLSNGDQKMFWLIFDLIVIATFHLIWFSYLFFKRKDSE
PROKKA_00018	tr|B1L2G4|B1L2G4_CLOBM Botulinum neurotoxin type A3, nontoxic-nonhemagglutinin component, NTNH OS=Clostridium botulinum (strain Loch Maree / Type A3) GN=ntnH PE=4 SV=1 !!!ntnH	72	1159	18	8	44.44	8	2	1	18	MYNLINSLSNGDQKMFWL
PROKKA_00018	tr|C5VU80|C5VU80_CLOBO Botulinum neurotoxin type D, nontoxic-nonhemagglutinin component, NTNH OS=Clostridium botulinum D str. 1873 GN=ntnH PE=4 SV=1 !!!ntnH	72	1196	43	8	18.60	35	0	2	44	YNLINSLSNGDQKMFWLIFDLIVIATFHLIWFSYLFFKRKDSE
PROKKA_00019	tr|M1ZPH7|M1ZPH7_CLOBO Hemagglutinin component HA70 OS=Clostridium botulinum CFSAN001627 GN=CFSAN001627_19663 PE=4 SV=1 !!!ha70	79	626	32	10	31.25	22	0	36	67	NREQNVKRVCNKSVKKIEWICFVPGINLITVL
PROKKA_00019	tr|A5HZZ8|A5HZZ8_CLOBH Type A progenitor toxin nontoxic-nonha OS=Clostridium botulinum (strain Hall / ATCC 3502 / NCTC 13319 / Type A) GN=ntnH PE=4 SV=1 !!!ntnH	79	1193	29	10	34.48	18	1	37	64	REQN-VKRVCNKSVKKIEWICFVPGINLI
PROKKA_00019	tr|A0A060N6G5|A0A060N6G5_CLOBO Nontoxic-nonhemagglutinin component, NTNH OS=Clostridium botulinum B str. Osaka05 GN=CBO05P2_175 PE=4 SV=1 !!!ntnH	79	1197	29	10	34.48	18	1	37	64	REQN-VKRVCNKSVKKIEWICFVPGINLI
PROKKA_00019	tr|B1INP6|B1INP6_CLOBK Botulinum neurotoxin type B1, nontoxic-nonhemagglutinin component, NTNH OS=Clostridium botulinum (strain Okra / Type B1) GN=ntnH PE=4 SV=1 !!!ntnH	79	1197	29	10	34.48	18	1	37	64	REQN-VKRVCNKSVKKIEWICFVPGINLI
PROKKA_00019	tr|C5VU80|C5VU80_CLOBO Botulinum neurotoxin type D, nontoxic-nonhemagglutinin component, NTNH OS=Clostridium botulinum D str. 1873 GN=ntnH PE=4 SV=1 !!!ntnH	79	1196	29	9	31.03	19	1	37	64	REQN-VKRVCNKSVKKIEWICFVPGINLI
PROKKA_00020	tr|B1L2G4|B1L2G4_CLOBM Botulinum neurotoxin type A3, nontoxic-nonhemagglutinin component, NTNH OS=Clostridium botulinum (strain Loch Maree / Type A3) GN=ntnH PE=4 SV=1 !!!ntnH	82	1159	39	9	23.08	30	0	35	73	FSVNTMEKFLNENNKLAIATILMMALSTALTFLIFSFMG
PROKKA_00020	tr|A0A060N6G5|A0A060N6G5_CLOBO Nontoxic-nonhemagglutinin component, NTNH OS=Clostridium botulinum B str. Osaka05 GN=CBO05P2_175 PE=4 SV=1 !!!ntnH	82	1197	43	13	30.23	28	2	35	77	FSVNTMEKFLNENNKLAIATILMMALSTALTFLIFSFMGLSNI
PROKKA_00020	tr|M1ZPH7|M1ZPH7_CLOBO Hemagglutinin component HA70 OS=Clostridium botulinum CFSAN001627 GN=CFSAN001627_19663 PE=4 SV=1 !!!ha70	82	626	30	8	26.67	22	0	34	63	MFSVNTMEKFLNENNKLAIATILMMALSTA
PROKKA_00020	tr|A5HZZ4|A5HZZ4_CLOBH Hemagglutinin component of the neurotoxin complex OS=Clostridium botulinum (strain Hall / ATCC 3502 / NCTC 13319 / Type A) GN=ha70 PE=1 SV=1 !!!ha70	82	626	30	8	26.67	22	0	34	63	MFSVNTMEKFLNENNKLAIATILMMALSTA
PROKKA_00020	tr|A0A0B4W4X0|A0A0B4W4X0_CLOBO Hemagglutinin components HA-22/23/53 OS=Clostridium botulinum Prevot_594 GN=ha-70 PE=4 SV=1 !!!ha70	82	626	30	8	26.67	22	0	34	63	MFSVNTMEKFLNENNKLAIATILMMALSTA
PROKKA_00020	tr|A0A060NA10|A0A060NA10_CLOBO Haemagglutinin component HA70 OS=Clostridium botulinum B str. Osaka05 GN=CBO05P2_179 PE=4 SV=1 !!!ha70	82	626	30	8	26.67	22	0	34	63	MFSVNTMEKFLNENNKLAIATILMMALSTA
PROKKA_00020	tr|A0A0E1L2H2|A0A0E1L2H2_CLOBO Hemagglutinin components HA-22/23/53 OS=Clostridium botulinum CDC_1436 GN=ha-70 PE=4 SV=1 !!!ha70	82	626	30	8	26.67	22	0	34	63	MFSVNTMEKFLNENNKLAIATILMMALSTA
PROKKA_00020	tr|B2TSB9|B2TSB9_CLOBB Heamagglutinin components HA-70 OS=Clostridium botulinum (strain Eklund 17B / Type B) GN=ha70 PE=4 SV=1 !!!ha70	82	626	30	8	26.67	22	0	34	63	MFSVNTMEKFLNENNKLAIATILMMALSTA
PROKKA_00020	tr|B1INQ0|B1INQ0_CLOBK Hemagglutinin component HA70 OS=Clostridium botulinum (strain Okra / Type B1) GN=ha70 PE=4 SV=1 !!!ha70	82	626	30	8	26.67	22	0	34	63	MFSVNTMEKFLNENNKLAIATILMMALSTA
PROKKA_00020	tr|S8BA68|S8BA68_CLOBO Hemagglutinin component HA70 OS=Clostridium botulinum CFSAN002367 GN=CFSAN002367_15786 PE=4 SV=1 !!!ha70	82	508	30	8	26.67	22	0	34	63	MFSVNTMEKFLNENNKLAIATILMMALSTA
PROKKA_00020	tr|C1FUH8|C1FUH8_CLOBJ Botulinum neurotoxin type A2, nontoxic-nonhemagglutinin component, NTNH OS=Clostridium botulinum (strain Kyoto / Type A2) GN=ntnH PE=4 SV=1 !!!ntnH	82	1159	38	8	21.05	30	0	36	73	SVNTMEKFLNENNKLAIATILMMALSTALTFLIFSFMG
PROKKA_00020	tr|B1INP6|B1INP6_CLOBK Botulinum neurotoxin type B1, nontoxic-nonhemagglutinin component, NTNH OS=Clostridium botulinum (strain Okra / Type B1) GN=ntnH PE=4 SV=1 !!!ntnH	82	1197	54	14	25.93	36	4	30	80	KFFNMFSVNTMEKFLNENNKLAIATILMMALSTALTFLI---FSFMGLSNIKNL
PROKKA_00020	tr|B1INP6|B1INP6_CLOBK Botulinum neurotoxin type B1, nontoxic-nonhemagglutinin component, NTNH OS=Clostridium botulinum (strain Okra / Type B1) GN=ntnH PE=4 SV=1 !!!ntnH	82	1197	43	10	23.26	31	2	35	77	FSVNTMEKFLNENNKLAIATILMMALSTALTFLIFSFMGLSNI
PROKKA_00020	tr|A0A0X1KH90|A0A0X1KH90_CLOBA Botulinum neurotoxin type E, nontoxic-nonhemagglutinin component, NTNH OS=Clostridium botulinum (strain Alaska E43 / Type E3) PE=1 SV=1 !!!ntnH	82	1163	21	7	33.33	14	0	60	80	LSTALTFLIFSFMGLSNIKNL
PROKKA_00020	tr|C5UY14|C5UY14_CLOBO Botulinum neurotoxin type E1, nontoxic-nonhemagglutinin component, NTNH OS=Clostridium botulinum E1 str. 'BoNT E Beluga' GN=ntnH PE=4 SV=1 !!!ntnH	82	1163	21	7	33.33	14	0	60	80	LSTALTFLIFSFMGLSNIKNL
PROKKA_00020	tr|A5HZZ8|A5HZZ8_CLOBH Type A progenitor toxin nontoxic-nonha OS=Clostridium botulinum (strain Hall / ATCC 3502 / NCTC 13319 / Type A) GN=ntnH PE=4 SV=1 !!!ntnH	82	1193	43	10	23.26	31	2	35	77	FSVNTMEKFLNENNKLAIATILMMALSTALTFLIFSFMGLSNI
PROKKA_00020	tr|C5VU80|C5VU80_CLOBO Botulinum neurotoxin type D, nontoxic-nonhemagglutinin component, NTNH OS=Clostridium botulinum D str. 1873 GN=ntnH PE=4 SV=1 !!!ntnH	82	1196	49	11	22.45	33	5	36	79	SVNTMEKFLNENNKLAIATILMMALSTALTFLIFSFMG-----LSNIKN
PROKKA_00020	tr|B1BE46|B1BE46_CLOBO Non-toxin haemagglutinin HA-70 OS=Clostridium botulinum C str. Eklund GN=CBC_A0169 PE=4 SV=1 !!!ha70	82	623	30	6	20.00	24	0	34	63	MFSVNTMEKFLNENNKLAIATILMMALSTA
PROKKA_00020	tr|A0A059PY44|A0A059PY44_9CLOT Toxin complex component ORF-X3 OS=Clostridium baratii PE=4 SV=1 !!!ORF-X3	82	491	32	12	37.50	17	3	37	68	VNTMEKFLNENNKLAIATILMMALSTALTFLI
PROKKA_00020	tr|A0A0A7FV57|A0A0A7FV57_9CLOT Clostridium P-47 family protein OS=Clostridium baratii str. Sullivan GN=U729_696 PE=4 SV=1 !!!P-47	82	491	32	12	37.50	17	3	37	68	VNTMEKFLNENNKLAIATILMMALSTALTFLI
PROKKA_00022	tr|C5VU80|C5VU80_CLOBO Botulinum neurotoxin type D, nontoxic-nonhemagglutinin component, NTNH OS=Clostridium botulinum D str. 1873 GN=ntnH PE=4 SV=1 !!!ntnH	104	1196	50	20	40.00	22	8	39	82	ERCLYENVKRENKKYLSLMKQLDKNKKNNIRKRLI------AAVEKWIEC
PROKKA_00022	tr|B1BE43|B1BE43_CLOBO Botulinum neurotoxin type C, nontoxic-nonhemagglutinin component NTNH OS=Clostridium botulinum C str. Eklund GN=CBC_A0166 PE=4 SV=1 !!!ntnH	104	1196	48	19	39.58	21	8	41	82	CLYENVKRENKKYLSLMKQLDKNKKNNIRKRLI------AAVEKWIEC
PROKKA_00022	tr|B1L2G4|B1L2G4_CLOBM Botulinum neurotoxin type A3, nontoxic-nonhemagglutinin component, NTNH OS=Clostridium botulinum (strain Loch Maree / Type A3) GN=ntnH PE=4 SV=1 !!!ntnH	104	1159	41	12	29.27	25	4	20	59	INREKATLLASFNLYLNDNERCLYE-NVKRENKKYLSLMKQ
PROKKA_00022	tr|B2TSC1|B2TSC1_CLOBB Haemagglutinin component OS=Clostridium botulinum (strain Eklund 17B / Type B) GN=ha33 PE=4 SV=1  !!!ha33	104	292	36	9	25.00	25	2	12	45	EIMELLNMINREKA--TLLASFNLYLNDNERCLYEN
PROKKA_00022	tr|A7GBG2|A7GBG2_CLOBL Botulinum neurotoxin type F, nontoxic-nonhemagglutinin component, NTNH OS=Clostridium botulinum (strain Langeland / NCTC 10281 / Type F) GN=ntnH PE=4 SV=1 !!!ntnH	104	1163	54	14	25.93	36	4	20	72	INREKATLLASFNLYLNDNERCLYE-NVKRENKKYLSLMKQLDKNKKNNIRKRL
PROKKA_00022	tr|C1FUH8|C1FUH8_CLOBJ Botulinum neurotoxin type A2, nontoxic-nonhemagglutinin component, NTNH OS=Clostridium botulinum (strain Kyoto / Type A2) GN=ntnH PE=4 SV=1 !!!ntnH	104	1159	54	14	25.93	36	4	20	72	INREKATLLASFNLYLNDNERCLYE-NVKRENKKYLSLMKQLDKNKKNNIRKRL
PROKKA_00022	tr|B1INP6|B1INP6_CLOBK Botulinum neurotoxin type B1, nontoxic-nonhemagglutinin component, NTNH OS=Clostridium botulinum (strain Okra / Type B1) GN=ntnH PE=4 SV=1 !!!ntnH	104	1197	79	20	25.32	46	13	20	96	INREKATLLASFNLYLNDNERCLYE-NVKRENKKYLSLMKQLDKNKKNNIRKRLIAAVEKWIEC-EVTGDEAMTQIIEL
PROKKA_00022	tr|A0A060N6G5|A0A060N6G5_CLOBO Nontoxic-nonhemagglutinin component, NTNH OS=Clostridium botulinum B str. Osaka05 GN=CBO05P2_175 PE=4 SV=1 !!!ntnH	104	1197	79	20	25.32	46	13	20	96	INREKATLLASFNLYLNDNERCLYE-NVKRENKKYLSLMKQLDKNKKNNIRKRLIAAVEKWIEC-EVTGDEAMTQIIEL
PROKKA_00022	tr|A5HZZ8|A5HZZ8_CLOBH Type A progenitor toxin nontoxic-nonha OS=Clostridium botulinum (strain Hall / ATCC 3502 / NCTC 13319 / Type A) GN=ntnH PE=4 SV=1 !!!ntnH	104	1193	41	11	26.83	26	4	20	59	INREKATLLASFNLYLNDNERCLYE-NVKRENKKYLSLMKQ
PROKKA_00024	tr|A0A060N3U8|A0A060N3U8_CLOBO Transcriptional regulator botR OS=Clostridium botulinum B str. Osaka05 GN=CBO05P2_176 PE=4 SV=1 !!!BotR	137	178	60	18	30.00	34	8	35	86	IEKYIDLITNEW-------MNIWISVTKDKEIRKIYYDFNKQIKELDI-RRLKVEYEVIY
PROKKA_00024	tr|A0A0D1AER2|A0A0D1AER2_CLOBO Transcriptional regulator OS=Clostridium botulinum B2 450 GN=N495_19875 PE=4 SV=1 !!! 	137	178	60	18	30.00	34	8	35	86	IEKYIDLITNEW-------MNIWISVTKDKEIRKIYYDFNKQIKELDI-RRLKVEYEVIY
PROKKA_00024	tr|A0A073CP83|A0A073CP83_CLOBO Transcriptional regulator OS=Clostridium botulinum A2B3 87 GN=N496_19575 PE=4 SV=1 !!! 	137	178	60	18	30.00	34	8	35	86	IEKYIDLITNEW-------MNIWISVTKDKEIRKIYYDFNKQIKELDI-RRLKVEYEVIY
PROKKA_00024	tr|A5HZZ7|A5HZZ7_CLOBH RNA polymerase ECF-type sigma factor OS=Clostridium botulinum (strain Hall / ATCC 3502 / NCTC 13319 / Type A) GN=botR PE=4 SV=1 !!!BotR	137	178	60	18	30.00	34	8	35	86	IEKYIDLITNEW-------MNIWISVTKDKEIRKIYYDFNKQIKELDI-RRLKVEYEVIY
PROKKA_00024	tr|S8CEF4|S8CEF4_CLOBO Transcriptional regulator BotR, P-21 OS=Clostridium botulinum CFSAN002367 GN=CFSAN002367_15806 PE=4 SV=1 !!!BotR	137	178	60	18	30.00	34	8	35	86	IEKYIDLITNEW-------MNIWISVTKDKEIRKIYYDFNKQIKELDI-RRLKVEYEVIY
PROKKA_00024	tr|M1ZWZ6|M1ZWZ6_CLOBO Transcriptional regulator BotR, P-21 OS=Clostridium botulinum CFSAN001627 GN=CFSAN001627_10483 PE=4 SV=1 !!!BotR	137	178	59	18	30.51	33	8	36	86	EKYIDLITNEW-------MNIWISVTKDKEIRKIYYDFNKQIKELDI-RRLKVEYEVIY
PROKKA_00024	tr|B2TSC2|B2TSC2_CLOBB Putative RNA polymerase sigma factor OS=Clostridium botulinum (strain Eklund 17B / Type B) GN=botR PE=4 SV=1 !!!BotR	137	179	41	14	34.15	26	1	47	86	MNIWISVTKDKEIRKIYYDFNKQIKELDI-RRLKVEYEVIY
PROKKA_00024	tr|B1L2G2|B1L2G2_CLOBM Transcriptional regulator BotR, P-21 OS=Clostridium botulinum (strain Loch Maree / Type A3) GN=botR PE=4 SV=1 !!!BotR	137	184	37	12	32.43	24	1	51	86	ISVTKDKEIRKIYYDFNKQIKELDI-RRLKVEYEVIY
PROKKA_00024	tr|B1L2G4|B1L2G4_CLOBM Botulinum neurotoxin type A3, nontoxic-nonhemagglutinin component, NTNH OS=Clostridium botulinum (strain Loch Maree / Type A3) GN=ntnH PE=4 SV=1 !!!ntnH	137	1159	38	15	39.47	19	4	40	73	DLITNEWMNIWISVTKDKEIRKIYYD----FNKQIKEL
PROKKA_00024	tr|B1L2G4|B1L2G4_CLOBM Botulinum neurotoxin type A3, nontoxic-nonhemagglutinin component, NTNH OS=Clostridium botulinum (strain Loch Maree / Type A3) GN=ntnH PE=4 SV=1 !!!ntnH	137	1159	39	16	41.03	11	12	8	41	KLLTINKN--WKEKFKG---DLLDNLLEKCVDIEKYIDL
PROKKA_00024	tr|A5HZZ8|A5HZZ8_CLOBH Type A progenitor toxin nontoxic-nonha OS=Clostridium botulinum (strain Hall / ATCC 3502 / NCTC 13319 / Type A) GN=ntnH PE=4 SV=1 !!!ntnH	137	1193	38	15	39.47	19	4	40	73	DLITNEWMNIWISVTKDKEIRKIYYD----FNKQIKEL
PROKKA_00024	tr|A5HZZ8|A5HZZ8_CLOBH Type A progenitor toxin nontoxic-nonha OS=Clostridium botulinum (strain Hall / ATCC 3502 / NCTC 13319 / Type A) GN=ntnH PE=4 SV=1 !!!ntnH	137	1193	35	15	42.86	16	4	8	41	KLLTINKNWKEKFKGDLLDNLLEKCVD-IEKYIDL
PROKKA_00024	tr|A0A0C1QVR0|A0A0C1QVR0_9CLOT Transcriptional regulator BotR, P-21 OS=Clostridium argentinense CDC 2741 GN=botR PE=4 SV=1 !!!BotR	137	178	41	12	29.27	28	1	47	86	MNIWISVTKDKEIRKIYYDFNKQIKELDIR-RLKVEYEVIY
PROKKA_00024	tr|C1FUH8|C1FUH8_CLOBJ Botulinum neurotoxin type A2, nontoxic-nonhemagglutinin component, NTNH OS=Clostridium botulinum (strain Kyoto / Type A2) GN=ntnH PE=4 SV=1 !!!ntnH	137	1159	38	15	39.47	19	4	40	73	DLITNEWMNIWISVTKDKEIRKIYYD----FNKQIKEL
PROKKA_00024	tr|A0A059PYB0|A0A059PYB0_9CLOT Toxin complex component ORF-X2 OS=Clostridium baratii PE=4 SV=1 !!!ORF-X2	137	748	50	14	28.00	34	2	70	119	IKELDIRRLKVEYEVIYNIYKYSKELEDSNNESTNNIENIIKWINIIDVN
PROKKA_00024	tr|A7GBG2|A7GBG2_CLOBL Botulinum neurotoxin type F, nontoxic-nonhemagglutinin component, NTNH OS=Clostridium botulinum (strain Langeland / NCTC 10281 / Type F) GN=ntnH PE=4 SV=1 !!!ntnH	137	1163	39	16	41.03	11	12	8	41	KLLTINKNWKEKFKGD-----LLDNLLEKCVDIEKYIDL
PROKKA_00024	tr|A7GBG2|A7GBG2_CLOBL Botulinum neurotoxin type F, nontoxic-nonhemagglutinin component, NTNH OS=Clostridium botulinum (strain Langeland / NCTC 10281 / Type F) GN=ntnH PE=4 SV=1 !!!ntnH	137	1163	38	14	36.84	20	4	40	73	DLITNEWMNIWISVTKDKEIRKIYYD----FNKQIKEL
PROKKA_00024	tr|B2TSC3|B2TSC3_CLOBB Botulinum neurotoxin type B OS=Clostridium botulinum (strain Eklund 17B / Type B) GN=ntnH PE=4 SV=1 !!!ntnH	137	1197	18	8	44.44	10	0	74	91	DIRRLKVEYEVIYNIYKY
PROKKA_00024	tr|B1BE43|B1BE43_CLOBO Botulinum neurotoxin type C, nontoxic-nonhemagglutinin component NTNH OS=Clostridium botulinum C str. Eklund GN=CBC_A0166 PE=4 SV=1 !!!ntnH	137	1196	54	18	33.33	28	8	78	123	LKVEYEVIYNIYK------YSKELEDSNNESTNN--IENIIKWINIIDVNSLEE
PROKKA_00024	tr|C5VU80|C5VU80_CLOBO Botulinum neurotoxin type D, nontoxic-nonhemagglutinin component, NTNH OS=Clostridium botulinum D str. 1873 GN=ntnH PE=4 SV=1 !!!ntnH	137	1196	54	18	33.33	28	8	78	123	LKVEYEVIYNIYK------YSKELEDSNNESTNN--IENIIKWINIIDVNSLEE
PROKKA_00025	tr|B1L2F9|B1L2F9_CLOBM Toxin complex component ORF-X3 OS=Clostridium botulinum (strain Loch Maree / Type A3) GN=CLK_A0070 PE=4 SV=1 !!!ORF-X3	117	490	30	6	20.00	24	0	51	80	VVWDKQAESIGNYMKKGSQIAISGRIQTRN
PROKKA_00025	tr|B1BE43|B1BE43_CLOBO Botulinum neurotoxin type C, nontoxic-nonhemagglutinin component NTNH OS=Clostridium botulinum C str. Eklund GN=CBC_A0166 PE=4 SV=1 !!!ntnH	117	1196	57	15	26.32	33	9	60	114	IGNYMKKGSQIAISGRIQTR--NYEEKDGTKRYVTEVIASEVQFLSRVNNVNSEDNE
PROKKA_00025	tr|C5VU80|C5VU80_CLOBO Botulinum neurotoxin type D, nontoxic-nonhemagglutinin component, NTNH OS=Clostridium botulinum D str. 1873 GN=ntnH PE=4 SV=1 !!!ntnH	117	1196	57	15	26.32	33	9	60	114	IGNYMKKGSQIAISGRIQTR--NYEEKDGTKRYVTEVIASEVQFLSRVNNVNSEDNE
PROKKA_00026	tr|A0A0C1TZQ5|A0A0C1TZQ5_9CLOT Hemagglutinin components HA-22/23/53 OS=Clostridium argentinense CDC 2741 GN=ha-70 PE=4 SV=1 !!!ha70	50	629	12	6	50.00	6	0	37	48	NSKKIRDSIKNI
PROKKA_00026	tr|C5UY11|C5UY11_CLOBO Toxin complex component ORF-X2 OS=Clostridium botulinum E1 str. 'BoNT E Beluga' GN=CLO_2648 PE=4 SV=1 !!!ORF-X2	50	748	22	9	40.91	13	0	4	25	SKKEYENIKKSNASKKLVQVAL
