PROKKA_00001	tr|A5HZZ5|A5HZZ5_CLOBH Hemagglutinin component of the neurotoxin complex OS=Clostridium botulinum (strain Hall / ATCC 3502 / NCTC 13319 / Type A) GN=ha17 PE=1 SV=1 !!!ha17	203	146	46	13	28.26	33	0	26	71	IKTTTLPNGRYDYDKDSVYKLFNKGVDRKTYIYARVSTNKQKADLE
PROKKA_00001	tr|B2TSC0|B2TSC0_CLOBB Hemagglutinin component HA-17 OS=Clostridium botulinum (strain Eklund 17B / Type B) GN=ha17 PE=4 SV=1 !!!ha17	203	146	57	16	28.07	38	3	26	82	IKTTTLPNGRYDYDKDSVYKLFNKGVDRKTYIYARVSTNKQKADLENQINMLKQFCF
PROKKA_00001	tr|A0A0B4W498|A0A0B4W498_CLOBO Hemagglutinin component HA-17 OS=Clostridium botulinum Prevot_594 GN=ha-17 PE=4 SV=1 !!!ha17	203	146	46	13	28.26	33	0	26	71	IKTTTLPNGRYDYDKDSVYKLFNKGVDRKTYIYARVSTNKQKADLE
PROKKA_00001	tr|A0A073CN83|A0A073CN83_CLOBO Hemagglutinin OS=Clostridium botulinum A2B3 87 GN=N496_19565 PE=4 SV=1 !!! 	203	146	46	13	28.26	33	0	26	71	IKTTTLPNGRYDYDKDSVYKLFNKGVDRKTYIYARVSTNKQKADLE
PROKKA_00001	tr|A0A0D1BS75|A0A0D1BS75_CLOBO Hemagglutinin OS=Clostridium botulinum B2 450 GN=N495_19885 PE=4 SV=1 !!! 	203	146	46	13	28.26	33	0	26	71	IKTTTLPNGRYDYDKDSVYKLFNKGVDRKTYIYARVSTNKQKADLE
PROKKA_00001	tr|A0A060N976|A0A060N976_CLOBO Hemagglutinin component HA17 OS=Clostridium botulinum B str. Osaka05 GN=CBO05P2_178 PE=4 SV=1 !!!ha17	203	146	46	13	28.26	33	0	26	71	IKTTTLPNGRYDYDKDSVYKLFNKGVDRKTYIYARVSTNKQKADLE
PROKKA_00001	tr|A0A0E1L447|A0A0E1L447_CLOBO Hemagglutinin component HA-17 OS=Clostridium botulinum CDC_1436 GN=ha-17 PE=4 SV=1 !!!ha17	203	146	46	13	28.26	33	0	26	71	IKTTTLPNGRYDYDKDSVYKLFNKGVDRKTYIYARVSTNKQKADLE
PROKKA_00001	tr|B1INP9|B1INP9_CLOBK Hemagglutinin component HA17 OS=Clostridium botulinum (strain Okra / Type B1) GN=ha17 PE=4 SV=1 !!!ha17	203	146	43	13	30.23	30	0	29	71	TTLPNGRYDYDKDSVYKLFNKGVDRKTYIYARVSTNKQKADLE
PROKKA_00001	tr|A0A059PYB0|A0A059PYB0_9CLOT Toxin complex component ORF-X2 OS=Clostridium baratii PE=4 SV=1 !!!ORF-X2	203	748	30	11	36.67	16	3	112	140	DDIVSGKVERVVITY-KDRLSRVGFELFFH
PROKKA_00001	tr|B1BE45|B1BE45_CLOBO Non-toxin haemagglutinin HA-17 OS=Clostridium botulinum C str. Eklund GN=CBC_A0168 PE=4 SV=1 !!!ha17	203	146	66	19	28.79	34	13	29	91	TTLPNGRYDYDK---DSVYKLFNKGVDRKTYIYARVSTNKQKADLENQINMLKQFCFSNGYCISKV
PROKKA_00001	tr|C5VU78|C5VU78_CLOBO Hemagglutinin component HA17 OS=Clostridium botulinum D str. 1873 GN=ha17 PE=4 SV=1 !!!ha17	203	146	63	20	31.75	36	7	29	91	TTLPNGRYDYDKDSVYKLFNKGVDRKTYIYARVSTNKQKADLENQINMLKQFCFSNGYCISKV
PROKKA_00001	tr|M1ZWZ6|M1ZWZ6_CLOBO Transcriptional regulator BotR, P-21 OS=Clostridium botulinum CFSAN001627 GN=CFSAN001627_10483 PE=4 SV=1 !!!BotR	203	178	59	19	32.20	31	9	143	192	KKYNCEIVVMSEIGSKKLD---------SEEIFEEIISLLHCYSMKLYSKRKGQKIKEI
PROKKA_00002	tr|C5VU79|C5VU79_CLOBO Hemagglutinin component HA33 OS=Clostridium botulinum D str. 1873 GN=ha33 PE=4 SV=1 !!!ha33	104	285	21	8	38.10	13	0	40	60	ENEYKQLQEHFKGRNAIITTY
PROKKA_00002	tr|A0A060N6G5|A0A060N6G5_CLOBO Nontoxic-nonhemagglutinin component, NTNH OS=Clostridium botulinum B str. Osaka05 GN=CBO05P2_175 PE=4 SV=1 !!!ntnH	104	1197	17	7	41.18	10	0	86	102	QDEKGETIKKSSVLNMD
PROKKA_00002	tr|B1INP6|B1INP6_CLOBK Botulinum neurotoxin type B1, nontoxic-nonhemagglutinin component, NTNH OS=Clostridium botulinum (strain Okra / Type B1) GN=ntnH PE=4 SV=1 !!!ntnH	104	1197	17	7	41.18	10	0	86	102	QDEKGETIKKSSVLNMD
PROKKA_00002	tr|B2TSC3|B2TSC3_CLOBB Botulinum neurotoxin type B OS=Clostridium botulinum (strain Eklund 17B / Type B) GN=ntnH PE=4 SV=1 !!!ntnH	104	1197	17	7	41.18	10	0	86	102	QDEKGETIKKSSVLNMD
PROKKA_00002	tr|A0A0X1KH90|A0A0X1KH90_CLOBA Botulinum neurotoxin type E, nontoxic-nonhemagglutinin component, NTNH OS=Clostridium botulinum (strain Alaska E43 / Type E3) PE=1 SV=1 !!!ntnH	104	1163	16	7	43.75	9	0	68	83	DRIEGKSISISLDDKF
PROKKA_00002	tr|C5UY14|C5UY14_CLOBO Botulinum neurotoxin type E1, nontoxic-nonhemagglutinin component, NTNH OS=Clostridium botulinum E1 str. 'BoNT E Beluga' GN=ntnH PE=4 SV=1 !!!ntnH	104	1163	16	7	43.75	9	0	68	83	DRIEGKSISISLDDKF
PROKKA_00003	tr|B1L2G4|B1L2G4_CLOBM Botulinum neurotoxin type A3, nontoxic-nonhemagglutinin component, NTNH OS=Clostridium botulinum (strain Loch Maree / Type A3) GN=ntnH PE=4 SV=1 !!!ntnH	99	1159	35	13	37.14	21	1	43	76	EGGTVLD-FTAGSCVLAEACINTNRNYICIEKEKK
PROKKA_00003	tr|B1L2G4|B1L2G4_CLOBM Botulinum neurotoxin type A3, nontoxic-nonhemagglutinin component, NTNH OS=Clostridium botulinum (strain Loch Maree / Type A3) GN=ntnH PE=4 SV=1 !!!ntnH	99	1159	20	8	40.00	12	0	72	91	EKEKKHCNEAKERIKLHLEK
PROKKA_00003	tr|A0A059PYE4|A0A059PYE4_9CLOT Toxin OS=Clostridium baratii GN=UC77_04385 PE=4 SV=1 !!! 	99	140	38	10	26.32	22	6	61	92	CINTNRNYIC------IEKEKKHCNEAKERIKLHLEKG
PROKKA_00003	tr|A0A0A7FVW8|A0A0A7FVW8_9CLOT Putative oRF-X1 OS=Clostridium baratii str. Sullivan GN=U729_698 PE=4 SV=1 !!!ORF-X1	99	140	38	10	26.32	22	6	61	92	CINTNRNYIC------IEKEKKHCNEAKERIKLHLEKG
PROKKA_00003	tr|C1FUH8|C1FUH8_CLOBJ Botulinum neurotoxin type A2, nontoxic-nonhemagglutinin component, NTNH OS=Clostridium botulinum (strain Kyoto / Type A2) GN=ntnH PE=4 SV=1 !!!ntnH	99	1159	20	8	40.00	12	0	72	91	EKEKKHCNEAKERIKLHLEK
PROKKA_00003	tr|A7GBG2|A7GBG2_CLOBL Botulinum neurotoxin type F, nontoxic-nonhemagglutinin component, NTNH OS=Clostridium botulinum (strain Langeland / NCTC 10281 / Type F) GN=ntnH PE=4 SV=1 !!!ntnH	99	1163	20	8	40.00	12	0	72	91	EKEKKHCNEAKERIKLHLEK
PROKKA_00004	tr|B2TSC3|B2TSC3_CLOBB Botulinum neurotoxin type B OS=Clostridium botulinum (strain Eklund 17B / Type B) GN=ntnH PE=4 SV=1 !!!ntnH	124	1197	47	15	31.91	29	3	59	105	DNASIALMAAGVFTSELVVSNKKYYRYSWIWKPKEKSNFLNANRMPL
PROKKA_00004	tr|M1ZUL7|M1ZUL7_CLOBO P-47 protein OS=Clostridium botulinum CFSAN001627 GN=CFSAN001627_20700 PE=4 SV=1 !!!P-47	124	416	27	10	37.04	17	0	15	41	IMKKIDDKSIDMVLSDLPFGMTNNEWD
PROKKA_00004	tr|A7GBG1|A7GBG1_CLOBL P-47 protein OS=Clostridium botulinum (strain Langeland / NCTC 10281 / Type F) GN=p47 PE=4 SV=1 !!!P-47	124	416	27	10	37.04	17	0	15	41	IMKKIDDKSIDMVLSDLPFGMTNNEWD
PROKKA_00004	tr|A5HZZ8|A5HZZ8_CLOBH Type A progenitor toxin nontoxic-nonha OS=Clostridium botulinum (strain Hall / ATCC 3502 / NCTC 13319 / Type A) GN=ntnH PE=4 SV=1 !!!ntnH	124	1193	47	15	31.91	29	3	59	105	DNASIALMAAGVFTSELVVSNKKYYRYSWIWKPKEKSNFLNANRMPL
PROKKA_00004	tr|C5VU80|C5VU80_CLOBO Botulinum neurotoxin type D, nontoxic-nonhemagglutinin component, NTNH OS=Clostridium botulinum D str. 1873 GN=ntnH PE=4 SV=1 !!!ntnH	124	1196	47	15	31.91	29	3	59	105	DNASIALMAAGVFTSELVVSNKKYYRYSWIWKPKEKSNFLNANRMPL
PROKKA_00004	tr|B1INP6|B1INP6_CLOBK Botulinum neurotoxin type B1, nontoxic-nonhemagglutinin component, NTNH OS=Clostridium botulinum (strain Okra / Type B1) GN=ntnH PE=4 SV=1 !!!ntnH	124	1197	47	15	31.91	29	3	59	105	DNASIALMAAGVFTSELVVSNKKYYRYSWIWKPKEKSNFLNANRMPL
PROKKA_00004	tr|A7GBG2|A7GBG2_CLOBL Botulinum neurotoxin type F, nontoxic-nonhemagglutinin component, NTNH OS=Clostridium botulinum (strain Langeland / NCTC 10281 / Type F) GN=ntnH PE=4 SV=1 !!!ntnH	124	1163	11	6	54.55	5	0	5	15	NNIYLGNCLEI
PROKKA_00004	tr|B1L2G4|B1L2G4_CLOBM Botulinum neurotoxin type A3, nontoxic-nonhemagglutinin component, NTNH OS=Clostridium botulinum (strain Loch Maree / Type A3) GN=ntnH PE=4 SV=1 !!!ntnH	124	1159	15	6	40.00	9	0	1	15	LLEVNNIYLGNCLEI
PROKKA_00005	tr|B2TSC3|B2TSC3_CLOBB Botulinum neurotoxin type B OS=Clostridium botulinum (strain Eklund 17B / Type B) GN=ntnH PE=4 SV=1 !!!ntnH	140	1197	29	9	31.03	20	0	53	81	VFDPPHLIKAGENSWLAKKYGKLNSDWPI
PROKKA_00005	tr|B1INP8|B1INP8_CLOBK Hemagglutinin component HA33 OS=Clostridium botulinum (strain Okra / Type B1) GN=ha33 PE=1 SV=1 !!!ha33	140	294	14	7	50.00	7	0	28	41	KLIIEPDILGDFRN
PROKKA_00005	tr|A0A060N6G5|A0A060N6G5_CLOBO Nontoxic-nonhemagglutinin component, NTNH OS=Clostridium botulinum B str. Osaka05 GN=CBO05P2_175 PE=4 SV=1 !!!ntnH	140	1197	29	9	31.03	20	0	53	81	VFDPPHLIKAGENSWLAKKYGKLNSDWPI
PROKKA_00005	tr|B2TSC1|B2TSC1_CLOBB Haemagglutinin component OS=Clostridium botulinum (strain Eklund 17B / Type B) GN=ha33 PE=4 SV=1  !!!ha33	140	292	18	8	44.44	10	0	28	45	KLIIEPDILGDFRNIPYK
PROKKA_00006	tr|A7GBF8|A7GBF8_CLOBL Toxin complex component ORF-X2 OS=Clostridium botulinum (strain Langeland / NCTC 10281 / Type F) GN=CLI_0846 PE=4 SV=1 !!!ORF-X2	119	750	53	16	30.19	26	11	13	63	DAFILDKEKNKIIALCNTKRPDLEF--NELKNLIEKVNKNTKQLFQLGDIAYM
PROKKA_00006	tr|C1FUH8|C1FUH8_CLOBJ Botulinum neurotoxin type A2, nontoxic-nonhemagglutinin component, NTNH OS=Clostridium botulinum (strain Kyoto / Type A2) GN=ntnH PE=4 SV=1 !!!ntnH	119	1159	13	6	46.15	7	0	44	56	IEKVNKNTKQLFQ
PROKKA_00006	tr|A7GBG2|A7GBG2_CLOBL Botulinum neurotoxin type F, nontoxic-nonhemagglutinin component, NTNH OS=Clostridium botulinum (strain Langeland / NCTC 10281 / Type F) GN=ntnH PE=4 SV=1 !!!ntnH	119	1163	13	6	46.15	7	0	44	56	IEKVNKNTKQLFQ
PROKKA_00007	tr|B1L2G3|B1L2G3_CLOBM P-47 protein OS=Clostridium botulinum (strain Loch Maree / Type A3) GN=p47 PE=4 SV=1 !!!P-47	62	416	39	14	35.90	24	1	12	50	EVQFSNKKEGNLINQLKFFGAVPTKESSLYTYFQFNGDI
PROKKA_00007	tr|C1FUH7|C1FUH7_CLOBJ P-47 protein OS=Clostridium botulinum (strain Kyoto / Type A2) GN=p47 PE=4 SV=1 !!!P-47	62	416	39	14	35.90	24	1	12	50	EVQFSNKKEGNLINQLKFFGAVPTKESSLYTYFQFNGDI
PROKKA_00007	tr|M1ZPH7|M1ZPH7_CLOBO Hemagglutinin component HA70 OS=Clostridium botulinum CFSAN001627 GN=CFSAN001627_19663 PE=4 SV=1 !!!ha70	62	626	39	11	28.21	28	0	8	46	ENKTEVQFSNKKEGNLINQLKFFGAVPTKESSLYTYFQF
PROKKA_00007	tr|A5HZZ4|A5HZZ4_CLOBH Hemagglutinin component of the neurotoxin complex OS=Clostridium botulinum (strain Hall / ATCC 3502 / NCTC 13319 / Type A) GN=ha70 PE=1 SV=1 !!!ha70	62	626	39	11	28.21	28	0	8	46	ENKTEVQFSNKKEGNLINQLKFFGAVPTKESSLYTYFQF
PROKKA_00007	tr|A0A060NA10|A0A060NA10_CLOBO Haemagglutinin component HA70 OS=Clostridium botulinum B str. Osaka05 GN=CBO05P2_179 PE=4 SV=1 !!!ha70	62	626	39	11	28.21	28	0	8	46	ENKTEVQFSNKKEGNLINQLKFFGAVPTKESSLYTYFQF
PROKKA_00007	tr|A0A0B4W4X0|A0A0B4W4X0_CLOBO Hemagglutinin components HA-22/23/53 OS=Clostridium botulinum Prevot_594 GN=ha-70 PE=4 SV=1 !!!ha70	62	626	39	11	28.21	28	0	8	46	ENKTEVQFSNKKEGNLINQLKFFGAVPTKESSLYTYFQF
PROKKA_00007	tr|A0A0E1L2H2|A0A0E1L2H2_CLOBO Hemagglutinin components HA-22/23/53 OS=Clostridium botulinum CDC_1436 GN=ha-70 PE=4 SV=1 !!!ha70	62	626	39	11	28.21	28	0	8	46	ENKTEVQFSNKKEGNLINQLKFFGAVPTKESSLYTYFQF
PROKKA_00007	tr|B1INQ0|B1INQ0_CLOBK Hemagglutinin component HA70 OS=Clostridium botulinum (strain Okra / Type B1) GN=ha70 PE=4 SV=1 !!!ha70	62	626	39	11	28.21	28	0	8	46	ENKTEVQFSNKKEGNLINQLKFFGAVPTKESSLYTYFQF
PROKKA_00007	tr|B2TSB9|B2TSB9_CLOBB Heamagglutinin components HA-70 OS=Clostridium botulinum (strain Eklund 17B / Type B) GN=ha70 PE=4 SV=1 !!!ha70	62	626	39	11	28.21	28	0	8	46	ENKTEVQFSNKKEGNLINQLKFFGAVPTKESSLYTYFQF
PROKKA_00007	tr|B1BE46|B1BE46_CLOBO Non-toxin haemagglutinin HA-70 OS=Clostridium botulinum C str. Eklund GN=CBC_A0169 PE=4 SV=1 !!!ha70	62	623	17	6	35.29	11	0	30	46	FGAVPTKESSLYTYFQF
PROKKA_00008	tr|B1BE43|B1BE43_CLOBO Botulinum neurotoxin type C, nontoxic-nonhemagglutinin component NTNH OS=Clostridium botulinum C str. Eklund GN=CBC_A0166 PE=4 SV=1 !!!ntnH	56	1196	11	7	63.64	4	0	30	40	EIISVNILKDN
PROKKA_00008	tr|C5VU80|C5VU80_CLOBO Botulinum neurotoxin type D, nontoxic-nonhemagglutinin component, NTNH OS=Clostridium botulinum D str. 1873 GN=ntnH PE=4 SV=1 !!!ntnH	56	1196	11	7	63.64	4	0	30	40	EIISVNILKDN
PROKKA_00008	tr|A0A0X1KH90|A0A0X1KH90_CLOBA Botulinum neurotoxin type E, nontoxic-nonhemagglutinin component, NTNH OS=Clostridium botulinum (strain Alaska E43 / Type E3) PE=1 SV=1 !!!ntnH	56	1163	26	10	38.46	14	2	31	54	IISVNILKDNFVLLTYKMF--KEDIK
PROKKA_00008	tr|C5UY14|C5UY14_CLOBO Botulinum neurotoxin type E1, nontoxic-nonhemagglutinin component, NTNH OS=Clostridium botulinum E1 str. 'BoNT E Beluga' GN=ntnH PE=4 SV=1 !!!ntnH	56	1163	26	10	38.46	14	2	31	54	IISVNILKDNFVLLTYKMF--KEDIK
PROKKA_00008	tr|C4IHM0|C4IHM0_CLOBU Botulinum neurotoxin type E, nontoxic-nonhemagglutinin component, NTNH OS=Clostridium butyricum E4 str. BoNT E BL5262 GN=ntnH PE=4 SV=1 !!!ntnH	56	1163	26	10	38.46	14	2	31	54	IISVNILKDNFVLLTYKMF--KEDIK
PROKKA_00009	tr|A0A0A7FV57|A0A0A7FV57_9CLOT Clostridium P-47 family protein OS=Clostridium baratii str. Sullivan GN=U729_696 PE=4 SV=1 !!!P-47	71	491	54	11	20.37	36	7	15	66	YAEPCLLDF--NTLNTEELSFAIGIIISAGSRNSFKEDHFNKEQLKFLKKVFKE
PROKKA_00009	tr|A0A059PY44|A0A059PY44_9CLOT Toxin complex component ORF-X3 OS=Clostridium baratii PE=4 SV=1 !!!ORF-X3	71	491	54	11	20.37	36	7	15	66	YAEPCLLDF--NTLNTEELSFAIGIIISAGSRNSFKEDHFNKEQLKFLKKVFKE
PROKKA_00009	tr|A0A059PYB0|A0A059PYB0_9CLOT Toxin complex component ORF-X2 OS=Clostridium baratii PE=4 SV=1 !!!ORF-X2	71	748	46	17	36.96	25	4	21	66	LDFNTLNTEELSFAIGIIISAGSRNSFKEDHFNKEQLKFLKKVFKE
PROKKA_00010	tr|B1INP6|B1INP6_CLOBK Botulinum neurotoxin type B1, nontoxic-nonhemagglutinin component, NTNH OS=Clostridium botulinum (strain Okra / Type B1) GN=ntnH PE=4 SV=1 !!!ntnH	1292	1197	1167	262	22.45	723	182	6	1102	NNFNYNDPIDNNNIIMMEPPFARGMGRYYKAFKITDRIWIIPERYTFGYK---PEDFNKSSGIFNRDVCEYYDPDYLNTNDKKNIFLQTMIKLFNRIKSKPLGEKLLEMIINGIPY----------------LGDRRVPLEEFNTNIASVT----VNKLISNPGEVERKKGIFA-NLIIFGPGPVLNENETIDIGIQNHFASREGFGGIMQMKFCPEYVSVFNNVQENKGASIFNRRGYFSDPALILMHELIHVLHGLYGIKVNDLPIVPNEKKFFMQSTDAIQAE--ELYTFGGQDPSIISPSTDKSIY-DKVLQNFRGIV-DRLNKVLVCISDPNININIYKNKFKDKYKFVEDSEGKYSIDVESFDKLYKSLMFGFTETNIAENYKIKTRASYFSDSLPPVKIKNLLDNEIYTIEEGFNISDKNMEKEYRGQNKAINKQAYEEISKEHLAVYKIQMCKS-VKAPGICIDVDNEDLFFIADKNSFSDDLSKNERIAYNTQNNYIDNDFSINELILDTDLISKIELPSENTESLTDFNVYVPEYKKQPAIKKIFTDE--NT----IFQYLYSQT-----FPLDIRDISLTSSFDDALLFSNKVYSFFSMDYIKTANKVVEAGLFAGWVKQIVDDFVIEANKSSTMDKIADISLIVPYIGLALNVGNETAKGNFENAFEIAGASILLEFIPELLIPVVGAFLLESYIDNKNKIIETINSALTKRDEKWIDMYGL-----------IVAQWLSTVNTQFYTIKEGMYKALNYQAQALEEIIKYKYNIYSEKERSNINIDFNDVNSK-----LNEGINQAIDNINNFINECSVSYLMKKMIPLAVEKLLDFDNTLRKNLLNYI-------DENKLYLIGSAEYEKSKVDKYLKTSIPFDLSTYTNNTILIEIFNKYNSDILNNIILNLRYRDNKLI-DLSGYGAKVEVYDGVKL---NDKNQFKLTSSANSKIRVIQNQNIIF-NSMFLDFSVSFWIRIPKYKNDGIQNYIHNEYTIINCMKNNSGWKISIRGNMIIWTLIDINGKIKSVFFEYSIKEDISEYINRWFFVTITNN--SDNAKIYINGKLESHIDIRDIREVIANDEIIFKLDGNIDRTQFIWMKYFSIFNTELSQSNIEEIYKIQSYSEYLKDFWGNPLMYNKEYYMFN
PROKKA_00010	tr|A5HZZ8|A5HZZ8_CLOBH Type A progenitor toxin nontoxic-nonha OS=Clostridium botulinum (strain Hall / ATCC 3502 / NCTC 13319 / Type A) GN=ntnH PE=4 SV=1 !!!ntnH	1292	1193	1166	255	21.87	732	179	6	1102	NNFNYNDPIDNNNIIMMEPPFARGMGRYYKAFKITDRIWIIPERYTFGYK---PEDFNKSSGIFNRDVCEYYDPDYLNTNDKKNIFLQTMIKLFNRIKSKPLGEKLLEMIINGIPY----------------LGDRRVPLEEFNTNIASVT----VNKLISNPGEVERKKGIFA-NLIIFGPGPVLNENETIDIGIQNHFASREGFGGIMQMKFCPEYVSVFNNVQENKGASIFNRRGYFSDPALILMHELIHVLHGLYGIKVNDLPIVPNEKKFFMQSTDAIQAE--ELYTFGGQDPSIISPSTDKSIY-DKVLQNFRGIV-DRLNKVLVCISDPNININIYKNKFKDKYKFVEDSEGKYSIDVESFDKLYKSLMFGFTETNIAENYKIKTRASYFSDSLPPVKIKNLLDNEIYTIEEGFNISDKNMEKEYRGQNKAINKQAYEEISKEHLAVYKIQMCKS-VKAPGICIDVDNEDLFFIADKNSFSDDLSKNERIAYNTQNNYIDNDFSINELILDTDLISKIELPSENTESLTDFNVYVPEYKKQPAIKKIFT----DENTIFQYLYSQTFPLDIRDISLTSSFDDALLFSNK--VYSFFS-----MDYIKTANKVVEAGLFAGWVKQIVDDFVIEANKSSTMDKIADISLIVPYIGLALNVGNETAKGNFENAFEIAGASILLEFIPELLIPVVGAFLLESYIDN--KNKIIETINSALTKRDEKWIDMYGLIVAQWLSTVNTQFYTIKEGMYKALNYQAQALEEIIKYKYNIY------SEKERSNINIDFNDVNSKLNEGINQAIDNINNFINECSVSYLMKKMIPLAV---EKLLDFDNTLRKNLL----NYIDENKLYLIGSAEYEKSKVDKYLKTSIPFDL-------STYTNNTILIEIFNKYNSDILNNIILNLRYRDNKLI-DLSGYGAKVEVYDGVKLNDKNQFKLTSSA---NSKIRVIQNQNIIF-NSMFLDFSVSFWIRIPKYKNDGIQNYIHNEYTIINCMKNNSGWKISIRGNMIIWTLIDINGKIKSVFFEYSIKEDISEYINRWFFVTITNN--SDNAKIYINGKLESHIDIRDIREVIANDEIIFKLDGNIDRTQFIWMKYFSIFNTELSQSNIEEIYKIQSYSEYLKDFWGNPLMYNKEYYMFN
PROKKA_00010	tr|A0A060N6G5|A0A060N6G5_CLOBO Nontoxic-nonhemagglutinin component, NTNH OS=Clostridium botulinum B str. Osaka05 GN=CBO05P2_175 PE=4 SV=1 !!!ntnH	1292	1197	302	86	28.48	161	55	6	281	NNFNYNDPIDNNNIIMMEPPFARGMGRYYKAFKITDRIWIIPERYTFGYK---PEDFNKSSGIFNRDVCEYYDPDYLNTNDKKNIFLQTMIKLFNRIKSKPLGEKLLEMIINGIPY----------------LGDRRVPLEEFNTNIASVT----VNKLISNPGEVERKKGIFA-NLIIFGPGPVLNENETIDIGIQNHFASREGFGGIMQMKFCPEYVSVFNNVQENKGASIFNRRGYFSDPALILMHELIHVLHGLYGIKVNDLPIVPNEKKFFMQSTDAIQAE--ELYTFGGQDPSIIS
PROKKA_00010	tr|B2TSC3|B2TSC3_CLOBB Botulinum neurotoxin type B OS=Clostridium botulinum (strain Eklund 17B / Type B) GN=ntnH PE=4 SV=1 !!!ntnH	1292	1197	302	86	28.48	161	55	6	281	NNFNYNDPIDNNNIIMMEPPFARGMGRYYKAFKITDRIWIIPERYTFGYK---PEDFNKSSGIFNRDVCEYYDPDYLNTNDKKNIFLQTMIKLFNRIKSKPLGEKLLEMIINGIPY----------------LGDRRVPLEEFNTNIASVT----VNKLISNPGEVERKKGIFA-NLIIFGPGPVLNENETIDIGIQNHFASREGFGGIMQMKFCPEYVSVFNNVQENKGASIFNRRGYFSDPALILMHELIHVLHGLYGIKVNDLPIVPNEKKFFMQSTDAIQAE--ELYTFGGQDPSIIS
PROKKA_00010	tr|B2TSC3|B2TSC3_CLOBB Botulinum neurotoxin type B OS=Clostridium botulinum (strain Eklund 17B / Type B) GN=ntnH PE=4 SV=1 !!!ntnH	1292	1197	683	150	21.96	443	90	462	1102	SFSDDLSKNERIAYNTQNNYI---DNDFSINELILDTDLISKIELPSENTESLTDFNVYVPEYKKQPAIKKIFTDE--NT----IFQYLYSQT-----FPLDIRDISLTSSFDDALLFSNKVYSFFSMDYIKTANKVVEAGLFAGWVKQIVDDFVIEANKSSTMDKIADISLIVPYIGLALNVGNETAKGNFENAFEIAGASILLEFIPELLIPVVGAFLLESYIDN--KNKIIETINSALTKRDEKWIDMYGLIVAQWLSTVNTQFYTIKEGMYKALNYQAQALEEIIKYKYNIYSEKERSNINIDFNDVNS-----KLNEGINQAIDNINNFINECSVSYLMKKMIPLAVEKLLDFDNTLRKNLLNYI-------DENKLYLIGSAEYEKSKVDKYLKTSIPF-------DLSTYTNNTILIEIFNKYNSDILNNIILNLRYRDNKLI-DLSGYGAKVEVYDGVKL---NDKNQFKLTSSANSKIRVIQNQNIIF-NSMFLDFSVSFWIRIPKYKNDGIQNYIHNEYTIINCMKNNSGWKISIRGNMIIWTLIDINGKIKSVFFEYSIKEDISEYINRWFFVTITNN--SDNAKIYINGKLESHIDIRDIREVIANDEIIFKLDGNIDRTQFIWMKYFSIFNTELSQSNIEEIYKIQSYSEYLKDFWGNPLMYNKEYYMFN
PROKKA_00010	tr|B1L2G4|B1L2G4_CLOBM Botulinum neurotoxin type A3, nontoxic-nonhemagglutinin component, NTNH OS=Clostridium botulinum (strain Loch Maree / Type A3) GN=ntnH PE=4 SV=1 !!!ntnH	1292	1159	254	77	30.31	123	54	6	251	NNFNYNDPIDNNNIIMMEPPFARGMGRYYKAFKITDRIWIIPERYTFGYK---PEDFNKSSGIFNRDVCEYYDPDYLNTNDKKNIFLQTMIKLFNRIKSKPLGEKLLEMIINGIPY-----LGDRRVPLEEFNTNIASVTVNKLISNPGEVERKKGIFANLIIFGPGPVLNENETIDIGIQNHFASREGFGGIMQMKFCPEYVSVFNNVQENKGASIFNRRGYFSDPALILMHELIHVLHGLYGIKVNDLPIVP
PROKKA_00010	tr|C1FUH8|C1FUH8_CLOBJ Botulinum neurotoxin type A2, nontoxic-nonhemagglutinin component, NTNH OS=Clostridium botulinum (strain Kyoto / Type A2) GN=ntnH PE=4 SV=1 !!!ntnH	1292	1159	254	79	31.10	121	54	6	251	NNFNYNDPIDNNNIIMMEPPFARGMGRYYKAFKITDRIWIIPERYTFGYK---PEDFNKSSGIFNRDVCEYYDPDYLNTNDKKNIFLQTMIKLFNRIKSKPLGEKLLEMIINGIPY-----LGDRRVPLEEFNTNIASVTVNKLISNPGEVERKKGIFANLIIFGPGPVLNENETIDIGIQNHFASREGFGGIMQMKFCPEYVSVFNNVQENKGASIFNRRGYFSDPALILMHELIHVLHGLYGIKVNDLPIVP
PROKKA_00010	tr|C5UY14|C5UY14_CLOBO Botulinum neurotoxin type E1, nontoxic-nonhemagglutinin component, NTNH OS=Clostridium botulinum E1 str. 'BoNT E Beluga' GN=ntnH PE=4 SV=1 !!!ntnH	1292	1163	248	82	33.06	122	44	7	251	NFNYNDPIDNNNIIMMEPPFARGMGRYYKAFKITDRIWIIPERYTFGYK---PEDFNKSSGIFNRDVCEYYDPDYLNTNDKKNIFLQTMIKLFNRIKSKPLGEKLLEMIINGIPYLGDRRVPLEEFNTNIASVTVNKLISNPGEVERKKGIFANLIIFGPGPVLNENETIDIGIQNHFASREGFGGIMQMKFCPEYVSVFNNVQENKGASIFNRRGYFSDPALILMHELIHVLHGLYGIKVNDLPIVP
PROKKA_00010	tr|A0A0X1KH90|A0A0X1KH90_CLOBA Botulinum neurotoxin type E, nontoxic-nonhemagglutinin component, NTNH OS=Clostridium botulinum (strain Alaska E43 / Type E3) PE=1 SV=1 !!!ntnH	1292	1163	248	82	33.06	122	44	7	251	NFNYNDPIDNNNIIMMEPPFARGMGRYYKAFKITDRIWIIPERYTFGYK---PEDFNKSSGIFNRDVCEYYDPDYLNTNDKKNIFLQTMIKLFNRIKSKPLGEKLLEMIINGIPYLGDRRVPLEEFNTNIASVTVNKLISNPGEVERKKGIFANLIIFGPGPVLNENETIDIGIQNHFASREGFGGIMQMKFCPEYVSVFNNVQENKGASIFNRRGYFSDPALILMHELIHVLHGLYGIKVNDLPIVP
PROKKA_00010	tr|C4IHM0|C4IHM0_CLOBU Botulinum neurotoxin type E, nontoxic-nonhemagglutinin component, NTNH OS=Clostridium butyricum E4 str. BoNT E BL5262 GN=ntnH PE=4 SV=1 !!!ntnH	1292	1163	248	82	33.06	122	44	7	251	NFNYNDPIDNNNIIMMEPPFARGMGRYYKAFKITDRIWIIPERYTFGYK---PEDFNKSSGIFNRDVCEYYDPDYLNTNDKKNIFLQTMIKLFNRIKSKPLGEKLLEMIINGIPYLGDRRVPLEEFNTNIASVTVNKLISNPGEVERKKGIFANLIIFGPGPVLNENETIDIGIQNHFASREGFGGIMQMKFCPEYVSVFNNVQENKGASIFNRRGYFSDPALILMHELIHVLHGLYGIKVNDLPIVP
PROKKA_00010	tr|A7GBG2|A7GBG2_CLOBL Botulinum neurotoxin type F, nontoxic-nonhemagglutinin component, NTNH OS=Clostridium botulinum (strain Langeland / NCTC 10281 / Type F) GN=ntnH PE=4 SV=1 !!!ntnH	1292	1163	254	77	30.31	123	54	6	251	NNFNYNDPIDNNNIIMMEPPFARGMGRYYKAFKITDRIWIIPERYTFGYK---PEDFNKSSGIFNRDVCEYYDPDYLNTNDKKNIFLQTMIKLFNRIKSKPLGEKLLEMIINGIPY-----LGDRRVPLEEFNTNIASVTVNKLISNPGEVERKKGIFANLIIFGPGPVLNENETIDIGIQNHFASREGFGGIMQMKFCPEYVSVFNNVQENKGASIFNRRGYFSDPALILMHELIHVLHGLYGIKVNDLPIVP
PROKKA_00010	tr|C5VU80|C5VU80_CLOBO Botulinum neurotoxin type D, nontoxic-nonhemagglutinin component, NTNH OS=Clostridium botulinum D str. 1873 GN=ntnH PE=4 SV=1 !!!ntnH	1292	1196	270	77	28.52	140	53	6	251	NNFNYNDPIDNNNIIMMEPPFARGMGRYYKAFKITDRIWIIPERYTFGYK---PEDFNKSSGIFNRDVCEYYDPDYLNTNDKKNIFLQTMIKLFNRIKSKPLGEKLLEMIINGIP----YLGDRRVPLEEFN---TNIASVTVNKLI-------------SNPGEVERKKGIFA-NLIIFGPGPVLNENETIDIGIQNHFASREGFGGIMQMKFCPEYVSVFNNVQENKGASIFNRRGYFSDPALILMHELIHVLHGLYGIKVNDLPIVP
PROKKA_00010	tr|C5VU80|C5VU80_CLOBO Botulinum neurotoxin type D, nontoxic-nonhemagglutinin component, NTNH OS=Clostridium botulinum D str. 1873 GN=ntnH PE=4 SV=1 !!!ntnH	1292	1196	586	118	20.14	396	72	551	1102	RDISLTSSFDDALLFSNK--VYSFFS-----MDYIKTANKVVEAGLFAGWVKQIVDDFVIEANKSSTMDKIADISLIVPYIGLALNVGNETAKGNFENAFEIAGASILLEFIPELLIP------VVGAFLLESYIDNKNKIIETINSALTKRDEKWIDMYGLIVAQWLSTVNTQFYTIKEGMYKALNYQAQALEEIIKYKYNIYSEKE---------RSNINIDFNDVNSKLNEGINQAIDNINNFINECSVSYLMKKMIPLAVEKLLDFDNTLR-------KNLLNYIDENKLYLIGSAEYEKSKVD-KYLKTSIPFDLSTYTNNTILIEIFNKYNSDILNNIILNLRYRDNKLIDLSGYGAKVEVYDGVKL--NDKNQFKLTSSANSKIRVIQNQNIIFNSMFLDFSVSFWIRIPKYKNDGIQNYIHNEYTIINCMKNNSGWKISIRGNMIIWTLIDINGKIKSVFFEYSIKEDISEYINRWFFVTITNN--SDNAKIYINGKLESHIDIRDIREVIANDEIIFKLDGNIDRTQFIWMKYFSIFNTELSQSNIEEIYKIQSYSEYLKDFWGNPLMYNKEYYMFN
PROKKA_00010	tr|B1BE43|B1BE43_CLOBO Botulinum neurotoxin type C, nontoxic-nonhemagglutinin component NTNH OS=Clostridium botulinum C str. Eklund GN=CBC_A0166 PE=4 SV=1 !!!ntnH	1292	1196	270	76	28.15	141	53	6	251	NNFNYNDPIDNNNIIMMEPPFARGMGRYYKAFKITDRIWIIPERYTFGYK---PEDFNKSSGIFNRDVCEYYDPDYLNTNDKKNIFLQTMIKLFNRIKSKPLGEKLLEMIINGIP----YLGDRRVPLEEFN---TNIASVTVNKLI-------------SNPGEVERKKGIFA-NLIIFGPGPVLNENETIDIGIQNHFASREGFGGIMQMKFCPEYVSVFNNVQENKGASIFNRRGYFSDPALILMHELIHVLHGLYGIKVNDLPIVP
PROKKA_00010	tr|C5VU79|C5VU79_CLOBO Hemagglutinin component HA33 OS=Clostridium botulinum D str. 1873 GN=ha33 PE=4 SV=1 !!!ha33	1292	285	46	14	30.43	32	0	1135	1180	NYRDLYIGEKFIIRRKSNSQSINDDIVRKEDYIYLDFFNLNQEWRV
PROKKA_00010	tr|C5UY13|C5UY13_CLOBO P-47 protein OS=Clostridium botulinum E1 str. 'BoNT E Beluga' GN=p47 PE=4 SV=1 !!!P-47	1292	416	91	27	29.67	44	20	801	887	TLRKNLLNYIDENKLYLIGSAEYEKSKVDKYLKTSIPFD----LSTYTNNTILIEIFNKYNSDILNNIILNLRYRDNKLIDLSGYGAKVEV
PROKKA_00010	tr|B1BE46|B1BE46_CLOBO Non-toxin haemagglutinin HA-70 OS=Clostridium botulinum C str. Eklund GN=CBC_A0169 PE=4 SV=1 !!!ha70	1292	623	56	13	23.21	37	6	328	383	YKFVEDSEGKYSIDVESFDKLYKSLMFGFTETNIAENYKIKTRASYFSDSLPPVKI
PROKKA_00011	tr|B1INP6|B1INP6_CLOBK Botulinum neurotoxin type B1, nontoxic-nonhemagglutinin component, NTNH OS=Clostridium botulinum (strain Okra / Type B1) GN=ntnH PE=4 SV=1 !!!ntnH	1210	1197	1197	1193	99.67	4	0	13	1209	MNINDNLSINSPVDNKNVVVVRARKTDTVFKAFKVAPNIWVAPERYYGESLSIDEEYKVDGGIYDSNFLSQDSEKDKFLQAIITLLKRINSTNAGEKLLSLISTAIPFPYGYIGGGYYAPNMITFGSAPKSNKKLNSLISSTIPFPYAGYRETNYLSSEDNKSFYASNIVIFGPGANIVENNTVFYKKEDAENGMGTMTEIWFQPFLTYKYDEFYIDPAIELIKCLIKSLYFLYGIKPSDDLVIPYRLRSELENIEYSQLNIVDLLVSGGIDPKFINTDPYWFTDNYFSNAKKVFEDHRNIYETEIEGNNAIGNDIKLRLKQKFRININDIWELNLNYFSKEFSIMMPDRFNNALKHFYRKQYYKIDYPENYSINGFVNGQINAQLSLSDRNQDIINKPEEIINLLNGNNVSLMRSNIYGDGLKSTVDDFYSNYKIPYNRAYEYHFNNSNDSSLDNVNIGVIDNIPEIIDVNPYKENCDKFSPVQKITSTREINTNIPWPINYLQAQNTNNEKFSLSSDFVEVVSSKDKSLVYSFLSNVMFYLDSIKDNSPIDTDKKYYLWLREIFRNYSFDITATQEINTDCGINKVVTWFGKALNILNTSDSFVEEFQNLGPISLINKKENLSMPIIEIYGIPNDMLGLPLNDLNEKLFNIYLKNILYFKKVYFNFLDQWWTEYYSQYFDLICMAKQSILAQEKLIKQIIQNKLQDLFKADISMDKLNLMNLATEKTFIDLSNESQIAINNINDFLNKSAICVFDTNIYPKFISFMEQCINSVNSNVTAFIQKCTNITEDEKLQLIKLNTFMNIDFEFFDIQSIKDLITSETDLIKEEKESDYNLFLFTLQEDNNKVIEDISGKNTLVKYSDSISLVYGVNGDALYLKEPDESVSFSNKAFENGLTNSFSICFWLRNLGEDIITSKLIENKADNCGWEIYFENNGLVFSIVDCNGNEENIYLSDVISKNWYYISISIDRLRNQLLIFINDKLIANQSIEQILNIYSSNTISLVNENNPIYIEGLSILNRSITSEEVVNNYFSYLNNSYIRDISGERLEYNKTYELYNYVFPENSLYEVTENNNIYLSIKDTNNLNIQGAKFKLINIDANKQYVQKWDEGVVCLLGDEEKYVDISSENNRIQLVSSKDTAKRIIFNNDIFRPNCLTFAYNNKYLSLSLRDRNYNWMICNNNDNIPKAAHLWALKGI
PROKKA_00011	tr|B2TSC3|B2TSC3_CLOBB Botulinum neurotoxin type B OS=Clostridium botulinum (strain Eklund 17B / Type B) GN=ntnH PE=4 SV=1 !!!ntnH	1210	1197	1197	1156	96.57	41	0	13	1209	MNINDNLSINSPVDNKNVVVVRARKTDTVFKAFKVAPNIWVAPERYYGESLSIDEEYKVDGGIYDSNFLSQDSEKDKFLQAIITLLKRINSTNAGEKLLSLISTAIPFPYGYIGGGYYAPNMITFGSAPKSNKKLNSLISSTIPFPYAGYRETNYLSSEDNKSFYASNIVIFGPGANIVENNTVFYKKEDAENGMGTMTEIWFQPFLTYKYDEFYIDPAIELIKCLIKSLYFLYGIKPSDDLVIPYRLRSELENIEYSQLNIVDLLVSGGIDPKFINTDPYWFTDNYFSNAKKVFEDHRNIYETEIEGNNAIGNDIKLRLKQKFRININDIWELNLNYFSKEFSIMMPDRFNNALKHFYRKQYYKIDYPENYSINGFVNGQINAQLSLSDRNQDIINKPEEIINLLNGNNVSLMRSNIYGDGLKSTVDDFYSNYKIPYNRAYEYHFNNSNDSSLDNVNIGVIDNIPEIIDVNPYKENCDKFSPVQKITSTREINTNIPWPINYLQAQNTNNEKFSLSSDFVEVVSSKDKSLVYSFLSNVMFYLDSIKDNSPIDTDKKYYLWLREIFRNYSFDITATQEINTDCGINKVVTWFGKALNILNTSDSFVEEFQNLGPISLINKKENLSMPIIEIYGIPNDMLGLPLNDLNEKLFNIYLKNILYFKKVYFNFLDQWWTEYYSQYFDLICMAKQSILAQEKLIKQIIQNKLQDLFKADISMDKLNLMNLATEKTFIDLSNESQIAINNINDFLNKSAICVFDTNIYPKFISFMEQCINSVNSNVTAFIQKCTNITEDEKLQLIKLNTFMNIDFEFFDIQSIKDLITSETDLIKEEKESDYNLFLFTLQEDNNKVIEDISGKNTLVKYSDSISLVYGVNGDALYLKEPDESVSFSNKAFENGLTNSFSICFWLRNLGEDIITSKLIENKADNCGWEIYFENNGLVFSIVDCNGNEENIYLSDVISKNWYYISISIDRLRNQLLIFINDKLIANQSIEQILNIYSSNTISLVNENNPIYIEGLSILNRSITSEEVVNNYFSYLNNSYIRDISGERLEYNKTYELYNYVFPENSLYEVTENNNIYLSIKDTNNLNIQGAKFKLINIDANKQYVQKWDEGVVCLLGDEEKYVDISSENNRIQLVSSKDTAKRIIFNNDIFRPNCLTFAYNNKYLSLSLRDRNYNWMICNNNDNIPKAAHLWALKGI
PROKKA_00011	tr|A0A060N6G5|A0A060N6G5_CLOBO Nontoxic-nonhemagglutinin component, NTNH OS=Clostridium botulinum B str. Osaka05 GN=CBO05P2_175 PE=4 SV=1 !!!ntnH	1210	1197	1197	1162	97.08	35	0	13	1209	MNINDNLSINSPVDNKNVVVVRARKTDTVFKAFKVAPNIWVAPERYYGESLSIDEEYKVDGGIYDSNFLSQDSEKDKFLQAIITLLKRINSTNAGEKLLSLISTAIPFPYGYIGGGYYAPNMITFGSAPKSNKKLNSLISSTIPFPYAGYRETNYLSSEDNKSFYASNIVIFGPGANIVENNTVFYKKEDAENGMGTMTEIWFQPFLTYKYDEFYIDPAIELIKCLIKSLYFLYGIKPSDDLVIPYRLRSELENIEYSQLNIVDLLVSGGIDPKFINTDPYWFTDNYFSNAKKVFEDHRNIYETEIEGNNAIGNDIKLRLKQKFRININDIWELNLNYFSKEFSIMMPDRFNNALKHFYRKQYYKIDYPENYSINGFVNGQINAQLSLSDRNQDIINKPEEIINLLNGNNVSLMRSNIYGDGLKSTVDDFYSNYKIPYNRAYEYHFNNSNDSSLDNVNIGVIDNIPEIIDVNPYKENCDKFSPVQKITSTREINTNIPWPINYLQAQNTNNEKFSLSSDFVEVVSSKDKSLVYSFLSNVMFYLDSIKDNSPIDTDKKYYLWLREIFRNYSFDITATQEINTDCGINKVVTWFGKALNILNTSDSFVEEFQNLGPISLINKKENLSMPIIEIYGIPNDMLGLPLNDLNEKLFNIYLKNILYFKKVYFNFLDQWWTEYYSQYFDLICMAKQSILAQEKLIKQIIQNKLQDLFKADISMDKLNLMNLATEKTFIDLSNESQIAINNINDFLNKSAICVFDTNIYPKFISFMEQCINSVNSNVTAFIQKCTNITEDEKLQLIKLNTFMNIDFEFFDIQSIKDLITSETDLIKEEKESDYNLFLFTLQEDNNKVIEDISGKNTLVKYSDSISLVYGVNGDALYLKEPDESVSFSNKAFENGLTNSFSICFWLRNLGEDIITSKLIENKADNCGWEIYFENNGLVFSIVDCNGNEENIYLSDVISKNWYYISISIDRLRNQLLIFINDKLIANQSIEQILNIYSSNTISLVNENNPIYIEGLSILNRSITSEEVVNNYFSYLNNSYIRDISGERLEYNKTYELYNYVFPENSLYEVTENNNIYLSIKDTNNLNIQGAKFKLINIDANKQYVQKWDEGVVCLLGDEEKYVDISSENNRIQLVSSKDTAKRIIFNNDIFRPNCLTFAYNNKYLSLSLRDRNYNWMICNNNDNIPKAAHLWALKGI
PROKKA_00011	tr|A5HZZ8|A5HZZ8_CLOBH Type A progenitor toxin nontoxic-nonha OS=Clostridium botulinum (strain Hall / ATCC 3502 / NCTC 13319 / Type A) GN=ntnH PE=4 SV=1 !!!ntnH	1210	1193	1196	993	83.03	199	4	13	1207	MNINDNLSINSPVDNKNVVVVRARKTDTVFKAFKVAPNIWVAPERYYGESLSIDEEYKVDGGIYDSNFLSQDSEKDKFLQAIITLLKRINSTNAGEKLLSLISTAIPFPYGYIGGGYYAPNMITFGSAPKSNKKLNSLISSTIPFPYAGYRETNYLSSEDNKSFYASNIVIFGPGANIVENNTVFYKKEDAENGMGTMTEIWFQPFLTYKYDEFYIDPAIELIKCLIKSLYFLYGIKPSDDLVIPYRLRSELENIEYSQLNIVDLLVSGGIDPKFINTDPYWFTDNYFSNAKKVFEDHRNIYETEIEGNNAIGNDIKLRLKQKFRININDIWELNLNYFSKEFSIMMPDRFNNALKHFYRKQYYKIDYPENYSINGFVNGQINAQLSLSDRNQDIINKPEEIINLLNGNNVSLMRSNIYGDGLKSTVDDFYSNYKIPYNRAYEYHFNNSNDSSLDNVNIGVIDNIPEIIDVNPYKENCDKFSPVQKITSTREINTNIPWPINYLQAQNTNNEKFSLSSDFVEVVSSKDKSLVYSFLSNVMFYLDSIKDNSPIDTDKKYYLWLREIFRNYSFDITATQEINTDCGINKVVTWFGKALNILNTSDSFVEEFQNLGPISLINKKENLSMPIIEIYGIPNDMLGLPLNDLNEKLFNIYLKNILYFKKVYFNFLDQWWTEYYSQYFDLICMAKQSILAQEKLIKQIIQNKLQDLF-KADISMDKLNLMNLATEKTFIDLSNESQIAINNINDFLNKSAICVFDTNIYPKFISFMEQCINSVNSNVTAFIQKCTNITEDEKLQLIKLNTFMNIDFEFFDIQSIKDLITSETDLIKEEKESDYNLFLFTLQEDNNKVIEDISGKNTLVKYSDSISLVYGVNGDALYLKEPDESVSFSNKAFENGLTNSFSICFWLRNLGEDIITSKLIENKADNCGWEIYFENNGLVFSIVDCNGNEENIYLSDVISKNWYYISISIDRLRNQLLIFINDKLIANQSIEQILNIYSSNTISLVNENNPIYIEGLSILNRSITSEEVVNNYFSYLNNSYIRDISGERLEYNKTYELYNYVFPENSLYEVTENNNIYLSIKDTNNLNIQGAKFKLINIDANKQYVQKWDEGVVCLLGDEEKYVDISSENNRIQLVSSKDTAKRIIFNNDIFRPNCLTFAYNNKYLSLSLRDRNYNWMICNNNDNIPKAAHLWALK
PROKKA_00011	tr|B1BE43|B1BE43_CLOBO Botulinum neurotoxin type C, nontoxic-nonhemagglutinin component NTNH OS=Clostridium botulinum C str. Eklund GN=CBC_A0166 PE=4 SV=1 !!!ntnH	1210	1196	1196	823	68.81	373	0	13	1208	MNINDNLSINSPVDNKNVVVVRARKTDTVFKAFKVAPNIWVAPERYYGESLSIDEEYKVDGGIYDSNFLSQDSEKDKFLQAIITLLKRINSTNAGEKLLSLISTAIPFPYGYIGGGYYAPNMITFGSAPKSNKKLNSLISSTIPFPYAGYRETNYLSSEDNKSFYASNIVIFGPGANIVENNTVFYKKEDAENGMGTMTEIWFQPFLTYKYDEFYIDPAIELIKCLIKSLYFLYGIKPSDDLVIPYRLRSELENIEYSQLNIVDLLVSGGIDPKFINTDPYWFTDNYFSNAKKVFEDHRNIYETEIEGNNAIGNDIKLRLKQKFRININDIWELNLNYFSKEFSIMMPDRFNNALKHFYRKQYYKIDYPENYSINGFVNGQINAQLSLSDRNQDIINKPEEIINLLNGNNVSLMRSNIYGDGLKSTVDDFYSNYKIPYNRAYEYHFNNSNDSSLDNVNIGVIDNIPEIIDVNPYKENCDKFSPVQKITSTREINTNIPWPINYLQAQNTNNEKFSLSSDFVEVVSSKDKSLVYSFLSNVMFYLDSIKDNSPIDTDKKYYLWLREIFRNYSFDITATQEINTDCGINKVVTWFGKALNILNTSDSFVEEFQNLGPISLINKKENLSMPIIEIYGIPNDMLGLPLNDLNEKLFNIYLKNILYFKKVYFNFLDQWWTEYYSQYFDLICMAKQSILAQEKLIKQIIQNKLQDLFKADISMDKLNLMNLATEKTFIDLSNESQIAINNINDFLNKSAICVFDTNIYPKFISFMEQCINSVNSNVTAFIQKCTNITEDEKLQLIKLNTFMNIDFEFFDIQSIKDLITSETDLIKEEKESDYNLFLFTLQEDNNKVIEDISGKNTLVKYSDSISLVYGVNGDALYLKEPDESVSFSNKAFENGLTNSFSICFWLRNLGEDIITSKLIENKADNCGWEIYFENNGLVFSIVDCNGNEENIYLSDVISKNWYYISISIDRLRNQLLIFINDKLIANQSIEQILNIYSSNTISLVNENNPIYIEGLSILNRSITSEEVVNNYFSYLNNSYIRDISGERLEYNKTYELYNYVFPENSLYEVTENNNIYLSIKDTNNLNIQGAKFKLINIDANKQYVQKWDEGVVCLLGDEEKYVDISSENNRIQLVSSKDTAKRIIFNNDIFRPNCLTFAYNNKYLSLSLRDRNYNWMICNNNDNIPKAAHLWALKG
PROKKA_00011	tr|C5VU80|C5VU80_CLOBO Botulinum neurotoxin type D, nontoxic-nonhemagglutinin component, NTNH OS=Clostridium botulinum D str. 1873 GN=ntnH PE=4 SV=1 !!!ntnH	1210	1196	1196	821	68.65	375	0	13	1208	MNINDNLSINSPVDNKNVVVVRARKTDTVFKAFKVAPNIWVAPERYYGESLSIDEEYKVDGGIYDSNFLSQDSEKDKFLQAIITLLKRINSTNAGEKLLSLISTAIPFPYGYIGGGYYAPNMITFGSAPKSNKKLNSLISSTIPFPYAGYRETNYLSSEDNKSFYASNIVIFGPGANIVENNTVFYKKEDAENGMGTMTEIWFQPFLTYKYDEFYIDPAIELIKCLIKSLYFLYGIKPSDDLVIPYRLRSELENIEYSQLNIVDLLVSGGIDPKFINTDPYWFTDNYFSNAKKVFEDHRNIYETEIEGNNAIGNDIKLRLKQKFRININDIWELNLNYFSKEFSIMMPDRFNNALKHFYRKQYYKIDYPENYSINGFVNGQINAQLSLSDRNQDIINKPEEIINLLNGNNVSLMRSNIYGDGLKSTVDDFYSNYKIPYNRAYEYHFNNSNDSSLDNVNIGVIDNIPEIIDVNPYKENCDKFSPVQKITSTREINTNIPWPINYLQAQNTNNEKFSLSSDFVEVVSSKDKSLVYSFLSNVMFYLDSIKDNSPIDTDKKYYLWLREIFRNYSFDITATQEINTDCGINKVVTWFGKALNILNTSDSFVEEFQNLGPISLINKKENLSMPIIEIYGIPNDMLGLPLNDLNEKLFNIYLKNILYFKKVYFNFLDQWWTEYYSQYFDLICMAKQSILAQEKLIKQIIQNKLQDLFKADISMDKLNLMNLATEKTFIDLSNESQIAINNINDFLNKSAICVFDTNIYPKFISFMEQCINSVNSNVTAFIQKCTNITEDEKLQLIKLNTFMNIDFEFFDIQSIKDLITSETDLIKEEKESDYNLFLFTLQEDNNKVIEDISGKNTLVKYSDSISLVYGVNGDALYLKEPDESVSFSNKAFENGLTNSFSICFWLRNLGEDIITSKLIENKADNCGWEIYFENNGLVFSIVDCNGNEENIYLSDVISKNWYYISISIDRLRNQLLIFINDKLIANQSIEQILNIYSSNTISLVNENNPIYIEGLSILNRSITSEEVVNNYFSYLNNSYIRDISGERLEYNKTYELYNYVFPENSLYEVTENNNIYLSIKDTNNLNIQGAKFKLINIDANKQYVQKWDEGVVCLLGDEEKYVDISSENNRIQLVSSKDTAKRIIFNNDIFRPNCLTFAYNNKYLSLSLRDRNYNWMICNNNDNIPKAAHLWALKG
PROKKA_00011	tr|B1L2G4|B1L2G4_CLOBM Botulinum neurotoxin type A3, nontoxic-nonhemagglutinin component, NTNH OS=Clostridium botulinum (strain Loch Maree / Type A3) GN=ntnH PE=4 SV=1 !!!ntnH	1210	1159	1202	752	62.56	400	50	13	1207	MNINDNLSINSPVDNKNVVVVRARKTDTVFKAFKVAPNIWVAPERYYGESLSIDEEYKVDGGIYDSNFLSQDSEKDKFLQAIITLLKRINSTNAGEKLLSLISTAIPFPYGYIGGGYYAPNMITFGSAPKSNKKLNSLISSTIPFPY----AGYRETNYLSSEDNKSFYASNIVIFGPGANIVENNTVFYKKEDAENGMGTMTEIWFQPFLTYKYDEFYIDPAIELIKCLIKSLYFLYGIKPSDDLVIPYRLRSELENIEYSQLNIVDLLVSGGIDPKFINTDPYWFTDNYFSNAKKVFEDHRNIYETEIEGNNAIGNDIKLRLKQKFRININDIWELNLNYFSKEFSIMMPDRFNNALKHFYRKQYYKIDYPENYSINGFVNGQINAQLSLSDRNQDIINKPEEIINLLNGNNVSLMRSNIYGDGLKSTVDDFYSNYKIPYNRAYEYHFNNSNDSSLDNVNIGVIDNIPEI--IDVNPYKENCDKFSPVQKITSTREINTNIPWPINYLQAQNTNNEKFSLSSDFVEVVSSKDKSLVYSFLSNVMFYLDSIKDNSPIDTDKKYYLWLREIFRNYSFDITATQEINTDCGINKVVTWFGKALNILNTSDSFVEEFQNLGPISLINKKENLSMPIIEIYGIPNDMLGLPLNDLNEKLFNIYLKNILYFKKVYFNFLDQWWTEYYSQYFDLICMAKQSILAQEKLIKQIIQNKLQDLF-KADISMDKLNLMNLATEKTFIDLSNESQIAINNINDFLNKSAICVFDTNIYPKFISFMEQCINSVNSNVTAFIQKCTNITEDEKLQLIKLNTFMNIDFEFFDIQSIKDLITSETDLIKEEKESDYNLFLFTLQEDNNKVIEDISGKNTLVKYSDSISLVYGVNGDALYLKEPDESVSFSNKAFENGLTNSFSICFWLRNLGEDIITSKLIENKADNCGWEIYFENNGLVFSIVDCNGNEENIYLSDVISKNWYYISISIDRLRNQLLIFINDKLIANQSIEQILNIYSSNTISLVNENNPIYIEGLSILNRSITSEEVVNNYFSYLNNSYIRDISGERLEYNKTYELYNYVFPENSLYEVTENNNIYLSIKDTNNLNIQGAKFKLINIDANKQYVQKWDEGVVCLLGDEEKYVDISSENNRIQLVSSKDTAKRIIFNNDIFRPNCLTFAYNNKYLSLSLRDRNYNWMICNNNDNIPKAAHLWALK
PROKKA_00011	tr|A7GBG2|A7GBG2_CLOBL Botulinum neurotoxin type F, nontoxic-nonhemagglutinin component, NTNH OS=Clostridium botulinum (strain Langeland / NCTC 10281 / Type F) GN=ntnH PE=4 SV=1 !!!ntnH	1210	1163	1204	754	62.62	402	48	13	1209	MNINDNLSINSPVDNKNVVVVRARKTDTVFKAFKVAPNIWVAPERYYGESLSIDEEYKVDGGIYDSNFLSQDSEKDKFLQAIITLLKRINSTNAGEKLLSLISTAIPFPYGYIGGGYYAPNMITFGSAPKSNKKLNSLISSTIPFPY----AGYRETNYLSSEDNKSFYASNIVIFGPGANIVENNTVFYKKEDAENGMGTMTEIWFQPFLTYKYDEFYIDPAIELIKCLIKSLYFLYGIKPSDDLVIPYRLRSELENIEYSQLNIVDLLVSGGIDPKFINTDPYWFTDNYFSNAKKVFEDHRNIYETEIEGNNAIGNDIKLRLKQKFRININDIWELNLNYFSKEFSIMMPDRFNNALKHFYRKQYYKIDYPENYSINGFVNGQINAQLSLSDRNQDIINKPEEIINLLNGNNVSLMRSNIYGDGLKSTVDDFYSNYKIPYNRAYEYHFNNSNDSSLDNVNIGVIDNIPEI--IDVNPYKENCDKFSPVQKITSTREINTNIPWPINYLQAQNTNNEKFSLSSDFVEVVSSKDKSLVYSFLSNVMFYLDSIKDNSPIDTDKKYYLWLREIFRNYSFDITATQEINTDCGINKVVTWFGKALNILNTSDSFVEEFQNLGPISLINKKENLSMPIIEIYGIPNDMLGLPLNDLNEKLFNIYLKNILYFKKVYFNFLDQWWTEYYSQYFDLICMAKQSILAQEKLIKQIIQNKLQDLF-KADISMDKLNLMNLATEKTFIDLSNESQIAINNINDFLNKSAICVFDTNIYPKFISFMEQCINSVNSNVTAFIQKCTNITEDEKLQLIKLNTFMNIDFEFFDIQSIKDLITSETDLIKEEKESDYNLFLFTLQEDNNKVIEDISGKNTLVKYSDSISLVYGVNGDALYLKEPDESVSFSNKAFENGLTNSFSICFWLRNLGEDIITSKLIENKADNCGWEIYFENNGLVFSIVDCNGNEENIYLSDVISKNWYYISISIDRLRNQLLIFINDKLIANQSIEQILNIYSSNTISLVNENNPIYIEGLSILNRSITSEEVVNNYFSYLNNSYIRDISGERLEYNKTYELYNYVFPENSLYEVTENNNIYLSIKDTNNLNIQGAKFKLINIDANKQYVQKWDEGVVCLLGDEEKYVDISSENNRIQLVSSKDTAKRIIFNNDIFRPNCLTFAYNNKYLSLSLRDRNYNWMICNNNDNIPKAAHLWALKGI
PROKKA_00011	tr|C1FUH8|C1FUH8_CLOBJ Botulinum neurotoxin type A2, nontoxic-nonhemagglutinin component, NTNH OS=Clostridium botulinum (strain Kyoto / Type A2) GN=ntnH PE=4 SV=1 !!!ntnH	1210	1159	1202	751	62.48	401	50	13	1207	MNINDNLSINSPVDNKNVVVVRARKTDTVFKAFKVAPNIWVAPERYYGESLSIDEEYKVDGGIYDSNFLSQDSEKDKFLQAIITLLKRINSTNAGEKLLSLISTAIPFPYGYIGGGYYAPNMITFGSAPKSNKKLNSLISSTIPFPY----AGYRETNYLSSEDNKSFYASNIVIFGPGANIVENNTVFYKKEDAENGMGTMTEIWFQPFLTYKYDEFYIDPAIELIKCLIKSLYFLYGIKPSDDLVIPYRLRSELENIEYSQLNIVDLLVSGGIDPKFINTDPYWFTDNYFSNAKKVFEDHRNIYETEIEGNNAIGNDIKLRLKQKFRININDIWELNLNYFSKEFSIMMPDRFNNALKHFYRKQYYKIDYPENYSINGFVNGQINAQLSLSDRNQDIINKPEEIINLLNGNNVSLMRSNIYGDGLKSTVDDFYSNYKIPYNRAYEYHFNNSNDSSLDNVNIGVIDNIPEI--IDVNPYKENCDKFSPVQKITSTREINTNIPWPINYLQAQNTNNEKFSLSSDFVEVVSSKDKSLVYSFLSNVMFYLDSIKDNSPIDTDKKYYLWLREIFRNYSFDITATQEINTDCGINKVVTWFGKALNILNTSDSFVEEFQNLGPISLINKKENLSMPIIEIYGIPNDMLGLPLNDLNEKLFNIYLKNILYFKKVYFNFLDQWWTEYYSQYFDLICMAKQSILAQEKLIKQIIQNKLQDLF-KADISMDKLNLMNLATEKTFIDLSNESQIAINNINDFLNKSAICVFDTNIYPKFISFMEQCINSVNSNVTAFIQKCTNITEDEKLQLIKLNTFMNIDFEFFDIQSIKDLITSETDLIKEEKESDYNLFLFTLQEDNNKVIEDISGKNTLVKYSDSISLVYGVNGDALYLKEPDESVSFSNKAFENGLTNSFSICFWLRNLGEDIITSKLIENKADNCGWEIYFENNGLVFSIVDCNGNEENIYLSDVISKNWYYISISIDRLRNQLLIFINDKLIANQSIEQILNIYSSNTISLVNENNPIYIEGLSILNRSITSEEVVNNYFSYLNNSYIRDISGERLEYNKTYELYNYVFPENSLYEVTENNNIYLSIKDTNNLNIQGAKFKLINIDANKQYVQKWDEGVVCLLGDEEKYVDISSENNRIQLVSSKDTAKRIIFNNDIFRPNCLTFAYNNKYLSLSLRDRNYNWMICNNNDNIPKAAHLWALK
PROKKA_00011	tr|C5UY14|C5UY14_CLOBO Botulinum neurotoxin type E1, nontoxic-nonhemagglutinin component, NTNH OS=Clostridium botulinum E1 str. 'BoNT E Beluga' GN=ntnH PE=4 SV=1 !!!ntnH	1210	1163	1204	720	59.80	436	48	13	1209	MNINDNLSINSPVDNKNVVVVRARKTDTVFKAFKVAPNIWVAPERYYGESLSIDEEYKVDGGIYDSNFLSQDSEKDKFLQAIITLLKRINSTNAGEKLLSLISTAIPFPYGYIGGGYYAPNMITFGSAPKSNKKLNSLISSTIPFPYAG----YRETNYLSSEDNKSFYASNIVIFGPGANIVENNTVFYKKEDAENGMGTMTEIWFQPFLTYKYDEFYIDPAIELIKCLIKSLYFLYGIKPSDDLVIPYRLRSELENIEYSQLNIVDLLVSGGIDPKFINTDPYWFTDNYFSNAKKVFEDHRNIYETEIEGNNAIGNDIKLRLKQKFRININDIWELNLNYFSKEFSIMMPDRFNNALKHFYRKQYYKIDYPENYSINGFVNGQINAQLSLSDRNQDIINKPEEIINLLNGNNVSLMRSNIYGDGLKSTVDDFYSNYKIPYNRAYEYHFNNSNDSSLDNVNIGVIDNIPEI--IDVNPYKENCDKFSPVQKITSTREINTNIPWPINYLQAQNTNNEKFSLSSDFVEVVSSKDKSLVYSFLSNVMFYLDSIKDNSPIDTDKKYYLWLREIFRNYSFDITATQEINTDCGINKVVTWFGKALNILNTSDSFVEEFQNLGPISLINKKENLSMPIIEIYGIPNDMLGLPLNDLNEKLFNIYLKNILYFKKVYFNFLDQWWTEYYSQYFDLICMAKQSILAQEKLIKQIIQNKLQDLFK-ADISMDKLNLMNLATEKTFIDLSNESQIAINNINDFLNKSAICVFDTNIYPKFISFMEQCINSVNSNVTAFIQKCTNITEDEKLQLIKLNTFMNIDFEFFDIQSIKDLITSETDLIKEEKESDYNLFLFTLQEDNNKVIEDISGKNTLVKYSDSISLVYGVNGDALYLKEPDESVSFSNKAFENGLTNSFSICFWLRNLGEDIITSKLIENKADNCGWEIYFENNGLVFSIVDCNGNEENIYLSDVISKNWYYISISIDRLRNQLLIFINDKLIANQSIEQILNIYSSNTISLVNENNPIYIEGLSILNRSITSEEVVNNYFSYLNNSYIRDISGERLEYNKTYELYNYVFPENSLYEVTENNNIYLSIKDTNNLNIQGAKFKLINIDANKQYVQKWDEGVVCLLGDEEKYVDISSENNRIQLVSSKDTAKRIIFNNDIFRPNCLTFAYNNKYLSLSLRDRNYNWMICNNNDNIPKAAHLWALKGI
PROKKA_00011	tr|A0A0X1KH90|A0A0X1KH90_CLOBA Botulinum neurotoxin type E, nontoxic-nonhemagglutinin component, NTNH OS=Clostridium botulinum (strain Alaska E43 / Type E3) PE=1 SV=1 !!!ntnH	1210	1163	1204	720	59.80	436	48	13	1209	MNINDNLSINSPVDNKNVVVVRARKTDTVFKAFKVAPNIWVAPERYYGESLSIDEEYKVDGGIYDSNFLSQDSEKDKFLQAIITLLKRINSTNAGEKLLSLISTAIPFPYGYIGGGYYAPNMITFGSAPKSNKKLNSLISSTIPFPYAG----YRETNYLSSEDNKSFYASNIVIFGPGANIVENNTVFYKKEDAENGMGTMTEIWFQPFLTYKYDEFYIDPAIELIKCLIKSLYFLYGIKPSDDLVIPYRLRSELENIEYSQLNIVDLLVSGGIDPKFINTDPYWFTDNYFSNAKKVFEDHRNIYETEIEGNNAIGNDIKLRLKQKFRININDIWELNLNYFSKEFSIMMPDRFNNALKHFYRKQYYKIDYPENYSINGFVNGQINAQLSLSDRNQDIINKPEEIINLLNGNNVSLMRSNIYGDGLKSTVDDFYSNYKIPYNRAYEYHFNNSNDSSLDNVNIGVIDNIPEI--IDVNPYKENCDKFSPVQKITSTREINTNIPWPINYLQAQNTNNEKFSLSSDFVEVVSSKDKSLVYSFLSNVMFYLDSIKDNSPIDTDKKYYLWLREIFRNYSFDITATQEINTDCGINKVVTWFGKALNILNTSDSFVEEFQNLGPISLINKKENLSMPIIEIYGIPNDMLGLPLNDLNEKLFNIYLKNILYFKKVYFNFLDQWWTEYYSQYFDLICMAKQSILAQEKLIKQIIQNKLQDLFK-ADISMDKLNLMNLATEKTFIDLSNESQIAINNINDFLNKSAICVFDTNIYPKFISFMEQCINSVNSNVTAFIQKCTNITEDEKLQLIKLNTFMNIDFEFFDIQSIKDLITSETDLIKEEKESDYNLFLFTLQEDNNKVIEDISGKNTLVKYSDSISLVYGVNGDALYLKEPDESVSFSNKAFENGLTNSFSICFWLRNLGEDIITSKLIENKADNCGWEIYFENNGLVFSIVDCNGNEENIYLSDVISKNWYYISISIDRLRNQLLIFINDKLIANQSIEQILNIYSSNTISLVNENNPIYIEGLSILNRSITSEEVVNNYFSYLNNSYIRDISGERLEYNKTYELYNYVFPENSLYEVTENNNIYLSIKDTNNLNIQGAKFKLINIDANKQYVQKWDEGVVCLLGDEEKYVDISSENNRIQLVSSKDTAKRIIFNNDIFRPNCLTFAYNNKYLSLSLRDRNYNWMICNNNDNIPKAAHLWALKGI
PROKKA_00011	tr|C4IHM0|C4IHM0_CLOBU Botulinum neurotoxin type E, nontoxic-nonhemagglutinin component, NTNH OS=Clostridium butyricum E4 str. BoNT E BL5262 GN=ntnH PE=4 SV=1 !!!ntnH	1210	1163	1204	723	60.05	433	48	13	1209	MNINDNLSINSPVDNKNVVVVRARKTDTVFKAFKVAPNIWVAPERYYGESLSIDEEYKVDGGIYDSNFLSQDSEKDKFLQAIITLLKRINSTNAGEKLLSLISTAIPFPYGYIGGGYYAPNMITFGSAPKSNKKLNSLISSTIPFPYAG----YRETNYLSSEDNKSFYASNIVIFGPGANIVENNTVFYKKEDAENGMGTMTEIWFQPFLTYKYDEFYIDPAIELIKCLIKSLYFLYGIKPSDDLVIPYRLRSELENIEYSQLNIVDLLVSGGIDPKFINTDPYWFTDNYFSNAKKVFEDHRNIYETEIEGNNAIGNDIKLRLKQKFRININDIWELNLNYFSKEFSIMMPDRFNNALKHFYRKQYYKIDYPENYSINGFVNGQINAQLSLSDRNQDIINKPEEIINLLNGNNVSLMRSNIYGDGLKSTVDDFYSNYKIPYNRAYEYHFNNSNDSSLDNVNIGVIDNIPEI--IDVNPYKENCDKFSPVQKITSTREINTNIPWPINYLQAQNTNNEKFSLSSDFVEVVSSKDKSLVYSFLSNVMFYLDSIKDNSPIDTDKKYYLWLREIFRNYSFDITATQEINTDCGINKVVTWFGKALNILNTSDSFVEEFQNLGPISLINKKENLSMPIIEIYGIPNDMLGLPLNDLNEKLFNIYLKNILYFKKVYFNFLDQWWTEYYSQYFDLICMAKQSILAQEKLIKQIIQNKLQDLFK-ADISMDKLNLMNLATEKTFIDLSNESQIAINNINDFLNKSAICVFDTNIYPKFISFMEQCINSVNSNVTAFIQKCTNITEDEKLQLIKLNTFMNIDFEFFDIQSIKDLITSETDLIKEEKESDYNLFLFTLQEDNNKVIEDISGKNTLVKYSDSISLVYGVNGDALYLKEPDESVSFSNKAFENGLTNSFSICFWLRNLGEDIITSKLIENKADNCGWEIYFENNGLVFSIVDCNGNEENIYLSDVISKNWYYISISIDRLRNQLLIFINDKLIANQSIEQILNIYSSNTISLVNENNPIYIEGLSILNRSITSEEVVNNYFSYLNNSYIRDISGERLEYNKTYELYNYVFPENSLYEVTENNNIYLSIKDTNNLNIQGAKFKLINIDANKQYVQKWDEGVVCLLGDEEKYVDISSENNRIQLVSSKDTAKRIIFNNDIFRPNCLTFAYNNKYLSLSLRDRNYNWMICNNNDNIPKAAHLWALKGI
PROKKA_00011	tr|A0A059PYE4|A0A059PYE4_9CLOT Toxin OS=Clostridium baratii GN=UC77_04385 PE=4 SV=1 !!! 	1210	140	40	16	40.00	23	1	601	639	VTWFGKALNILNTSDSFVEEFQNLGPISLIN-KKENLSMP
PROKKA_00011	tr|A0A0A7FVW8|A0A0A7FVW8_9CLOT Putative oRF-X1 OS=Clostridium baratii str. Sullivan GN=U729_698 PE=4 SV=1 !!!ORF-X1	1210	140	40	16	40.00	23	1	601	639	VTWFGKALNILNTSDSFVEEFQNLGPISLIN-KKENLSMP
PROKKA_00011	tr|A7GBF8|A7GBF8_CLOBL Toxin complex component ORF-X2 OS=Clostridium botulinum (strain Langeland / NCTC 10281 / Type F) GN=CLI_0846 PE=4 SV=1 !!!ORF-X2	1210	750	19	9	47.37	10	0	769	787	DTNIYPKFISFMEQCINSV
PROKKA_00011	tr|A0A073CMR9|A0A073CMR9_CLOBO Transcriptional regulator OS=Clostridium botulinum A2B3 87 GN=N496_18580 PE=4 SV=1 !!! 	1210	178	22	12	54.55	10	0	807	828	LQLIKLNTFMNIDFEFFDIQSI
PROKKA_00011	tr|A7GBG0|A7GBG0_CLOBL Transcriptional regulator BotR, P-21 OS=Clostridium botulinum (strain Langeland / NCTC 10281 / Type F) GN=botR PE=4 SV=1 !!!BotR	1210	178	22	12	54.55	10	0	807	828	LQLIKLNTFMNIDFEFFDIQSI
PROKKA_00012	tr|M1ZWZ6|M1ZWZ6_CLOBO Transcriptional regulator BotR, P-21 OS=Clostridium botulinum CFSAN001627 GN=CFSAN001627_10483 PE=4 SV=1 !!!BotR	134	178	133	133	100.00	0	0	1	133	LYHLWYTLKKVDLSNFNTQNDLERYISRTLKRYCLDICNKRKIDKKIIYNSEIADKKLSLIANSYSSYSEFEFNDLISILPDDQKKIIYMKFVEDIKEIDIAKKLNISRQSVYKNKIMALERLEPILKKLINM
PROKKA_00012	tr|A0A060N3U8|A0A060N3U8_CLOBO Transcriptional regulator botR OS=Clostridium botulinum B str. Osaka05 GN=CBO05P2_176 PE=4 SV=1 !!!BotR	134	178	133	131	98.50	2	0	1	133	LYHLWYTLKKVDLSNFNTQNDLERYISRTLKRYCLDICNKRKIDKKIIYNSEIADKKLSLIANSYSSYSEFEFNDLISILPDDQKKIIYMKFVEDIKEIDIAKKLNISRQSVYKNKIMALERLEPILKKLINM
PROKKA_00012	tr|A5HZZ7|A5HZZ7_CLOBH RNA polymerase ECF-type sigma factor OS=Clostridium botulinum (strain Hall / ATCC 3502 / NCTC 13319 / Type A) GN=botR PE=4 SV=1 !!!BotR	134	178	133	131	98.50	2	0	1	133	LYHLWYTLKKVDLSNFNTQNDLERYISRTLKRYCLDICNKRKIDKKIIYNSEIADKKLSLIANSYSSYSEFEFNDLISILPDDQKKIIYMKFVEDIKEIDIAKKLNISRQSVYKNKIMALERLEPILKKLINM
PROKKA_00012	tr|S8CEF4|S8CEF4_CLOBO Transcriptional regulator BotR, P-21 OS=Clostridium botulinum CFSAN002367 GN=CFSAN002367_15806 PE=4 SV=1 !!!BotR	134	178	133	131	98.50	2	0	1	133	LYHLWYTLKKVDLSNFNTQNDLERYISRTLKRYCLDICNKRKIDKKIIYNSEIADKKLSLIANSYSSYSEFEFNDLISILPDDQKKIIYMKFVEDIKEIDIAKKLNISRQSVYKNKIMALERLEPILKKLINM
PROKKA_00012	tr|A0A073CP83|A0A073CP83_CLOBO Transcriptional regulator OS=Clostridium botulinum A2B3 87 GN=N496_19575 PE=4 SV=1 !!! 	134	178	133	130	97.74	3	0	1	133	LYHLWYTLKKVDLSNFNTQNDLERYISRTLKRYCLDICNKRKIDKKIIYNSEIADKKLSLIANSYSSYSEFEFNDLISILPDDQKKIIYMKFVEDIKEIDIAKKLNISRQSVYKNKIMALERLEPILKKLINM
PROKKA_00012	tr|A0A0D1AER2|A0A0D1AER2_CLOBO Transcriptional regulator OS=Clostridium botulinum B2 450 GN=N495_19875 PE=4 SV=1 !!! 	134	178	133	130	97.74	3	0	1	133	LYHLWYTLKKVDLSNFNTQNDLERYISRTLKRYCLDICNKRKIDKKIIYNSEIADKKLSLIANSYSSYSEFEFNDLISILPDDQKKIIYMKFVEDIKEIDIAKKLNISRQSVYKNKIMALERLEPILKKLINM
PROKKA_00012	tr|B2TSC2|B2TSC2_CLOBB Putative RNA polymerase sigma factor OS=Clostridium botulinum (strain Eklund 17B / Type B) GN=botR PE=4 SV=1 !!!BotR	134	179	127	120	94.49	7	0	1	127	LYHLWYTLKKVDLSNFNTQNDLERYISRTLKRYCLDICNKRKIDKKIIYNSEIADKKLSLIANSYSSYSEFEFNDLISILPDDQKKIIYMKFVEDIKEIDIAKKLNISRQSVYKNKIMALERLEPIL
PROKKA_00012	tr|A0A0C1QVR0|A0A0C1QVR0_9CLOT Transcriptional regulator BotR, P-21 OS=Clostridium argentinense CDC 2741 GN=botR PE=4 SV=1 !!!BotR	134	178	131	81	61.83	50	0	3	133	HLWYTLKKVDLSNFNTQNDLERYISRTLKRYCLDICNKRKIDKKIIYNSEIADKKLSLIANSYSSYSEFEFNDLISILPDDQKKIIYMKFVEDIKEIDIAKKLNISRQSVYKNKIMALERLEPILKKLINM
PROKKA_00012	tr|A0A073CMR9|A0A073CMR9_CLOBO Transcriptional regulator OS=Clostridium botulinum A2B3 87 GN=N496_18580 PE=4 SV=1 !!! 	134	178	133	87	65.41	46	0	1	133	LYHLWYTLKKVDLSNFNTQNDLERYISRTLKRYCLDICNKRKIDKKIIYNSEIADKKLSLIANSYSSYSEFEFNDLISILPDDQKKIIYMKFVEDIKEIDIAKKLNISRQSVYKNKIMALERLEPILKKLINM
PROKKA_00012	tr|A7GBG0|A7GBG0_CLOBL Transcriptional regulator BotR, P-21 OS=Clostridium botulinum (strain Langeland / NCTC 10281 / Type F) GN=botR PE=4 SV=1 !!!BotR	134	178	133	87	65.41	46	0	1	133	LYHLWYTLKKVDLSNFNTQNDLERYISRTLKRYCLDICNKRKIDKKIIYNSEIADKKLSLIANSYSSYSEFEFNDLISILPDDQKKIIYMKFVEDIKEIDIAKKLNISRQSVYKNKIMALERLEPILKKLINM
PROKKA_00012	tr|B1L2G2|B1L2G2_CLOBM Transcriptional regulator BotR, P-21 OS=Clostridium botulinum (strain Loch Maree / Type A3) GN=botR PE=4 SV=1 !!!BotR	134	184	133	87	65.41	46	0	1	133	LYHLWYTLKKVDLSNFNTQNDLERYISRTLKRYCLDICNKRKIDKKIIYNSEIADKKLSLIANSYSSYSEFEFNDLISILPDDQKKIIYMKFVEDIKEIDIAKKLNISRQSVYKNKIMALERLEPILKKLINM
PROKKA_00012	tr|B1BE47|B1BE47_CLOBO Clostridium toxin-associated regulator BotR OS=Clostridium botulinum C str. Eklund GN=botR PE=4 SV=1 !!!BotR	134	179	133	66	49.62	67	0	1	133	LYHLWYTLKKVDLSNFNTQNDLERYISRTLKRYCLDICNKRKIDKKIIYNSEIADKKLSLIANSYSSYSEFEFNDLISILPDDQKKIIYMKFVEDIKEIDIAKKLNISRQSVYKNKIMALERLEPILKKLINM
PROKKA_00012	tr|A0A0A7FV57|A0A0A7FV57_9CLOT Clostridium P-47 family protein OS=Clostridium baratii str. Sullivan GN=U729_696 PE=4 SV=1 !!!P-47	134	491	37	13	35.14	24	0	39	75	NKRKIDKKIIYNSEIADKKLSLIANSYSSYSEFEFND
PROKKA_00012	tr|A0A059PY44|A0A059PY44_9CLOT Toxin complex component ORF-X3 OS=Clostridium baratii PE=4 SV=1 !!!ORF-X3	134	491	37	13	35.14	24	0	39	75	NKRKIDKKIIYNSEIADKKLSLIANSYSSYSEFEFND
PROKKA_00012	tr|B2TSC3|B2TSC3_CLOBB Botulinum neurotoxin type B OS=Clostridium botulinum (strain Eklund 17B / Type B) GN=ntnH PE=4 SV=1 !!!ntnH	134	1197	34	10	29.41	24	0	20	53	NDLERYISRTLKRYCLDICNKRKIDKKIIYNSEI
PROKKA_00012	tr|B1INP6|B1INP6_CLOBK Botulinum neurotoxin type B1, nontoxic-nonhemagglutinin component, NTNH OS=Clostridium botulinum (strain Okra / Type B1) GN=ntnH PE=4 SV=1 !!!ntnH	134	1197	34	9	26.47	25	0	20	53	NDLERYISRTLKRYCLDICNKRKIDKKIIYNSEI
PROKKA_00012	tr|A0A060N6G5|A0A060N6G5_CLOBO Nontoxic-nonhemagglutinin component, NTNH OS=Clostridium botulinum B str. Osaka05 GN=CBO05P2_175 PE=4 SV=1 !!!ntnH	134	1197	34	8	23.53	26	0	20	53	NDLERYISRTLKRYCLDICNKRKIDKKIIYNSEI
PROKKA_00012	tr|M1ZPH7|M1ZPH7_CLOBO Hemagglutinin component HA70 OS=Clostridium botulinum CFSAN001627 GN=CFSAN001627_19663 PE=4 SV=1 !!!ha70	134	626	21	6	28.57	15	0	2	22	YHLWYTLKKVDLSNFNTQNDL
PROKKA_00012	tr|A7GBF7|A7GBF7_CLOBL Toxin complex component ORF-X3 OS=Clostridium botulinum (strain Langeland / NCTC 10281 / Type F) GN=CLI_0845 PE=4 SV=1 !!!ORF-X3	134	490	61	19	31.15	41	1	39	98	NKRKIDKKIIYNSEIADKKLSLIANSYSSYSEFEFN-DLISILPDDQKKIIYMKFVEDIKE
PROKKA_00012	tr|C5UY10|C5UY10_CLOBO Toxin complex component ORF-X3 OS=Clostridium botulinum E1 str. 'BoNT E Beluga' GN=CLO_2647 PE=4 SV=1 !!!ORF-X3	134	487	48	12	25.00	36	0	43	90	IDKKIIYNSEIADKKLSLIANSYSSYSEFEFNDLISILPDDQKKIIYM
PROKKA_00013	tr|A5HZZ6|A5HZZ6_CLOBH Hemagglutinin component of the neurotoxin complex OS=Clostridium botulinum (strain Hall / ATCC 3502 / NCTC 13319 / Type A) GN=ha33 PE=1 SV=1 !!!ha33	294	293	293	285	97.27	8	0	1	293	MEHYSVIQNSLNDKIVTISCKADTNLFFYQVAGNVSLFQQTRNYLERWRLIYDSNKAAYKIKSMDIHNTNLVLTWNAPTHNISTQQDSNADNQYWLLLKDIGNNSFIIASYKNPNLVLYADTVARNLKLSTLNNSNYIKFIIEDYIISDLNNFTCKISPILDRNKVVQQVATTNLNVNLYTWDYGRNQKWTIRYNEEKAAYQFFNTILSNGVLTWIFSNGNTVRVSSSNDQNNDAQYWLINPVSDTDETYTITNLRDTTKALDLYNSQTANGTAIQVFNSNGGDNQKWNIRNP
PROKKA_00013	tr|B2TSC1|B2TSC1_CLOBB Haemagglutinin component OS=Clostridium botulinum (strain Eklund 17B / Type B) GN=ha33 PE=4 SV=1  !!!ha33	294	292	293	262	89.42	30	1	1	293	MEHYSVIQNSLNDKIVTISCKADTNLFFYQVAGNVSLFQQTRNYLERWRLIYDSNKAAYKIKSMDIHNTNLVLTWNAPTHNISTQQDSNADNQYWLLLKDIGNNSFIIASYKNPNLVLYADTVARNLKLSTLNNSNYIKFIIEDYIISDLNNFTCKISPILDRNKVVQQVATTNLNVNLYTWDYGRNQKWTIRYNEEKAAYQFFNTILSNGVLTWIFSNGNTVRVSSSNDQNNDAQYWLINPVSDTDETYTITNLRDTTKALDLYNSQTANGTAIQVFNSNGGDNQKWNIRNP
PROKKA_00013	tr|B1INP8|B1INP8_CLOBK Hemagglutinin component HA33 OS=Clostridium botulinum (strain Okra / Type B1) GN=ha33 PE=1 SV=1 !!!ha33	294	294	295	250	84.75	42	3	1	293	MEHYSVIQNSLNDKIVTISCKADTNLFFYQVAGN--VSLFQQTRNYLERWRLIYDSNKAAYKIKSMDIHNTNLVLTWNAPTHNISTQQDSNADNQYWLLLKDIGNNSFIIASYKNPNLVLYADTVARNLKLSTLNNSNYIKFIIEDYIISDLNNFTCKISPILDRNKVVQQVATTNLNVNLYTWDYGRNQKWTIRYNEEKAAYQFFNTILSNGVLTWIFSNGNTVRVSSSNDQNNDAQYWLINPVSDTDETYTITNLRDTTKALDLYNSQTANGTAIQVFNSNGGDNQKWNIRNP
PROKKA_00013	tr|A0A0C1TY77|A0A0C1TY77_9CLOT Main hemagglutinin component OS=Clostridium argentinense CDC 2741 GN=ha-33 PE=4 SV=1 !!!ha33	294	285	282	120	42.55	151	11	11	290	LNDKIVTISCKADTNLFFYQVA-GNVSLFQQTRNYLERWRLIYDSNKAAYKIKSMDIHNTNLVLTWNAPTHNISTQQDSNADNQYWLLLKDIGNNSFIIASYKNPNLVL-YADTVARNLKLSTLNNSNYIKFIIEDYIISDLNNFTCKISPILDRNKVVQQVATTNLNVNLYTWDYGRNQKWTIRYNEEKAAYQFFNTILSNGVLTWIFSNGNTVRVSSSNDQNNDAQYWLINPVSDTDETYTITNLRDTTKALDLYNSQTANGTAIQVFNSNGGDNQKWNI
PROKKA_00013	tr|C5VU79|C5VU79_CLOBO Hemagglutinin component HA33 OS=Clostridium botulinum D str. 1873 GN=ha33 PE=4 SV=1 !!!ha33	294	285	278	115	41.37	154	9	12	288	NDKIVTISCKADTNLFFYQVA-GNVSLFQQTRNYLERWRLIYDSNKAAYKIKSMDIHNTNLVLTWNAPTHNISTQQDSNADNQYWLLLKDIGNNSFIIASYKNPNLVLYADTVARNLKLSTLNNSNYIKFIIEDYIISDLNNFTCKISPILDRNKVVQQVATTNLNVNLYTWDYGRNQKWTIRYNEEKAAYQFFNTILSNGVLTWIFSNGNTVRVSSSNDQNNDAQYWLINPVSDTDETYTITNLRDTTKALDLYNSQTANGTAIQVFNSNGGDNQKW
PROKKA_00013	tr|A0A0C1QVX2|A0A0C1QVX2_9CLOT Hemagglutinin component HA-17 OS=Clostridium argentinense CDC 2741 GN=ha-17 PE=4 SV=1 !!!ha17	294	147	80	27	33.75	49	4	187	266	NQKWTIRYNEEKAAYQFFNTILSNGVLTWIFSNGNTVRVSSSNDQNNDAQYWLINPVSDTDETYTITNLRDTTKALDLYN
PROKKA_00013	tr|A0A0C1QVX2|A0A0C1QVX2_9CLOT Hemagglutinin component HA-17 OS=Clostridium argentinense CDC 2741 GN=ha-17 PE=4 SV=1 !!!ha17	294	147	68	23	33.82	41	4	46	112	ERWRLIYDSNKAAYKIKSMDIHNTNLVLTWNAPTHNISTQ-QDSNADNQYWLLLKDIGNNSFIIASYK
PROKKA_00013	tr|A0A0C1QVX2|A0A0C1QVX2_9CLOT Hemagglutinin component HA-17 OS=Clostridium argentinense CDC 2741 GN=ha-17 PE=4 SV=1 !!!ha17	294	147	102	30	29.41	60	12	59	153	YKIKSMDIHNTNLVLTWNAPTHNISTQQDSNADN-QYWLLLKDIGNNSFIIASYKNPNLVLYADT----VARNLKLSTLNNSNYIKFIIED--YIISDLNNF
PROKKA_00013	tr|B2TSC0|B2TSC0_CLOBB Hemagglutinin component HA-17 OS=Clostridium botulinum (strain Eklund 17B / Type B) GN=ha17 PE=4 SV=1 !!!ha17	294	146	96	30	31.25	58	8	59	151	YKIKSMDIHNTNLVLTWNAPTHNISTQQDSNADNQYWLLLKDIGNNSFIIASYKNPNLVLYADTVARNLKLSTLNNSNY---IKFIIEDYIISDLN
PROKKA_00013	tr|B2TSC0|B2TSC0_CLOBB Hemagglutinin component HA-17 OS=Clostridium botulinum (strain Eklund 17B / Type B) GN=ha17 PE=4 SV=1 !!!ha17	294	146	86	20	23.26	55	11	185	267	GRNQKWTIRYNEEKAAYQFFNTILSNGVLTWIFSNGNTVRVSSSNDQNNDAQYWLINPVSDTDETYTITNLRDTTK---ALDLYNS
PROKKA_00013	tr|A5HZZ5|A5HZZ5_CLOBH Hemagglutinin component of the neurotoxin complex OS=Clostridium botulinum (strain Hall / ATCC 3502 / NCTC 13319 / Type A) GN=ha17 PE=1 SV=1 !!!ha17	294	146	96	30	31.25	58	8	59	151	YKIKSMDIHNTNLVLTWNAPTHNISTQQDSNADNQYWLLLKDIGNNSFIIASYKNPNLVLYADTVARNLKLSTLNNSNY---IKFIIEDYIISDLN
PROKKA_00013	tr|A5HZZ5|A5HZZ5_CLOBH Hemagglutinin component of the neurotoxin complex OS=Clostridium botulinum (strain Hall / ATCC 3502 / NCTC 13319 / Type A) GN=ha17 PE=1 SV=1 !!!ha17	294	146	86	20	23.26	55	11	185	267	GRNQKWTIRYNEEKAAYQFFNTILSNGVLTWIFSNGNTVRVSSSNDQNNDAQYWLINPVSDTDETYTITNLRDTTK---ALDLYNS
PROKKA_00013	tr|A5HZZ5|A5HZZ5_CLOBH Hemagglutinin component of the neurotoxin complex OS=Clostridium botulinum (strain Hall / ATCC 3502 / NCTC 13319 / Type A) GN=ha17 PE=1 SV=1 !!!ha17	294	146	13	6	46.15	7	0	279	291	NSNGGDNQKWNIR
PROKKA_00013	tr|A0A0B4W498|A0A0B4W498_CLOBO Hemagglutinin component HA-17 OS=Clostridium botulinum Prevot_594 GN=ha-17 PE=4 SV=1 !!!ha17	294	146	96	30	31.25	58	8	59	151	YKIKSMDIHNTNLVLTWNAPTHNISTQQDSNADNQYWLLLKDIGNNSFIIASYKNPNLVLYADTVARNLKLSTLNNSNY---IKFIIEDYIISDLN
PROKKA_00013	tr|A0A0B4W498|A0A0B4W498_CLOBO Hemagglutinin component HA-17 OS=Clostridium botulinum Prevot_594 GN=ha-17 PE=4 SV=1 !!!ha17	294	146	84	20	23.81	53	11	187	267	NQKWTIRYNEEKAAYQFFNTILSNGVLTWIFSNGNTVRVSSSNDQNNDAQYWLINPVSDTDETYTITNLRDTTK---ALDLYNS
PROKKA_00013	tr|A0A0B4W498|A0A0B4W498_CLOBO Hemagglutinin component HA-17 OS=Clostridium botulinum Prevot_594 GN=ha-17 PE=4 SV=1 !!!ha17	294	146	95	21	22.11	68	6	26	120	LFFYQVAGNVSLFQQTRNYLERWRLIYDSNKAAYKIKSMDIHNTNLVLTWNAPTHNISTQQDSNADNQYWLLLKDIGNNSFIIASYKNPNLVLYA
PROKKA_00013	tr|A0A0B4W498|A0A0B4W498_CLOBO Hemagglutinin component HA-17 OS=Clostridium botulinum Prevot_594 GN=ha-17 PE=4 SV=1 !!!ha17	294	146	13	6	46.15	7	0	279	291	NSNGGDNQKWNIR
PROKKA_00013	tr|A0A0D1BS75|A0A0D1BS75_CLOBO Hemagglutinin OS=Clostridium botulinum B2 450 GN=N495_19885 PE=4 SV=1 !!! 	294	146	96	30	31.25	58	8	59	151	YKIKSMDIHNTNLVLTWNAPTHNISTQQDSNADNQYWLLLKDIGNNSFIIASYKNPNLVLYADTVARNLKLSTLNNSNY---IKFIIEDYIISDLN
PROKKA_00013	tr|A0A0D1BS75|A0A0D1BS75_CLOBO Hemagglutinin OS=Clostridium botulinum B2 450 GN=N495_19885 PE=4 SV=1 !!! 	294	146	86	20	23.26	55	11	185	267	GRNQKWTIRYNEEKAAYQFFNTILSNGVLTWIFSNGNTVRVSSSNDQNNDAQYWLINPVSDTDETYTITNLRDTTK---ALDLYNS
PROKKA_00013	tr|A0A0D1BS75|A0A0D1BS75_CLOBO Hemagglutinin OS=Clostridium botulinum B2 450 GN=N495_19885 PE=4 SV=1 !!! 	294	146	95	21	22.11	68	6	26	120	LFFYQVAGNVSLFQQTRNYLERWRLIYDSNKAAYKIKSMDIHNTNLVLTWNAPTHNISTQQDSNADNQYWLLLKDIGNNSFIIASYKNPNLVLYA
PROKKA_00013	tr|A0A0D1BS75|A0A0D1BS75_CLOBO Hemagglutinin OS=Clostridium botulinum B2 450 GN=N495_19885 PE=4 SV=1 !!! 	294	146	13	6	46.15	7	0	279	291	NSNGGDNQKWNIR
PROKKA_00013	tr|A0A060N976|A0A060N976_CLOBO Hemagglutinin component HA17 OS=Clostridium botulinum B str. Osaka05 GN=CBO05P2_178 PE=4 SV=1 !!!ha17	294	146	96	30	31.25	58	8	59	151	YKIKSMDIHNTNLVLTWNAPTHNISTQQDSNADNQYWLLLKDIGNNSFIIASYKNPNLVLYADTVARNLKLSTLNNSNY---IKFIIEDYIISDLN
PROKKA_00013	tr|A0A060N976|A0A060N976_CLOBO Hemagglutinin component HA17 OS=Clostridium botulinum B str. Osaka05 GN=CBO05P2_178 PE=4 SV=1 !!!ha17	294	146	86	20	23.26	55	11	185	267	GRNQKWTIRYNEEKAAYQFFNTILSNGVLTWIFSNGNTVRVSSSNDQNNDAQYWLINPVSDTDETYTITNLRDTTK---ALDLYNS
PROKKA_00013	tr|A0A060N976|A0A060N976_CLOBO Hemagglutinin component HA17 OS=Clostridium botulinum B str. Osaka05 GN=CBO05P2_178 PE=4 SV=1 !!!ha17	294	146	95	21	22.11	68	6	26	120	LFFYQVAGNVSLFQQTRNYLERWRLIYDSNKAAYKIKSMDIHNTNLVLTWNAPTHNISTQQDSNADNQYWLLLKDIGNNSFIIASYKNPNLVLYA
PROKKA_00013	tr|A0A060N976|A0A060N976_CLOBO Hemagglutinin component HA17 OS=Clostridium botulinum B str. Osaka05 GN=CBO05P2_178 PE=4 SV=1 !!!ha17	294	146	13	6	46.15	7	0	279	291	NSNGGDNQKWNIR
PROKKA_00013	tr|A0A0E1L447|A0A0E1L447_CLOBO Hemagglutinin component HA-17 OS=Clostridium botulinum CDC_1436 GN=ha-17 PE=4 SV=1 !!!ha17	294	146	96	30	31.25	58	8	59	151	YKIKSMDIHNTNLVLTWNAPTHNISTQQDSNADNQYWLLLKDIGNNSFIIASYKNPNLVLYADTVARNLKLSTLNNSNY---IKFIIEDYIISDLN
PROKKA_00013	tr|A0A0E1L447|A0A0E1L447_CLOBO Hemagglutinin component HA-17 OS=Clostridium botulinum CDC_1436 GN=ha-17 PE=4 SV=1 !!!ha17	294	146	86	20	23.26	55	11	185	267	GRNQKWTIRYNEEKAAYQFFNTILSNGVLTWIFSNGNTVRVSSSNDQNNDAQYWLINPVSDTDETYTITNLRDTTK---ALDLYNS
PROKKA_00013	tr|A0A0E1L447|A0A0E1L447_CLOBO Hemagglutinin component HA-17 OS=Clostridium botulinum CDC_1436 GN=ha-17 PE=4 SV=1 !!!ha17	294	146	95	21	22.11	68	6	26	120	LFFYQVAGNVSLFQQTRNYLERWRLIYDSNKAAYKIKSMDIHNTNLVLTWNAPTHNISTQQDSNADNQYWLLLKDIGNNSFIIASYKNPNLVLYA
PROKKA_00013	tr|A0A0E1L447|A0A0E1L447_CLOBO Hemagglutinin component HA-17 OS=Clostridium botulinum CDC_1436 GN=ha-17 PE=4 SV=1 !!!ha17	294	146	13	6	46.15	7	0	279	291	NSNGGDNQKWNIR
PROKKA_00013	tr|B1INP9|B1INP9_CLOBK Hemagglutinin component HA17 OS=Clostridium botulinum (strain Okra / Type B1) GN=ha17 PE=4 SV=1 !!!ha17	294	146	96	29	30.21	59	8	59	151	YKIKSMDIHNTNLVLTWNAPTHNISTQQDSNADNQYWLLLKDIGNNSFIIASYKNPNLVLYADTVARNLKLSTLNNSNY---IKFIIEDYIISDLN
PROKKA_00013	tr|B1INP9|B1INP9_CLOBK Hemagglutinin component HA17 OS=Clostridium botulinum (strain Okra / Type B1) GN=ha17 PE=4 SV=1 !!!ha17	294	146	84	20	23.81	53	11	187	267	NQKWTIRYNEEKAAYQFFNTILSNGVLTWIFSNGNTVRVSSSNDQNNDAQYWLINPVSDTDETYTITNLRDTTK---ALDLYNS
PROKKA_00013	tr|B1INP9|B1INP9_CLOBK Hemagglutinin component HA17 OS=Clostridium botulinum (strain Okra / Type B1) GN=ha17 PE=4 SV=1 !!!ha17	294	146	95	21	22.11	68	6	26	120	LFFYQVAGNVSLFQQTRNYLERWRLIYDSNKAAYKIKSMDIHNTNLVLTWNAPTHNISTQQDSNADNQYWLLLKDIGNNSFIIASYKNPNLVLYA
PROKKA_00013	tr|B1INP9|B1INP9_CLOBK Hemagglutinin component HA17 OS=Clostridium botulinum (strain Okra / Type B1) GN=ha17 PE=4 SV=1 !!!ha17	294	146	13	6	46.15	7	0	279	291	NSNGGDNQKWNIR
PROKKA_00013	tr|A0A073CN83|A0A073CN83_CLOBO Hemagglutinin OS=Clostridium botulinum A2B3 87 GN=N496_19565 PE=4 SV=1 !!! 	294	146	86	21	24.42	54	11	185	267	GRNQKWTIRYNEEKAAYQFFNTILSNGVLTWIFSNGNTVRVSSSNDQNNDAQYWLINPVSDTDETYTITNLRDTTK---ALDLYNS
PROKKA_00013	tr|A0A073CN83|A0A073CN83_CLOBO Hemagglutinin OS=Clostridium botulinum A2B3 87 GN=N496_19565 PE=4 SV=1 !!! 	294	146	96	29	30.21	59	8	59	151	YKIKSMDIHNTNLVLTWNAPTHNISTQQDSNADNQYWLLLKDIGNNSFIIASYKNPNLVLYADTVARNLKLSTLNNSNY---IKFIIEDYIISDLN
PROKKA_00013	tr|A0A073CN83|A0A073CN83_CLOBO Hemagglutinin OS=Clostridium botulinum A2B3 87 GN=N496_19565 PE=4 SV=1 !!! 	294	146	95	21	22.11	68	6	26	120	LFFYQVAGNVSLFQQTRNYLERWRLIYDSNKAAYKIKSMDIHNTNLVLTWNAPTHNISTQQDSNADNQYWLLLKDIGNNSFIIASYKNPNLVLYA
PROKKA_00013	tr|A0A073CN83|A0A073CN83_CLOBO Hemagglutinin OS=Clostridium botulinum A2B3 87 GN=N496_19565 PE=4 SV=1 !!! 	294	146	13	6	46.15	7	0	279	291	NSNGGDNQKWNIR
PROKKA_00013	tr|C5VU78|C5VU78_CLOBO Hemagglutinin component HA17 OS=Clostridium botulinum D str. 1873 GN=ha17 PE=4 SV=1 !!!ha17	294	146	60	20	33.33	36	4	59	118	YKIKSMDIHNTNLVLTWNAPTHNISTQQDSNADNQYWLLLKDIGNNSFIIASYKNPNLVL
PROKKA_00013	tr|C5VU78|C5VU78_CLOBO Hemagglutinin component HA17 OS=Clostridium botulinum D str. 1873 GN=ha17 PE=4 SV=1 !!!ha17	294	146	29	9	31.03	20	0	187	215	NQKWTIRYNEEKAAYQFFNTILSNGVLTW
PROKKA_00013	tr|C5VU78|C5VU78_CLOBO Hemagglutinin component HA17 OS=Clostridium botulinum D str. 1873 GN=ha17 PE=4 SV=1 !!!ha17	294	146	23	8	34.78	15	0	269	291	TANGTAIQVFNSNGGDNQKWNIR
PROKKA_00013	tr|B1BE45|B1BE45_CLOBO Non-toxin haemagglutinin HA-17 OS=Clostridium botulinum C str. Eklund GN=CBC_A0168 PE=4 SV=1 !!!ha17	294	146	29	10	34.48	19	0	187	215	NQKWTIRYNEEKAAYQFFNTILSNGVLTW
PROKKA_00013	tr|B1BE45|B1BE45_CLOBO Non-toxin haemagglutinin HA-17 OS=Clostridium botulinum C str. Eklund GN=CBC_A0168 PE=4 SV=1 !!!ha17	294	146	39	15	38.46	20	4	59	97	YKIKSMDIHNTNLVLTWNAPTHNISTQQDSNADNQYWLL
PROKKA_00013	tr|B1BE45|B1BE45_CLOBO Non-toxin haemagglutinin HA-17 OS=Clostridium botulinum C str. Eklund GN=CBC_A0168 PE=4 SV=1 !!!ha17	294	146	23	7	30.43	16	0	269	291	TANGTAIQVFNSNGGDNQKWNIR
PROKKA_00014	tr|A5HZZ5|A5HZZ5_CLOBH Hemagglutinin component of the neurotoxin complex OS=Clostridium botulinum (strain Hall / ATCC 3502 / NCTC 13319 / Type A) GN=ha17 PE=1 SV=1 !!!ha17	147	146	146	146	100.00	0	0	1	146	MSVERTFLPNGNYNIKSIFSGSLYLNPVSKSLTFSNESSANNQKWNVEYMAENRCFKISNVAEPNKYLSYDNFGFISLDSLSNRCYWFPIKIAVNTYIMLSLNKVNELDYAWDIYDTNENILSQPLLLLPNFDIYNSNQMFKLEKI
PROKKA_00014	tr|B1INP9|B1INP9_CLOBK Hemagglutinin component HA17 OS=Clostridium botulinum (strain Okra / Type B1) GN=ha17 PE=4 SV=1 !!!ha17	147	146	146	143	97.95	3	0	1	146	MSVERTFLPNGNYNIKSIFSGSLYLNPVSKSLTFSNESSANNQKWNVEYMAENRCFKISNVAEPNKYLSYDNFGFISLDSLSNRCYWFPIKIAVNTYIMLSLNKVNELDYAWDIYDTNENILSQPLLLLPNFDIYNSNQMFKLEKI
PROKKA_00014	tr|A0A0D1BS75|A0A0D1BS75_CLOBO Hemagglutinin OS=Clostridium botulinum B2 450 GN=N495_19885 PE=4 SV=1 !!! 	147	146	146	144	98.63	2	0	1	146	MSVERTFLPNGNYNIKSIFSGSLYLNPVSKSLTFSNESSANNQKWNVEYMAENRCFKISNVAEPNKYLSYDNFGFISLDSLSNRCYWFPIKIAVNTYIMLSLNKVNELDYAWDIYDTNENILSQPLLLLPNFDIYNSNQMFKLEKI
PROKKA_00014	tr|A0A060N976|A0A060N976_CLOBO Hemagglutinin component HA17 OS=Clostridium botulinum B str. Osaka05 GN=CBO05P2_178 PE=4 SV=1 !!!ha17	147	146	146	144	98.63	2	0	1	146	MSVERTFLPNGNYNIKSIFSGSLYLNPVSKSLTFSNESSANNQKWNVEYMAENRCFKISNVAEPNKYLSYDNFGFISLDSLSNRCYWFPIKIAVNTYIMLSLNKVNELDYAWDIYDTNENILSQPLLLLPNFDIYNSNQMFKLEKI
PROKKA_00014	tr|A0A0E1L447|A0A0E1L447_CLOBO Hemagglutinin component HA-17 OS=Clostridium botulinum CDC_1436 GN=ha-17 PE=4 SV=1 !!!ha17	147	146	146	144	98.63	2	0	1	146	MSVERTFLPNGNYNIKSIFSGSLYLNPVSKSLTFSNESSANNQKWNVEYMAENRCFKISNVAEPNKYLSYDNFGFISLDSLSNRCYWFPIKIAVNTYIMLSLNKVNELDYAWDIYDTNENILSQPLLLLPNFDIYNSNQMFKLEKI
PROKKA_00014	tr|A0A073CN83|A0A073CN83_CLOBO Hemagglutinin OS=Clostridium botulinum A2B3 87 GN=N496_19565 PE=4 SV=1 !!! 	147	146	146	143	97.95	3	0	1	146	MSVERTFLPNGNYNIKSIFSGSLYLNPVSKSLTFSNESSANNQKWNVEYMAENRCFKISNVAEPNKYLSYDNFGFISLDSLSNRCYWFPIKIAVNTYIMLSLNKVNELDYAWDIYDTNENILSQPLLLLPNFDIYNSNQMFKLEKI
PROKKA_00014	tr|A0A0B4W498|A0A0B4W498_CLOBO Hemagglutinin component HA-17 OS=Clostridium botulinum Prevot_594 GN=ha-17 PE=4 SV=1 !!!ha17	147	146	146	141	96.58	5	0	1	146	MSVERTFLPNGNYNIKSIFSGSLYLNPVSKSLTFSNESSANNQKWNVEYMAENRCFKISNVAEPNKYLSYDNFGFISLDSLSNRCYWFPIKIAVNTYIMLSLNKVNELDYAWDIYDTNENILSQPLLLLPNFDIYNSNQMFKLEKI
PROKKA_00014	tr|B2TSC0|B2TSC0_CLOBB Hemagglutinin component HA-17 OS=Clostridium botulinum (strain Eklund 17B / Type B) GN=ha17 PE=4 SV=1 !!!ha17	147	146	146	139	95.21	7	0	1	146	MSVERTFLPNGNYNIKSIFSGSLYLNPVSKSLTFSNESSANNQKWNVEYMAENRCFKISNVAEPNKYLSYDNFGFISLDSLSNRCYWFPIKIAVNTYIMLSLNKVNELDYAWDIYDTNENILSQPLLLLPNFDIYNSNQMFKLEKI
PROKKA_00014	tr|C5VU78|C5VU78_CLOBO Hemagglutinin component HA17 OS=Clostridium botulinum D str. 1873 GN=ha17 PE=4 SV=1 !!!ha17	147	146	146	92	63.01	54	0	1	146	MSVERTFLPNGNYNIKSIFSGSLYLNPVSKSLTFSNESSANNQKWNVEYMAENRCFKISNVAEPNKYLSYDNFGFISLDSLSNRCYWFPIKIAVNTYIMLSLNKVNELDYAWDIYDTNENILSQPLLLLPNFDIYNSNQMFKLEKI
PROKKA_00014	tr|B1BE45|B1BE45_CLOBO Non-toxin haemagglutinin HA-17 OS=Clostridium botulinum C str. Eklund GN=CBC_A0168 PE=4 SV=1 !!!ha17	147	146	146	90	61.64	56	0	1	146	MSVERTFLPNGNYNIKSIFSGSLYLNPVSKSLTFSNESSANNQKWNVEYMAENRCFKISNVAEPNKYLSYDNFGFISLDSLSNRCYWFPIKIAVNTYIMLSLNKVNELDYAWDIYDTNENILSQPLLLLPNFDIYNSNQMFKLEKI
PROKKA_00014	tr|A0A0C1QVX2|A0A0C1QVX2_9CLOT Hemagglutinin component HA-17 OS=Clostridium argentinense CDC 2741 GN=ha-17 PE=4 SV=1 !!!ha17	147	147	150	84	56.00	59	7	1	146	MSVERTFLPNGNYNIKSIFSGSLYLNPVSKSLTFSNESSANNQKWNVEYMAENRCFKISNVAEPNKYLSYDNFGFISL----DSLSNRCYWFPIKIAVNTYIMLSLNKVNELDYAWDIYDTNENILSQPLLLLPNFDIYNSNQMFKLEKI
PROKKA_00014	tr|A0A0C1TY77|A0A0C1TY77_9CLOT Main hemagglutinin component OS=Clostridium argentinense CDC 2741 GN=ha-33 PE=4 SV=1 !!!ha33	147	285	36	12	33.33	24	0	36	71	NESSANNQKWNVEYMAENRCFKISNVAEPNKYLSYD
PROKKA_00014	tr|B2TSC1|B2TSC1_CLOBB Haemagglutinin component OS=Clostridium botulinum (strain Eklund 17B / Type B) GN=ha33 PE=4 SV=1  !!!ha33	147	292	85	21	24.71	54	10	40	117	ANNQKWNVEYMAENRCFKISNVAEPNKYLSY--DNFGFISLDSLS---NRCYWF--PIKIAVNTYIMLSLNKVNELDYAWDIYDT
PROKKA_00014	tr|B2TSC1|B2TSC1_CLOBB Haemagglutinin component OS=Clostridium botulinum (strain Eklund 17B / Type B) GN=ha33 PE=4 SV=1  !!!ha33	147	292	96	26	27.08	62	8	13	103	YNIKSIFSGS----LYLNPVSKSLTFSNESSANNQKWNVEYMAENRCFKISNVAEPNKYLSYDNFGF-ISLDSLSNRCYWFPIKIAVNTYIMLSLN
PROKKA_00014	tr|B2TSC1|B2TSC1_CLOBB Haemagglutinin component OS=Clostridium botulinum (strain Eklund 17B / Type B) GN=ha33 PE=4 SV=1  !!!ha33	147	292	76	20	26.32	48	8	43	111	QKWNVEYMAENRCFKISNVAEPNKYL------SYDNFGFISLDSLSNRCYWFPIK-IAVNTYIMLSLNKVNELDYA
PROKKA_00014	tr|A5HZZ6|A5HZZ6_CLOBH Hemagglutinin component of the neurotoxin complex OS=Clostridium botulinum (strain Hall / ATCC 3502 / NCTC 13319 / Type A) GN=ha33 PE=1 SV=1 !!!ha33	147	293	96	30	31.25	58	8	13	103	YNIKS--IFSGSLYL--NPVSKSLTFSNESSANNQKWNVEYMAENRCFKISNVAEPNKYLSYDNFGF-ISLDSLSNRCYWFPIKIAVNTYIMLSLN
PROKKA_00014	tr|A5HZZ6|A5HZZ6_CLOBH Hemagglutinin component of the neurotoxin complex OS=Clostridium botulinum (strain Hall / ATCC 3502 / NCTC 13319 / Type A) GN=ha33 PE=1 SV=1 !!!ha33	147	293	31	9	29.03	22	0	40	70	ANNQKWNVEYMAENRCFKISNVAEPNKYLSY
PROKKA_00014	tr|B1INP8|B1INP8_CLOBK Hemagglutinin component HA33 OS=Clostridium botulinum (strain Okra / Type B1) GN=ha33 PE=1 SV=1 !!!ha33	147	294	92	27	29.35	57	8	13	99	YNIKS--IFSGSLYL--NPVSKSLTFSNESSANNQKWNVEYMAENRCFKISNVAEPNKYLSYDNFGF-ISLDSLSNRCYWFPIKIAVNTYIM
PROKKA_00014	tr|B1INP8|B1INP8_CLOBK Hemagglutinin component HA33 OS=Clostridium botulinum (strain Okra / Type B1) GN=ha33 PE=1 SV=1 !!!ha33	147	294	29	9	31.03	20	0	42	70	NQKWNVEYMAENRCFKISNVAEPNKYLSY
PROKKA_00014	tr|B1INP8|B1INP8_CLOBK Hemagglutinin component HA33 OS=Clostridium botulinum (strain Okra / Type B1) GN=ha33 PE=1 SV=1 !!!ha33	147	294	75	19	25.33	50	6	43	111	QKWNVEYMAENRCFKIS--NVAEPNKYLSYDNFGF---ISLDSLSNRCYWFPIK-IAVNTYIMLSLNKVNELDYA
PROKKA_00014	tr|B1L2G4|B1L2G4_CLOBM Botulinum neurotoxin type A3, nontoxic-nonhemagglutinin component, NTNH OS=Clostridium botulinum (strain Loch Maree / Type A3) GN=ntnH PE=4 SV=1 !!!ntnH	147	1159	23	10	43.48	13	0	15	37	IKSIFSGSLYLNPVSKSLTFSNE
PROKKA_00014	tr|C1FUH8|C1FUH8_CLOBJ Botulinum neurotoxin type A2, nontoxic-nonhemagglutinin component, NTNH OS=Clostridium botulinum (strain Kyoto / Type A2) GN=ntnH PE=4 SV=1 !!!ntnH	147	1159	23	10	43.48	13	0	15	37	IKSIFSGSLYLNPVSKSLTFSNE
PROKKA_00014	tr|A5HZZ8|A5HZZ8_CLOBH Type A progenitor toxin nontoxic-nonha OS=Clostridium botulinum (strain Hall / ATCC 3502 / NCTC 13319 / Type A) GN=ntnH PE=4 SV=1 !!!ntnH	147	1193	23	10	43.48	13	0	15	37	IKSIFSGSLYLNPVSKSLTFSNE
PROKKA_00014	tr|A7GBG2|A7GBG2_CLOBL Botulinum neurotoxin type F, nontoxic-nonhemagglutinin component, NTNH OS=Clostridium botulinum (strain Langeland / NCTC 10281 / Type F) GN=ntnH PE=4 SV=1 !!!ntnH	147	1163	23	9	39.13	14	0	15	37	IKSIFSGSLYLNPVSKSLTFSNE
PROKKA_00014	tr|C5VU79|C5VU79_CLOBO Hemagglutinin component HA33 OS=Clostridium botulinum D str. 1873 GN=ha33 PE=4 SV=1 !!!ha33	147	285	35	12	34.29	22	1	25	58	LNPVSKS-LTFSNESSANNQKWNVEYMAENRCFKI
PROKKA_00014	tr|C5VU79|C5VU79_CLOBO Hemagglutinin component HA33 OS=Clostridium botulinum D str. 1873 GN=ha33 PE=4 SV=1 !!!ha33	147	285	68	17	25.00	44	7	26	88	NPVSKSLTFSNESSANNQKWNVEYMAENRCFKISNVAEPNKYLSY-----DNFGFISLDSLSNRCYWF
PROKKA_00014	tr|C5VU79|C5VU79_CLOBO Hemagglutinin component HA33 OS=Clostridium botulinum D str. 1873 GN=ha33 PE=4 SV=1 !!!ha33	147	285	36	11	30.56	24	1	41	75	NNQKWNVEYMAENRC-FKISNVAEPNKYLSYDNFGF
PROKKA_00014	tr|B2TSC3|B2TSC3_CLOBB Botulinum neurotoxin type B OS=Clostridium botulinum (strain Eklund 17B / Type B) GN=ntnH PE=4 SV=1 !!!ntnH	147	1197	27	12	44.44	12	3	95	121	NTYIMLSLNKVNELDYAWDIYDTNENI
PROKKA_00014	tr|B1BE43|B1BE43_CLOBO Botulinum neurotoxin type C, nontoxic-nonhemagglutinin component NTNH OS=Clostridium botulinum C str. Eklund GN=CBC_A0166 PE=4 SV=1 !!!ntnH	147	1196	12	6	50.00	6	0	114	125	IYDTNENILSQP
PROKKA_00014	tr|B1INP6|B1INP6_CLOBK Botulinum neurotoxin type B1, nontoxic-nonhemagglutinin component, NTNH OS=Clostridium botulinum (strain Okra / Type B1) GN=ntnH PE=4 SV=1 !!!ntnH	147	1197	22	8	36.36	14	0	20	41	SGSLYLNPVSKSLTFSNESSAN
PROKKA_00014	tr|A0A060N6G5|A0A060N6G5_CLOBO Nontoxic-nonhemagglutinin component, NTNH OS=Clostridium botulinum B str. Osaka05 GN=CBO05P2_175 PE=4 SV=1 !!!ntnH	147	1197	22	8	36.36	14	0	20	41	SGSLYLNPVSKSLTFSNESSAN
PROKKA_00015	tr|M1ZPH7|M1ZPH7_CLOBO Hemagglutinin component HA70 OS=Clostridium botulinum CFSAN001627 GN=CFSAN001627_19663 PE=4 SV=1 !!!ha70	627	626	626	623	99.52	3	0	1	626	MNSSIKKIYNDIQEKVINYSDTIDLADGNYVVRRGDGWILSRQNQILGGSVISNGSTGIVGDLRVNDNAIPYYYPTPSFNEEYIKNNIQTVFTNFTEANQIPIGFEFSKTAPSNKNLYMYLQYTYIRYEIIKVLQHEIIERAVLYVPSLGYVKSIEFNPGEKINKDFYFLTNDKCILNEQFLYKKILETTKNIPTNNIFNSKVSSTQRVLPYSNGLYVINKGDGYIRTNDKDLIGTLLIEAGSSGSIIQPRLRNTTRPLFTTSNDTKFSQQYTEERLKDAFNVQLFNTSTSLFKFVEEAPSDKNICIKAYNTYEKYELIDYQNGSIVNKAEYYLPSLGYCEVTNAPSPESEVVKMQVAEDGFIQNGPEEEIVVGVIDPSENIQEINTAISDNYTYNIPGIVNNNPFYILFTVNTTGIYKINTQNNLPPLKIYEAIGSGNRNLQAGNLCNNNIKAINYITGVDNPNAKSYLVVLLNKDKNYYIRVPQTSPNIENQIKFKREEGDLRNLMNSSVNIIDNLNSTGAHYYTRQSPDVGNYISYEFTVPGNFNNKDTSNIRLYTSNNQGIGTLFRVIETIDGYKLIGIRQNLHLLNNTNSIRLLNGAIYILKVEVTELNNYNIRLHIDITD
PROKKA_00015	tr|A5HZZ4|A5HZZ4_CLOBH Hemagglutinin component of the neurotoxin complex OS=Clostridium botulinum (strain Hall / ATCC 3502 / NCTC 13319 / Type A) GN=ha70 PE=1 SV=1 !!!ha70	627	626	626	606	96.81	20	0	1	626	MNSSIKKIYNDIQEKVINYSDTIDLADGNYVVRRGDGWILSRQNQILGGSVISNGSTGIVGDLRVNDNAIPYYYPTPSFNEEYIKNNIQTVFTNFTEANQIPIGFEFSKTAPSNKNLYMYLQYTYIRYEIIKVLQHEIIERAVLYVPSLGYVKSIEFNPGEKINKDFYFLTNDKCILNEQFLYKKILETTKNIPTNNIFNSKVSSTQRVLPYSNGLYVINKGDGYIRTNDKDLIGTLLIEAGSSGSIIQPRLRNTTRPLFTTSNDTKFSQQYTEERLKDAFNVQLFNTSTSLFKFVEEAPSDKNICIKAYNTYEKYELIDYQNGSIVNKAEYYLPSLGYCEVTNAPSPESEVVKMQVAEDGFIQNGPEEEIVVGVIDPSENIQEINTAISDNYTYNIPGIVNNNPFYILFTVNTTGIYKINTQNNLPPLKIYEAIGSGNRNLQAGNLCNNNIKAINYITGVDNPNAKSYLVVLLNKDKNYYIRVPQTSPNIENQIKFKREEGDLRNLMNSSVNIIDNLNSTGAHYYTRQSPDVGNYISYEFTVPGNFNNKDTSNIRLYTSNNQGIGTLFRVIETIDGYKLIGIRQNLHLLNNTNSIRLLNGAIYILKVEVTELNNYNIRLHIDITD
PROKKA_00015	tr|A0A060NA10|A0A060NA10_CLOBO Haemagglutinin component HA70 OS=Clostridium botulinum B str. Osaka05 GN=CBO05P2_179 PE=4 SV=1 !!!ha70	627	626	626	601	96.01	25	0	1	626	MNSSIKKIYNDIQEKVINYSDTIDLADGNYVVRRGDGWILSRQNQILGGSVISNGSTGIVGDLRVNDNAIPYYYPTPSFNEEYIKNNIQTVFTNFTEANQIPIGFEFSKTAPSNKNLYMYLQYTYIRYEIIKVLQHEIIERAVLYVPSLGYVKSIEFNPGEKINKDFYFLTNDKCILNEQFLYKKILETTKNIPTNNIFNSKVSSTQRVLPYSNGLYVINKGDGYIRTNDKDLIGTLLIEAGSSGSIIQPRLRNTTRPLFTTSNDTKFSQQYTEERLKDAFNVQLFNTSTSLFKFVEEAPSDKNICIKAYNTYEKYELIDYQNGSIVNKAEYYLPSLGYCEVTNAPSPESEVVKMQVAEDGFIQNGPEEEIVVGVIDPSENIQEINTAISDNYTYNIPGIVNNNPFYILFTVNTTGIYKINTQNNLPPLKIYEAIGSGNRNLQAGNLCNNNIKAINYITGVDNPNAKSYLVVLLNKDKNYYIRVPQTSPNIENQIKFKREEGDLRNLMNSSVNIIDNLNSTGAHYYTRQSPDVGNYISYEFTVPGNFNNKDTSNIRLYTSNNQGIGTLFRVIETIDGYKLIGIRQNLHLLNNTNSIRLLNGAIYILKVEVTELNNYNIRLHIDITD
PROKKA_00015	tr|A0A0E1L2H2|A0A0E1L2H2_CLOBO Hemagglutinin components HA-22/23/53 OS=Clostridium botulinum CDC_1436 GN=ha-70 PE=4 SV=1 !!!ha70	627	626	626	599	95.69	27	0	1	626	MNSSIKKIYNDIQEKVINYSDTIDLADGNYVVRRGDGWILSRQNQILGGSVISNGSTGIVGDLRVNDNAIPYYYPTPSFNEEYIKNNIQTVFTNFTEANQIPIGFEFSKTAPSNKNLYMYLQYTYIRYEIIKVLQHEIIERAVLYVPSLGYVKSIEFNPGEKINKDFYFLTNDKCILNEQFLYKKILETTKNIPTNNIFNSKVSSTQRVLPYSNGLYVINKGDGYIRTNDKDLIGTLLIEAGSSGSIIQPRLRNTTRPLFTTSNDTKFSQQYTEERLKDAFNVQLFNTSTSLFKFVEEAPSDKNICIKAYNTYEKYELIDYQNGSIVNKAEYYLPSLGYCEVTNAPSPESEVVKMQVAEDGFIQNGPEEEIVVGVIDPSENIQEINTAISDNYTYNIPGIVNNNPFYILFTVNTTGIYKINTQNNLPPLKIYEAIGSGNRNLQAGNLCNNNIKAINYITGVDNPNAKSYLVVLLNKDKNYYIRVPQTSPNIENQIKFKREEGDLRNLMNSSVNIIDNLNSTGAHYYTRQSPDVGNYISYEFTVPGNFNNKDTSNIRLYTSNNQGIGTLFRVIETIDGYKLIGIRQNLHLLNNTNSIRLLNGAIYILKVEVTELNNYNIRLHIDITD
PROKKA_00015	tr|A0A0B4W4X0|A0A0B4W4X0_CLOBO Hemagglutinin components HA-22/23/53 OS=Clostridium botulinum Prevot_594 GN=ha-70 PE=4 SV=1 !!!ha70	627	626	626	598	95.53	28	0	1	626	MNSSIKKIYNDIQEKVINYSDTIDLADGNYVVRRGDGWILSRQNQILGGSVISNGSTGIVGDLRVNDNAIPYYYPTPSFNEEYIKNNIQTVFTNFTEANQIPIGFEFSKTAPSNKNLYMYLQYTYIRYEIIKVLQHEIIERAVLYVPSLGYVKSIEFNPGEKINKDFYFLTNDKCILNEQFLYKKILETTKNIPTNNIFNSKVSSTQRVLPYSNGLYVINKGDGYIRTNDKDLIGTLLIEAGSSGSIIQPRLRNTTRPLFTTSNDTKFSQQYTEERLKDAFNVQLFNTSTSLFKFVEEAPSDKNICIKAYNTYEKYELIDYQNGSIVNKAEYYLPSLGYCEVTNAPSPESEVVKMQVAEDGFIQNGPEEEIVVGVIDPSENIQEINTAISDNYTYNIPGIVNNNPFYILFTVNTTGIYKINTQNNLPPLKIYEAIGSGNRNLQAGNLCNNNIKAINYITGVDNPNAKSYLVVLLNKDKNYYIRVPQTSPNIENQIKFKREEGDLRNLMNSSVNIIDNLNSTGAHYYTRQSPDVGNYISYEFTVPGNFNNKDTSNIRLYTSNNQGIGTLFRVIETIDGYKLIGIRQNLHLLNNTNSIRLLNGAIYILKVEVTELNNYNIRLHIDITD
PROKKA_00015	tr|B1INQ0|B1INQ0_CLOBK Hemagglutinin component HA70 OS=Clostridium botulinum (strain Okra / Type B1) GN=ha70 PE=4 SV=1 !!!ha70	627	626	626	597	95.37	29	0	1	626	MNSSIKKIYNDIQEKVINYSDTIDLADGNYVVRRGDGWILSRQNQILGGSVISNGSTGIVGDLRVNDNAIPYYYPTPSFNEEYIKNNIQTVFTNFTEANQIPIGFEFSKTAPSNKNLYMYLQYTYIRYEIIKVLQHEIIERAVLYVPSLGYVKSIEFNPGEKINKDFYFLTNDKCILNEQFLYKKILETTKNIPTNNIFNSKVSSTQRVLPYSNGLYVINKGDGYIRTNDKDLIGTLLIEAGSSGSIIQPRLRNTTRPLFTTSNDTKFSQQYTEERLKDAFNVQLFNTSTSLFKFVEEAPSDKNICIKAYNTYEKYELIDYQNGSIVNKAEYYLPSLGYCEVTNAPSPESEVVKMQVAEDGFIQNGPEEEIVVGVIDPSENIQEINTAISDNYTYNIPGIVNNNPFYILFTVNTTGIYKINTQNNLPPLKIYEAIGSGNRNLQAGNLCNNNIKAINYITGVDNPNAKSYLVVLLNKDKNYYIRVPQTSPNIENQIKFKREEGDLRNLMNSSVNIIDNLNSTGAHYYTRQSPDVGNYISYEFTVPGNFNNKDTSNIRLYTSNNQGIGTLFRVIETIDGYKLIGIRQNLHLLNNTNSIRLLNGAIYILKVEVTELNNYNIRLHIDITD
PROKKA_00015	tr|B2TSB9|B2TSB9_CLOBB Heamagglutinin components HA-70 OS=Clostridium botulinum (strain Eklund 17B / Type B) GN=ha70 PE=4 SV=1 !!!ha70	627	626	626	591	94.41	35	0	1	626	MNSSIKKIYNDIQEKVINYSDTIDLADGNYVVRRGDGWILSRQNQILGGSVISNGSTGIVGDLRVNDNAIPYYYPTPSFNEEYIKNNIQTVFTNFTEANQIPIGFEFSKTAPSNKNLYMYLQYTYIRYEIIKVLQHEIIERAVLYVPSLGYVKSIEFNPGEKINKDFYFLTNDKCILNEQFLYKKILETTKNIPTNNIFNSKVSSTQRVLPYSNGLYVINKGDGYIRTNDKDLIGTLLIEAGSSGSIIQPRLRNTTRPLFTTSNDTKFSQQYTEERLKDAFNVQLFNTSTSLFKFVEEAPSDKNICIKAYNTYEKYELIDYQNGSIVNKAEYYLPSLGYCEVTNAPSPESEVVKMQVAEDGFIQNGPEEEIVVGVIDPSENIQEINTAISDNYTYNIPGIVNNNPFYILFTVNTTGIYKINTQNNLPPLKIYEAIGSGNRNLQAGNLCNNNIKAINYITGVDNPNAKSYLVVLLNKDKNYYIRVPQTSPNIENQIKFKREEGDLRNLMNSSVNIIDNLNSTGAHYYTRQSPDVGNYISYEFTVPGNFNNKDTSNIRLYTSNNQGIGTLFRVIETIDGYKLIGIRQNLHLLNNTNSIRLLNGAIYILKVEVTELNNYNIRLHIDITD
PROKKA_00015	tr|S8BA68|S8BA68_CLOBO Hemagglutinin component HA70 OS=Clostridium botulinum CFSAN002367 GN=CFSAN002367_15786 PE=4 SV=1 !!!ha70	627	508	508	488	96.06	20	0	119	626	MYLQYTYIRYEIIKVLQHEIIERAVLYVPSLGYVKSIEFNPGEKINKDFYFLTNDKCILNEQFLYKKILETTKNIPTNNIFNSKVSSTQRVLPYSNGLYVINKGDGYIRTNDKDLIGTLLIEAGSSGSIIQPRLRNTTRPLFTTSNDTKFSQQYTEERLKDAFNVQLFNTSTSLFKFVEEAPSDKNICIKAYNTYEKYELIDYQNGSIVNKAEYYLPSLGYCEVTNAPSPESEVVKMQVAEDGFIQNGPEEEIVVGVIDPSENIQEINTAISDNYTYNIPGIVNNNPFYILFTVNTTGIYKINTQNNLPPLKIYEAIGSGNRNLQAGNLCNNNIKAINYITGVDNPNAKSYLVVLLNKDKNYYIRVPQTSPNIENQIKFKREEGDLRNLMNSSVNIIDNLNSTGAHYYTRQSPDVGNYISYEFTVPGNFNNKDTSNIRLYTSNNQGIGTLFRVIETIDGYKLIGIRQNLHLLNNTNSIRLLNGAIYILKVEVTELNNYNIRLHIDITD
PROKKA_00015	tr|S8BA68|S8BA68_CLOBO Hemagglutinin component HA70 OS=Clostridium botulinum CFSAN002367 GN=CFSAN002367_15786 PE=4 SV=1 !!!ha70	627	508	141	41	29.08	97	3	15	153	KVINYSDTIDLADGNYVVRRGDGWILSRQNQILGGSVISNGSTGIVGDLRVNDNAIPYYYPT--PSFNEEYIKNNIQTVFTNFTEANQIPIGFEFSKTAPSNKNLYMYLQYTYIRYEIIKVLQHEIIERAVLYVPSLGYVK
PROKKA_00015	tr|B1BE46|B1BE46_CLOBO Non-toxin haemagglutinin HA-70 OS=Clostridium botulinum C str. Eklund GN=CBC_A0169 PE=4 SV=1 !!!ha70	627	623	627	436	69.54	186	5	1	626	MNSSIKKIYNDIQEKVINYSDTIDLADGNYVVRRGDGWILSRQNQILGGSVISNGSTGIVGDLRVNDNAIPYYYPTPSFNEEYIKNNIQTVFTNFTEANQIPIGFEFSKTAPSNKNLYMYLQYTYIRYEIIKVLQHEIIERAVLYVPSLGYVKSIEFNPGEKINKDFYFLTNDKCILNEQFLYKKILETTKNIPTNNIFNSK-VSSTQRVLPYSNGLYVINKGDGYIRTNDKDLIGTLLIEAGSSGSIIQPRLRNTTRPLFTTSNDTKFSQQYTEERLKDAFNVQLFNTSTSLFKFVEEAPSDKNICIKAYNTYEKYELIDYQNGSIVNKAEYYLPSLGYCEVTNAPSPESEVVKMQVAEDGFIQNGPEEEIVVGVIDPSENIQEINTAISDNYTYNIPGIVNNNPFYILFTVNTTGIYKINTQNNLPPLKIYEAIGSGNRNLQAGNLCNNNIKAINYITGVDNPNAKSYLVVLLNKDKNYYIRVPQTSPNIENQIKFKREEGDLRNLMNSSVNIIDNLNSTGAHYYTRQSPDVGNYISYEFTVPGNFNNKDTSNIRLYTSNNQGIGTLFRVIETIDGYKLIGIRQNLHLLNNTNSIRLLNGAIYILKVEVTELNNYNIRLHIDITD
PROKKA_00015	tr|A0A0C1TZQ5|A0A0C1TZQ5_9CLOT Hemagglutinin components HA-22/23/53 OS=Clostridium argentinense CDC 2741 GN=ha-70 PE=4 SV=1 !!!ha70	627	629	631	438	69.41	186	7	1	626	MNSSIKKIYNDIQEKVINYSDTIDLADGNYVVRRGDGWILSRQNQILGGSVISNGSTGIVGDLRVNDNAIPYYYPTPSFNEEYIKNNIQTVFTNFTEANQIPIGFEFSKTAPSNKNLYMYLQYTYIRYEIIKVLQHEIIERAVLYVPSLGYVKSIEFNPGEKINKDFYFLTNDKCILNEQFLYKKI--LETTKNIPTNNI--FNSKVSSTQRVLPYSNGLYVINKGDGYIRTNDKDLIGTLLIEAGSSGSIIQPRLRNTTRPLFTTSNDTKFSQQYTEERLKDAFNVQLFNTSTSLFKFVEEAPSDKNICIKAYNTYEKYELIDYQNGSIVNKAEYYLPSLGYCEVTNAPSPESEVVKMQVAEDGFIQNGPEEEIVVGVIDPSENIQEINTAISDNYTYNIPGIVNNNPFYILFTVNTTGIYKINTQNNLPPLKIYEAIGSGNRNLQAGNLCNNNIKAINYITGVDNPNAKSYLVVLLNKDKNYYIRVPQTSPNIENQIKFKREEGDLRNLM-NSSVNIIDNLNSTGAHYYTRQSPDVGNYISYEFTVPGNFNNKDTSNIRLYTSNNQGIGTLFRVIETIDGYKLIGIRQNLHLLNNTNSIRLLNGAIYILKVEVTELNNYNIRLHIDITD
PROKKA_00015	tr|A0A059PYB0|A0A059PYB0_9CLOT Toxin complex component ORF-X2 OS=Clostridium baratii PE=4 SV=1 !!!ORF-X2	627	748	104	22	21.15	78	4	174	277	KCILNEQFLYKKILETTKNIPTNNIFNSKVSSTQRVLPYSNGLYVINKGDGYIRTNDKDLIGTLLIEAGSSGSIIQPRLRNTTRPLFTTSNDTKFSQQYTEERL
PROKKA_00015	tr|A0A073CND8|A0A073CND8_CLOBO P-47 protein OS=Clostridium botulinum A2B3 87 GN=N496_18585 PE=4 SV=1 !!!P-47	627	415	80	21	26.25	54	5	396	470	NIPGIVNNNPFYILFTVNTTGIYKINTQNNLPPLKI-----YEAIGSGNRNLQAGNLCNNNIKAINYITGVDNPNAKSYL
PROKKA_00015	tr|C5VU80|C5VU80_CLOBO Botulinum neurotoxin type D, nontoxic-nonhemagglutinin component, NTNH OS=Clostridium botulinum D str. 1873 GN=ntnH PE=4 SV=1 !!!ntnH	627	1196	72	19	26.39	51	2	345	416	APSPESEVVKMQVAEDGFIQNGPEEEIVVGVIDPSENIQEINTAISDNYTYNIPGIVNNNPFYILFTVNTTG
PROKKA_00015	tr|M1ZWZ6|M1ZWZ6_CLOBO Transcriptional regulator BotR, P-21 OS=Clostridium botulinum CFSAN001627 GN=CFSAN001627_10483 PE=4 SV=1 !!!BotR	627	178	33	10	30.30	23	0	395	427	YNIPGIVNNNPFYILFTVNTTGIYKINTQNNLP
PROKKA_00015	tr|C1FUH7|C1FUH7_CLOBJ P-47 protein OS=Clostridium botulinum (strain Kyoto / Type A2) GN=p47 PE=4 SV=1 !!!P-47	627	416	142	37	26.06	91	14	329	462	KAEYYLP---SLGYCEVTNAPSPESEVVKMQVAEDGFIQNGPEEEIVVGVIDPSENIQEINTAISDNYTYNIPGIVNNNPFYILFTVNTTGIYKINTQNNLPPLKI-----YEAIGSGNRNLQAGNLCNNNIKAINYITGVD
PROKKA_00015	tr|A0A073CP83|A0A073CP83_CLOBO Transcriptional regulator OS=Clostridium botulinum A2B3 87 GN=N496_19575 PE=4 SV=1 !!! 	627	178	33	10	30.30	23	0	395	427	YNIPGIVNNNPFYILFTVNTTGIYKINTQNNLP
PROKKA_00015	tr|A5HZZ7|A5HZZ7_CLOBH RNA polymerase ECF-type sigma factor OS=Clostridium botulinum (strain Hall / ATCC 3502 / NCTC 13319 / Type A) GN=botR PE=4 SV=1 !!!BotR	627	178	33	10	30.30	23	0	395	427	YNIPGIVNNNPFYILFTVNTTGIYKINTQNNLP
PROKKA_00015	tr|S8CEF4|S8CEF4_CLOBO Transcriptional regulator BotR, P-21 OS=Clostridium botulinum CFSAN002367 GN=CFSAN002367_15806 PE=4 SV=1 !!!BotR	627	178	33	10	30.30	23	0	395	427	YNIPGIVNNNPFYILFTVNTTGIYKINTQNNLP
PROKKA_00015	tr|B2TSC2|B2TSC2_CLOBB Putative RNA polymerase sigma factor OS=Clostridium botulinum (strain Eklund 17B / Type B) GN=botR PE=4 SV=1 !!!BotR	627	179	33	10	30.30	23	0	395	427	YNIPGIVNNNPFYILFTVNTTGIYKINTQNNLP
PROKKA_00015	tr|A0A0D1AER2|A0A0D1AER2_CLOBO Transcriptional regulator OS=Clostridium botulinum B2 450 GN=N495_19875 PE=4 SV=1 !!! 	627	178	33	10	30.30	23	0	395	427	YNIPGIVNNNPFYILFTVNTTGIYKINTQNNLP
PROKKA_00015	tr|A0A060N3U8|A0A060N3U8_CLOBO Transcriptional regulator botR OS=Clostridium botulinum B str. Osaka05 GN=CBO05P2_176 PE=4 SV=1 !!!BotR	627	178	33	10	30.30	23	0	395	427	YNIPGIVNNNPFYILFTVNTTGIYKINTQNNLP
PROKKA_00015	tr|B1BE43|B1BE43_CLOBO Botulinum neurotoxin type C, nontoxic-nonhemagglutinin component NTNH OS=Clostridium botulinum C str. Eklund GN=CBC_A0166 PE=4 SV=1 !!!ntnH	627	1196	69	18	26.09	49	2	348	416	PESEVVKMQVAEDGFIQNGPEEEIVVGVIDPSENIQEINTAISDNYTYNIPGIVNNNPFYILFTVNTTG
PROKKA_00015	tr|B1BE45|B1BE45_CLOBO Non-toxin haemagglutinin HA-17 OS=Clostridium botulinum C str. Eklund GN=CBC_A0168 PE=4 SV=1 !!!ha17	627	146	20	11	55.00	5	4	104	123	GFEFSKTAPSNKNLYMYLQY
PROKKA_00016	tr|A0A060N3U8|A0A060N3U8_CLOBO Transcriptional regulator botR OS=Clostridium botulinum B str. Osaka05 GN=CBO05P2_176 PE=4 SV=1 !!!BotR	43	178	40	12	30.00	25	3	2	38	CDKKYIIEFLIYLSIVI---LVIIISSEVCMYTFNFKQII
PROKKA_00016	tr|A5HZZ7|A5HZZ7_CLOBH RNA polymerase ECF-type sigma factor OS=Clostridium botulinum (strain Hall / ATCC 3502 / NCTC 13319 / Type A) GN=botR PE=4 SV=1 !!!BotR	43	178	40	12	30.00	25	3	2	38	CDKKYIIEFLIYLSIVI---LVIIISSEVCMYTFNFKQII
PROKKA_00016	tr|S8CEF4|S8CEF4_CLOBO Transcriptional regulator BotR, P-21 OS=Clostridium botulinum CFSAN002367 GN=CFSAN002367_15806 PE=4 SV=1 !!!BotR	43	178	40	12	30.00	25	3	2	38	CDKKYIIEFLIYLSIVI---LVIIISSEVCMYTFNFKQII
PROKKA_00016	tr|A0A0D1AER2|A0A0D1AER2_CLOBO Transcriptional regulator OS=Clostridium botulinum B2 450 GN=N495_19875 PE=4 SV=1 !!! 	43	178	40	12	30.00	25	3	2	38	CDKKYIIEFLIYLSIVI---LVIIISSEVCMYTFNFKQII
PROKKA_00016	tr|A0A073CP83|A0A073CP83_CLOBO Transcriptional regulator OS=Clostridium botulinum A2B3 87 GN=N496_19575 PE=4 SV=1 !!! 	43	178	40	12	30.00	25	3	2	38	CDKKYIIEFLIYLSIVI---LVIIISSEVCMYTFNFKQII
PROKKA_00016	tr|M1ZWZ6|M1ZWZ6_CLOBO Transcriptional regulator BotR, P-21 OS=Clostridium botulinum CFSAN001627 GN=CFSAN001627_10483 PE=4 SV=1 !!!BotR	43	178	40	12	30.00	25	3	2	38	CDKKYIIEFLIYLSIVI---LVIIISSEVCMYTFNFKQII
PROKKA_00017	tr|B1BE43|B1BE43_CLOBO Botulinum neurotoxin type C, nontoxic-nonhemagglutinin component NTNH OS=Clostridium botulinum C str. Eklund GN=CBC_A0166 PE=4 SV=1 !!!ntnH	86	1196	41	12	29.27	29	0	35	75	RIEIIEALVGLYEQKYEFDDEIIEDLKLKYRPVFPEELKNI
PROKKA_00017	tr|B1BE43|B1BE43_CLOBO Botulinum neurotoxin type C, nontoxic-nonhemagglutinin component NTNH OS=Clostridium botulinum C str. Eklund GN=CBC_A0166 PE=4 SV=1 !!!ntnH	86	1196	22	10	45.45	8	4	10	27	EYYNYLKESFAN----VNLSEE
PROKKA_00017	tr|B2TSC3|B2TSC3_CLOBB Botulinum neurotoxin type B OS=Clostridium botulinum (strain Eklund 17B / Type B) GN=ntnH PE=4 SV=1 !!!ntnH	86	1197	77	19	24.68	52	6	10	84	EYYNYLKESFAN--VNLSEEHRMDIYKRIEIIEALVGLYEQKYEFDDEIIEDLKLKYRPVFPEELKNIQKNLEKTII
PROKKA_00017	tr|B2TSC3|B2TSC3_CLOBB Botulinum neurotoxin type B OS=Clostridium botulinum (strain Eklund 17B / Type B) GN=ntnH PE=4 SV=1 !!!ntnH	86	1197	12	6	50.00	6	0	8	19	VNEYYNYLKESF
PROKKA_00017	tr|C5UY10|C5UY10_CLOBO Toxin complex component ORF-X3 OS=Clostridium botulinum E1 str. 'BoNT E Beluga' GN=CLO_2647 PE=4 SV=1 !!!ORF-X3	86	487	12	7	58.33	5	0	60	71	LKLKYRPVFPEE
PROKKA_00017	tr|B1L2F9|B1L2F9_CLOBM Toxin complex component ORF-X3 OS=Clostridium botulinum (strain Loch Maree / Type A3) GN=CLK_A0070 PE=4 SV=1 !!!ORF-X3	86	490	12	7	58.33	5	0	60	71	LKLKYRPVFPEE
PROKKA_00017	tr|A7GBF7|A7GBF7_CLOBL Toxin complex component ORF-X3 OS=Clostridium botulinum (strain Langeland / NCTC 10281 / Type F) GN=CLI_0845 PE=4 SV=1 !!!ORF-X3	86	490	12	7	58.33	5	0	60	71	LKLKYRPVFPEE
PROKKA_00017	tr|C1FUH3|C1FUH3_CLOBJ Toxin complex component ORF-X3 OS=Clostridium botulinum (strain Kyoto / Type A2) GN=CLM_0891 PE=4 SV=1 !!!ORF-X3	86	490	12	7	58.33	5	0	60	71	LKLKYRPVFPEE
PROKKA_00017	tr|C5VU80|C5VU80_CLOBO Botulinum neurotoxin type D, nontoxic-nonhemagglutinin component, NTNH OS=Clostridium botulinum D str. 1873 GN=ntnH PE=4 SV=1 !!!ntnH	86	1196	42	13	30.95	14	15	10	47	EYYNYLKESFAN----VNLSEEHRMDIYKRIEIIEALVGLYE
PROKKA_00017	tr|B1INP6|B1INP6_CLOBK Botulinum neurotoxin type B1, nontoxic-nonhemagglutinin component, NTNH OS=Clostridium botulinum (strain Okra / Type B1) GN=ntnH PE=4 SV=1 !!!ntnH	86	1197	24	8	33.33	16	0	45	68	LYEQKYEFDDEIIEDLKLKYRPVF
PROKKA_00017	tr|B1INP6|B1INP6_CLOBK Botulinum neurotoxin type B1, nontoxic-nonhemagglutinin component, NTNH OS=Clostridium botulinum (strain Okra / Type B1) GN=ntnH PE=4 SV=1 !!!ntnH	86	1197	12	6	50.00	6	0	8	19	VNEYYNYLKESF
PROKKA_00017	tr|A5HZZ8|A5HZZ8_CLOBH Type A progenitor toxin nontoxic-nonha OS=Clostridium botulinum (strain Hall / ATCC 3502 / NCTC 13319 / Type A) GN=ntnH PE=4 SV=1 !!!ntnH	86	1193	24	8	33.33	16	0	45	68	LYEQKYEFDDEIIEDLKLKYRPVF
PROKKA_00017	tr|A0A060N6G5|A0A060N6G5_CLOBO Nontoxic-nonhemagglutinin component, NTNH OS=Clostridium botulinum B str. Osaka05 GN=CBO05P2_175 PE=4 SV=1 !!!ntnH	86	1197	12	6	50.00	6	0	8	19	VNEYYNYLKESF
PROKKA_00017	tr|A0A060N6G5|A0A060N6G5_CLOBO Nontoxic-nonhemagglutinin component, NTNH OS=Clostridium botulinum B str. Osaka05 GN=CBO05P2_175 PE=4 SV=1 !!!ntnH	86	1197	24	8	33.33	16	0	45	68	LYEQKYEFDDEIIEDLKLKYRPVF
PROKKA_00017	tr|A0A060N6G5|A0A060N6G5_CLOBO Nontoxic-nonhemagglutinin component, NTNH OS=Clostridium botulinum B str. Osaka05 GN=CBO05P2_175 PE=4 SV=1 !!!ntnH	86	1197	77	18	23.38	53	6	10	84	EYYNYLKESFAN--VNLSEEHRMDIYKRIEIIEALVGLYEQKYEFDDEIIEDLKLKYRPVFPEELKNIQKNLEKTII
PROKKA_00018	tr|C5UY11|C5UY11_CLOBO Toxin complex component ORF-X2 OS=Clostridium botulinum E1 str. 'BoNT E Beluga' GN=CLO_2648 PE=4 SV=1 !!!ORF-X2	496	748	63	20	31.75	39	4	10	72	LIETIFGNIDQRLKQNFYNFYENLFNMNNKEENLKLLIKDIIQKEFMVAELTKISDMDLHKTK
PROKKA_00018	tr|B2TSB9|B2TSB9_CLOBB Heamagglutinin components HA-70 OS=Clostridium botulinum (strain Eklund 17B / Type B) GN=ha70 PE=4 SV=1 !!!ha70	496	626	63	16	25.40	45	2	430	491	RFRYKKEERNYKIIAQALENMKCN-NIIIRDFKKHMNGFIITFLDTNQFEISDLFSNKNTSDI
PROKKA_00018	tr|A0A0X1KH90|A0A0X1KH90_CLOBA Botulinum neurotoxin type E, nontoxic-nonhemagglutinin component, NTNH OS=Clostridium botulinum (strain Alaska E43 / Type E3) PE=1 SV=1 !!!ntnH	496	1163	18	8	44.44	10	0	267	284	QSRLIDNKDLNILSNILK
PROKKA_00018	tr|C4IHM0|C4IHM0_CLOBU Botulinum neurotoxin type E, nontoxic-nonhemagglutinin component, NTNH OS=Clostridium butyricum E4 str. BoNT E BL5262 GN=ntnH PE=4 SV=1 !!!ntnH	496	1163	18	8	44.44	10	0	267	284	QSRLIDNKDLNILSNILK
PROKKA_00018	tr|C5UY14|C5UY14_CLOBO Botulinum neurotoxin type E1, nontoxic-nonhemagglutinin component, NTNH OS=Clostridium botulinum E1 str. 'BoNT E Beluga' GN=ntnH PE=4 SV=1 !!!ntnH	496	1163	18	8	44.44	10	0	267	284	QSRLIDNKDLNILSNILK
PROKKA_00018	tr|A0A073CND8|A0A073CND8_CLOBO P-47 protein OS=Clostridium botulinum A2B3 87 GN=N496_18585 PE=4 SV=1 !!!P-47	496	415	36	10	27.78	26	0	3	38	IPDIPEYLIETIFGNIDQRLKQNFYNFYENLFNMNN
PROKKA_00019	tr|B1L2G4|B1L2G4_CLOBM Botulinum neurotoxin type A3, nontoxic-nonhemagglutinin component, NTNH OS=Clostridium botulinum (strain Loch Maree / Type A3) GN=ntnH PE=4 SV=1 !!!ntnH	346	1159	117	35	29.91	51	31	230	323	IICRLNSNTITMLFNSSEKLIFIISKNLHGKLLKKEMYY--------------KYKNNFLNYITENNIKLNNLSHSINNIVKLSFEYGY-----DIVQLMLG----EIKDIAPTIFN
PROKKA_00019	tr|B1L2G4|B1L2G4_CLOBM Botulinum neurotoxin type A3, nontoxic-nonhemagglutinin component, NTNH OS=Clostridium botulinum (strain Loch Maree / Type A3) GN=ntnH PE=4 SV=1 !!!ntnH	346	1159	44	14	31.82	26	4	182	223	NVNALRIALQGILKHDINTLLD--RETYFSINNMKTFLPDYINC
PROKKA_00019	tr|A7GBG2|A7GBG2_CLOBL Botulinum neurotoxin type F, nontoxic-nonhemagglutinin component, NTNH OS=Clostridium botulinum (strain Langeland / NCTC 10281 / Type F) GN=ntnH PE=4 SV=1 !!!ntnH	346	1163	107	30	28.04	60	17	233	323	RLNSNTITMLFNSSEKLIFIISKNLHGKLLKKEMYYKYKN-------NFLNYITENNIKLNNLSHSINNIVKLSFEYGY-----DIVQLMLG----EIKDIAPTIFN
PROKKA_00019	tr|C1FUH8|C1FUH8_CLOBJ Botulinum neurotoxin type A2, nontoxic-nonhemagglutinin component, NTNH OS=Clostridium botulinum (strain Kyoto / Type A2) GN=ntnH PE=4 SV=1 !!!ntnH	346	1159	114	33	28.95	50	31	233	323	RLNSNTITMLFNSSEKLIFIISKNLHGKLLKKEMYY--------------KYKNNFLNYITENNIKLNNLSHSINNIVKLSFEYGY-----DIVQLMLG----EIKDIAPTIFN
PROKKA_00019	tr|C1FUH8|C1FUH8_CLOBJ Botulinum neurotoxin type A2, nontoxic-nonhemagglutinin component, NTNH OS=Clostridium botulinum (strain Kyoto / Type A2) GN=ntnH PE=4 SV=1 !!!ntnH	346	1159	36	12	33.33	24	0	247	282	EKLIFIISKNLHGKLLKKEMYYKYKNNFLNYITENN
PROKKA_00019	tr|A0A0D1AER2|A0A0D1AER2_CLOBO Transcriptional regulator OS=Clostridium botulinum B2 450 GN=N495_19875 PE=4 SV=1 !!! 	346	178	93	24	25.81	54	15	68	158	KKYNIYNNINIDKTHIQFSLTQIKQMLIYYYYANSKGFVSLISKKRIAKMIGCCEKT--VDINNKLFSDLGLILISGTINNKFSLIIKDYSEH
PROKKA_00019	tr|A0A0D1AER2|A0A0D1AER2_CLOBO Transcriptional regulator OS=Clostridium botulinum B2 450 GN=N495_19875 PE=4 SV=1 !!! 	346	178	32	12	37.50	17	3	49	80	KNIHNYCSNYCNNKYKKVIKKYNIYNNINIDK
PROKKA_00019	tr|A5HZZ7|A5HZZ7_CLOBH RNA polymerase ECF-type sigma factor OS=Clostridium botulinum (strain Hall / ATCC 3502 / NCTC 13319 / Type A) GN=botR PE=4 SV=1 !!!BotR	346	178	93	24	25.81	54	15	68	158	KKYNIYNNINIDKTHIQFSLTQIKQMLIYYYYANSKGFVSLISKKRIAKMIGCCEKT--VDINNKLFSDLGLILISGTINNKFSLIIKDYSEH
PROKKA_00019	tr|A5HZZ7|A5HZZ7_CLOBH RNA polymerase ECF-type sigma factor OS=Clostridium botulinum (strain Hall / ATCC 3502 / NCTC 13319 / Type A) GN=botR PE=4 SV=1 !!!BotR	346	178	32	12	37.50	17	3	49	80	KNIHNYCSNYCNNKYKKVIKKYNIYNNINIDK
PROKKA_00019	tr|S8CEF4|S8CEF4_CLOBO Transcriptional regulator BotR, P-21 OS=Clostridium botulinum CFSAN002367 GN=CFSAN002367_15806 PE=4 SV=1 !!!BotR	346	178	93	24	25.81	54	15	68	158	KKYNIYNNINIDKTHIQFSLTQIKQMLIYYYYANSKGFVSLISKKRIAKMIGCCEKT--VDINNKLFSDLGLILISGTINNKFSLIIKDYSEH
PROKKA_00019	tr|S8CEF4|S8CEF4_CLOBO Transcriptional regulator BotR, P-21 OS=Clostridium botulinum CFSAN002367 GN=CFSAN002367_15806 PE=4 SV=1 !!!BotR	346	178	32	12	37.50	17	3	49	80	KNIHNYCSNYCNNKYKKVIKKYNIYNNINIDK
PROKKA_00019	tr|A0A073CP83|A0A073CP83_CLOBO Transcriptional regulator OS=Clostridium botulinum A2B3 87 GN=N496_19575 PE=4 SV=1 !!! 	346	178	93	24	25.81	54	15	68	158	KKYNIYNNINIDKTHIQFSLTQIKQMLIYYYYANSKGFVSLISKKRIAKMIGCCEKT--VDINNKLFSDLGLILISGTINNKFSLIIKDYSEH
PROKKA_00019	tr|A0A073CP83|A0A073CP83_CLOBO Transcriptional regulator OS=Clostridium botulinum A2B3 87 GN=N496_19575 PE=4 SV=1 !!! 	346	178	32	12	37.50	17	3	49	80	KNIHNYCSNYCNNKYKKVIKKYNIYNNINIDK
PROKKA_00019	tr|A0A060N3U8|A0A060N3U8_CLOBO Transcriptional regulator botR OS=Clostridium botulinum B str. Osaka05 GN=CBO05P2_176 PE=4 SV=1 !!!BotR	346	178	93	24	25.81	54	15	68	158	KKYNIYNNINIDKTHIQFSLTQIKQMLIYYYYANSKGFVSLISKKRIAKMIGCCEKT--VDINNKLFSDLGLILISGTINNKFSLIIKDYSEH
PROKKA_00019	tr|A0A060N3U8|A0A060N3U8_CLOBO Transcriptional regulator botR OS=Clostridium botulinum B str. Osaka05 GN=CBO05P2_176 PE=4 SV=1 !!!BotR	346	178	32	12	37.50	17	3	49	80	KNIHNYCSNYCNNKYKKVIKKYNIYNNINIDK
PROKKA_00019	tr|B2TSC2|B2TSC2_CLOBB Putative RNA polymerase sigma factor OS=Clostridium botulinum (strain Eklund 17B / Type B) GN=botR PE=4 SV=1 !!!BotR	346	179	23	9	39.13	14	0	68	90	KKYNIYNNINIDKTHIQFSLTQI
PROKKA_00019	tr|A5HZZ8|A5HZZ8_CLOBH Type A progenitor toxin nontoxic-nonha OS=Clostridium botulinum (strain Hall / ATCC 3502 / NCTC 13319 / Type A) GN=ntnH PE=4 SV=1 !!!ntnH	346	1193	36	12	33.33	24	0	247	282	EKLIFIISKNLHGKLLKKEMYYKYKNNFLNYITENN
PROKKA_00019	tr|M1ZWZ6|M1ZWZ6_CLOBO Transcriptional regulator BotR, P-21 OS=Clostridium botulinum CFSAN001627 GN=CFSAN001627_10483 PE=4 SV=1 !!!BotR	346	178	23	9	39.13	14	0	68	90	KKYNIYNNINIDKTHIQFSLTQI
PROKKA_00019	tr|C1FUH3|C1FUH3_CLOBJ Toxin complex component ORF-X3 OS=Clostridium botulinum (strain Kyoto / Type A2) GN=CLM_0891 PE=4 SV=1 !!!ORF-X3	346	490	36	12	33.33	23	1	135	170	LGLILISGTINNKFSLIIKDYSEHYSKNNSGYLNLA
PROKKA_00019	tr|C5UY13|C5UY13_CLOBO P-47 protein OS=Clostridium botulinum E1 str. 'BoNT E Beluga' GN=p47 PE=4 SV=1 !!!P-47	346	416	34	12	35.29	22	0	239	272	ITMLFNSSEKLIFIISKNLHGKLLKKEMYYKYKN
PROKKA_00019	tr|M1ZUL7|M1ZUL7_CLOBO P-47 protein OS=Clostridium botulinum CFSAN001627 GN=CFSAN001627_20700 PE=4 SV=1 !!!P-47	346	416	96	31	32.29	55	10	217	305	LPDYINCKSAIEKIICRLNS-NTITMLFNSSEKLIFIISKNLHGKLLKKEMYYKYKNNFLNYITEN---NIKL---NNLSHSINNIVKLSFEYGYD
PROKKA_00019	tr|A7GBG1|A7GBG1_CLOBL P-47 protein OS=Clostridium botulinum (strain Langeland / NCTC 10281 / Type F) GN=p47 PE=4 SV=1 !!!P-47	346	416	96	31	32.29	55	10	217	305	LPDYINCKSAIEKIICRLNS-NTITMLFNSSEKLIFIISKNLHGKLLKKEMYYKYKNNFLNYITEN---NIKL---NNLSHSINNIVKLSFEYGYD
PROKKA_00019	tr|A7GBF7|A7GBF7_CLOBL Toxin complex component ORF-X3 OS=Clostridium botulinum (strain Langeland / NCTC 10281 / Type F) GN=CLI_0845 PE=4 SV=1 !!!ORF-X3	346	490	36	12	33.33	23	1	135	170	LGLILISGTINNKFSLIIKDYSEHYSKNNSGYLNLA
PROKKA_00020	tr|B1L2F9|B1L2F9_CLOBM Toxin complex component ORF-X3 OS=Clostridium botulinum (strain Loch Maree / Type A3) GN=CLK_A0070 PE=4 SV=1 !!!ORF-X3	104	490	119	27	22.69	54	38	5	85	YYVNNETNVLLVTTEEKDHMHYIKINKKDFL--------------------------KYKKAGYAIITSAEMDFD--------LCL---KMFSPTFKEKI-INIIKKAIRNEYIIAEKR
PROKKA_00020	tr|C1FUH8|C1FUH8_CLOBJ Botulinum neurotoxin type A2, nontoxic-nonhemagglutinin component, NTNH OS=Clostridium botulinum (strain Kyoto / Type A2) GN=ntnH PE=4 SV=1 !!!ntnH	104	1159	20	7	35.00	13	0	61	80	PTFKEKIINIIKKAIRNEYI
PROKKA_00021	tr|C5VU80|C5VU80_CLOBO Botulinum neurotoxin type D, nontoxic-nonhemagglutinin component, NTNH OS=Clostridium botulinum D str. 1873 GN=ntnH PE=4 SV=1 !!!ntnH	78	1196	52	18	34.62	26	8	13	63	KRDELRELNLSIRAY-NSLRNMGINTLEDLSTYSKKQLYQFKGIGIVSLRKI
PROKKA_00021	tr|C1FUH3|C1FUH3_CLOBJ Toxin complex component ORF-X3 OS=Clostridium botulinum (strain Kyoto / Type A2) GN=CLM_0891 PE=4 SV=1 !!!ORF-X3	78	490	20	8	40.00	12	0	7	26	KKMRKNKRDELRELNLSIRA
PROKKA_00021	tr|B1L2F9|B1L2F9_CLOBM Toxin complex component ORF-X3 OS=Clostridium botulinum (strain Loch Maree / Type A3) GN=CLK_A0070 PE=4 SV=1 !!!ORF-X3	78	490	20	8	40.00	12	0	7	26	KKMRKNKRDELRELNLSIRA
PROKKA_00021	tr|A7GBF7|A7GBF7_CLOBL Toxin complex component ORF-X3 OS=Clostridium botulinum (strain Langeland / NCTC 10281 / Type F) GN=CLI_0845 PE=4 SV=1 !!!ORF-X3	78	490	17	8	47.06	9	0	7	23	KKMRKNKRDELRELNLS
PROKKA_00021	tr|C5UY10|C5UY10_CLOBO Toxin complex component ORF-X3 OS=Clostridium botulinum E1 str. 'BoNT E Beluga' GN=CLO_2647 PE=4 SV=1 !!!ORF-X3	78	487	17	8	47.06	9	0	7	23	KKMRKNKRDELRELNLS
