PROKKA_00001	tr|C1FUH8|C1FUH8_CLOBJ Botulinum neurotoxin type A2, nontoxic-nonhemagglutinin component, NTNH OS=Clostridium botulinum (strain Kyoto / Type A2) GN=ntnH PE=4 SV=1 !!!ntnH	77	1159	37	13	35.14	23	1	25	61	PLNPVDIVGPRGETNPLIIIIANITNKAGVKTLPILS
PROKKA_00001	tr|B1L2G4|B1L2G4_CLOBM Botulinum neurotoxin type A3, nontoxic-nonhemagglutinin component, NTNH OS=Clostridium botulinum (strain Loch Maree / Type A3) GN=ntnH PE=4 SV=1 !!!ntnH	77	1159	32	11	34.38	20	1	25	56	PLNPVDIVGPRGETNPLIIIIANITNKAGVKT
PROKKA_00001	tr|A7GBG2|A7GBG2_CLOBL Botulinum neurotoxin type F, nontoxic-nonhemagglutinin component, NTNH OS=Clostridium botulinum (strain Langeland / NCTC 10281 / Type F) GN=ntnH PE=4 SV=1 !!!ntnH	77	1163	37	13	35.14	23	1	25	61	PLNPVDIVGPRGETNPLIIIIANITNKAGVKTLPILS
PROKKA_00001	tr|C5UY13|C5UY13_CLOBO P-47 protein OS=Clostridium botulinum E1 str. 'BoNT E Beluga' GN=p47 PE=4 SV=1 !!!P-47	77	416	13	5	38.46	8	0	9	21	IASIVWYPSSKDF
PROKKA_00002	tr|B2TSB9|B2TSB9_CLOBB Heamagglutinin components HA-70 OS=Clostridium botulinum (strain Eklund 17B / Type B) GN=ha70 PE=4 SV=1 !!!ha70	67	626	36	11	30.56	24	1	8	42	IASIGPIANINAVVDIIANIFP-TLPDISENVPFIL
PROKKA_00002	tr|C1FUH8|C1FUH8_CLOBJ Botulinum neurotoxin type A2, nontoxic-nonhemagglutinin component, NTNH OS=Clostridium botulinum (strain Kyoto / Type A2) GN=ntnH PE=4 SV=1 !!!ntnH	67	1159	31	11	35.48	13	7	10	39	SIGPIANINAVVDIIANIFPTLPDIS-ENVP
PROKKA_00002	tr|B1L2G4|B1L2G4_CLOBM Botulinum neurotoxin type A3, nontoxic-nonhemagglutinin component, NTNH OS=Clostridium botulinum (strain Loch Maree / Type A3) GN=ntnH PE=4 SV=1 !!!ntnH	67	1159	25	10	40.00	9	6	10	34	SIGPIANINAVVDIIANIFPTLPDI
PROKKA_00002	tr|A0A0C1TZQ5|A0A0C1TZQ5_9CLOT Hemagglutinin components HA-22/23/53 OS=Clostridium argentinense CDC 2741 GN=ha-70 PE=4 SV=1 !!!ha70	67	629	25	7	28.00	18	0	38	62	VPFILAQAIIPVNGKPTPVIKKPII
PROKKA_00002	tr|A5HZZ8|A5HZZ8_CLOBH Type A progenitor toxin nontoxic-nonha OS=Clostridium botulinum (strain Hall / ATCC 3502 / NCTC 13319 / Type A) GN=ntnH PE=4 SV=1 !!!ntnH	67	1193	14	6	42.86	8	0	10	23	SIGPIANINAVVDI
PROKKA_00002	tr|B1INP6|B1INP6_CLOBK Botulinum neurotoxin type B1, nontoxic-nonhemagglutinin component, NTNH OS=Clostridium botulinum (strain Okra / Type B1) GN=ntnH PE=4 SV=1 !!!ntnH	67	1197	14	6	42.86	8	0	10	23	SIGPIANINAVVDI
PROKKA_00004	tr|B1INP6|B1INP6_CLOBK Botulinum neurotoxin type B1, nontoxic-nonhemagglutinin component, NTNH OS=Clostridium botulinum (strain Okra / Type B1) GN=ntnH PE=4 SV=1 !!!ntnH	469	1197	70	22	31.43	35	13	303	365	LNAFFQK---VSKDENLKLLVRDKV----FEFLSTVQKNQDLNKFNLSKEEADNIKRDFDSEYDSFMKEL
PROKKA_00004	tr|A0A060N6G5|A0A060N6G5_CLOBO Nontoxic-nonhemagglutinin component, NTNH OS=Clostridium botulinum B str. Osaka05 GN=CBO05P2_175 PE=4 SV=1 !!!ntnH	469	1197	70	22	31.43	35	13	303	365	LNAFFQK---VSKDENLKLLVRDKV----FEFLSTVQKNQDLNKFNLSKEEADNIKRDFDSEYDSFMKEL
PROKKA_00005	tr|C5UY11|C5UY11_CLOBO Toxin complex component ORF-X2 OS=Clostridium botulinum E1 str. 'BoNT E Beluga' GN=CLO_2648 PE=4 SV=1 !!!ORF-X2	90	748	17	7	41.18	10	0	40	56	NIFKGMLEAKLDNHLGY
PROKKA_00006	tr|A0A060N6G5|A0A060N6G5_CLOBO Nontoxic-nonhemagglutinin component, NTNH OS=Clostridium botulinum B str. Osaka05 GN=CBO05P2_175 PE=4 SV=1 !!!ntnH	1292	1197	302	86	28.48	161	55	6	281	NNFNYNDPIDNNNIIMMEPPFARGTGRYYKAFKITDRIWIIPERYTFGYK---PEDFNKSSGIFNRDVWEYYDPDYLNTNDKKNIFLQTMIKLFNRIKSKPLGEKLLEMIINGIPY----------------LGDRRVPLEEFNTNIASVT----VNKLISNPGEVERKKGIFA-NLIIFGPGPVLNENETIAIGIQNHFASREGFGGIMQMKFCPEYVSVFNNVQENKGASIFNRRGYFSDPALILMHELIHVLHGLYGIIVNDLPIVPNEKKFFMQSTDAIQAE--ELYTFGGQDPSIIS
PROKKA_00006	tr|A0A060N6G5|A0A060N6G5_CLOBO Nontoxic-nonhemagglutinin component, NTNH OS=Clostridium botulinum B str. Osaka05 GN=CBO05P2_175 PE=4 SV=1 !!!ntnH	1292	1197	584	124	21.23	401	59	543	1102	SQTFPLDIRDISLTSSFDDALLFSNKVYSFFSMDYIKTANKVVEAGLFAGWVKQIVNDFVIEANKSNTMDKIADISLIVPYIGLALNVGNETAKGNFENAFEIAGASILLEFIPELLIPVVGAFLLESYIDN--KNKIIKTIDNALTKRNEKWSDMYGLIVAQWLSTVNTQFYTIKEGMYKALNYQAQALEEIIKYRYNIYSEKEKSNINIDFNDINSK-----LNEGINQAIDNINNFINGCSVSYLMKKMIPLAVEKLLDFDNTLKKNLLNYIDENKLYLIGSAEYEKSKVNKYLKTIMPFDLSIY---------TNDTILIEMFNKYNSEILNNIILNLRYKDNNLI--DLSGYGAKVEVYDGVEL---NDKNQFKLTSSANSKIRVTQNQNIIFNSVFLDFSVSFWIRIPKYKNDGIQNYIHNEYTIINCMKNNSGWKISIRGNRIIWTLIDINGKTKSVFFEYNIREDISEYINR-WFFVTITNN--LNNAKIYINGKLESNTDIKDIREVIANGEIIFKLDGDIDRTQFIWMKYFSIFNTELSQSNIEERYKIQSYSEYLKDFWGNPLMYNKEYYMFN
PROKKA_00006	tr|B2TSC3|B2TSC3_CLOBB Botulinum neurotoxin type B OS=Clostridium botulinum (strain Eklund 17B / Type B) GN=ntnH PE=4 SV=1 !!!ntnH	1292	1197	302	86	28.48	161	55	6	281	NNFNYNDPIDNNNIIMMEPPFARGTGRYYKAFKITDRIWIIPERYTFGYK---PEDFNKSSGIFNRDVWEYYDPDYLNTNDKKNIFLQTMIKLFNRIKSKPLGEKLLEMIINGIPY----------------LGDRRVPLEEFNTNIASVT----VNKLISNPGEVERKKGIFA-NLIIFGPGPVLNENETIAIGIQNHFASREGFGGIMQMKFCPEYVSVFNNVQENKGASIFNRRGYFSDPALILMHELIHVLHGLYGIIVNDLPIVPNEKKFFMQSTDAIQAE--ELYTFGGQDPSIIS
PROKKA_00006	tr|B2TSC3|B2TSC3_CLOBB Botulinum neurotoxin type B OS=Clostridium botulinum (strain Eklund 17B / Type B) GN=ntnH PE=4 SV=1 !!!ntnH	1292	1197	584	129	22.09	396	59	543	1102	SQTFPLDIRDISLTSSFDDALLFSNKVYSFFSMDYIKTANKVVEAGLFAGWVKQIVNDFVIEANKSNTMDKIADISLIVPYIGLALNVGNETAKGNFENAFEIAGASILLEFIPELLIPVVGAFLLESYIDN--KNKIIKTIDNALTKRNEKWSDMYGLIVAQWLSTVNTQFYTIKEGMYKALNYQAQALEEIIKYRYNIYSEKEKSNINID-FNDINSK-------LNEGINQAIDNINNFINGCSVSYLMKKMIPLAVEKLLDFDNTLKKNLLNYIDENKLYLIGSAEYEKSKVNKYLKTIMPFDLSIY---------TNDTILIEMFNKYNSEILNNIILNLRYKDNNLI--DLSGYGAKVEVYDGVELNDKNQFKLTSSANSKIRVTQNQNIIFNSVFLDFSVSFWIRIPKYKNDGIQNYIHNEYTIINCMKNNSGWKISIRGNRIIWTLIDINGKTKSVFFEYNIREDISEYINR-WFFVTITNN--LNNAKIYINGKLESNTDIKDIREVIANGEIIFKLDGDIDRTQFIWMKYFSIFNTELSQSNIEERYKIQSYSEYLKDFWGNPLMYNKEYYMFN
PROKKA_00006	tr|B1INP6|B1INP6_CLOBK Botulinum neurotoxin type B1, nontoxic-nonhemagglutinin component, NTNH OS=Clostridium botulinum (strain Okra / Type B1) GN=ntnH PE=4 SV=1 !!!ntnH	1292	1197	302	84	27.81	163	55	6	281	NNFNYNDPIDNNNIIMMEPPFARGTGRYYKAFKITDRIWIIPERYTFGYK---PEDFNKSSGIFNRDVWEYYDPDYLNTNDKKNIFLQTMIKLFNRIKSKPLGEKLLEMIINGIPY----------------LGDRRVPLEEFNTNIASVT----VNKLISNPGEVERKKGIFA-NLIIFGPGPVLNENETIAIGIQNHFASREGFGGIMQMKFCPEYVSVFNNVQENKGASIFNRRGYFSDPALILMHELIHVLHGLYGIIVNDLPIVPNEKKFFMQSTDAIQAE--ELYTFGGQDPSIIS
PROKKA_00006	tr|B1INP6|B1INP6_CLOBK Botulinum neurotoxin type B1, nontoxic-nonhemagglutinin component, NTNH OS=Clostridium botulinum (strain Okra / Type B1) GN=ntnH PE=4 SV=1 !!!ntnH	1292	1197	587	128	21.81	394	65	543	1102	SQTFPLDIRDISLTSSFDDALLFSNKVYSFFSMDYIKTANKVVEAGLFAGWVKQIVNDFVIEANKSNTMDKIADISLIVPYIGLALNVGNETAKGNFENAFEIAGASILLEFIPELLIPVVGAFLLESYIDN--KNKIIKTIDNALTKRNEKWSDMYGLIVAQWLSTVNTQFYTIKEGMYKALNYQAQALEEIIKYRYNIYSEKEKSNINID-FNDINSK-------LNEGINQAIDNINNFINGCSVSYLMKKMIPLAVEKLLDFDNTLKKNLLNYIDENKLYLIGSAEYEKSKVNKYLKTIMPFDLSIY---------TNDTILIEMFNKYNSEILNNIILNLRYKDNNLI--DLSGYGAKVEVYDGVEL---NDKNQFKLTSSANSKIRVTQNQNIIFNSVFLDFSVSFWIRIPKYKNDGIQNYIHNEYTIINCMKNNSGWKISIRGNRIIWTLIDINGKTKSVFFEYNIREDISEYINR-WFFVTITNN--LNNAKIYINGKLESNTDIKDIREVIANGEIIFKLDGDIDRTQFIWMKYFSIFNTELSQSNIEERYKIQSYSEYLKDFWGNPLMYNKEYYMFN
PROKKA_00006	tr|A5HZZ8|A5HZZ8_CLOBH Type A progenitor toxin nontoxic-nonha OS=Clostridium botulinum (strain Hall / ATCC 3502 / NCTC 13319 / Type A) GN=ntnH PE=4 SV=1 !!!ntnH	1292	1193	301	84	27.91	162	55	6	280	NNFNYNDPIDNNNIIMMEPPFARGTGRYYKAFKITDRIWIIPERYTFGYK---PEDFNKSSGIFNRDVWEYYDPDYLNTNDKKNIFLQTMIKLFNRIKSKPLGEKLLEMIINGIPY----------------LGDRRVPLEEFNTNIASVT----VNKLISNPGEVERKKGIFA-NLIIFGPGPVLNENETIAIGIQNHFASREGFGGIMQMKFCPEYVSVFNNVQENKGASIFNRRGYFSDPALILMHELIHVLHGLYGIIVNDLPIVPNEKKFFMQSTDAIQAE--ELYTFGGQDPSII
PROKKA_00006	tr|A5HZZ8|A5HZZ8_CLOBH Type A progenitor toxin nontoxic-nonha OS=Clostridium botulinum (strain Hall / ATCC 3502 / NCTC 13319 / Type A) GN=ntnH PE=4 SV=1 !!!ntnH	1292	1193	584	115	19.69	409	60	544	1102	QTFPLDIRDISLTSSFDDALLFSNKVYSFFSMDYIKTANKVVEAGLFAGWVKQIVNDFVIEANKSNTMDKIADISLIVPYIGLALNVGNETAKGNFENAFEIAGASILLEFIPELLIPVVGAFLLESYIDN--KNKIIKTIDNALTKRNEKWSDMYGLIVAQWLSTVNTQFYTIKEGMYKALNYQAQALEEII--KYRYNIYSEKEKSN----INIDFNDINSKLNEGINQAIDNINNFINGCSVSYLMKKMIPLAVEKLLDFDNTLKKNLLNYIDENKLYLIGSAEYEKSK-VNKYLKTIMPFDL-------SIYTNDTILIEMFNKYNSEILNNIILNLRYKDNNLI-DLSGYGAKVEVYDGVELNDKNQFKLTSSANSKIRVTQNQNIIFNSVFLD------FSVSFWIRIPKYKNDGIQNYIHNEYTIINCMKNNSGWKISIRGNRIIWTLIDINGKTKSVFFEYNIREDISEYINRWFFVTITNNLNNAK--IYINGKLESNTDIKDIREVIANGEIIFKLDGDIDRTQFIWMKYFSIFNTELSQSNIEERYKIQSYSEYLKDFWGNPLMYNKEYYMFN
PROKKA_00006	tr|B1L2G4|B1L2G4_CLOBM Botulinum neurotoxin type A3, nontoxic-nonhemagglutinin component, NTNH OS=Clostridium botulinum (strain Loch Maree / Type A3) GN=ntnH PE=4 SV=1 !!!ntnH	1292	1159	254	77	30.31	123	54	6	251	NNFNYNDPIDNNNIIMMEPPFARGTGRYYKAFKITDRIWIIPERYTFGYK---PEDFNKSSGIFNRDVWEYYDPDYLNTNDKKNIFLQTMIKLFNRIKSKPLGEKLLEMIINGIPY-----LGDRRVPLEEFNTNIASVTVNKLISNPGEVERKKGIFANLIIFGPGPVLNENETIAIGIQNHFASREGFGGIMQMKFCPEYVSVFNNVQENKGASIFNRRGYFSDPALILMHELIHVLHGLYGIIVNDLPIVP
PROKKA_00006	tr|C1FUH8|C1FUH8_CLOBJ Botulinum neurotoxin type A2, nontoxic-nonhemagglutinin component, NTNH OS=Clostridium botulinum (strain Kyoto / Type A2) GN=ntnH PE=4 SV=1 !!!ntnH	1292	1159	254	79	31.10	121	54	6	251	NNFNYNDPIDNNNIIMMEPPFARGTGRYYKAFKITDRIWIIPERYTFGYK---PEDFNKSSGIFNRDVWEYYDPDYLNTNDKKNIFLQTMIKLFNRIKSKPLGEKLLEMIINGIPY-----LGDRRVPLEEFNTNIASVTVNKLISNPGEVERKKGIFANLIIFGPGPVLNENETIAIGIQNHFASREGFGGIMQMKFCPEYVSVFNNVQENKGASIFNRRGYFSDPALILMHELIHVLHGLYGIIVNDLPIVP
PROKKA_00006	tr|A0A0X1KH90|A0A0X1KH90_CLOBA Botulinum neurotoxin type E, nontoxic-nonhemagglutinin component, NTNH OS=Clostridium botulinum (strain Alaska E43 / Type E3) PE=1 SV=1 !!!ntnH	1292	1163	248	79	31.85	125	44	7	251	NFNYNDPIDNNNIIMMEPPFARGTGRYYKAFKITDRIWIIPERYTFGYK---PEDFNKSSGIFNRDVWEYYDPDYLNTNDKKNIFLQTMIKLFNRIKSKPLGEKLLEMIINGIPYLGDRRVPLEEFNTNIASVTVNKLISNPGEVERKKGIFANLIIFGPGPVLNENETIAIGIQNHFASREGFGGIMQMKFCPEYVSVFNNVQENKGASIFNRRGYFSDPALILMHELIHVLHGLYGIIVNDLPIVP
PROKKA_00006	tr|C5UY14|C5UY14_CLOBO Botulinum neurotoxin type E1, nontoxic-nonhemagglutinin component, NTNH OS=Clostridium botulinum E1 str. 'BoNT E Beluga' GN=ntnH PE=4 SV=1 !!!ntnH	1292	1163	248	79	31.85	125	44	7	251	NFNYNDPIDNNNIIMMEPPFARGTGRYYKAFKITDRIWIIPERYTFGYK---PEDFNKSSGIFNRDVWEYYDPDYLNTNDKKNIFLQTMIKLFNRIKSKPLGEKLLEMIINGIPYLGDRRVPLEEFNTNIASVTVNKLISNPGEVERKKGIFANLIIFGPGPVLNENETIAIGIQNHFASREGFGGIMQMKFCPEYVSVFNNVQENKGASIFNRRGYFSDPALILMHELIHVLHGLYGIIVNDLPIVP
PROKKA_00006	tr|C4IHM0|C4IHM0_CLOBU Botulinum neurotoxin type E, nontoxic-nonhemagglutinin component, NTNH OS=Clostridium butyricum E4 str. BoNT E BL5262 GN=ntnH PE=4 SV=1 !!!ntnH	1292	1163	248	81	32.66	123	44	7	251	NFNYNDPIDNNNIIMMEPPFARGTGRYYKAFKITDRIWIIPERYTFGYK---PEDFNKSSGIFNRDVWEYYDPDYLNTNDKKNIFLQTMIKLFNRIKSKPLGEKLLEMIINGIPYLGDRRVPLEEFNTNIASVTVNKLISNPGEVERKKGIFANLIIFGPGPVLNENETIAIGIQNHFASREGFGGIMQMKFCPEYVSVFNNVQENKGASIFNRRGYFSDPALILMHELIHVLHGLYGIIVNDLPIVP
PROKKA_00006	tr|A7GBG2|A7GBG2_CLOBL Botulinum neurotoxin type F, nontoxic-nonhemagglutinin component, NTNH OS=Clostridium botulinum (strain Langeland / NCTC 10281 / Type F) GN=ntnH PE=4 SV=1 !!!ntnH	1292	1163	254	77	30.31	123	54	6	251	NNFNYNDPIDNNNIIMMEPPFARGTGRYYKAFKITDRIWIIPERYTFGYK---PEDFNKSSGIFNRDVWEYYDPDYLNTNDKKNIFLQTMIKLFNRIKSKPLGEKLLEMIINGIPY-----LGDRRVPLEEFNTNIASVTVNKLISNPGEVERKKGIFANLIIFGPGPVLNENETIAIGIQNHFASREGFGGIMQMKFCPEYVSVFNNVQENKGASIFNRRGYFSDPALILMHELIHVLHGLYGIIVNDLPIVP
PROKKA_00006	tr|C5VU80|C5VU80_CLOBO Botulinum neurotoxin type D, nontoxic-nonhemagglutinin component, NTNH OS=Clostridium botulinum D str. 1873 GN=ntnH PE=4 SV=1 !!!ntnH	1292	1196	270	77	28.52	140	53	6	251	NNFNYNDPIDNNNIIMMEPPFARGTGRYYKAFKITDRIWIIPERYTFGYK---PEDFNKSSGIFNRDVWEYYDPDYLNTNDKKNIFLQTMIKLFNRIKSKPLGEKLLEMIINGIP----YLGDRRVPLEEFN---TNIASVTVNKLI-------------SNPGEVERKKGIFA-NLIIFGPGPVLNENETIAIGIQNHFASREGFGGIMQMKFCPEYVSVFNNVQENKGASIFNRRGYFSDPALILMHELIHVLHGLYGIIVNDLPIVP
PROKKA_00006	tr|C5VU80|C5VU80_CLOBO Botulinum neurotoxin type D, nontoxic-nonhemagglutinin component, NTNH OS=Clostridium botulinum D str. 1873 GN=ntnH PE=4 SV=1 !!!ntnH	1292	1196	591	125	21.15	384	82	551	1102	RDISLTSSFDDALLFSNK--VYSFFS-----MDYIKTANKVVEAGLFAGWVKQIVNDFVIEANKSNTMDKIADISLIVPYIGLALNVGNETAKGNFENAFEIAGASILLEFIPELLIP------VVGAFLLESYIDNKNKIIKTIDNALTKRNEKWSDMYGLIVAQWLSTVNTQFYTIKEGMYKALNYQAQALEEIIKYRYNIYSEKEKSNINID------------FNDINSKLNEGINQAIDNINNFINGCSVSYLMKKMIPLAVEKLLDFDNTLKKNLLNYIDENKLYLIGSAEYEKS-KVNKY-LKTIMPFDLSIYTNDTILIEMFNKYNSEILNNIILNL---RYKDNNLI-DLSGYGAKVEVYDGVELNDKNQFKLTSSANSKIRVTQNQNIIFNSVFL------DFSVSFWIRIPKYKNDGIQNYIHNEYTIINCMKNNSGWKISIRGNRIIWTLIDINGKTKSVFFEYNIREDISEYINRWFFVTITNNL--NNAKIYINGKLESNTDIKDIREVIANGEIIFKLDGDIDRTQFIWMKYFSIFNTELSQSNIEERYKIQSYSEYLKDFWGNPLMYNKEYYMFN
PROKKA_00006	tr|B1BE43|B1BE43_CLOBO Botulinum neurotoxin type C, nontoxic-nonhemagglutinin component NTNH OS=Clostridium botulinum C str. Eklund GN=CBC_A0166 PE=4 SV=1 !!!ntnH	1292	1196	270	76	28.15	141	53	6	251	NNFNYNDPIDNNNIIMMEPPFARGTGRYYKAFKITDRIWIIPERYTFGYK---PEDFNKSSGIFNRDVWEYYDPDYLNTNDKKNIFLQTMIKLFNRIKSKPLGEKLLEMIINGIP----YLGDRRVPLEEFN---TNIASVTVNKLI-------------SNPGEVERKKGIFA-NLIIFGPGPVLNENETIAIGIQNHFASREGFGGIMQMKFCPEYVSVFNNVQENKGASIFNRRGYFSDPALILMHELIHVLHGLYGIIVNDLPIVP
PROKKA_00006	tr|B1BE43|B1BE43_CLOBO Botulinum neurotoxin type C, nontoxic-nonhemagglutinin component NTNH OS=Clostridium botulinum C str. Eklund GN=CBC_A0166 PE=4 SV=1 !!!ntnH	1292	1196	683	146	21.38	441	96	465	1102	DDLSKNERIEYNTQSNYIEND---FPINEL-ILDTDLISKI---ELPSENTESL-----TDFNVDVPVYEKQP---AIKKIFTDENTIFQYLYSQTFPLDIRDISLTSSFDDALLFSNKVYSFFSMDYIKTANKVVEAGLFAGWVKQIVNDFVIEANKSNTMDKIADISLIVPYIGLALNVGNETAKGNFENAFEIAGASILLEFIPELLIP------VVGAFLLESYIDNKNKIIKTIDNALTKRNEKWSDMYGLIVAQWLSTVNTQFYTIKEGMYKALNYQAQALEEIIKYRYNIYSEKEKSNINID------------FNDINSKLNEGINQAIDNINNFINGCSVSYLMKKMIPLAVEKLLDFDNTLK-------KNLLNYIDENKLYLIGSAEYEKSKVNKYLKTIMPFDLSIYTNDTILIEMFNKYNSEILNNIILNLRYKDNNLI-DLSGYGAKVEVYDGVEL--NDKNQFKLTSSANSKIRVTQNQNIIFNSVFLDFSVSFWIRIPKYKNDGIQNYIHNEYTIINCMKNNSGWKISIRGNRIIWTLIDINGKTKSVFFEYNIREDISEYINRWFFVTITNNL--NNAKIYINGKLESNTDIKDIREVIANGEIIFKLDGDIDRTQFIWMKYFSIFNTELSQSNIEERYKIQSYSEYLKDFWGNPLMYNKEYYMFN
PROKKA_00006	tr|C5VU79|C5VU79_CLOBO Hemagglutinin component HA33 OS=Clostridium botulinum D str. 1873 GN=ha33 PE=4 SV=1 !!!ha33	1292	285	46	14	30.43	32	0	1135	1180	NYRDLYIGEKFIIRRKSNSQSINDDIVRKEDYIYLDFFNLNQEWRV
PROKKA_00006	tr|C5UY13|C5UY13_CLOBO P-47 protein OS=Clostridium botulinum E1 str. 'BoNT E Beluga' GN=p47 PE=4 SV=1 !!!P-47	1292	416	39	16	41.03	17	6	801	839	TLKKNLLNYIDENKLYLIGSAEYEKSKVNKYLKTIMPFD
PROKKA_00006	tr|C5UY13|C5UY13_CLOBO P-47 protein OS=Clostridium botulinum E1 str. 'BoNT E Beluga' GN=p47 PE=4 SV=1 !!!P-47	1292	416	50	13	26.00	37	0	654	703	FIPELLIPVVGAFLLESYIDNKNKIIKTIDNALTKRNEKWSDMYGLIVAQ
PROKKA_00006	tr|B1BE46|B1BE46_CLOBO Non-toxin haemagglutinin HA-70 OS=Clostridium botulinum C str. Eklund GN=CBC_A0169 PE=4 SV=1 !!!ha70	1292	623	56	13	23.21	37	6	328	383	YKFVEDSEGKYSIDVESFDKLYKSLMFGFTETNIAENYKIKTRASYFSDSLPPVKI
PROKKA_00007	tr|A0A060N6G5|A0A060N6G5_CLOBO Nontoxic-nonhemagglutinin component, NTNH OS=Clostridium botulinum B str. Osaka05 GN=CBO05P2_175 PE=4 SV=1 !!!ntnH	1210	1197	1197	1194	99.75	3	0	13	1209	MNINDNLSINSPVDNKNVVVVRARKTDTFFKAFKVAPNIWVAPERYYGESLSIDEEYKVDGGIYDSNFLSQDSEKDKFLQAIITLLKRINSTNAGEKLLSLISTAIPFPYGYIGGGYYAPNMITFGSAPKSNKKLNSLISSTIPFPYAGYRETNYLSSEDNKSFYASNIVIFGPGANIVENNTVFYKKEDAENGMGTMTEIWFQPFLTYKYDQFYIDPAIELMKCLIKSLYFLYGIKPSDDLVVPYRLRNELENIEYSQLDIVDLLVSGGIDPKFINTDPYWFIDNYFSNAKKMFEDHRNIYETEIEGNNAIGNDIKLRLKQKFRININDIWELNLNYFSKEFNIMMPDRFNNALKHFYRKQYYKIDYPENYSINGFVNGQINAQLSLSDRNQDIINKPEEIINLLNENNVLLMRSNIYGDGLKSTVDDFYSNYKIPYNRAYEYHFNNSNDSSLDNVNVGVIDNIPEIIDVNPYRKNCDPFTPVYNITETKEINTTIPFSVNYLQAQNANNEKFSLSSDFVEVVSSKDKSLAYSFLSNVMFYLDSIKDNSPIDTDKEYYLWLREIFRNYSFDITATQEINTNCGINKVVTWFGKALNILNTSDSFVEEFQNLGPISLINKKENLSMPIIEIYEIPNDMLGLPLNDLNEKLFNIYLKNILYFKKVYFNFLDQWWTEYYSQYFDLICMAKQSILAQEKLIKQIIQNKLQDLSKADISMDKLNLMNLATEKTFIDLSNESQIAINNINDFLNKSAICVFDTNIYPKFISFMEQCINSVNSNVTAFIQKCTNITEDEKLQLIKLNTFMNIDFEFFDIQSIKDLITSETDLIKEEKESDYNLFLFTLQEDNNKVIEDISGKNTLVKYSDSISLVYGVNGDALYLKEPDESVSFSNKAFENGLTNSFSICFWLRNLGEDIITSKLIENKADNCGWEIYFQNNGLVFSIVDCNGNEENIYLSDVISKNWYYISISIDRLRNQLLIFINDKLIANQSIEQILNIYSSNTISLVNGNNPIYVEGLSILNRSITSEEVVNNYFSYLNNSYIRDISGERLEYNKTYELYNYVFSENSLYEVTENNNIYLSIKDTNNLNIQGAKFKLINIDTNKQYVQKWDEGVVCLLGDEEKYVDISSENNRIQLVSSKDTAKRIIFNNDIFRPNCLTFAYNNKYLSLSFRDRNYNWMICNNNDNIPKAAHLWALKGI
PROKKA_00007	tr|B1INP6|B1INP6_CLOBK Botulinum neurotoxin type B1, nontoxic-nonhemagglutinin component, NTNH OS=Clostridium botulinum (strain Okra / Type B1) GN=ntnH PE=4 SV=1 !!!ntnH	1210	1197	1197	1157	96.66	40	0	13	1209	MNINDNLSINSPVDNKNVVVVRARKTDTFFKAFKVAPNIWVAPERYYGESLSIDEEYKVDGGIYDSNFLSQDSEKDKFLQAIITLLKRINSTNAGEKLLSLISTAIPFPYGYIGGGYYAPNMITFGSAPKSNKKLNSLISSTIPFPYAGYRETNYLSSEDNKSFYASNIVIFGPGANIVENNTVFYKKEDAENGMGTMTEIWFQPFLTYKYDQFYIDPAIELMKCLIKSLYFLYGIKPSDDLVVPYRLRNELENIEYSQLDIVDLLVSGGIDPKFINTDPYWFIDNYFSNAKKMFEDHRNIYETEIEGNNAIGNDIKLRLKQKFRININDIWELNLNYFSKEFNIMMPDRFNNALKHFYRKQYYKIDYPENYSINGFVNGQINAQLSLSDRNQDIINKPEEIINLLNENNVLLMRSNIYGDGLKSTVDDFYSNYKIPYNRAYEYHFNNSNDSSLDNVNVGVIDNIPEIIDVNPYRKNCDPFTPVYNITETKEINTTIPFSVNYLQAQNANNEKFSLSSDFVEVVSSKDKSLAYSFLSNVMFYLDSIKDNSPIDTDKEYYLWLREIFRNYSFDITATQEINTNCGINKVVTWFGKALNILNTSDSFVEEFQNLGPISLINKKENLSMPIIEIYEIPNDMLGLPLNDLNEKLFNIYLKNILYFKKVYFNFLDQWWTEYYSQYFDLICMAKQSILAQEKLIKQIIQNKLQDLSKADISMDKLNLMNLATEKTFIDLSNESQIAINNINDFLNKSAICVFDTNIYPKFISFMEQCINSVNSNVTAFIQKCTNITEDEKLQLIKLNTFMNIDFEFFDIQSIKDLITSETDLIKEEKESDYNLFLFTLQEDNNKVIEDISGKNTLVKYSDSISLVYGVNGDALYLKEPDESVSFSNKAFENGLTNSFSICFWLRNLGEDIITSKLIENKADNCGWEIYFQNNGLVFSIVDCNGNEENIYLSDVISKNWYYISISIDRLRNQLLIFINDKLIANQSIEQILNIYSSNTISLVNGNNPIYVEGLSILNRSITSEEVVNNYFSYLNNSYIRDISGERLEYNKTYELYNYVFSENSLYEVTENNNIYLSIKDTNNLNIQGAKFKLINIDTNKQYVQKWDEGVVCLLGDEEKYVDISSENNRIQLVSSKDTAKRIIFNNDIFRPNCLTFAYNNKYLSLSFRDRNYNWMICNNNDNIPKAAHLWALKGI
PROKKA_00007	tr|B2TSC3|B2TSC3_CLOBB Botulinum neurotoxin type B OS=Clostridium botulinum (strain Eklund 17B / Type B) GN=ntnH PE=4 SV=1 !!!ntnH	1210	1197	1197	1146	95.74	51	0	13	1209	MNINDNLSINSPVDNKNVVVVRARKTDTFFKAFKVAPNIWVAPERYYGESLSIDEEYKVDGGIYDSNFLSQDSEKDKFLQAIITLLKRINSTNAGEKLLSLISTAIPFPYGYIGGGYYAPNMITFGSAPKSNKKLNSLISSTIPFPYAGYRETNYLSSEDNKSFYASNIVIFGPGANIVENNTVFYKKEDAENGMGTMTEIWFQPFLTYKYDQFYIDPAIELMKCLIKSLYFLYGIKPSDDLVVPYRLRNELENIEYSQLDIVDLLVSGGIDPKFINTDPYWFIDNYFSNAKKMFEDHRNIYETEIEGNNAIGNDIKLRLKQKFRININDIWELNLNYFSKEFNIMMPDRFNNALKHFYRKQYYKIDYPENYSINGFVNGQINAQLSLSDRNQDIINKPEEIINLLNENNVLLMRSNIYGDGLKSTVDDFYSNYKIPYNRAYEYHFNNSNDSSLDNVNVGVIDNIPEIIDVNPYRKNCDPFTPVYNITETKEINTTIPFSVNYLQAQNANNEKFSLSSDFVEVVSSKDKSLAYSFLSNVMFYLDSIKDNSPIDTDKEYYLWLREIFRNYSFDITATQEINTNCGINKVVTWFGKALNILNTSDSFVEEFQNLGPISLINKKENLSMPIIEIYEIPNDMLGLPLNDLNEKLFNIYLKNILYFKKVYFNFLDQWWTEYYSQYFDLICMAKQSILAQEKLIKQIIQNKLQDLSKADISMDKLNLMNLATEKTFIDLSNESQIAINNINDFLNKSAICVFDTNIYPKFISFMEQCINSVNSNVTAFIQKCTNITEDEKLQLIKLNTFMNIDFEFFDIQSIKDLITSETDLIKEEKESDYNLFLFTLQEDNNKVIEDISGKNTLVKYSDSISLVYGVNGDALYLKEPDESVSFSNKAFENGLTNSFSICFWLRNLGEDIITSKLIENKADNCGWEIYFQNNGLVFSIVDCNGNEENIYLSDVISKNWYYISISIDRLRNQLLIFINDKLIANQSIEQILNIYSSNTISLVNGNNPIYVEGLSILNRSITSEEVVNNYFSYLNNSYIRDISGERLEYNKTYELYNYVFSENSLYEVTENNNIYLSIKDTNNLNIQGAKFKLINIDTNKQYVQKWDEGVVCLLGDEEKYVDISSENNRIQLVSSKDTAKRIIFNNDIFRPNCLTFAYNNKYLSLSFRDRNYNWMICNNNDNIPKAAHLWALKGI
PROKKA_00007	tr|A5HZZ8|A5HZZ8_CLOBH Type A progenitor toxin nontoxic-nonha OS=Clostridium botulinum (strain Hall / ATCC 3502 / NCTC 13319 / Type A) GN=ntnH PE=4 SV=1 !!!ntnH	1210	1193	1196	968	80.94	224	4	13	1207	MNINDNLSINSPVDNKNVVVVRARKTDTFFKAFKVAPNIWVAPERYYGESLSIDEEYKVDGGIYDSNFLSQDSEKDKFLQAIITLLKRINSTNAGEKLLSLISTAIPFPYGYIGGGYYAPNMITFGSAPKSNKKLNSLISSTIPFPYAGYRETNYLSSEDNKSFYASNIVIFGPGANIVENNTVFYKKEDAENGMGTMTEIWFQPFLTYKYDQFYIDPAIELMKCLIKSLYFLYGIKPSDDLVVPYRLRNELENIEYSQLDIVDLLVSGGIDPKFINTDPYWFIDNYFSNAKKMFEDHRNIYETEIEGNNAIGNDIKLRLKQKFRININDIWELNLNYFSKEFNIMMPDRFNNALKHFYRKQYYKIDYPENYSINGFVNGQINAQLSLSDRNQDIINKPEEIINLLNENNVLLMRSNIYGDGLKSTVDDFYSNYKIPYNRAYEYHFNNSNDSSLDNVNVGVIDNIPEIIDVNPYRKNCDPFTPVYNITETKEINTTIPFSVNYLQAQNANNEKFSLSSDFVEVVSSKDKSLAYSFLSNVMFYLDSIKDNSPIDTDKEYYLWLREIFRNYSFDITATQEINTNCGINKVVTWFGKALNILNTSDSFVEEFQNLGPISLINKKENLSMPIIEIYEIPNDMLGLPLNDLNEKLFNIYLKNILYFKKVYFNFLDQWWTEYYSQYFDLICMAKQSILAQEKLIKQIIQNKLQDL-SKADISMDKLNLMNLATEKTFIDLSNESQIAINNINDFLNKSAICVFDTNIYPKFISFMEQCINSVNSNVTAFIQKCTNITEDEKLQLIKLNTFMNIDFEFFDIQSIKDLITSETDLIKEEKESDYNLFLFTLQEDNNKVIEDISGKNTLVKYSDSISLVYGVNGDALYLKEPDESVSFSNKAFENGLTNSFSICFWLRNLGEDIITSKLIENKADNCGWEIYFQNNGLVFSIVDCNGNEENIYLSDVISKNWYYISISIDRLRNQLLIFINDKLIANQSIEQILNIYSSNTISLVNGNNPIYVEGLSILNRSITSEEVVNNYFSYLNNSYIRDISGERLEYNKTYELYNYVFSENSLYEVTENNNIYLSIKDTNNLNIQGAKFKLINIDTNKQYVQKWDEGVVCLLGDEEKYVDISSENNRIQLVSSKDTAKRIIFNNDIFRPNCLTFAYNNKYLSLSFRDRNYNWMICNNNDNIPKAAHLWALK
PROKKA_00007	tr|B1BE43|B1BE43_CLOBO Botulinum neurotoxin type C, nontoxic-nonhemagglutinin component NTNH OS=Clostridium botulinum C str. Eklund GN=CBC_A0166 PE=4 SV=1 !!!ntnH	1210	1196	1198	819	68.36	375	4	13	1208	MNINDNLSINSPVDNKNVVVVRARKTDTFFKAFKVAPNIWVAPERYYGESLSIDEEYKVDGGIYDSNFLSQDSEKDKFLQAIITLLKRINSTNAGEKLLSLISTAIPFPYGYIGGGYYAPNMITFGSAPKSNKKLNSLISSTIPFPYAGYRETNYLSSEDNKSFYASNIVIFGPGANIVENNTVFYKKEDAENGMGTMTEIWFQPFLTYKYDQFYIDPAIELMKCLIKSLYFLYGIKPSDDLVVPYRLRNELENIEYSQLDIVDLLVSGGIDPKFINTDPYWFIDNYFSNAKKMFEDHRNIYETEIEGNNAIGNDIKLRLKQKFRININDIWELNLNYFSKEFNIMMPDRFNNALKHFYRKQYYKIDYPENYSINGFVNGQINAQLSLSDRNQDIINKPEEIINLLNENNVLLMRSNIYGDGLKSTVDDFYSNYKIPYNRAYEYHFNNSNDSSLDNVNVGVIDNIPEIIDVNPYRKNCD--PFTPVYNITETKEINTTIPFSVNYLQAQNANNEKFSLSSDFVEVVSSKDKSLAYSFLSNVMFYLDSIKDNSPIDTDKEYYLWLREIFRNYSFDITATQEINTNCGINKVVTWFGKALNILNTSDSFVEEFQNLGPISLINKKENLSMPIIEIYEIPNDMLGLPLNDLNEKLFNIYLKNILYFKKVYFNFLDQWWTEYYSQYFDLICMAKQSILAQEKLIKQIIQNKLQDLSKADISMDKLNLMNLATEKTFIDLSNESQIAINNINDFLNKSAICVFDTNIYPKFISFMEQCINSVNSNVTAFIQKCTNITEDEKLQLIKLNTFMNIDFEFFDIQSIKDLITSETDLIKEEKESDYNLFLFTLQEDNNKVIEDISGKNTLVKYSDSISLVYGVNGDALYLKEPDESVSFSNKAFENGLTNSFSICFWLRNLGEDIITSKLIENKADNCGWEIYFQNNGLVFSIVDCNGNEENIYLSDVISKNWYYISISIDRLRNQLLIFINDKLIANQSIEQILNIYSSNTISLVNGNNPIYVEGLSILNRSITSEEVVNNYFSYLNNSYIRDISGERLEYNKTYELYNYVFSENSLYEVTENNNIYLSIKDTNNLNIQGAKFKLINIDTNKQYVQKWDEGVVCLLGDEEKYVDISSENNRIQLVSSKDTAKRIIFNNDIFRPNCLTFAYNNKYLSLSFRDRNYNWMICNNNDNIPKAAHLWALKG
PROKKA_00007	tr|C5VU80|C5VU80_CLOBO Botulinum neurotoxin type D, nontoxic-nonhemagglutinin component, NTNH OS=Clostridium botulinum D str. 1873 GN=ntnH PE=4 SV=1 !!!ntnH	1210	1196	1198	819	68.36	375	4	13	1208	MNINDNLSINSPVDNKNVVVVRARKTDTFFKAFKVAPNIWVAPERYYGESLSIDEEYKVDGGIYDSNFLSQDSEKDKFLQAIITLLKRINSTNAGEKLLSLISTAIPFPYGYIGGGYYAPNMITFGSAPKSNKKLNSLISSTIPFPYAGYRETNYLSSEDNKSFYASNIVIFGPGANIVENNTVFYKKEDAENGMGTMTEIWFQPFLTYKYDQFYIDPAIELMKCLIKSLYFLYGIKPSDDLVVPYRLRNELENIEYSQLDIVDLLVSGGIDPKFINTDPYWFIDNYFSNAKKMFEDHRNIYETEIEGNNAIGNDIKLRLKQKFRININDIWELNLNYFSKEFNIMMPDRFNNALKHFYRKQYYKIDYPENYSINGFVNGQINAQLSLSDRNQDIINKPEEIINLLNENNVLLMRSNIYGDGLKSTVDDFYSNYKIPYNRAYEYHFNNSNDSSLDNVNVGVIDNIPEIIDVNPYRKNCD--PFTPVYNITETKEINTTIPFSVNYLQAQNANNEKFSLSSDFVEVVSSKDKSLAYSFLSNVMFYLDSIKDNSPIDTDKEYYLWLREIFRNYSFDITATQEINTNCGINKVVTWFGKALNILNTSDSFVEEFQNLGPISLINKKENLSMPIIEIYEIPNDMLGLPLNDLNEKLFNIYLKNILYFKKVYFNFLDQWWTEYYSQYFDLICMAKQSILAQEKLIKQIIQNKLQDLSKADISMDKLNLMNLATEKTFIDLSNESQIAINNINDFLNKSAICVFDTNIYPKFISFMEQCINSVNSNVTAFIQKCTNITEDEKLQLIKLNTFMNIDFEFFDIQSIKDLITSETDLIKEEKESDYNLFLFTLQEDNNKVIEDISGKNTLVKYSDSISLVYGVNGDALYLKEPDESVSFSNKAFENGLTNSFSICFWLRNLGEDIITSKLIENKADNCGWEIYFQNNGLVFSIVDCNGNEENIYLSDVISKNWYYISISIDRLRNQLLIFINDKLIANQSIEQILNIYSSNTISLVNGNNPIYVEGLSILNRSITSEEVVNNYFSYLNNSYIRDISGERLEYNKTYELYNYVFSENSLYEVTENNNIYLSIKDTNNLNIQGAKFKLINIDTNKQYVQKWDEGVVCLLGDEEKYVDISSENNRIQLVSSKDTAKRIIFNNDIFRPNCLTFAYNNKYLSLSFRDRNYNWMICNNNDNIPKAAHLWALKG
PROKKA_00007	tr|B1L2G4|B1L2G4_CLOBM Botulinum neurotoxin type A3, nontoxic-nonhemagglutinin component, NTNH OS=Clostridium botulinum (strain Loch Maree / Type A3) GN=ntnH PE=4 SV=1 !!!ntnH	1210	1159	1202	763	63.48	389	50	13	1207	MNINDNLSINSPVDNKNVVVVRARKTDTFFKAFKVAPNIWVAPERYYGESLSIDEEYKVDGGIYDSNFLSQDSEKDKFLQAIITLLKRINSTNAGEKLLSLISTAIPFPYGYIGGGYYAPNMITFGSAPKSNKKLNSLISSTIPFPY----AGYRETNYLSSEDNKSFYASNIVIFGPGANIVENNTVFYKKEDAENGMGTMTEIWFQPFLTYKYDQFYIDPAIELMKCLIKSLYFLYGIKPSDDLVVPYRLRNELENIEYSQLDIVDLLVSGGIDPKFINTDPYWFIDNYFSNAKKMFEDHRNIYETEIEGNNAIGNDIKLRLKQKFRININDIWELNLNYFSKEFNIMMPDRFNNALKHFYRKQYYKIDYPENYSINGFVNGQINAQLSLSDRNQDIINKPEEIINLLNENNVLLMRSNIYGDGLKSTVDDFYSNYKIPYNRAYEYHFNNSNDSSLDNVNVGVIDNIPEI--IDVNPYRKNCDPFTPVYNITETKEINTTIPFSVNYLQAQNANNEKFSLSSDFVEVVSSKDKSLAYSFLSNVMFYLDSIKDNSPIDTDKEYYLWLREIFRNYSFDITATQEINTNCGINKVVTWFGKALNILNTSDSFVEEFQNLGPISLINKKENLSMPIIEIYEIPNDMLGLPLNDLNEKLFNIYLKNILYFKKVYFNFLDQWWTEYYSQYFDLICMAKQSILAQEKLIKQIIQNKLQDL-SKADISMDKLNLMNLATEKTFIDLSNESQIAINNINDFLNKSAICVFDTNIYPKFISFMEQCINSVNSNVTAFIQKCTNITEDEKLQLIKLNTFMNIDFEFFDIQSIKDLITSETDLIKEEKESDYNLFLFTLQEDNNKVIEDISGKNTLVKYSDSISLVYGVNGDALYLKEPDESVSFSNKAFENGLTNSFSICFWLRNLGEDIITSKLIENKADNCGWEIYFQNNGLVFSIVDCNGNEENIYLSDVISKNWYYISISIDRLRNQLLIFINDKLIANQSIEQILNIYSSNTISLVNGNNPIYVEGLSILNRSITSEEVVNNYFSYLNNSYIRDISGERLEYNKTYELYNYVFSENSLYEVTENNNIYLSIKDTNNLNIQGAKFKLINIDTNKQYVQKWDEGVVCLLGDEEKYVDISSENNRIQLVSSKDTAKRIIFNNDIFRPNCLTFAYNNKYLSLSFRDRNYNWMICNNNDNIPKAAHLWALK
PROKKA_00007	tr|A7GBG2|A7GBG2_CLOBL Botulinum neurotoxin type F, nontoxic-nonhemagglutinin component, NTNH OS=Clostridium botulinum (strain Langeland / NCTC 10281 / Type F) GN=ntnH PE=4 SV=1 !!!ntnH	1210	1163	1204	764	63.46	392	48	13	1209	MNINDNLSINSPVDNKNVVVVRARKTDTFFKAFKVAPNIWVAPERYYGESLSIDEEYKVDGGIYDSNFLSQDSEKDKFLQAIITLLKRINSTNAGEKLLSLISTAIPFPYGYIGGGYYAPNMITFGSAPKSNKKLNSLISSTIPFPY----AGYRETNYLSSEDNKSFYASNIVIFGPGANIVENNTVFYKKEDAENGMGTMTEIWFQPFLTYKYDQFYIDPAIELMKCLIKSLYFLYGIKPSDDLVVPYRLRNELENIEYSQLDIVDLLVSGGIDPKFINTDPYWFIDNYFSNAKKMFEDHRNIYETEIEGNNAIGNDIKLRLKQKFRININDIWELNLNYFSKEFNIMMPDRFNNALKHFYRKQYYKIDYPENYSINGFVNGQINAQLSLSDRNQDIINKPEEIINLLNENNVLLMRSNIYGDGLKSTVDDFYSNYKIPYNRAYEYHFNNSNDSSLDNVNVGVIDNIPEI--IDVNPYRKNCDPFTPVYNITETKEINTTIPFSVNYLQAQNANNEKFSLSSDFVEVVSSKDKSLAYSFLSNVMFYLDSIKDNSPIDTDKEYYLWLREIFRNYSFDITATQEINTNCGINKVVTWFGKALNILNTSDSFVEEFQNLGPISLINKKENLSMPIIEIYEIPNDMLGLPLNDLNEKLFNIYLKNILYFKKVYFNFLDQWWTEYYSQYFDLICMAKQSILAQEKLIKQIIQNKLQDL-SKADISMDKLNLMNLATEKTFIDLSNESQIAINNINDFLNKSAICVFDTNIYPKFISFMEQCINSVNSNVTAFIQKCTNITEDEKLQLIKLNTFMNIDFEFFDIQSIKDLITSETDLIKEEKESDYNLFLFTLQEDNNKVIEDISGKNTLVKYSDSISLVYGVNGDALYLKEPDESVSFSNKAFENGLTNSFSICFWLRNLGEDIITSKLIENKADNCGWEIYFQNNGLVFSIVDCNGNEENIYLSDVISKNWYYISISIDRLRNQLLIFINDKLIANQSIEQILNIYSSNTISLVNGNNPIYVEGLSILNRSITSEEVVNNYFSYLNNSYIRDISGERLEYNKTYELYNYVFSENSLYEVTENNNIYLSIKDTNNLNIQGAKFKLINIDTNKQYVQKWDEGVVCLLGDEEKYVDISSENNRIQLVSSKDTAKRIIFNNDIFRPNCLTFAYNNKYLSLSFRDRNYNWMICNNNDNIPKAAHLWALKGI
PROKKA_00007	tr|C1FUH8|C1FUH8_CLOBJ Botulinum neurotoxin type A2, nontoxic-nonhemagglutinin component, NTNH OS=Clostridium botulinum (strain Kyoto / Type A2) GN=ntnH PE=4 SV=1 !!!ntnH	1210	1159	1202	760	63.23	392	50	13	1207	MNINDNLSINSPVDNKNVVVVRARKTDTFFKAFKVAPNIWVAPERYYGESLSIDEEYKVDGGIYDSNFLSQDSEKDKFLQAIITLLKRINSTNAGEKLLSLISTAIPFPYGYIGGGYYAPNMITFGSAPKSNKKLNSLISSTIPFPY----AGYRETNYLSSEDNKSFYASNIVIFGPGANIVENNTVFYKKEDAENGMGTMTEIWFQPFLTYKYDQFYIDPAIELMKCLIKSLYFLYGIKPSDDLVVPYRLRNELENIEYSQLDIVDLLVSGGIDPKFINTDPYWFIDNYFSNAKKMFEDHRNIYETEIEGNNAIGNDIKLRLKQKFRININDIWELNLNYFSKEFNIMMPDRFNNALKHFYRKQYYKIDYPENYSINGFVNGQINAQLSLSDRNQDIINKPEEIINLLNENNVLLMRSNIYGDGLKSTVDDFYSNYKIPYNRAYEYHFNNSNDSSLDNVNVGVIDNIPEI--IDVNPYRKNCDPFTPVYNITETKEINTTIPFSVNYLQAQNANNEKFSLSSDFVEVVSSKDKSLAYSFLSNVMFYLDSIKDNSPIDTDKEYYLWLREIFRNYSFDITATQEINTNCGINKVVTWFGKALNILNTSDSFVEEFQNLGPISLINKKENLSMPIIEIYEIPNDMLGLPLNDLNEKLFNIYLKNILYFKKVYFNFLDQWWTEYYSQYFDLICMAKQSILAQEKLIKQIIQNKLQDL-SKADISMDKLNLMNLATEKTFIDLSNESQIAINNINDFLNKSAICVFDTNIYPKFISFMEQCINSVNSNVTAFIQKCTNITEDEKLQLIKLNTFMNIDFEFFDIQSIKDLITSETDLIKEEKESDYNLFLFTLQEDNNKVIEDISGKNTLVKYSDSISLVYGVNGDALYLKEPDESVSFSNKAFENGLTNSFSICFWLRNLGEDIITSKLIENKADNCGWEIYFQNNGLVFSIVDCNGNEENIYLSDVISKNWYYISISIDRLRNQLLIFINDKLIANQSIEQILNIYSSNTISLVNGNNPIYVEGLSILNRSITSEEVVNNYFSYLNNSYIRDISGERLEYNKTYELYNYVFSENSLYEVTENNNIYLSIKDTNNLNIQGAKFKLINIDTNKQYVQKWDEGVVCLLGDEEKYVDISSENNRIQLVSSKDTAKRIIFNNDIFRPNCLTFAYNNKYLSLSFRDRNYNWMICNNNDNIPKAAHLWALK
PROKKA_00007	tr|A0A0X1KH90|A0A0X1KH90_CLOBA Botulinum neurotoxin type E, nontoxic-nonhemagglutinin component, NTNH OS=Clostridium botulinum (strain Alaska E43 / Type E3) PE=1 SV=1 !!!ntnH	1210	1163	1204	722	59.97	434	48	13	1209	MNINDNLSINSPVDNKNVVVVRARKTDTFFKAFKVAPNIWVAPERYYGESLSIDEEYKVDGGIYDSNFLSQDSEKDKFLQAIITLLKRINSTNAGEKLLSLISTAIPFPYGYIGGGYYAPNMITFGSAPKSNKKLNSLISSTIPFPYAG----YRETNYLSSEDNKSFYASNIVIFGPGANIVENNTVFYKKEDAENGMGTMTEIWFQPFLTYKYDQFYIDPAIELMKCLIKSLYFLYGIKPSDDLVVPYRLRNELENIEYSQLDIVDLLVSGGIDPKFINTDPYWFIDNYFSNAKKMFEDHRNIYETEIEGNNAIGNDIKLRLKQKFRININDIWELNLNYFSKEFNIMMPDRFNNALKHFYRKQYYKIDYPENYSINGFVNGQINAQLSLSDRNQDIINKPEEIINLLNENNVLLMRSNIYGDGLKSTVDDFYSNYKIPYNRAYEYHFNNSNDSSLDNVNVGVIDNIPEI--IDVNPYRKNCDPFTPVYNITETKEINTTIPFSVNYLQAQNANNEKFSLSSDFVEVVSSKDKSLAYSFLSNVMFYLDSIKDNSPIDTDKEYYLWLREIFRNYSFDITATQEINTNCGINKVVTWFGKALNILNTSDSFVEEFQNLGPISLINKKENLSMPIIEIYEIPNDMLGLPLNDLNEKLFNIYLKNILYFKKVYFNFLDQWWTEYYSQYFDLICMAKQSILAQEKLIKQIIQNKLQDLSK-ADISMDKLNLMNLATEKTFIDLSNESQIAINNINDFLNKSAICVFDTNIYPKFISFMEQCINSVNSNVTAFIQKCTNITEDEKLQLIKLNTFMNIDFEFFDIQSIKDLITSETDLIKEEKESDYNLFLFTLQEDNNKVIEDISGKNTLVKYSDSISLVYGVNGDALYLKEPDESVSFSNKAFENGLTNSFSICFWLRNLGEDIITSKLIENKADNCGWEIYFQNNGLVFSIVDCNGNEENIYLSDVISKNWYYISISIDRLRNQLLIFINDKLIANQSIEQILNIYSSNTISLVNGNNPIYVEGLSILNRSITSEEVVNNYFSYLNNSYIRDISGERLEYNKTYELYNYVFSENSLYEVTENNNIYLSIKDTNNLNIQGAKFKLINIDTNKQYVQKWDEGVVCLLGDEEKYVDISSENNRIQLVSSKDTAKRIIFNNDIFRPNCLTFAYNNKYLSLSFRDRNYNWMICNNNDNIPKAAHLWALKGI
PROKKA_00007	tr|C5UY14|C5UY14_CLOBO Botulinum neurotoxin type E1, nontoxic-nonhemagglutinin component, NTNH OS=Clostridium botulinum E1 str. 'BoNT E Beluga' GN=ntnH PE=4 SV=1 !!!ntnH	1210	1163	1204	722	59.97	434	48	13	1209	MNINDNLSINSPVDNKNVVVVRARKTDTFFKAFKVAPNIWVAPERYYGESLSIDEEYKVDGGIYDSNFLSQDSEKDKFLQAIITLLKRINSTNAGEKLLSLISTAIPFPYGYIGGGYYAPNMITFGSAPKSNKKLNSLISSTIPFPYAG----YRETNYLSSEDNKSFYASNIVIFGPGANIVENNTVFYKKEDAENGMGTMTEIWFQPFLTYKYDQFYIDPAIELMKCLIKSLYFLYGIKPSDDLVVPYRLRNELENIEYSQLDIVDLLVSGGIDPKFINTDPYWFIDNYFSNAKKMFEDHRNIYETEIEGNNAIGNDIKLRLKQKFRININDIWELNLNYFSKEFNIMMPDRFNNALKHFYRKQYYKIDYPENYSINGFVNGQINAQLSLSDRNQDIINKPEEIINLLNENNVLLMRSNIYGDGLKSTVDDFYSNYKIPYNRAYEYHFNNSNDSSLDNVNVGVIDNIPEI--IDVNPYRKNCDPFTPVYNITETKEINTTIPFSVNYLQAQNANNEKFSLSSDFVEVVSSKDKSLAYSFLSNVMFYLDSIKDNSPIDTDKEYYLWLREIFRNYSFDITATQEINTNCGINKVVTWFGKALNILNTSDSFVEEFQNLGPISLINKKENLSMPIIEIYEIPNDMLGLPLNDLNEKLFNIYLKNILYFKKVYFNFLDQWWTEYYSQYFDLICMAKQSILAQEKLIKQIIQNKLQDLSK-ADISMDKLNLMNLATEKTFIDLSNESQIAINNINDFLNKSAICVFDTNIYPKFISFMEQCINSVNSNVTAFIQKCTNITEDEKLQLIKLNTFMNIDFEFFDIQSIKDLITSETDLIKEEKESDYNLFLFTLQEDNNKVIEDISGKNTLVKYSDSISLVYGVNGDALYLKEPDESVSFSNKAFENGLTNSFSICFWLRNLGEDIITSKLIENKADNCGWEIYFQNNGLVFSIVDCNGNEENIYLSDVISKNWYYISISIDRLRNQLLIFINDKLIANQSIEQILNIYSSNTISLVNGNNPIYVEGLSILNRSITSEEVVNNYFSYLNNSYIRDISGERLEYNKTYELYNYVFSENSLYEVTENNNIYLSIKDTNNLNIQGAKFKLINIDTNKQYVQKWDEGVVCLLGDEEKYVDISSENNRIQLVSSKDTAKRIIFNNDIFRPNCLTFAYNNKYLSLSFRDRNYNWMICNNNDNIPKAAHLWALKGI
PROKKA_00007	tr|C4IHM0|C4IHM0_CLOBU Botulinum neurotoxin type E, nontoxic-nonhemagglutinin component, NTNH OS=Clostridium butyricum E4 str. BoNT E BL5262 GN=ntnH PE=4 SV=1 !!!ntnH	1210	1163	1204	725	60.22	431	48	13	1209	MNINDNLSINSPVDNKNVVVVRARKTDTFFKAFKVAPNIWVAPERYYGESLSIDEEYKVDGGIYDSNFLSQDSEKDKFLQAIITLLKRINSTNAGEKLLSLISTAIPFPYGYIGGGYYAPNMITFGSAPKSNKKLNSLISSTIPFPYAG----YRETNYLSSEDNKSFYASNIVIFGPGANIVENNTVFYKKEDAENGMGTMTEIWFQPFLTYKYDQFYIDPAIELMKCLIKSLYFLYGIKPSDDLVVPYRLRNELENIEYSQLDIVDLLVSGGIDPKFINTDPYWFIDNYFSNAKKMFEDHRNIYETEIEGNNAIGNDIKLRLKQKFRININDIWELNLNYFSKEFNIMMPDRFNNALKHFYRKQYYKIDYPENYSINGFVNGQINAQLSLSDRNQDIINKPEEIINLLNENNVLLMRSNIYGDGLKSTVDDFYSNYKIPYNRAYEYHFNNSNDSSLDNVNVGVIDNIPEI--IDVNPYRKNCDPFTPVYNITETKEINTTIPFSVNYLQAQNANNEKFSLSSDFVEVVSSKDKSLAYSFLSNVMFYLDSIKDNSPIDTDKEYYLWLREIFRNYSFDITATQEINTNCGINKVVTWFGKALNILNTSDSFVEEFQNLGPISLINKKENLSMPIIEIYEIPNDMLGLPLNDLNEKLFNIYLKNILYFKKVYFNFLDQWWTEYYSQYFDLICMAKQSILAQEKLIKQIIQNKLQDLSK-ADISMDKLNLMNLATEKTFIDLSNESQIAINNINDFLNKSAICVFDTNIYPKFISFMEQCINSVNSNVTAFIQKCTNITEDEKLQLIKLNTFMNIDFEFFDIQSIKDLITSETDLIKEEKESDYNLFLFTLQEDNNKVIEDISGKNTLVKYSDSISLVYGVNGDALYLKEPDESVSFSNKAFENGLTNSFSICFWLRNLGEDIITSKLIENKADNCGWEIYFQNNGLVFSIVDCNGNEENIYLSDVISKNWYYISISIDRLRNQLLIFINDKLIANQSIEQILNIYSSNTISLVNGNNPIYVEGLSILNRSITSEEVVNNYFSYLNNSYIRDISGERLEYNKTYELYNYVFSENSLYEVTENNNIYLSIKDTNNLNIQGAKFKLINIDTNKQYVQKWDEGVVCLLGDEEKYVDISSENNRIQLVSSKDTAKRIIFNNDIFRPNCLTFAYNNKYLSLSFRDRNYNWMICNNNDNIPKAAHLWALKGI
PROKKA_00007	tr|A0A059PYE4|A0A059PYE4_9CLOT Toxin OS=Clostridium baratii GN=UC77_04385 PE=4 SV=1 !!! 	1210	140	40	16	40.00	23	1	601	639	VTWFGKALNILNTSDSFVEEFQNLGPISLIN-KKENLSMP
PROKKA_00007	tr|A0A0A7FVW8|A0A0A7FVW8_9CLOT Putative oRF-X1 OS=Clostridium baratii str. Sullivan GN=U729_698 PE=4 SV=1 !!!ORF-X1	1210	140	40	16	40.00	23	1	601	639	VTWFGKALNILNTSDSFVEEFQNLGPISLIN-KKENLSMP
PROKKA_00007	tr|A7GBF8|A7GBF8_CLOBL Toxin complex component ORF-X2 OS=Clostridium botulinum (strain Langeland / NCTC 10281 / Type F) GN=CLI_0846 PE=4 SV=1 !!!ORF-X2	1210	750	19	9	47.37	10	0	769	787	DTNIYPKFISFMEQCINSV
PROKKA_00007	tr|A7GBG0|A7GBG0_CLOBL Transcriptional regulator BotR, P-21 OS=Clostridium botulinum (strain Langeland / NCTC 10281 / Type F) GN=botR PE=4 SV=1 !!!BotR	1210	178	22	12	54.55	10	0	807	828	LQLIKLNTFMNIDFEFFDIQSI
PROKKA_00007	tr|A0A073CMR9|A0A073CMR9_CLOBO Transcriptional regulator OS=Clostridium botulinum A2B3 87 GN=N496_18580 PE=4 SV=1 !!! 	1210	178	22	12	54.55	10	0	807	828	LQLIKLNTFMNIDFEFFDIQSI
PROKKA_00007	tr|C5VU79|C5VU79_CLOBO Hemagglutinin component HA33 OS=Clostridium botulinum D str. 1873 GN=ha33 PE=4 SV=1 !!!ha33	1210	285	19	10	52.63	8	1	289	307	NTDPYWFIDNYFSNAKKMF
PROKKA_00008	tr|A5HZZ7|A5HZZ7_CLOBH RNA polymerase ECF-type sigma factor OS=Clostridium botulinum (strain Hall / ATCC 3502 / NCTC 13319 / Type A) GN=botR PE=4 SV=1 !!!BotR	179	178	178	178	100.00	0	0	1	178	MNKLFLQIKMLKNDNREFQEIFKHFEKTINIFTRKYNIYDNYNDILYHLWYTLKKVDLSNFNTQNDLERYISRTLKRYCLDICNKRKIDKKIIYNSEIVDKKLSLIANSYSSYLEFEFNDLISILPDDQKKIIYMKFVEDIKEIDIAKKLNISRQSVYKNKIMALERLEPILKKLINM
PROKKA_00008	tr|S8CEF4|S8CEF4_CLOBO Transcriptional regulator BotR, P-21 OS=Clostridium botulinum CFSAN002367 GN=CFSAN002367_15806 PE=4 SV=1 !!!BotR	179	178	178	178	100.00	0	0	1	178	MNKLFLQIKMLKNDNREFQEIFKHFEKTINIFTRKYNIYDNYNDILYHLWYTLKKVDLSNFNTQNDLERYISRTLKRYCLDICNKRKIDKKIIYNSEIVDKKLSLIANSYSSYLEFEFNDLISILPDDQKKIIYMKFVEDIKEIDIAKKLNISRQSVYKNKIMALERLEPILKKLINM
PROKKA_00008	tr|A0A073CP83|A0A073CP83_CLOBO Transcriptional regulator OS=Clostridium botulinum A2B3 87 GN=N496_19575 PE=4 SV=1 !!! 	179	178	178	177	99.44	1	0	1	178	MNKLFLQIKMLKNDNREFQEIFKHFEKTINIFTRKYNIYDNYNDILYHLWYTLKKVDLSNFNTQNDLERYISRTLKRYCLDICNKRKIDKKIIYNSEIVDKKLSLIANSYSSYLEFEFNDLISILPDDQKKIIYMKFVEDIKEIDIAKKLNISRQSVYKNKIMALERLEPILKKLINM
PROKKA_00008	tr|A0A0D1AER2|A0A0D1AER2_CLOBO Transcriptional regulator OS=Clostridium botulinum B2 450 GN=N495_19875 PE=4 SV=1 !!! 	179	178	178	176	98.88	2	0	1	178	MNKLFLQIKMLKNDNREFQEIFKHFEKTINIFTRKYNIYDNYNDILYHLWYTLKKVDLSNFNTQNDLERYISRTLKRYCLDICNKRKIDKKIIYNSEIVDKKLSLIANSYSSYLEFEFNDLISILPDDQKKIIYMKFVEDIKEIDIAKKLNISRQSVYKNKIMALERLEPILKKLINM
PROKKA_00008	tr|M1ZWZ6|M1ZWZ6_CLOBO Transcriptional regulator BotR, P-21 OS=Clostridium botulinum CFSAN001627 GN=CFSAN001627_10483 PE=4 SV=1 !!!BotR	179	178	178	175	98.31	3	0	1	178	MNKLFLQIKMLKNDNREFQEIFKHFEKTINIFTRKYNIYDNYNDILYHLWYTLKKVDLSNFNTQNDLERYISRTLKRYCLDICNKRKIDKKIIYNSEIVDKKLSLIANSYSSYLEFEFNDLISILPDDQKKIIYMKFVEDIKEIDIAKKLNISRQSVYKNKIMALERLEPILKKLINM
PROKKA_00008	tr|A0A060N3U8|A0A060N3U8_CLOBO Transcriptional regulator botR OS=Clostridium botulinum B str. Osaka05 GN=CBO05P2_176 PE=4 SV=1 !!!BotR	179	178	178	174	97.75	4	0	1	178	MNKLFLQIKMLKNDNREFQEIFKHFEKTINIFTRKYNIYDNYNDILYHLWYTLKKVDLSNFNTQNDLERYISRTLKRYCLDICNKRKIDKKIIYNSEIVDKKLSLIANSYSSYLEFEFNDLISILPDDQKKIIYMKFVEDIKEIDIAKKLNISRQSVYKNKIMALERLEPILKKLINM
PROKKA_00008	tr|B2TSC2|B2TSC2_CLOBB Putative RNA polymerase sigma factor OS=Clostridium botulinum (strain Eklund 17B / Type B) GN=botR PE=4 SV=1 !!!BotR	179	179	172	162	94.19	10	0	1	172	MNKLFLQIKMLKNDNREFQEIFKHFEKTINIFTRKYNIYDNYNDILYHLWYTLKKVDLSNFNTQNDLERYISRTLKRYCLDICNKRKIDKKIIYNSEIVDKKLSLIANSYSSYLEFEFNDLISILPDDQKKIIYMKFVEDIKEIDIAKKLNISRQSVYKNKIMALERLEPIL
PROKKA_00008	tr|A0A0C1QVR0|A0A0C1QVR0_9CLOT Transcriptional regulator BotR, P-21 OS=Clostridium argentinense CDC 2741 GN=botR PE=4 SV=1 !!!BotR	179	178	178	106	59.55	72	0	1	178	MNKLFLQIKMLKNDNREFQEIFKHFEKTINIFTRKYNIYDNYNDILYHLWYTLKKVDLSNFNTQNDLERYISRTLKRYCLDICNKRKIDKKIIYNSEIVDKKLSLIANSYSSYLEFEFNDLISILPDDQKKIIYMKFVEDIKEIDIAKKLNISRQSVYKNKIMALERLEPILKKLINM
PROKKA_00008	tr|A7GBG0|A7GBG0_CLOBL Transcriptional regulator BotR, P-21 OS=Clostridium botulinum (strain Langeland / NCTC 10281 / Type F) GN=botR PE=4 SV=1 !!!BotR	179	178	178	109	61.24	69	0	1	178	MNKLFLQIKMLKNDNREFQEIFKHFEKTINIFTRKYNIYDNYNDILYHLWYTLKKVDLSNFNTQNDLERYISRTLKRYCLDICNKRKIDKKIIYNSEIVDKKLSLIANSYSSYLEFEFNDLISILPDDQKKIIYMKFVEDIKEIDIAKKLNISRQSVYKNKIMALERLEPILKKLINM
PROKKA_00008	tr|B1L2G2|B1L2G2_CLOBM Transcriptional regulator BotR, P-21 OS=Clostridium botulinum (strain Loch Maree / Type A3) GN=botR PE=4 SV=1 !!!BotR	179	184	175	108	61.71	67	0	4	178	LFLQIKMLKNDNREFQEIFKHFEKTINIFTRKYNIYDNYNDILYHLWYTLKKVDLSNFNTQNDLERYISRTLKRYCLDICNKRKIDKKIIYNSEIVDKKLSLIANSYSSYLEFEFNDLISILPDDQKKIIYMKFVEDIKEIDIAKKLNISRQSVYKNKIMALERLEPILKKLINM
PROKKA_00008	tr|A0A073CMR9|A0A073CMR9_CLOBO Transcriptional regulator OS=Clostridium botulinum A2B3 87 GN=N496_18580 PE=4 SV=1 !!! 	179	178	178	106	59.55	72	0	1	178	MNKLFLQIKMLKNDNREFQEIFKHFEKTINIFTRKYNIYDNYNDILYHLWYTLKKVDLSNFNTQNDLERYISRTLKRYCLDICNKRKIDKKIIYNSEIVDKKLSLIANSYSSYLEFEFNDLISILPDDQKKIIYMKFVEDIKEIDIAKKLNISRQSVYKNKIMALERLEPILKKLINM
PROKKA_00008	tr|B1BE47|B1BE47_CLOBO Clostridium toxin-associated regulator BotR OS=Clostridium botulinum C str. Eklund GN=botR PE=4 SV=1 !!!BotR	179	179	179	85	47.49	93	1	1	178	MNKLFLQIKMLKNDNREFQEIFKHFEKTIN-IFTRKYNIYDNYNDILYHLWYTLKKVDLSNFNTQNDLERYISRTLKRYCLDICNKRKIDKKIIYNSEIVDKKLSLIANSYSSYLEFEFNDLISILPDDQKKIIYMKFVEDIKEIDIAKKLNISRQSVYKNKIMALERLEPILKKLINM
PROKKA_00008	tr|B2TSC3|B2TSC3_CLOBB Botulinum neurotoxin type B OS=Clostridium botulinum (strain Eklund 17B / Type B) GN=ntnH PE=4 SV=1 !!!ntnH	179	1197	57	16	28.07	38	3	65	120	NDLERYISRTLKRYCLDICNKRKIDKKIIYNSEIVDKKLSLIANSYSS-YLEFEFND
PROKKA_00008	tr|M1ZPH7|M1ZPH7_CLOBO Hemagglutinin component HA70 OS=Clostridium botulinum CFSAN001627 GN=CFSAN001627_19663 PE=4 SV=1 !!!ha70	179	626	33	10	30.30	23	0	36	68	YNIYDNYNDILYHLWYTLKKVDLSNFNTQNDLE
PROKKA_00008	tr|B1INP6|B1INP6_CLOBK Botulinum neurotoxin type B1, nontoxic-nonhemagglutinin component, NTNH OS=Clostridium botulinum (strain Okra / Type B1) GN=ntnH PE=4 SV=1 !!!ntnH	179	1197	34	9	26.47	25	0	65	98	NDLERYISRTLKRYCLDICNKRKIDKKIIYNSEI
PROKKA_00008	tr|A0A0A7FV57|A0A0A7FV57_9CLOT Clostridium P-47 family protein OS=Clostridium baratii str. Sullivan GN=U729_696 PE=4 SV=1 !!!P-47	179	491	37	12	32.43	25	0	84	120	NKRKIDKKIIYNSEIVDKKLSLIANSYSSYLEFEFND
PROKKA_00008	tr|A0A059PY44|A0A059PY44_9CLOT Toxin complex component ORF-X3 OS=Clostridium baratii PE=4 SV=1 !!!ORF-X3	179	491	37	12	32.43	25	0	84	120	NKRKIDKKIIYNSEIVDKKLSLIANSYSSYLEFEFND
PROKKA_00008	tr|A0A060N6G5|A0A060N6G5_CLOBO Nontoxic-nonhemagglutinin component, NTNH OS=Clostridium botulinum B str. Osaka05 GN=CBO05P2_175 PE=4 SV=1 !!!ntnH	179	1197	28	9	32.14	17	2	25	50	FEKTINIFTRKYNIY--DNYNDILYHLW
PROKKA_00008	tr|A0A060N6G5|A0A060N6G5_CLOBO Nontoxic-nonhemagglutinin component, NTNH OS=Clostridium botulinum B str. Osaka05 GN=CBO05P2_175 PE=4 SV=1 !!!ntnH	179	1197	34	8	23.53	26	0	65	98	NDLERYISRTLKRYCLDICNKRKIDKKIIYNSEI
PROKKA_00008	tr|C5VU78|C5VU78_CLOBO Hemagglutinin component HA17 OS=Clostridium botulinum D str. 1873 GN=ha17 PE=4 SV=1 !!!ha17	179	146	34	11	32.35	23	0	29	62	INIFTRKYNIYDNYNDILYHLWYTLKKVDLSNFN
PROKKA_00008	tr|S8BA68|S8BA68_CLOBO Hemagglutinin component HA70 OS=Clostridium botulinum CFSAN002367 GN=CFSAN002367_15786 PE=4 SV=1 !!!ha70	179	508	32	9	28.12	23	0	36	67	YNIYDNYNDILYHLWYTLKKVDLSNFNTQNDL
PROKKA_00008	tr|B1INQ0|B1INQ0_CLOBK Hemagglutinin component HA70 OS=Clostridium botulinum (strain Okra / Type B1) GN=ha70 PE=4 SV=1 !!!ha70	179	626	33	9	27.27	24	0	36	68	YNIYDNYNDILYHLWYTLKKVDLSNFNTQNDLE
PROKKA_00008	tr|A0A060NA10|A0A060NA10_CLOBO Haemagglutinin component HA70 OS=Clostridium botulinum B str. Osaka05 GN=CBO05P2_179 PE=4 SV=1 !!!ha70	179	626	33	9	27.27	24	0	36	68	YNIYDNYNDILYHLWYTLKKVDLSNFNTQNDLE
PROKKA_00008	tr|A0A0E1L2H2|A0A0E1L2H2_CLOBO Hemagglutinin components HA-22/23/53 OS=Clostridium botulinum CDC_1436 GN=ha-70 PE=4 SV=1 !!!ha70	179	626	33	9	27.27	24	0	36	68	YNIYDNYNDILYHLWYTLKKVDLSNFNTQNDLE
PROKKA_00008	tr|A0A0B4W4X0|A0A0B4W4X0_CLOBO Hemagglutinin components HA-22/23/53 OS=Clostridium botulinum Prevot_594 GN=ha-70 PE=4 SV=1 !!!ha70	179	626	32	9	28.12	23	0	36	67	YNIYDNYNDILYHLWYTLKKVDLSNFNTQNDL
PROKKA_00008	tr|A5HZZ4|A5HZZ4_CLOBH Hemagglutinin component of the neurotoxin complex OS=Clostridium botulinum (strain Hall / ATCC 3502 / NCTC 13319 / Type A) GN=ha70 PE=1 SV=1 !!!ha70	179	626	33	9	27.27	24	0	36	68	YNIYDNYNDILYHLWYTLKKVDLSNFNTQNDLE
PROKKA_00009	tr|A5HZZ6|A5HZZ6_CLOBH Hemagglutinin component of the neurotoxin complex OS=Clostridium botulinum (strain Hall / ATCC 3502 / NCTC 13319 / Type A) GN=ha33 PE=1 SV=1 !!!ha33	294	293	293	293	100.00	0	0	1	293	MEHYSVIQNSLNDKIVTISCKADTNLFFYQVAGNVSLFQQTRNYLERWRLIYDSNKAAYKIKSMDIHNTNLVLTWNAPTHNISTQQDSNADNQYWLLLKDIGNNSFIIASYKNPNLVLYADTVARNLKLSTLNNSNYIKFIIEDYIISDLNNFTCKISPILDLNKVVQQVDVTNLNVNLYTWDYGRNQKWTIRYNEEKAAYQFFNTILSNGVLTWIFSNGNTVRVSSSNDQNNDAQYWLINPVSDTDETYTITNLRDTTKALDLYGGQTANGTAIQVFNYHGDDNQKWNIRNP
PROKKA_00009	tr|B2TSC1|B2TSC1_CLOBB Haemagglutinin component OS=Clostridium botulinum (strain Eklund 17B / Type B) GN=ha33 PE=4 SV=1  !!!ha33	294	292	293	262	89.42	30	1	1	293	MEHYSVIQNSLNDKIVTISCKADTNLFFYQVAGNVSLFQQTRNYLERWRLIYDSNKAAYKIKSMDIHNTNLVLTWNAPTHNISTQQDSNADNQYWLLLKDIGNNSFIIASYKNPNLVLYADTVARNLKLSTLNNSNYIKFIIEDYIISDLNNFTCKISPILDLNKVVQQVDVTNLNVNLYTWDYGRNQKWTIRYNEEKAAYQFFNTILSNGVLTWIFSNGNTVRVSSSNDQNNDAQYWLINPVSDTDETYTITNLRDTTKALDLYGGQTANGTAIQVFNYHGDDNQKWNIRNP
PROKKA_00009	tr|B1INP8|B1INP8_CLOBK Hemagglutinin component HA33 OS=Clostridium botulinum (strain Okra / Type B1) GN=ha33 PE=1 SV=1 !!!ha33	294	294	295	249	84.41	43	3	1	293	MEHYSVIQNSLNDKIVTISCKADTNLFFYQVAGN--VSLFQQTRNYLERWRLIYDSNKAAYKIKSMDIHNTNLVLTWNAPTHNISTQQDSNADNQYWLLLKDIGNNSFIIASYKNPNLVLYADTVARNLKLSTLNNSNYIKFIIEDYIISDLNNFTCKISPILDLNKVVQQVDVTNLNVNLYTWDYGRNQKWTIRYNEEKAAYQFFNTILSNGVLTWIFSNGNTVRVSSSNDQNNDAQYWLINPVSDTDETYTITNLRDTTKALDLYGGQTANGTAIQVFNYHGDDNQKWNIRNP
PROKKA_00009	tr|A0A0C1TY77|A0A0C1TY77_9CLOT Main hemagglutinin component OS=Clostridium argentinense CDC 2741 GN=ha-33 PE=4 SV=1 !!!ha33	294	285	282	117	41.49	154	11	11	290	LNDKIVTISCKADTNLFFYQVA-GNVSLFQQTRNYLERWRLIYDSNKAAYKIKSMDIHNTNLVLTWNAPTHNISTQQDSNADNQYWLLLKDIGNNSFIIASYKNPNLVL-YADTVARNLKLSTLNNSNYIKFIIEDYIISDLNNFTCKISPILDLNKVVQQVDVTNLNVNLYTWDYGRNQKWTIRYNEEKAAYQFFNTILSNGVLTWIFSNGNTVRVSSSNDQNNDAQYWLINPVSDTDETYTITNLRDTTKALDLYGGQTANGTAIQVFNYHGDDNQKWNI
PROKKA_00009	tr|C5VU79|C5VU79_CLOBO Hemagglutinin component HA33 OS=Clostridium botulinum D str. 1873 GN=ha33 PE=4 SV=1 !!!ha33	294	285	278	111	39.93	158	9	12	288	NDKIVTISCKADTNLFFYQVA-GNVSLFQQTRNYLERWRLIYDSNKAAYKIKSMDIHNTNLVLTWNAPTHNISTQQDSNADNQYWLLLKDIGNNSFIIASYKNPNLVLYADTVARNLKLSTLNNSNYIKFIIEDYIISDLNNFTCKISPILDLNKVVQQVDVTNLNVNLYTWDYGRNQKWTIRYNEEKAAYQFFNTILSNGVLTWIFSNGNTVRVSSSNDQNNDAQYWLINPVSDTDETYTITNLRDTTKALDLYGGQTANGTAIQVFNYHGDDNQKW
PROKKA_00009	tr|A0A0C1QVX2|A0A0C1QVX2_9CLOT Hemagglutinin component HA-17 OS=Clostridium argentinense CDC 2741 GN=ha-17 PE=4 SV=1 !!!ha17	294	147	103	32	31.07	64	7	187	286	NQKWTIRYNEEKAAYQFFNTILSNGVLTWIFSNGNTVRVSSSNDQNNDAQYWLINPVSDTDETYTITNLRDTTKALDLY---GGQTANGTAIQVFNYHGDDNQ
PROKKA_00009	tr|A0A0C1QVX2|A0A0C1QVX2_9CLOT Hemagglutinin component HA-17 OS=Clostridium argentinense CDC 2741 GN=ha-17 PE=4 SV=1 !!!ha17	294	147	68	23	33.82	41	4	46	112	ERWRLIYDSNKAAYKIKSMDIHNTNLVLTWNAPTHNISTQ-QDSNADNQYWLLLKDIGNNSFIIASYK
PROKKA_00009	tr|A0A0C1QVX2|A0A0C1QVX2_9CLOT Hemagglutinin component HA-17 OS=Clostridium argentinense CDC 2741 GN=ha-17 PE=4 SV=1 !!!ha17	294	147	113	35	30.97	65	13	59	164	YKIKSMDIHNTNLVLTWNAPTHNISTQQDSNADN-QYWLLLKDIGNNSFIIASYKNPNLVLYADT----VARNLKLSTLNNSNYIKFIIED--YIISDLNNFTCKISPILDLN
PROKKA_00009	tr|B2TSC0|B2TSC0_CLOBB Hemagglutinin component HA-17 OS=Clostridium botulinum (strain Eklund 17B / Type B) GN=ha17 PE=4 SV=1 !!!ha17	294	146	96	30	31.25	58	8	59	151	YKIKSMDIHNTNLVLTWNAPTHNISTQQDSNADNQYWLLLKDIGNNSFIIASYKNPNLVLYADTVARNLKLSTLNNSNY---IKFIIEDYIISDLN
PROKKA_00009	tr|B2TSC0|B2TSC0_CLOBB Hemagglutinin component HA-17 OS=Clostridium botulinum (strain Eklund 17B / Type B) GN=ha17 PE=4 SV=1 !!!ha17	294	146	84	20	23.81	53	11	185	265	GRNQKWTIRYNEEKAAYQFFNTILSNGVLTWIFSNGNTVRVSSSNDQNNDAQYWLINPVSDTDETYTITNLRDTTK---ALDLY
PROKKA_00009	tr|A5HZZ5|A5HZZ5_CLOBH Hemagglutinin component of the neurotoxin complex OS=Clostridium botulinum (strain Hall / ATCC 3502 / NCTC 13319 / Type A) GN=ha17 PE=1 SV=1 !!!ha17	294	146	96	30	31.25	58	8	59	151	YKIKSMDIHNTNLVLTWNAPTHNISTQQDSNADNQYWLLLKDIGNNSFIIASYKNPNLVLYADTVARNLKLSTLNNSNY---IKFIIEDYIISDLN
PROKKA_00009	tr|A5HZZ5|A5HZZ5_CLOBH Hemagglutinin component of the neurotoxin complex OS=Clostridium botulinum (strain Hall / ATCC 3502 / NCTC 13319 / Type A) GN=ha17 PE=1 SV=1 !!!ha17	294	146	31	9	29.03	22	0	185	215	GRNQKWTIRYNEEKAAYQFFNTILSNGVLTW
PROKKA_00009	tr|A0A0B4W498|A0A0B4W498_CLOBO Hemagglutinin component HA-17 OS=Clostridium botulinum Prevot_594 GN=ha-17 PE=4 SV=1 !!!ha17	294	146	96	30	31.25	58	8	59	151	YKIKSMDIHNTNLVLTWNAPTHNISTQQDSNADNQYWLLLKDIGNNSFIIASYKNPNLVLYADTVARNLKLSTLNNSNY---IKFIIEDYIISDLN
PROKKA_00009	tr|A0A0B4W498|A0A0B4W498_CLOBO Hemagglutinin component HA-17 OS=Clostridium botulinum Prevot_594 GN=ha-17 PE=4 SV=1 !!!ha17	294	146	31	9	29.03	22	0	185	215	GRNQKWTIRYNEEKAAYQFFNTILSNGVLTW
PROKKA_00009	tr|A0A0B4W498|A0A0B4W498_CLOBO Hemagglutinin component HA-17 OS=Clostridium botulinum Prevot_594 GN=ha-17 PE=4 SV=1 !!!ha17	294	146	95	21	22.11	68	6	26	120	LFFYQVAGNVSLFQQTRNYLERWRLIYDSNKAAYKIKSMDIHNTNLVLTWNAPTHNISTQQDSNADNQYWLLLKDIGNNSFIIASYKNPNLVLYA
PROKKA_00009	tr|A0A0D1BS75|A0A0D1BS75_CLOBO Hemagglutinin OS=Clostridium botulinum B2 450 GN=N495_19885 PE=4 SV=1 !!! 	294	146	96	30	31.25	58	8	59	151	YKIKSMDIHNTNLVLTWNAPTHNISTQQDSNADNQYWLLLKDIGNNSFIIASYKNPNLVLYADTVARNLKLSTLNNSNY---IKFIIEDYIISDLN
PROKKA_00009	tr|A0A0D1BS75|A0A0D1BS75_CLOBO Hemagglutinin OS=Clostridium botulinum B2 450 GN=N495_19885 PE=4 SV=1 !!! 	294	146	31	9	29.03	22	0	185	215	GRNQKWTIRYNEEKAAYQFFNTILSNGVLTW
PROKKA_00009	tr|A0A0D1BS75|A0A0D1BS75_CLOBO Hemagglutinin OS=Clostridium botulinum B2 450 GN=N495_19885 PE=4 SV=1 !!! 	294	146	95	21	22.11	68	6	26	120	LFFYQVAGNVSLFQQTRNYLERWRLIYDSNKAAYKIKSMDIHNTNLVLTWNAPTHNISTQQDSNADNQYWLLLKDIGNNSFIIASYKNPNLVLYA
PROKKA_00009	tr|A0A060N976|A0A060N976_CLOBO Hemagglutinin component HA17 OS=Clostridium botulinum B str. Osaka05 GN=CBO05P2_178 PE=4 SV=1 !!!ha17	294	146	96	30	31.25	58	8	59	151	YKIKSMDIHNTNLVLTWNAPTHNISTQQDSNADNQYWLLLKDIGNNSFIIASYKNPNLVLYADTVARNLKLSTLNNSNY---IKFIIEDYIISDLN
PROKKA_00009	tr|A0A060N976|A0A060N976_CLOBO Hemagglutinin component HA17 OS=Clostridium botulinum B str. Osaka05 GN=CBO05P2_178 PE=4 SV=1 !!!ha17	294	146	31	9	29.03	22	0	185	215	GRNQKWTIRYNEEKAAYQFFNTILSNGVLTW
PROKKA_00009	tr|A0A060N976|A0A060N976_CLOBO Hemagglutinin component HA17 OS=Clostridium botulinum B str. Osaka05 GN=CBO05P2_178 PE=4 SV=1 !!!ha17	294	146	95	21	22.11	68	6	26	120	LFFYQVAGNVSLFQQTRNYLERWRLIYDSNKAAYKIKSMDIHNTNLVLTWNAPTHNISTQQDSNADNQYWLLLKDIGNNSFIIASYKNPNLVLYA
PROKKA_00009	tr|A0A0E1L447|A0A0E1L447_CLOBO Hemagglutinin component HA-17 OS=Clostridium botulinum CDC_1436 GN=ha-17 PE=4 SV=1 !!!ha17	294	146	96	30	31.25	58	8	59	151	YKIKSMDIHNTNLVLTWNAPTHNISTQQDSNADNQYWLLLKDIGNNSFIIASYKNPNLVLYADTVARNLKLSTLNNSNY---IKFIIEDYIISDLN
PROKKA_00009	tr|A0A0E1L447|A0A0E1L447_CLOBO Hemagglutinin component HA-17 OS=Clostridium botulinum CDC_1436 GN=ha-17 PE=4 SV=1 !!!ha17	294	146	31	9	29.03	22	0	185	215	GRNQKWTIRYNEEKAAYQFFNTILSNGVLTW
PROKKA_00009	tr|A0A0E1L447|A0A0E1L447_CLOBO Hemagglutinin component HA-17 OS=Clostridium botulinum CDC_1436 GN=ha-17 PE=4 SV=1 !!!ha17	294	146	95	21	22.11	68	6	26	120	LFFYQVAGNVSLFQQTRNYLERWRLIYDSNKAAYKIKSMDIHNTNLVLTWNAPTHNISTQQDSNADNQYWLLLKDIGNNSFIIASYKNPNLVLYA
PROKKA_00009	tr|B1INP9|B1INP9_CLOBK Hemagglutinin component HA17 OS=Clostridium botulinum (strain Okra / Type B1) GN=ha17 PE=4 SV=1 !!!ha17	294	146	96	29	30.21	59	8	59	151	YKIKSMDIHNTNLVLTWNAPTHNISTQQDSNADNQYWLLLKDIGNNSFIIASYKNPNLVLYADTVARNLKLSTLNNSNY---IKFIIEDYIISDLN
PROKKA_00009	tr|B1INP9|B1INP9_CLOBK Hemagglutinin component HA17 OS=Clostridium botulinum (strain Okra / Type B1) GN=ha17 PE=4 SV=1 !!!ha17	294	146	31	9	29.03	22	0	185	215	GRNQKWTIRYNEEKAAYQFFNTILSNGVLTW
PROKKA_00009	tr|B1INP9|B1INP9_CLOBK Hemagglutinin component HA17 OS=Clostridium botulinum (strain Okra / Type B1) GN=ha17 PE=4 SV=1 !!!ha17	294	146	95	21	22.11	68	6	26	120	LFFYQVAGNVSLFQQTRNYLERWRLIYDSNKAAYKIKSMDIHNTNLVLTWNAPTHNISTQQDSNADNQYWLLLKDIGNNSFIIASYKNPNLVLYA
PROKKA_00009	tr|A0A073CN83|A0A073CN83_CLOBO Hemagglutinin OS=Clostridium botulinum A2B3 87 GN=N496_19565 PE=4 SV=1 !!! 	294	146	31	10	32.26	21	0	185	215	GRNQKWTIRYNEEKAAYQFFNTILSNGVLTW
PROKKA_00009	tr|A0A073CN83|A0A073CN83_CLOBO Hemagglutinin OS=Clostridium botulinum A2B3 87 GN=N496_19565 PE=4 SV=1 !!! 	294	146	96	29	30.21	59	8	59	151	YKIKSMDIHNTNLVLTWNAPTHNISTQQDSNADNQYWLLLKDIGNNSFIIASYKNPNLVLYADTVARNLKLSTLNNSNY---IKFIIEDYIISDLN
PROKKA_00009	tr|A0A073CN83|A0A073CN83_CLOBO Hemagglutinin OS=Clostridium botulinum A2B3 87 GN=N496_19565 PE=4 SV=1 !!! 	294	146	95	21	22.11	68	6	26	120	LFFYQVAGNVSLFQQTRNYLERWRLIYDSNKAAYKIKSMDIHNTNLVLTWNAPTHNISTQQDSNADNQYWLLLKDIGNNSFIIASYKNPNLVLYA
PROKKA_00009	tr|C5VU78|C5VU78_CLOBO Hemagglutinin component HA17 OS=Clostridium botulinum D str. 1873 GN=ha17 PE=4 SV=1 !!!ha17	294	146	60	20	33.33	36	4	59	118	YKIKSMDIHNTNLVLTWNAPTHNISTQQDSNADNQYWLLLKDIGNNSFIIASYKNPNLVL
PROKKA_00009	tr|C5VU78|C5VU78_CLOBO Hemagglutinin component HA17 OS=Clostridium botulinum D str. 1873 GN=ha17 PE=4 SV=1 !!!ha17	294	146	29	9	31.03	20	0	187	215	NQKWTIRYNEEKAAYQFFNTILSNGVLTW
PROKKA_00009	tr|B1BE45|B1BE45_CLOBO Non-toxin haemagglutinin HA-17 OS=Clostridium botulinum C str. Eklund GN=CBC_A0168 PE=4 SV=1 !!!ha17	294	146	29	10	34.48	19	0	187	215	NQKWTIRYNEEKAAYQFFNTILSNGVLTW
PROKKA_00009	tr|B1BE45|B1BE45_CLOBO Non-toxin haemagglutinin HA-17 OS=Clostridium botulinum C str. Eklund GN=CBC_A0168 PE=4 SV=1 !!!ha17	294	146	39	15	38.46	20	4	59	97	YKIKSMDIHNTNLVLTWNAPTHNISTQQDSNADNQYWLL
PROKKA_00009	tr|A7GBF8|A7GBF8_CLOBL Toxin complex component ORF-X2 OS=Clostridium botulinum (strain Langeland / NCTC 10281 / Type F) GN=CLI_0846 PE=4 SV=1 !!!ORF-X2	294	750	36	10	27.78	26	0	238	273	WLINPVSDTDETYTITNLRDTTKALDLYGGQTANGT
PROKKA_00010	tr|A5HZZ5|A5HZZ5_CLOBH Hemagglutinin component of the neurotoxin complex OS=Clostridium botulinum (strain Hall / ATCC 3502 / NCTC 13319 / Type A) GN=ha17 PE=1 SV=1 !!!ha17	147	146	146	146	100.00	0	0	1	146	MSVERTFLPNGNYNIKSIFSGSLYLNPVSKSLTFSNESSANNQKWNVEYMAENRCFKISNVAEPNKYLSYDNFGFISLDSLSNRCYWFPIKIAVNTYIMLSLNKVNELDYAWDIYDTNENILSQPLLLLPNFDIYNSNQMFKLEKI
PROKKA_00010	tr|B1INP9|B1INP9_CLOBK Hemagglutinin component HA17 OS=Clostridium botulinum (strain Okra / Type B1) GN=ha17 PE=4 SV=1 !!!ha17	147	146	146	143	97.95	3	0	1	146	MSVERTFLPNGNYNIKSIFSGSLYLNPVSKSLTFSNESSANNQKWNVEYMAENRCFKISNVAEPNKYLSYDNFGFISLDSLSNRCYWFPIKIAVNTYIMLSLNKVNELDYAWDIYDTNENILSQPLLLLPNFDIYNSNQMFKLEKI
PROKKA_00010	tr|A0A0D1BS75|A0A0D1BS75_CLOBO Hemagglutinin OS=Clostridium botulinum B2 450 GN=N495_19885 PE=4 SV=1 !!! 	147	146	146	144	98.63	2	0	1	146	MSVERTFLPNGNYNIKSIFSGSLYLNPVSKSLTFSNESSANNQKWNVEYMAENRCFKISNVAEPNKYLSYDNFGFISLDSLSNRCYWFPIKIAVNTYIMLSLNKVNELDYAWDIYDTNENILSQPLLLLPNFDIYNSNQMFKLEKI
PROKKA_00010	tr|A0A060N976|A0A060N976_CLOBO Hemagglutinin component HA17 OS=Clostridium botulinum B str. Osaka05 GN=CBO05P2_178 PE=4 SV=1 !!!ha17	147	146	146	144	98.63	2	0	1	146	MSVERTFLPNGNYNIKSIFSGSLYLNPVSKSLTFSNESSANNQKWNVEYMAENRCFKISNVAEPNKYLSYDNFGFISLDSLSNRCYWFPIKIAVNTYIMLSLNKVNELDYAWDIYDTNENILSQPLLLLPNFDIYNSNQMFKLEKI
PROKKA_00010	tr|A0A0E1L447|A0A0E1L447_CLOBO Hemagglutinin component HA-17 OS=Clostridium botulinum CDC_1436 GN=ha-17 PE=4 SV=1 !!!ha17	147	146	146	144	98.63	2	0	1	146	MSVERTFLPNGNYNIKSIFSGSLYLNPVSKSLTFSNESSANNQKWNVEYMAENRCFKISNVAEPNKYLSYDNFGFISLDSLSNRCYWFPIKIAVNTYIMLSLNKVNELDYAWDIYDTNENILSQPLLLLPNFDIYNSNQMFKLEKI
PROKKA_00010	tr|A0A073CN83|A0A073CN83_CLOBO Hemagglutinin OS=Clostridium botulinum A2B3 87 GN=N496_19565 PE=4 SV=1 !!! 	147	146	146	143	97.95	3	0	1	146	MSVERTFLPNGNYNIKSIFSGSLYLNPVSKSLTFSNESSANNQKWNVEYMAENRCFKISNVAEPNKYLSYDNFGFISLDSLSNRCYWFPIKIAVNTYIMLSLNKVNELDYAWDIYDTNENILSQPLLLLPNFDIYNSNQMFKLEKI
PROKKA_00010	tr|A0A0B4W498|A0A0B4W498_CLOBO Hemagglutinin component HA-17 OS=Clostridium botulinum Prevot_594 GN=ha-17 PE=4 SV=1 !!!ha17	147	146	146	141	96.58	5	0	1	146	MSVERTFLPNGNYNIKSIFSGSLYLNPVSKSLTFSNESSANNQKWNVEYMAENRCFKISNVAEPNKYLSYDNFGFISLDSLSNRCYWFPIKIAVNTYIMLSLNKVNELDYAWDIYDTNENILSQPLLLLPNFDIYNSNQMFKLEKI
PROKKA_00010	tr|B2TSC0|B2TSC0_CLOBB Hemagglutinin component HA-17 OS=Clostridium botulinum (strain Eklund 17B / Type B) GN=ha17 PE=4 SV=1 !!!ha17	147	146	146	139	95.21	7	0	1	146	MSVERTFLPNGNYNIKSIFSGSLYLNPVSKSLTFSNESSANNQKWNVEYMAENRCFKISNVAEPNKYLSYDNFGFISLDSLSNRCYWFPIKIAVNTYIMLSLNKVNELDYAWDIYDTNENILSQPLLLLPNFDIYNSNQMFKLEKI
PROKKA_00010	tr|C5VU78|C5VU78_CLOBO Hemagglutinin component HA17 OS=Clostridium botulinum D str. 1873 GN=ha17 PE=4 SV=1 !!!ha17	147	146	146	92	63.01	54	0	1	146	MSVERTFLPNGNYNIKSIFSGSLYLNPVSKSLTFSNESSANNQKWNVEYMAENRCFKISNVAEPNKYLSYDNFGFISLDSLSNRCYWFPIKIAVNTYIMLSLNKVNELDYAWDIYDTNENILSQPLLLLPNFDIYNSNQMFKLEKI
PROKKA_00010	tr|B1BE45|B1BE45_CLOBO Non-toxin haemagglutinin HA-17 OS=Clostridium botulinum C str. Eklund GN=CBC_A0168 PE=4 SV=1 !!!ha17	147	146	146	90	61.64	56	0	1	146	MSVERTFLPNGNYNIKSIFSGSLYLNPVSKSLTFSNESSANNQKWNVEYMAENRCFKISNVAEPNKYLSYDNFGFISLDSLSNRCYWFPIKIAVNTYIMLSLNKVNELDYAWDIYDTNENILSQPLLLLPNFDIYNSNQMFKLEKI
PROKKA_00010	tr|A0A0C1QVX2|A0A0C1QVX2_9CLOT Hemagglutinin component HA-17 OS=Clostridium argentinense CDC 2741 GN=ha-17 PE=4 SV=1 !!!ha17	147	147	150	84	56.00	59	7	1	146	MSVERTFLPNGNYNIKSIFSGSLYLNPVSKSLTFSNESSANNQKWNVEYMAENRCFKISNVAEPNKYLSYDNFGFISL----DSLSNRCYWFPIKIAVNTYIMLSLNKVNELDYAWDIYDTNENILSQPLLLLPNFDIYNSNQMFKLEKI
PROKKA_00010	tr|A0A0C1TY77|A0A0C1TY77_9CLOT Main hemagglutinin component OS=Clostridium argentinense CDC 2741 GN=ha-33 PE=4 SV=1 !!!ha33	147	285	36	12	33.33	24	0	36	71	NESSANNQKWNVEYMAENRCFKISNVAEPNKYLSYD
PROKKA_00010	tr|B2TSC1|B2TSC1_CLOBB Haemagglutinin component OS=Clostridium botulinum (strain Eklund 17B / Type B) GN=ha33 PE=4 SV=1  !!!ha33	147	292	85	21	24.71	54	10	40	117	ANNQKWNVEYMAENRCFKISNVAEPNKYLSY--DNFGFISLDSLS---NRCYWF--PIKIAVNTYIMLSLNKVNELDYAWDIYDT
PROKKA_00010	tr|B2TSC1|B2TSC1_CLOBB Haemagglutinin component OS=Clostridium botulinum (strain Eklund 17B / Type B) GN=ha33 PE=4 SV=1  !!!ha33	147	292	96	26	27.08	62	8	13	103	YNIKSIFSGS----LYLNPVSKSLTFSNESSANNQKWNVEYMAENRCFKISNVAEPNKYLSYDNFGF-ISLDSLSNRCYWFPIKIAVNTYIMLSLN
PROKKA_00010	tr|B2TSC1|B2TSC1_CLOBB Haemagglutinin component OS=Clostridium botulinum (strain Eklund 17B / Type B) GN=ha33 PE=4 SV=1  !!!ha33	147	292	76	20	26.32	48	8	43	111	QKWNVEYMAENRCFKISNVAEPNKYL------SYDNFGFISLDSLSNRCYWFPIK-IAVNTYIMLSLNKVNELDYA
PROKKA_00010	tr|A5HZZ6|A5HZZ6_CLOBH Hemagglutinin component of the neurotoxin complex OS=Clostridium botulinum (strain Hall / ATCC 3502 / NCTC 13319 / Type A) GN=ha33 PE=1 SV=1 !!!ha33	147	293	96	30	31.25	58	8	13	103	YNIKS--IFSGSLYL--NPVSKSLTFSNESSANNQKWNVEYMAENRCFKISNVAEPNKYLSYDNFGF-ISLDSLSNRCYWFPIKIAVNTYIMLSLN
PROKKA_00010	tr|A5HZZ6|A5HZZ6_CLOBH Hemagglutinin component of the neurotoxin complex OS=Clostridium botulinum (strain Hall / ATCC 3502 / NCTC 13319 / Type A) GN=ha33 PE=1 SV=1 !!!ha33	147	293	31	9	29.03	22	0	40	70	ANNQKWNVEYMAENRCFKISNVAEPNKYLSY
PROKKA_00010	tr|B1INP8|B1INP8_CLOBK Hemagglutinin component HA33 OS=Clostridium botulinum (strain Okra / Type B1) GN=ha33 PE=1 SV=1 !!!ha33	147	294	92	27	29.35	57	8	13	99	YNIKS--IFSGSLYL--NPVSKSLTFSNESSANNQKWNVEYMAENRCFKISNVAEPNKYLSYDNFGF-ISLDSLSNRCYWFPIKIAVNTYIM
PROKKA_00010	tr|B1INP8|B1INP8_CLOBK Hemagglutinin component HA33 OS=Clostridium botulinum (strain Okra / Type B1) GN=ha33 PE=1 SV=1 !!!ha33	147	294	29	9	31.03	20	0	42	70	NQKWNVEYMAENRCFKISNVAEPNKYLSY
PROKKA_00010	tr|B1INP8|B1INP8_CLOBK Hemagglutinin component HA33 OS=Clostridium botulinum (strain Okra / Type B1) GN=ha33 PE=1 SV=1 !!!ha33	147	294	75	19	25.33	50	6	43	111	QKWNVEYMAENRCFKIS--NVAEPNKYLSYDNFGF---ISLDSLSNRCYWFPIK-IAVNTYIMLSLNKVNELDYA
PROKKA_00010	tr|B1L2G4|B1L2G4_CLOBM Botulinum neurotoxin type A3, nontoxic-nonhemagglutinin component, NTNH OS=Clostridium botulinum (strain Loch Maree / Type A3) GN=ntnH PE=4 SV=1 !!!ntnH	147	1159	23	10	43.48	13	0	15	37	IKSIFSGSLYLNPVSKSLTFSNE
PROKKA_00010	tr|C1FUH8|C1FUH8_CLOBJ Botulinum neurotoxin type A2, nontoxic-nonhemagglutinin component, NTNH OS=Clostridium botulinum (strain Kyoto / Type A2) GN=ntnH PE=4 SV=1 !!!ntnH	147	1159	23	10	43.48	13	0	15	37	IKSIFSGSLYLNPVSKSLTFSNE
PROKKA_00010	tr|A5HZZ8|A5HZZ8_CLOBH Type A progenitor toxin nontoxic-nonha OS=Clostridium botulinum (strain Hall / ATCC 3502 / NCTC 13319 / Type A) GN=ntnH PE=4 SV=1 !!!ntnH	147	1193	23	10	43.48	13	0	15	37	IKSIFSGSLYLNPVSKSLTFSNE
PROKKA_00010	tr|A7GBG2|A7GBG2_CLOBL Botulinum neurotoxin type F, nontoxic-nonhemagglutinin component, NTNH OS=Clostridium botulinum (strain Langeland / NCTC 10281 / Type F) GN=ntnH PE=4 SV=1 !!!ntnH	147	1163	23	9	39.13	14	0	15	37	IKSIFSGSLYLNPVSKSLTFSNE
PROKKA_00010	tr|C5VU79|C5VU79_CLOBO Hemagglutinin component HA33 OS=Clostridium botulinum D str. 1873 GN=ha33 PE=4 SV=1 !!!ha33	147	285	35	12	34.29	22	1	25	58	LNPVSKS-LTFSNESSANNQKWNVEYMAENRCFKI
PROKKA_00010	tr|C5VU79|C5VU79_CLOBO Hemagglutinin component HA33 OS=Clostridium botulinum D str. 1873 GN=ha33 PE=4 SV=1 !!!ha33	147	285	68	17	25.00	44	7	26	88	NPVSKSLTFSNESSANNQKWNVEYMAENRCFKISNVAEPNKYLSY-----DNFGFISLDSLSNRCYWF
PROKKA_00010	tr|C5VU79|C5VU79_CLOBO Hemagglutinin component HA33 OS=Clostridium botulinum D str. 1873 GN=ha33 PE=4 SV=1 !!!ha33	147	285	36	11	30.56	24	1	41	75	NNQKWNVEYMAENRC-FKISNVAEPNKYLSYDNFGF
PROKKA_00010	tr|B2TSC3|B2TSC3_CLOBB Botulinum neurotoxin type B OS=Clostridium botulinum (strain Eklund 17B / Type B) GN=ntnH PE=4 SV=1 !!!ntnH	147	1197	27	12	44.44	12	3	95	121	NTYIMLSLNKVNELDYAWDIYDTNENI
PROKKA_00010	tr|B1BE43|B1BE43_CLOBO Botulinum neurotoxin type C, nontoxic-nonhemagglutinin component NTNH OS=Clostridium botulinum C str. Eklund GN=CBC_A0166 PE=4 SV=1 !!!ntnH	147	1196	12	6	50.00	6	0	114	125	IYDTNENILSQP
PROKKA_00010	tr|B1INP6|B1INP6_CLOBK Botulinum neurotoxin type B1, nontoxic-nonhemagglutinin component, NTNH OS=Clostridium botulinum (strain Okra / Type B1) GN=ntnH PE=4 SV=1 !!!ntnH	147	1197	22	8	36.36	14	0	20	41	SGSLYLNPVSKSLTFSNESSAN
PROKKA_00010	tr|A0A060N6G5|A0A060N6G5_CLOBO Nontoxic-nonhemagglutinin component, NTNH OS=Clostridium botulinum B str. Osaka05 GN=CBO05P2_175 PE=4 SV=1 !!!ntnH	147	1197	22	8	36.36	14	0	20	41	SGSLYLNPVSKSLTFSNESSAN
PROKKA_00011	tr|A0A0E1L2H2|A0A0E1L2H2_CLOBO Hemagglutinin components HA-22/23/53 OS=Clostridium botulinum CDC_1436 GN=ha-70 PE=4 SV=1 !!!ha70	627	626	626	623	99.52	3	0	1	626	MNSSIKKIYNDIQEKVINYSDTIDLADGNYVVRRGDGWILSRQNQILGGSVISNGSTGIVGDLRVNDNAIPYYYPTPSFNEEYIKNNIQTVFTNFTEANQIPIGFEFSKTAPSNKNLYMYLQYTYIRYEIIKVLQHEIIERAVLYVPSLGYVKSIEFNPGEKINKDFYFLTNDKCILNEQFLYKKILETTKNIPTNNIFNSKVSSTQRVLPYSNGLYVINKGDGYIRTNDKDLIGTLLIEAGSSGSIIQPRLRNTTRPLFTTSNDTKFSQQYTEERLKDAFNVQLFNTSTSLFKFVEEAPSDKNICIKAYNTYEKYELIDYQNGSIVNKAEYYLPSLGYCEVTNAPSPESEVVKMQVAEDGFIQNGPEEEIVVGVINPSENIQEINTAISDNYTYNIPGIVNNNPFYILFTVNTTGIYKINAQNNLPSLKIYEAIGSGNRNFQSGNLCDDDIKAINYITGFDSPNAKSYLVVLLNKDKNYYIRVPQTSSNIENQIKFKREEGDLRNLMNSSVNIIDNLNSTGAHYYTRQSPDVHDYISYEFTIPGNFNNKDTSNITLYTSYNQGIGTLFRVTETIDGYNLINIQQNLNLLNSTKSIRLLNGAIYILKVEVTELNNYNIRLHIDITN
PROKKA_00011	tr|A5HZZ4|A5HZZ4_CLOBH Hemagglutinin component of the neurotoxin complex OS=Clostridium botulinum (strain Hall / ATCC 3502 / NCTC 13319 / Type A) GN=ha70 PE=1 SV=1 !!!ha70	627	626	626	620	99.04	6	0	1	626	MNSSIKKIYNDIQEKVINYSDTIDLADGNYVVRRGDGWILSRQNQILGGSVISNGSTGIVGDLRVNDNAIPYYYPTPSFNEEYIKNNIQTVFTNFTEANQIPIGFEFSKTAPSNKNLYMYLQYTYIRYEIIKVLQHEIIERAVLYVPSLGYVKSIEFNPGEKINKDFYFLTNDKCILNEQFLYKKILETTKNIPTNNIFNSKVSSTQRVLPYSNGLYVINKGDGYIRTNDKDLIGTLLIEAGSSGSIIQPRLRNTTRPLFTTSNDTKFSQQYTEERLKDAFNVQLFNTSTSLFKFVEEAPSDKNICIKAYNTYEKYELIDYQNGSIVNKAEYYLPSLGYCEVTNAPSPESEVVKMQVAEDGFIQNGPEEEIVVGVINPSENIQEINTAISDNYTYNIPGIVNNNPFYILFTVNTTGIYKINAQNNLPSLKIYEAIGSGNRNFQSGNLCDDDIKAINYITGFDSPNAKSYLVVLLNKDKNYYIRVPQTSSNIENQIKFKREEGDLRNLMNSSVNIIDNLNSTGAHYYTRQSPDVHDYISYEFTIPGNFNNKDTSNITLYTSYNQGIGTLFRVTETIDGYNLINIQQNLNLLNSTKSIRLLNGAIYILKVEVTELNNYNIRLHIDITN
PROKKA_00011	tr|B1INQ0|B1INQ0_CLOBK Hemagglutinin component HA70 OS=Clostridium botulinum (strain Okra / Type B1) GN=ha70 PE=4 SV=1 !!!ha70	627	626	626	617	98.56	9	0	1	626	MNSSIKKIYNDIQEKVINYSDTIDLADGNYVVRRGDGWILSRQNQILGGSVISNGSTGIVGDLRVNDNAIPYYYPTPSFNEEYIKNNIQTVFTNFTEANQIPIGFEFSKTAPSNKNLYMYLQYTYIRYEIIKVLQHEIIERAVLYVPSLGYVKSIEFNPGEKINKDFYFLTNDKCILNEQFLYKKILETTKNIPTNNIFNSKVSSTQRVLPYSNGLYVINKGDGYIRTNDKDLIGTLLIEAGSSGSIIQPRLRNTTRPLFTTSNDTKFSQQYTEERLKDAFNVQLFNTSTSLFKFVEEAPSDKNICIKAYNTYEKYELIDYQNGSIVNKAEYYLPSLGYCEVTNAPSPESEVVKMQVAEDGFIQNGPEEEIVVGVINPSENIQEINTAISDNYTYNIPGIVNNNPFYILFTVNTTGIYKINAQNNLPSLKIYEAIGSGNRNFQSGNLCDDDIKAINYITGFDSPNAKSYLVVLLNKDKNYYIRVPQTSSNIENQIKFKREEGDLRNLMNSSVNIIDNLNSTGAHYYTRQSPDVHDYISYEFTIPGNFNNKDTSNITLYTSYNQGIGTLFRVTETIDGYNLINIQQNLNLLNSTKSIRLLNGAIYILKVEVTELNNYNIRLHIDITN
PROKKA_00011	tr|A0A060NA10|A0A060NA10_CLOBO Haemagglutinin component HA70 OS=Clostridium botulinum B str. Osaka05 GN=CBO05P2_179 PE=4 SV=1 !!!ha70	627	626	626	615	98.24	11	0	1	626	MNSSIKKIYNDIQEKVINYSDTIDLADGNYVVRRGDGWILSRQNQILGGSVISNGSTGIVGDLRVNDNAIPYYYPTPSFNEEYIKNNIQTVFTNFTEANQIPIGFEFSKTAPSNKNLYMYLQYTYIRYEIIKVLQHEIIERAVLYVPSLGYVKSIEFNPGEKINKDFYFLTNDKCILNEQFLYKKILETTKNIPTNNIFNSKVSSTQRVLPYSNGLYVINKGDGYIRTNDKDLIGTLLIEAGSSGSIIQPRLRNTTRPLFTTSNDTKFSQQYTEERLKDAFNVQLFNTSTSLFKFVEEAPSDKNICIKAYNTYEKYELIDYQNGSIVNKAEYYLPSLGYCEVTNAPSPESEVVKMQVAEDGFIQNGPEEEIVVGVINPSENIQEINTAISDNYTYNIPGIVNNNPFYILFTVNTTGIYKINAQNNLPSLKIYEAIGSGNRNFQSGNLCDDDIKAINYITGFDSPNAKSYLVVLLNKDKNYYIRVPQTSSNIENQIKFKREEGDLRNLMNSSVNIIDNLNSTGAHYYTRQSPDVHDYISYEFTIPGNFNNKDTSNITLYTSYNQGIGTLFRVTETIDGYNLINIQQNLNLLNSTKSIRLLNGAIYILKVEVTELNNYNIRLHIDITN
PROKKA_00011	tr|A0A0B4W4X0|A0A0B4W4X0_CLOBO Hemagglutinin components HA-22/23/53 OS=Clostridium botulinum Prevot_594 GN=ha-70 PE=4 SV=1 !!!ha70	627	626	626	613	97.92	13	0	1	626	MNSSIKKIYNDIQEKVINYSDTIDLADGNYVVRRGDGWILSRQNQILGGSVISNGSTGIVGDLRVNDNAIPYYYPTPSFNEEYIKNNIQTVFTNFTEANQIPIGFEFSKTAPSNKNLYMYLQYTYIRYEIIKVLQHEIIERAVLYVPSLGYVKSIEFNPGEKINKDFYFLTNDKCILNEQFLYKKILETTKNIPTNNIFNSKVSSTQRVLPYSNGLYVINKGDGYIRTNDKDLIGTLLIEAGSSGSIIQPRLRNTTRPLFTTSNDTKFSQQYTEERLKDAFNVQLFNTSTSLFKFVEEAPSDKNICIKAYNTYEKYELIDYQNGSIVNKAEYYLPSLGYCEVTNAPSPESEVVKMQVAEDGFIQNGPEEEIVVGVINPSENIQEINTAISDNYTYNIPGIVNNNPFYILFTVNTTGIYKINAQNNLPSLKIYEAIGSGNRNFQSGNLCDDDIKAINYITGFDSPNAKSYLVVLLNKDKNYYIRVPQTSSNIENQIKFKREEGDLRNLMNSSVNIIDNLNSTGAHYYTRQSPDVHDYISYEFTIPGNFNNKDTSNITLYTSYNQGIGTLFRVTETIDGYNLINIQQNLNLLNSTKSIRLLNGAIYILKVEVTELNNYNIRLHIDITN
PROKKA_00011	tr|M1ZPH7|M1ZPH7_CLOBO Hemagglutinin component HA70 OS=Clostridium botulinum CFSAN001627 GN=CFSAN001627_19663 PE=4 SV=1 !!!ha70	627	626	626	602	96.17	24	0	1	626	MNSSIKKIYNDIQEKVINYSDTIDLADGNYVVRRGDGWILSRQNQILGGSVISNGSTGIVGDLRVNDNAIPYYYPTPSFNEEYIKNNIQTVFTNFTEANQIPIGFEFSKTAPSNKNLYMYLQYTYIRYEIIKVLQHEIIERAVLYVPSLGYVKSIEFNPGEKINKDFYFLTNDKCILNEQFLYKKILETTKNIPTNNIFNSKVSSTQRVLPYSNGLYVINKGDGYIRTNDKDLIGTLLIEAGSSGSIIQPRLRNTTRPLFTTSNDTKFSQQYTEERLKDAFNVQLFNTSTSLFKFVEEAPSDKNICIKAYNTYEKYELIDYQNGSIVNKAEYYLPSLGYCEVTNAPSPESEVVKMQVAEDGFIQNGPEEEIVVGVINPSENIQEINTAISDNYTYNIPGIVNNNPFYILFTVNTTGIYKINAQNNLPSLKIYEAIGSGNRNFQSGNLCDDDIKAINYITGFDSPNAKSYLVVLLNKDKNYYIRVPQTSSNIENQIKFKREEGDLRNLMNSSVNIIDNLNSTGAHYYTRQSPDVHDYISYEFTIPGNFNNKDTSNITLYTSYNQGIGTLFRVTETIDGYNLINIQQNLNLLNSTKSIRLLNGAIYILKVEVTELNNYNIRLHIDITN
PROKKA_00011	tr|B2TSB9|B2TSB9_CLOBB Heamagglutinin components HA-70 OS=Clostridium botulinum (strain Eklund 17B / Type B) GN=ha70 PE=4 SV=1 !!!ha70	627	626	626	594	94.89	32	0	1	626	MNSSIKKIYNDIQEKVINYSDTIDLADGNYVVRRGDGWILSRQNQILGGSVISNGSTGIVGDLRVNDNAIPYYYPTPSFNEEYIKNNIQTVFTNFTEANQIPIGFEFSKTAPSNKNLYMYLQYTYIRYEIIKVLQHEIIERAVLYVPSLGYVKSIEFNPGEKINKDFYFLTNDKCILNEQFLYKKILETTKNIPTNNIFNSKVSSTQRVLPYSNGLYVINKGDGYIRTNDKDLIGTLLIEAGSSGSIIQPRLRNTTRPLFTTSNDTKFSQQYTEERLKDAFNVQLFNTSTSLFKFVEEAPSDKNICIKAYNTYEKYELIDYQNGSIVNKAEYYLPSLGYCEVTNAPSPESEVVKMQVAEDGFIQNGPEEEIVVGVINPSENIQEINTAISDNYTYNIPGIVNNNPFYILFTVNTTGIYKINAQNNLPSLKIYEAIGSGNRNFQSGNLCDDDIKAINYITGFDSPNAKSYLVVLLNKDKNYYIRVPQTSSNIENQIKFKREEGDLRNLMNSSVNIIDNLNSTGAHYYTRQSPDVHDYISYEFTIPGNFNNKDTSNITLYTSYNQGIGTLFRVTETIDGYNLINIQQNLNLLNSTKSIRLLNGAIYILKVEVTELNNYNIRLHIDITN
PROKKA_00011	tr|S8BA68|S8BA68_CLOBO Hemagglutinin component HA70 OS=Clostridium botulinum CFSAN002367 GN=CFSAN002367_15786 PE=4 SV=1 !!!ha70	627	508	508	502	98.82	6	0	119	626	MYLQYTYIRYEIIKVLQHEIIERAVLYVPSLGYVKSIEFNPGEKINKDFYFLTNDKCILNEQFLYKKILETTKNIPTNNIFNSKVSSTQRVLPYSNGLYVINKGDGYIRTNDKDLIGTLLIEAGSSGSIIQPRLRNTTRPLFTTSNDTKFSQQYTEERLKDAFNVQLFNTSTSLFKFVEEAPSDKNICIKAYNTYEKYELIDYQNGSIVNKAEYYLPSLGYCEVTNAPSPESEVVKMQVAEDGFIQNGPEEEIVVGVINPSENIQEINTAISDNYTYNIPGIVNNNPFYILFTVNTTGIYKINAQNNLPSLKIYEAIGSGNRNFQSGNLCDDDIKAINYITGFDSPNAKSYLVVLLNKDKNYYIRVPQTSSNIENQIKFKREEGDLRNLMNSSVNIIDNLNSTGAHYYTRQSPDVHDYISYEFTIPGNFNNKDTSNITLYTSYNQGIGTLFRVTETIDGYNLINIQQNLNLLNSTKSIRLLNGAIYILKVEVTELNNYNIRLHIDITN
PROKKA_00011	tr|S8BA68|S8BA68_CLOBO Hemagglutinin component HA70 OS=Clostridium botulinum CFSAN002367 GN=CFSAN002367_15786 PE=4 SV=1 !!!ha70	627	508	141	41	29.08	97	3	15	153	KVINYSDTIDLADGNYVVRRGDGWILSRQNQILGGSVISNGSTGIVGDLRVNDNAIPYYYPT--PSFNEEYIKNNIQTVFTNFTEANQIPIGFEFSKTAPSNKNLYMYLQYTYIRYEIIKVLQHEIIERAVLYVPSLGYVK
PROKKA_00011	tr|B1BE46|B1BE46_CLOBO Non-toxin haemagglutinin HA-70 OS=Clostridium botulinum C str. Eklund GN=CBC_A0169 PE=4 SV=1 !!!ha70	627	623	627	438	69.86	184	5	1	626	MNSSIKKIYNDIQEKVINYSDTIDLADGNYVVRRGDGWILSRQNQILGGSVISNGSTGIVGDLRVNDNAIPYYYPTPSFNEEYIKNNIQTVFTNFTEANQIPIGFEFSKTAPSNKNLYMYLQYTYIRYEIIKVLQHEIIERAVLYVPSLGYVKSIEFNPGEKINKDFYFLTNDKCILNEQFLYKKILETTKNIPTNNIFNSK-VSSTQRVLPYSNGLYVINKGDGYIRTNDKDLIGTLLIEAGSSGSIIQPRLRNTTRPLFTTSNDTKFSQQYTEERLKDAFNVQLFNTSTSLFKFVEEAPSDKNICIKAYNTYEKYELIDYQNGSIVNKAEYYLPSLGYCEVTNAPSPESEVVKMQVAEDGFIQNGPEEEIVVGVINPSENIQEINTAISDNYTYNIPGIVNNNPFYILFTVNTTGIYKINAQNNLPSLKIYEAIGSGNRNFQSGNLCDDDIKAINYITGFDSPNAKSYLVVLLNKDKNYYIRVPQTSSNIENQIKFKREEGDLRNLMNSSVNIIDNLNSTGAHYYTRQSPDVHDYISYEFTIPGNFNNKDTSNITLYTSYNQGIGTLFRVTETIDGYNLINIQQNLNLLNSTKSIRLLNGAIYILKVEVTELNNYNIRLHIDITN
PROKKA_00011	tr|A0A0C1TZQ5|A0A0C1TZQ5_9CLOT Hemagglutinin components HA-22/23/53 OS=Clostridium argentinense CDC 2741 GN=ha-70 PE=4 SV=1 !!!ha70	627	629	631	437	69.26	187	7	1	626	MNSSIKKIYNDIQEKVINYSDTIDLADGNYVVRRGDGWILSRQNQILGGSVISNGSTGIVGDLRVNDNAIPYYYPTPSFNEEYIKNNIQTVFTNFTEANQIPIGFEFSKTAPSNKNLYMYLQYTYIRYEIIKVLQHEIIERAVLYVPSLGYVKSIEFNPGEKINKDFYFLTNDKCILNEQFLYKKI--LETTKNIPTNNI--FNSKVSSTQRVLPYSNGLYVINKGDGYIRTNDKDLIGTLLIEAGSSGSIIQPRLRNTTRPLFTTSNDTKFSQQYTEERLKDAFNVQLFNTSTSLFKFVEEAPSDKNICIKAYNTYEKYELIDYQNGSIVNKAEYYLPSLGYCEVTNAPSPESEVVKMQVAEDGFIQNGPEEEIVVGVINPSENIQEINTAISDNYTYNIPGIVNNNPFYILFTVNTTGIYKINAQNNLPSLKIYEAIGSGNRNFQSGNLCDDDIKAINYITGFDSPNAKSYLVVLLNKDKNYYIRVPQTSSNIENQIKFKREEGDLRNLM-NSSVNIIDNLNSTGAHYYTRQSPDVHDYISYEFTIPGNFNNKDTSNITLYTSYNQGIGTLFRVTETIDGYNLINIQQNLNLLNSTKSIRLLNGAIYILKVEVTELNNYNIRLHIDITN
PROKKA_00011	tr|A0A059PYB0|A0A059PYB0_9CLOT Toxin complex component ORF-X2 OS=Clostridium baratii PE=4 SV=1 !!!ORF-X2	627	748	104	22	21.15	78	4	174	277	KCILNEQFLYKKILETTKNIPTNNIFNSKVSSTQRVLPYSNGLYVINKGDGYIRTNDKDLIGTLLIEAGSSGSIIQPRLRNTTRPLFTTSNDTKFSQQYTEERL
PROKKA_00011	tr|C5VU80|C5VU80_CLOBO Botulinum neurotoxin type D, nontoxic-nonhemagglutinin component, NTNH OS=Clostridium botulinum D str. 1873 GN=ntnH PE=4 SV=1 !!!ntnH	627	1196	72	19	26.39	51	2	345	416	APSPESEVVKMQVAEDGFIQNGPEEEIVVGVINPSENIQEINTAISDNYTYNIPGIVNNNPFYILFTVNTTG
PROKKA_00011	tr|B1BE43|B1BE43_CLOBO Botulinum neurotoxin type C, nontoxic-nonhemagglutinin component NTNH OS=Clostridium botulinum C str. Eklund GN=CBC_A0166 PE=4 SV=1 !!!ntnH	627	1196	69	18	26.09	49	2	348	416	PESEVVKMQVAEDGFIQNGPEEEIVVGVINPSENIQEINTAISDNYTYNIPGIVNNNPFYILFTVNTTG
PROKKA_00011	tr|C1FUH7|C1FUH7_CLOBJ P-47 protein OS=Clostridium botulinum (strain Kyoto / Type A2) GN=p47 PE=4 SV=1 !!!P-47	627	416	143	36	25.17	93	14	329	463	KAEYYLP---SLGYCEVTNAPSPESEVVKMQVAEDGFIQNGPEEEIVVGVINPSENIQEINTAISDNYTYNIPGIVNNNPFYILFTVNTTGIYKINAQNNLPSLKI-----YEAIGSGNRNFQSGNLCDDDIKAINYITGFDS
PROKKA_00011	tr|B1BE45|B1BE45_CLOBO Non-toxin haemagglutinin HA-17 OS=Clostridium botulinum C str. Eklund GN=CBC_A0168 PE=4 SV=1 !!!ha17	627	146	20	11	55.00	5	4	104	123	GFEFSKTAPSNKNLYMYLQY
PROKKA_00011	tr|A0A073CND8|A0A073CND8_CLOBO P-47 protein OS=Clostridium botulinum A2B3 87 GN=N496_18585 PE=4 SV=1 !!!P-47	627	415	80	20	25.00	55	5	396	470	NIPGIVNNNPFYILFTVNTTGIYKINAQNNLPSLKI-----YEAIGSGNRNFQSGNLCDDDIKAINYITGFDSPNAKSYL
PROKKA_00012	tr|C5UY11|C5UY11_CLOBO Toxin complex component ORF-X2 OS=Clostridium botulinum E1 str. 'BoNT E Beluga' GN=CLO_2648 PE=4 SV=1 !!!ORF-X2	345	748	30	12	40.00	18	0	160	189	INGTINDNSEVKGYLQEEDNKLIGNININD
PROKKA_00012	tr|C5UY10|C5UY10_CLOBO Toxin complex component ORF-X3 OS=Clostridium botulinum E1 str. 'BoNT E Beluga' GN=CLO_2647 PE=4 SV=1 !!!ORF-X3	345	487	80	22	27.50	41	17	18	82	NEDDKKNIEYEAKSLLDNMYFTIKNTKFNGKNLFTGEKLNIQ---------GSTYNTDIKLMDFKV------PKEDSIFI
PROKKA_00012	tr|A5HZZ8|A5HZZ8_CLOBH Type A progenitor toxin nontoxic-nonha OS=Clostridium botulinum (strain Hall / ATCC 3502 / NCTC 13319 / Type A) GN=ntnH PE=4 SV=1 !!!ntnH	345	1193	72	21	29.17	47	4	5	75	LKELSLIYKNNTLNEDDKKNIEYEAKSLLDNMYFTIKNTKFNGKNLFTGE-KLNIQGSTYNTDIKLMDFKVP
PROKKA_00012	tr|A0A0C1TZQ5|A0A0C1TZQ5_9CLOT Hemagglutinin components HA-22/23/53 OS=Clostridium argentinense CDC 2741 GN=ha-70 PE=4 SV=1 !!!ha70	345	629	152	41	26.97	68	43	182	309	IGNININDKEYNI-QLETTMEYALKTNL--NSIKTTIINKNNHT----FRGNTSIVDIQDN---SGMTYTSKEITIYEFKEIIANNKSNNKNKQIVFELSNNKKITFDINNKDI--------------NLYIFDEEYNSFDISDILNSSNII
PROKKA_00012	tr|A0A0C1TZQ5|A0A0C1TZQ5_9CLOT Hemagglutinin components HA-22/23/53 OS=Clostridium argentinense CDC 2741 GN=ha-70 PE=4 SV=1 !!!ha70	345	629	30	12	40.00	14	4	158	185	FSINGTIN--DNSEVKGYLQEEDNKLIGNI
PROKKA_00012	tr|A0A060N3U8|A0A060N3U8_CLOBO Transcriptional regulator botR OS=Clostridium botulinum B str. Osaka05 GN=CBO05P2_176 PE=4 SV=1 !!!BotR	345	178	27	13	48.15	9	5	105	126	LKKYNLE-----KANKIIFYESEMVDK
PROKKA_00012	tr|A0A0D1AER2|A0A0D1AER2_CLOBO Transcriptional regulator OS=Clostridium botulinum B2 450 GN=N495_19875 PE=4 SV=1 !!! 	345	178	27	13	48.15	9	5	105	126	LKKYNLE-----KANKIIFYESEMVDK
PROKKA_00012	tr|A0A073CP83|A0A073CP83_CLOBO Transcriptional regulator OS=Clostridium botulinum A2B3 87 GN=N496_19575 PE=4 SV=1 !!! 	345	178	27	13	48.15	9	5	105	126	LKKYNLE-----KANKIIFYESEMVDK
PROKKA_00012	tr|A5HZZ7|A5HZZ7_CLOBH RNA polymerase ECF-type sigma factor OS=Clostridium botulinum (strain Hall / ATCC 3502 / NCTC 13319 / Type A) GN=botR PE=4 SV=1 !!!BotR	345	178	27	13	48.15	9	5	105	126	LKKYNLE-----KANKIIFYESEMVDK
PROKKA_00012	tr|S8CEF4|S8CEF4_CLOBO Transcriptional regulator BotR, P-21 OS=Clostridium botulinum CFSAN002367 GN=CFSAN002367_15806 PE=4 SV=1 !!!BotR	345	178	27	13	48.15	9	5	105	126	LKKYNLE-----KANKIIFYESEMVDK
PROKKA_00012	tr|A5HZZ6|A5HZZ6_CLOBH Hemagglutinin component of the neurotoxin complex OS=Clostridium botulinum (strain Hall / ATCC 3502 / NCTC 13319 / Type A) GN=ha33 PE=1 SV=1 !!!ha33	345	293	22	11	50.00	7	4	303	320	LNSSN----IIEEKVLSELNNY
PROKKA_00013	tr|A7GBF8|A7GBF8_CLOBL Toxin complex component ORF-X2 OS=Clostridium botulinum (strain Langeland / NCTC 10281 / Type F) GN=CLI_0846 PE=4 SV=1 !!!ORF-X2	48	750	16	7	43.75	9	0	18	33	EIERINRINTSVRSRN
PROKKA_00013	tr|B2TSC2|B2TSC2_CLOBB Putative RNA polymerase sigma factor OS=Clostridium botulinum (strain Eklund 17B / Type B) GN=botR PE=4 SV=1 !!!BotR	48	179	35	14	40.00	17	4	7	41	KKVNIAADSPSEIERINRINTSVRSRNIAVRIFKK
PROKKA_00014	tr|B1BE43|B1BE43_CLOBO Botulinum neurotoxin type C, nontoxic-nonhemagglutinin component NTNH OS=Clostridium botulinum C str. Eklund GN=CBC_A0166 PE=4 SV=1 !!!ntnH	86	1196	41	12	29.27	29	0	35	75	KIEIIEALVSLYEQKYEFDDEIIEDLKLKYRPVFPEELKNI
PROKKA_00014	tr|B1BE43|B1BE43_CLOBO Botulinum neurotoxin type C, nontoxic-nonhemagglutinin component NTNH OS=Clostridium botulinum C str. Eklund GN=CBC_A0166 PE=4 SV=1 !!!ntnH	86	1196	22	10	45.45	8	4	10	27	EYYNYLKESFAN----VNLSEE
PROKKA_00014	tr|C5UY10|C5UY10_CLOBO Toxin complex component ORF-X3 OS=Clostridium botulinum E1 str. 'BoNT E Beluga' GN=CLO_2647 PE=4 SV=1 !!!ORF-X3	86	487	12	7	58.33	5	0	60	71	LKLKYRPVFPEE
PROKKA_00014	tr|A7GBF7|A7GBF7_CLOBL Toxin complex component ORF-X3 OS=Clostridium botulinum (strain Langeland / NCTC 10281 / Type F) GN=CLI_0845 PE=4 SV=1 !!!ORF-X3	86	490	12	7	58.33	5	0	60	71	LKLKYRPVFPEE
PROKKA_00014	tr|B1L2F9|B1L2F9_CLOBM Toxin complex component ORF-X3 OS=Clostridium botulinum (strain Loch Maree / Type A3) GN=CLK_A0070 PE=4 SV=1 !!!ORF-X3	86	490	12	7	58.33	5	0	60	71	LKLKYRPVFPEE
PROKKA_00014	tr|C1FUH3|C1FUH3_CLOBJ Toxin complex component ORF-X3 OS=Clostridium botulinum (strain Kyoto / Type A2) GN=CLM_0891 PE=4 SV=1 !!!ORF-X3	86	490	12	7	58.33	5	0	60	71	LKLKYRPVFPEE
PROKKA_00014	tr|B2TSC3|B2TSC3_CLOBB Botulinum neurotoxin type B OS=Clostridium botulinum (strain Eklund 17B / Type B) GN=ntnH PE=4 SV=1 !!!ntnH	86	1197	83	22	26.51	43	18	10	84	EYYNYLKESFANVNLSEEHRMDIYKKIEI-----IEALVSLYEQKYEF---DDEIIEDLKLKYRPVFPEELKNIQKNLEKTII
PROKKA_00014	tr|B2TSC3|B2TSC3_CLOBB Botulinum neurotoxin type B OS=Clostridium botulinum (strain Eklund 17B / Type B) GN=ntnH PE=4 SV=1 !!!ntnH	86	1197	12	6	50.00	6	0	8	19	VNEYYNYLKESF
PROKKA_00014	tr|B1INP6|B1INP6_CLOBK Botulinum neurotoxin type B1, nontoxic-nonhemagglutinin component, NTNH OS=Clostridium botulinum (strain Okra / Type B1) GN=ntnH PE=4 SV=1 !!!ntnH	86	1197	25	8	32.00	17	0	44	68	SLYEQKYEFDDEIIEDLKLKYRPVF
PROKKA_00014	tr|B1INP6|B1INP6_CLOBK Botulinum neurotoxin type B1, nontoxic-nonhemagglutinin component, NTNH OS=Clostridium botulinum (strain Okra / Type B1) GN=ntnH PE=4 SV=1 !!!ntnH	86	1197	12	6	50.00	6	0	8	19	VNEYYNYLKESF
PROKKA_00014	tr|C5VU80|C5VU80_CLOBO Botulinum neurotoxin type D, nontoxic-nonhemagglutinin component, NTNH OS=Clostridium botulinum D str. 1873 GN=ntnH PE=4 SV=1 !!!ntnH	86	1196	22	10	45.45	8	4	10	27	EYYNYLKESFAN----VNLSEE
PROKKA_00014	tr|A5HZZ8|A5HZZ8_CLOBH Type A progenitor toxin nontoxic-nonha OS=Clostridium botulinum (strain Hall / ATCC 3502 / NCTC 13319 / Type A) GN=ntnH PE=4 SV=1 !!!ntnH	86	1193	25	8	32.00	17	0	44	68	SLYEQKYEFDDEIIEDLKLKYRPVF
PROKKA_00014	tr|A0A060N6G5|A0A060N6G5_CLOBO Nontoxic-nonhemagglutinin component, NTNH OS=Clostridium botulinum B str. Osaka05 GN=CBO05P2_175 PE=4 SV=1 !!!ntnH	86	1197	25	8	32.00	17	0	44	68	SLYEQKYEFDDEIIEDLKLKYRPVF
PROKKA_00014	tr|A0A060N6G5|A0A060N6G5_CLOBO Nontoxic-nonhemagglutinin component, NTNH OS=Clostridium botulinum B str. Osaka05 GN=CBO05P2_175 PE=4 SV=1 !!!ntnH	86	1197	12	6	50.00	6	0	8	19	VNEYYNYLKESF
PROKKA_00015	tr|C1FUH8|C1FUH8_CLOBJ Botulinum neurotoxin type A2, nontoxic-nonhemagglutinin component, NTNH OS=Clostridium botulinum (strain Kyoto / Type A2) GN=ntnH PE=4 SV=1 !!!ntnH	39	1159	16	5	31.25	11	0	14	29	TIVGEFMHFKISYIIA
PROKKA_00015	tr|A5HZZ8|A5HZZ8_CLOBH Type A progenitor toxin nontoxic-nonha OS=Clostridium botulinum (strain Hall / ATCC 3502 / NCTC 13319 / Type A) GN=ntnH PE=4 SV=1 !!!ntnH	39	1193	16	5	31.25	11	0	14	29	TIVGEFMHFKISYIIA
PROKKA_00016	tr|C5UY11|C5UY11_CLOBO Toxin complex component ORF-X2 OS=Clostridium botulinum E1 str. 'BoNT E Beluga' GN=CLO_2648 PE=4 SV=1 !!!ORF-X2	111	748	55	17	30.91	34	4	9	63	LIETIFENIDQRLKQNFYNFYENLFNMNNKEENLKLLIKDIIQREFIVAELTKIS
PROKKA_00016	tr|B2TSC1|B2TSC1_CLOBB Haemagglutinin component OS=Clostridium botulinum (strain Eklund 17B / Type B) GN=ha33 PE=4 SV=1  !!!ha33	111	292	22	9	40.91	13	0	37	58	NKEENLKLLIKDIIQREFIVAE
PROKKA_00016	tr|B1INP8|B1INP8_CLOBK Hemagglutinin component HA33 OS=Clostridium botulinum (strain Okra / Type B1) GN=ha33 PE=1 SV=1 !!!ha33	111	294	22	9	40.91	13	0	37	58	NKEENLKLLIKDIIQREFIVAE
PROKKA_00016	tr|A5HZZ6|A5HZZ6_CLOBH Hemagglutinin component of the neurotoxin complex OS=Clostridium botulinum (strain Hall / ATCC 3502 / NCTC 13319 / Type A) GN=ha33 PE=1 SV=1 !!!ha33	111	293	22	9	40.91	13	0	37	58	NKEENLKLLIKDIIQREFIVAE
PROKKA_00016	tr|A5HZZ6|A5HZZ6_CLOBH Hemagglutinin component of the neurotoxin complex OS=Clostridium botulinum (strain Hall / ATCC 3502 / NCTC 13319 / Type A) GN=ha33 PE=1 SV=1 !!!ha33	111	293	19	9	47.37	8	2	61	77	KISDMDLHKTK--HTFIAP
PROKKA_00016	tr|C5UY10|C5UY10_CLOBO Toxin complex component ORF-X3 OS=Clostridium botulinum E1 str. 'BoNT E Beluga' GN=CLO_2647 PE=4 SV=1 !!!ORF-X3	111	487	32	9	28.12	21	2	7	36	EYLIETIFENIDQRLKQN--FYNFYENLFNMN
PROKKA_00016	tr|B1BE43|B1BE43_CLOBO Botulinum neurotoxin type C, nontoxic-nonhemagglutinin component NTNH OS=Clostridium botulinum C str. Eklund GN=CBC_A0166 PE=4 SV=1 !!!ntnH	111	1196	25	9	36.00	16	0	12	36	TIFENIDQRLKQNFYNFYENLFNMN
PROKKA_00016	tr|A7GBG0|A7GBG0_CLOBL Transcriptional regulator BotR, P-21 OS=Clostridium botulinum (strain Langeland / NCTC 10281 / Type F) GN=botR PE=4 SV=1 !!!BotR	111	178	90	26	28.89	50	14	18	102	DQRLKQNFYNFYENLFNMNNKEENLKLLIKDIIQREFIVAELTKISDMDLHKTKHTFIAPNKVNK-----LKRYNLQQIKQTKKDGIIHY
PROKKA_00017	tr|B1BE43|B1BE43_CLOBO Botulinum neurotoxin type C, nontoxic-nonhemagglutinin component NTNH OS=Clostridium botulinum C str. Eklund GN=CBC_A0166 PE=4 SV=1 !!!ntnH	260	1196	70	18	25.71	43	9	3	63	YWLDNSIFVT---------NFFYLKSETNKQINITFNLDFIYNICTIISDKWNNNLNFIYMEYPRLLLDH
PROKKA_00017	tr|A0A073CND8|A0A073CND8_CLOBO P-47 protein OS=Clostridium botulinum A2B3 87 GN=N496_18585 PE=4 SV=1 !!!P-47	260	415	36	13	36.11	23	0	214	249	KVYVDSILYDKILKNQVSTIYNDKINQFEISDLFSN
PROKKA_00017	tr|A0A059PYB0|A0A059PYB0_9CLOT Toxin complex component ORF-X2 OS=Clostridium baratii PE=4 SV=1 !!!ORF-X2	260	748	46	12	26.09	31	3	186	231	TDNTSGIPDAVYGIFSSYEYLDKSQNKVKVYVDSILYDKILKNQVS
PROKKA_00018	tr|A0A060N3U8|A0A060N3U8_CLOBO Transcriptional regulator botR OS=Clostridium botulinum B str. Osaka05 GN=CBO05P2_176 PE=4 SV=1 !!!BotR	127	178	34	13	38.24	21	0	75	108	IDINNKLFLDLGLILISSTINNKFSLIIKNYSEH
PROKKA_00018	tr|A5HZZ7|A5HZZ7_CLOBH RNA polymerase ECF-type sigma factor OS=Clostridium botulinum (strain Hall / ATCC 3502 / NCTC 13319 / Type A) GN=botR PE=4 SV=1 !!!BotR	127	178	34	13	38.24	21	0	75	108	IDINNKLFLDLGLILISSTINNKFSLIIKNYSEH
PROKKA_00018	tr|S8CEF4|S8CEF4_CLOBO Transcriptional regulator BotR, P-21 OS=Clostridium botulinum CFSAN002367 GN=CFSAN002367_15806 PE=4 SV=1 !!!BotR	127	178	34	13	38.24	21	0	75	108	IDINNKLFLDLGLILISSTINNKFSLIIKNYSEH
PROKKA_00018	tr|A0A0D1AER2|A0A0D1AER2_CLOBO Transcriptional regulator OS=Clostridium botulinum B2 450 GN=N495_19875 PE=4 SV=1 !!! 	127	178	34	13	38.24	21	0	75	108	IDINNKLFLDLGLILISSTINNKFSLIIKNYSEH
PROKKA_00018	tr|A0A073CP83|A0A073CP83_CLOBO Transcriptional regulator OS=Clostridium botulinum A2B3 87 GN=N496_19575 PE=4 SV=1 !!! 	127	178	34	13	38.24	21	0	75	108	IDINNKLFLDLGLILISSTINNKFSLIIKNYSEH
PROKKA_00018	tr|C5VU80|C5VU80_CLOBO Botulinum neurotoxin type D, nontoxic-nonhemagglutinin component, NTNH OS=Clostridium botulinum D str. 1873 GN=ntnH PE=4 SV=1 !!!ntnH	127	1196	74	23	31.08	28	23	54	111	GFVSLISKKRIARMIGCCEKNIDINNKLFLDLGLILISSTINNK----------------FSLIIKNYSEHYSK
PROKKA_00018	tr|M1ZWZ6|M1ZWZ6_CLOBO Transcriptional regulator BotR, P-21 OS=Clostridium botulinum CFSAN001627 GN=CFSAN001627_10483 PE=4 SV=1 !!!BotR	127	178	34	13	38.24	21	0	75	108	IDINNKLFLDLGLILISSTINNKFSLIIKNYSEH
PROKKA_00018	tr|B2TSC2|B2TSC2_CLOBB Putative RNA polymerase sigma factor OS=Clostridium botulinum (strain Eklund 17B / Type B) GN=botR PE=4 SV=1 !!!BotR	127	179	34	12	35.29	22	0	75	108	IDINNKLFLDLGLILISSTINNKFSLIIKNYSEH
PROKKA_00018	tr|B1BE43|B1BE43_CLOBO Botulinum neurotoxin type C, nontoxic-nonhemagglutinin component NTNH OS=Clostridium botulinum C str. Eklund GN=CBC_A0166 PE=4 SV=1 !!!ntnH	127	1196	34	14	41.18	15	5	54	87	GFVSLISKKRIARMIGCCEKNIDINNKLFLDLGL
PROKKA_00018	tr|C5UY12|C5UY12_CLOBO Toxin complex component ORF-X1 OS=Clostridium botulinum E1 str. 'BoNT E Beluga' GN=CLO_2649 PE=4 SV=1 !!!ORF-X1	127	144	38	13	34.21	22	3	9	43	YCNNKYKKIIKKYKIYNNIN---IDKTYIQFSLTQIKQ
PROKKA_00018	tr|C4IHL7|C4IHL7_CLOBU Toxin complex component ORF-X1 OS=Clostridium butyricum E4 str. BoNT E BL5262 GN=CLP_2748 PE=4 SV=1 !!!ORF-X1	127	144	38	13	34.21	22	3	9	43	YCNNKYKKIIKKYKIYNNIN---IDKTYIQFSLTQIKQ
PROKKA_00019	tr|C5UY13|C5UY13_CLOBO P-47 protein OS=Clostridium botulinum E1 str. 'BoNT E Beluga' GN=p47 PE=4 SV=1 !!!P-47	117	416	37	13	35.14	24	0	24	60	RNTITMLFNNSEKLIFVISKNLHGKLLKKEMYYKYKN
PROKKA_00019	tr|A7GBG1|A7GBG1_CLOBL P-47 protein OS=Clostridium botulinum (strain Langeland / NCTC 10281 / Type F) GN=p47 PE=4 SV=1 !!!P-47	117	416	109	37	33.94	61	11	5	104	LPDYINCKSAIEKV-INKLNRNTITMLFNNSEKLIFVISKNLHGKLLKKEMYYKYKNNFLNYITEN---NIKLN--NLIYSINNIIKLAFEYGY---DIIQLILGEIKA
PROKKA_00019	tr|M1ZUL7|M1ZUL7_CLOBO P-47 protein OS=Clostridium botulinum CFSAN001627 GN=CFSAN001627_20700 PE=4 SV=1 !!!P-47	117	416	109	37	33.94	61	11	5	104	LPDYINCKSAIEKV-INKLNRNTITMLFNNSEKLIFVISKNLHGKLLKKEMYYKYKNNFLNYITEN---NIKLN--NLIYSINNIIKLAFEYGY---DIIQLILGEIKA
PROKKA_00019	tr|C1FUH8|C1FUH8_CLOBJ Botulinum neurotoxin type A2, nontoxic-nonhemagglutinin component, NTNH OS=Clostridium botulinum (strain Kyoto / Type A2) GN=ntnH PE=4 SV=1 !!!ntnH	117	1159	96	31	32.29	34	31	39	111	FVISKNLHGKLLKKEMYY--------------KYKNNFLNYITENNIKLNNLIYSINNIIKLAFEYGY-----DIIQLILG----EIKAIAPTIFN
PROKKA_00019	tr|C1FUH8|C1FUH8_CLOBJ Botulinum neurotoxin type A2, nontoxic-nonhemagglutinin component, NTNH OS=Clostridium botulinum (strain Kyoto / Type A2) GN=ntnH PE=4 SV=1 !!!ntnH	117	1159	36	12	33.33	24	0	35	70	EKLIFVISKNLHGKLLKKEMYYKYKNNFLNYITENN
PROKKA_00019	tr|B1L2G4|B1L2G4_CLOBM Botulinum neurotoxin type A3, nontoxic-nonhemagglutinin component, NTNH OS=Clostridium botulinum (strain Loch Maree / Type A3) GN=ntnH PE=4 SV=1 !!!ntnH	117	1159	96	31	32.29	34	31	39	111	FVISKNLHGKLLKKEMYY--------------KYKNNFLNYITENNIKLNNLIYSINNIIKLAFEYGY-----DIIQLILG----EIKAIAPTIFN
PROKKA_00019	tr|A0A073CND8|A0A073CND8_CLOBO P-47 protein OS=Clostridium botulinum A2B3 87 GN=N496_18585 PE=4 SV=1 !!!P-47	117	415	109	36	33.03	62	11	5	104	LPDYINCKSAIEKV-INKLNRNTITMLFNNSEKLIFVISKNLHGKLLKKEMYYKYKNNFLNYITEN---NIKLN--NLIYSINNIIKLAFEYGY---DIIQLILGEIKA
PROKKA_00019	tr|A7GBG2|A7GBG2_CLOBL Botulinum neurotoxin type F, nontoxic-nonhemagglutinin component, NTNH OS=Clostridium botulinum (strain Langeland / NCTC 10281 / Type F) GN=ntnH PE=4 SV=1 !!!ntnH	117	1163	96	31	32.29	34	31	39	111	FVISKNLHGKLLKKEMYY--------------KYKNNFLNYITENNIKLNNLIYSINNIIKLAFEYGY-----DIIQLILG----EIKAIAPTIFN
PROKKA_00019	tr|A7GBG2|A7GBG2_CLOBL Botulinum neurotoxin type F, nontoxic-nonhemagglutinin component, NTNH OS=Clostridium botulinum (strain Langeland / NCTC 10281 / Type F) GN=ntnH PE=4 SV=1 !!!ntnH	117	1163	35	10	28.57	25	0	4	38	FLPDYINCKSAIEKVINKLNRNTITMLFNNSEKLI
PROKKA_00019	tr|C5VU80|C5VU80_CLOBO Botulinum neurotoxin type D, nontoxic-nonhemagglutinin component, NTNH OS=Clostridium botulinum D str. 1873 GN=ntnH PE=4 SV=1 !!!ntnH	117	1196	50	15	30.00	21	14	13	59	SAIEKVINKLNRNTITMLFNNSEKLIFVISKNLHGKLLK---KEMYYKYK
PROKKA_00019	tr|B1BE43|B1BE43_CLOBO Botulinum neurotoxin type C, nontoxic-nonhemagglutinin component NTNH OS=Clostridium botulinum C str. Eklund GN=CBC_A0166 PE=4 SV=1 !!!ntnH	117	1196	50	15	30.00	21	14	13	59	SAIEKVINKLNRNTITMLFNNSEKLIFVISKNLHGKLLK---KEMYYKYK
PROKKA_00019	tr|A5HZZ8|A5HZZ8_CLOBH Type A progenitor toxin nontoxic-nonha OS=Clostridium botulinum (strain Hall / ATCC 3502 / NCTC 13319 / Type A) GN=ntnH PE=4 SV=1 !!!ntnH	117	1193	36	12	33.33	24	0	35	70	EKLIFVISKNLHGKLLKKEMYYKYKNNFLNYITENN
PROKKA_00019	tr|B1L2G3|B1L2G3_CLOBM P-47 protein OS=Clostridium botulinum (strain Loch Maree / Type A3) GN=p47 PE=4 SV=1 !!!P-47	117	416	93	30	32.26	54	9	20	104	NKLNRNTITMLFNNSEKLIFVISKNLHGKLLKKEMYYKYKNNFLNYITEN---NIKLN--NLIYSINNIIKLAFEYGY---DIIQLILGEIKA
PROKKA_00019	tr|A0A060N6G5|A0A060N6G5_CLOBO Nontoxic-nonhemagglutinin component, NTNH OS=Clostridium botulinum B str. Osaka05 GN=CBO05P2_175 PE=4 SV=1 !!!ntnH	117	1197	62	16	25.81	40	6	4	61	FLPDYINCKSAIEKVINKLNRNTITMLFNNSEKLIFVISKNLHGKLLKKEM----YYKYKNN
PROKKA_00019	tr|B1INP6|B1INP6_CLOBK Botulinum neurotoxin type B1, nontoxic-nonhemagglutinin component, NTNH OS=Clostridium botulinum (strain Okra / Type B1) GN=ntnH PE=4 SV=1 !!!ntnH	117	1197	27	8	29.63	19	0	4	30	FLPDYINCKSAIEKVINKLNRNTITML
PROKKA_00019	tr|A0A059PYB0|A0A059PYB0_9CLOT Toxin complex component ORF-X2 OS=Clostridium baratii PE=4 SV=1 !!!ORF-X2	117	748	24	10	41.67	14	0	67	90	TENNIKLNNLIYSINNIIKLAFEY
PROKKA_00019	tr|C1FUH7|C1FUH7_CLOBJ P-47 protein OS=Clostridium botulinum (strain Kyoto / Type A2) GN=p47 PE=4 SV=1 !!!P-47	117	416	37	13	35.14	24	0	24	60	RNTITMLFNNSEKLIFVISKNLHGKLLKKEMYYKYKN
PROKKA_00019	tr|B1BE46|B1BE46_CLOBO Non-toxin haemagglutinin HA-70 OS=Clostridium botulinum C str. Eklund GN=CBC_A0169 PE=4 SV=1 !!!ha70	117	623	16	7	43.75	9	0	24	39	RNTITMLFNNSEKLIF
