PROKKA_00001	tr|S8BA68|S8BA68_CLOBO Hemagglutinin component HA70 OS=Clostridium botulinum CFSAN002367 GN=CFSAN002367_15786 PE=4 SV=1 !!!ha70	73	508	18	9	50.00	9	0	55	72	AGSEKYPRLLNILAPLFS
PROKKA_00001	tr|A5HZZ4|A5HZZ4_CLOBH Hemagglutinin component of the neurotoxin complex OS=Clostridium botulinum (strain Hall / ATCC 3502 / NCTC 13319 / Type A) GN=ha70 PE=1 SV=1 !!!ha70	73	626	18	9	50.00	9	0	55	72	AGSEKYPRLLNILAPLFS
PROKKA_00001	tr|B2TSB9|B2TSB9_CLOBB Heamagglutinin components HA-70 OS=Clostridium botulinum (strain Eklund 17B / Type B) GN=ha70 PE=4 SV=1 !!!ha70	73	626	18	9	50.00	9	0	55	72	AGSEKYPRLLNILAPLFS
PROKKA_00001	tr|A0A0E1L2H2|A0A0E1L2H2_CLOBO Hemagglutinin components HA-22/23/53 OS=Clostridium botulinum CDC_1436 GN=ha-70 PE=4 SV=1 !!!ha70	73	626	23	11	47.83	9	3	53	72	IKAGSEK---YPRLLNILAPLFS
PROKKA_00001	tr|M1ZPH7|M1ZPH7_CLOBO Hemagglutinin component HA70 OS=Clostridium botulinum CFSAN001627 GN=CFSAN001627_19663 PE=4 SV=1 !!!ha70	73	626	18	9	50.00	9	0	55	72	AGSEKYPRLLNILAPLFS
PROKKA_00001	tr|A0A060NA10|A0A060NA10_CLOBO Haemagglutinin component HA70 OS=Clostridium botulinum B str. Osaka05 GN=CBO05P2_179 PE=4 SV=1 !!!ha70	73	626	23	11	47.83	9	3	53	72	IKAGSEK---YPRLLNILAPLFS
PROKKA_00001	tr|B1INQ0|B1INQ0_CLOBK Hemagglutinin component HA70 OS=Clostridium botulinum (strain Okra / Type B1) GN=ha70 PE=4 SV=1 !!!ha70	73	626	23	11	47.83	9	3	53	72	IKAGSEK---YPRLLNILAPLFS
PROKKA_00001	tr|A0A0B4W4X0|A0A0B4W4X0_CLOBO Hemagglutinin components HA-22/23/53 OS=Clostridium botulinum Prevot_594 GN=ha-70 PE=4 SV=1 !!!ha70	73	626	23	11	47.83	9	3	53	72	IKAGSEK---YPRLLNILAPLFS
PROKKA_00001	tr|A0A0C1TZQ5|A0A0C1TZQ5_9CLOT Hemagglutinin components HA-22/23/53 OS=Clostridium argentinense CDC 2741 GN=ha-70 PE=4 SV=1 !!!ha70	73	629	17	8	47.06	9	0	55	71	AGSEKYPRLLNILAPLF
PROKKA_00001	tr|B1BE43|B1BE43_CLOBO Botulinum neurotoxin type C, nontoxic-nonhemagglutinin component NTNH OS=Clostridium botulinum C str. Eklund GN=CBC_A0166 PE=4 SV=1 !!!ntnH	73	1196	33	11	33.33	18	4	13	41	SACIVSVDCIKNFFSF---GTIGKSS-TLMPYN
PROKKA_00001	tr|C5VU80|C5VU80_CLOBO Botulinum neurotoxin type D, nontoxic-nonhemagglutinin component, NTNH OS=Clostridium botulinum D str. 1873 GN=ntnH PE=4 SV=1 !!!ntnH	73	1196	30	12	40.00	14	4	16	41	IVSVDCIKNFFSF---GTIGKSS-TLMPYN
PROKKA_00001	tr|B1BE46|B1BE46_CLOBO Non-toxin haemagglutinin HA-70 OS=Clostridium botulinum C str. Eklund GN=CBC_A0169 PE=4 SV=1 !!!ha70	73	623	18	8	44.44	10	0	55	72	AGSEKYPRLLNILAPLFS
PROKKA_00001	tr|B1BE45|B1BE45_CLOBO Non-toxin haemagglutinin HA-17 OS=Clostridium botulinum C str. Eklund GN=CBC_A0168 PE=4 SV=1 !!!ha17	73	146	19	6	31.58	13	0	24	42	NFFSFGTIGKSSTLMPYNP
PROKKA_00002	tr|B2TSC3|B2TSC3_CLOBB Botulinum neurotoxin type B OS=Clostridium botulinum (strain Eklund 17B / Type B) GN=ntnH PE=4 SV=1 !!!ntnH	1210	1197	1197	1195	99.83	2	0	13	1209	MNINDNLSINSPVDNKNVVVVRARKTDTIFKAFKVAPNIWVAPERYYGESLSIDEEYKVDGGIYDSNFLSQDSEKDKFLQAIITLLKRINSTNAGEKLLSLISTAIPFPYGYIGGGYYAPNMITFGSAPKSNKKLNSLISSTIPFPYAGYRETNYLSSEDNKNFYASNIVIFGPGSNIVENNTVFYKKEDAENGMGTMTEIWFQPFLTYKYDQFYIDPAIELMKCLIKSLYFLYGIKPSDDLVVPYRLRNELENIEYSQLNIVDLLVSGGIDPKFINTDPYWFIDNYFSNAKKVFEDHRNIYKTEVEGNNAIGNDIKLRLKQKFRINTNDIWELNLNYFSKEFSIMMPDRFNNALKHFYRKQYYKIDYPENYSINGFVNGQINAQLFLSDRNQDIINKPEEIINLLNGNNVSLMRSNIYGDGLKSTVDNFYSNYKIPYNRAYEYHFNNSNDSSLDNVNTGVIDNIPEIIDVNPYKENCDKFSPVQKITSTREINTNIPWPINYLQAQNTNNERFSLSSDFVEVVSSKDKSLVYSFLSNVMFYLDSIKDNSPIDTDKEYYLWLREIFRNYSFDITATQEINTNCGINKVVAWFGKALNILNTSDSFVEEFQNLGPSSLINKKENLSMPIIEIDEIPNYMLGLPLNDLNEKLFNIYLKNILYFKKVYFNFLDQWWTEYYSQYFDLICMAKQSILAQEKLIKQIIQNKLQDLSKADISMDKLNLMNLATGKTFIDLSNESQIAIDNINDFLNKSAICFFDTNIYPKFISFMEQCINSVNSNVTTFIQKCTNITEDEKLQLIKLNTFMNIDFEFFDIQNIKDLITSETDLIKEEKESDYNLFLLTLQEDNNKVIEDISGKNTLVKYSDSISLVYGVNGDALYLKEPNESVSFSNKVFENGLTNSFSICFWLRNLGEDIITSKLIENKADNCGWEIYFENNGLVFSIVDCNGNEENIYLSDVISKNWYYISISIDRLRNQLLIFINDKLIANQSIEQILNIYSSSTISLVNENNPIYVEGLSILNRSITSEEVVNNYFSYLNNSYIRDISGERLEYNKTYELYNYVFPENSLYEVTENNNIYLSIKDTNDLNIQGAKFKLINIDTNKQYVQKWDEGVVCLLGDEEKYVDISSENNRIQLVSSRDTAKKIIFNNDIFKPNCLTFAYNNKYLSLSFRDRNYNWMIYNNNDNIPKAAHLWTLKGI
PROKKA_00002	tr|B1INP6|B1INP6_CLOBK Botulinum neurotoxin type B1, nontoxic-nonhemagglutinin component, NTNH OS=Clostridium botulinum (strain Okra / Type B1) GN=ntnH PE=4 SV=1 !!!ntnH	1210	1197	1197	1153	96.32	44	0	13	1209	MNINDNLSINSPVDNKNVVVVRARKTDTIFKAFKVAPNIWVAPERYYGESLSIDEEYKVDGGIYDSNFLSQDSEKDKFLQAIITLLKRINSTNAGEKLLSLISTAIPFPYGYIGGGYYAPNMITFGSAPKSNKKLNSLISSTIPFPYAGYRETNYLSSEDNKNFYASNIVIFGPGSNIVENNTVFYKKEDAENGMGTMTEIWFQPFLTYKYDQFYIDPAIELMKCLIKSLYFLYGIKPSDDLVVPYRLRNELENIEYSQLNIVDLLVSGGIDPKFINTDPYWFIDNYFSNAKKVFEDHRNIYKTEVEGNNAIGNDIKLRLKQKFRINTNDIWELNLNYFSKEFSIMMPDRFNNALKHFYRKQYYKIDYPENYSINGFVNGQINAQLFLSDRNQDIINKPEEIINLLNGNNVSLMRSNIYGDGLKSTVDNFYSNYKIPYNRAYEYHFNNSNDSSLDNVNTGVIDNIPEIIDVNPYKENCDKFSPVQKITSTREINTNIPWPINYLQAQNTNNERFSLSSDFVEVVSSKDKSLVYSFLSNVMFYLDSIKDNSPIDTDKEYYLWLREIFRNYSFDITATQEINTNCGINKVVAWFGKALNILNTSDSFVEEFQNLGPSSLINKKENLSMPIIEIDEIPNYMLGLPLNDLNEKLFNIYLKNILYFKKVYFNFLDQWWTEYYSQYFDLICMAKQSILAQEKLIKQIIQNKLQDLSKADISMDKLNLMNLATGKTFIDLSNESQIAIDNINDFLNKSAICFFDTNIYPKFISFMEQCINSVNSNVTTFIQKCTNITEDEKLQLIKLNTFMNIDFEFFDIQNIKDLITSETDLIKEEKESDYNLFLLTLQEDNNKVIEDISGKNTLVKYSDSISLVYGVNGDALYLKEPNESVSFSNKVFENGLTNSFSICFWLRNLGEDIITSKLIENKADNCGWEIYFENNGLVFSIVDCNGNEENIYLSDVISKNWYYISISIDRLRNQLLIFINDKLIANQSIEQILNIYSSSTISLVNENNPIYVEGLSILNRSITSEEVVNNYFSYLNNSYIRDISGERLEYNKTYELYNYVFPENSLYEVTENNNIYLSIKDTNDLNIQGAKFKLINIDTNKQYVQKWDEGVVCLLGDEEKYVDISSENNRIQLVSSRDTAKKIIFNNDIFKPNCLTFAYNNKYLSLSFRDRNYNWMIYNNNDNIPKAAHLWTLKGI
PROKKA_00002	tr|A0A060N6G5|A0A060N6G5_CLOBO Nontoxic-nonhemagglutinin component, NTNH OS=Clostridium botulinum B str. Osaka05 GN=CBO05P2_175 PE=4 SV=1 !!!ntnH	1210	1197	1197	1147	95.82	50	0	13	1209	MNINDNLSINSPVDNKNVVVVRARKTDTIFKAFKVAPNIWVAPERYYGESLSIDEEYKVDGGIYDSNFLSQDSEKDKFLQAIITLLKRINSTNAGEKLLSLISTAIPFPYGYIGGGYYAPNMITFGSAPKSNKKLNSLISSTIPFPYAGYRETNYLSSEDNKNFYASNIVIFGPGSNIVENNTVFYKKEDAENGMGTMTEIWFQPFLTYKYDQFYIDPAIELMKCLIKSLYFLYGIKPSDDLVVPYRLRNELENIEYSQLNIVDLLVSGGIDPKFINTDPYWFIDNYFSNAKKVFEDHRNIYKTEVEGNNAIGNDIKLRLKQKFRINTNDIWELNLNYFSKEFSIMMPDRFNNALKHFYRKQYYKIDYPENYSINGFVNGQINAQLFLSDRNQDIINKPEEIINLLNGNNVSLMRSNIYGDGLKSTVDNFYSNYKIPYNRAYEYHFNNSNDSSLDNVNTGVIDNIPEIIDVNPYKENCDKFSPVQKITSTREINTNIPWPINYLQAQNTNNERFSLSSDFVEVVSSKDKSLVYSFLSNVMFYLDSIKDNSPIDTDKEYYLWLREIFRNYSFDITATQEINTNCGINKVVAWFGKALNILNTSDSFVEEFQNLGPSSLINKKENLSMPIIEIDEIPNYMLGLPLNDLNEKLFNIYLKNILYFKKVYFNFLDQWWTEYYSQYFDLICMAKQSILAQEKLIKQIIQNKLQDLSKADISMDKLNLMNLATGKTFIDLSNESQIAIDNINDFLNKSAICFFDTNIYPKFISFMEQCINSVNSNVTTFIQKCTNITEDEKLQLIKLNTFMNIDFEFFDIQNIKDLITSETDLIKEEKESDYNLFLLTLQEDNNKVIEDISGKNTLVKYSDSISLVYGVNGDALYLKEPNESVSFSNKVFENGLTNSFSICFWLRNLGEDIITSKLIENKADNCGWEIYFENNGLVFSIVDCNGNEENIYLSDVISKNWYYISISIDRLRNQLLIFINDKLIANQSIEQILNIYSSSTISLVNENNPIYVEGLSILNRSITSEEVVNNYFSYLNNSYIRDISGERLEYNKTYELYNYVFPENSLYEVTENNNIYLSIKDTNDLNIQGAKFKLINIDTNKQYVQKWDEGVVCLLGDEEKYVDISSENNRIQLVSSRDTAKKIIFNNDIFKPNCLTFAYNNKYLSLSFRDRNYNWMIYNNNDNIPKAAHLWTLKGI
PROKKA_00002	tr|A5HZZ8|A5HZZ8_CLOBH Type A progenitor toxin nontoxic-nonha OS=Clostridium botulinum (strain Hall / ATCC 3502 / NCTC 13319 / Type A) GN=ntnH PE=4 SV=1 !!!ntnH	1210	1193	1196	971	81.19	221	4	13	1207	MNINDNLSINSPVDNKNVVVVRARKTDTIFKAFKVAPNIWVAPERYYGESLSIDEEYKVDGGIYDSNFLSQDSEKDKFLQAIITLLKRINSTNAGEKLLSLISTAIPFPYGYIGGGYYAPNMITFGSAPKSNKKLNSLISSTIPFPYAGYRETNYLSSEDNKNFYASNIVIFGPGSNIVENNTVFYKKEDAENGMGTMTEIWFQPFLTYKYDQFYIDPAIELMKCLIKSLYFLYGIKPSDDLVVPYRLRNELENIEYSQLNIVDLLVSGGIDPKFINTDPYWFIDNYFSNAKKVFEDHRNIYKTEVEGNNAIGNDIKLRLKQKFRINTNDIWELNLNYFSKEFSIMMPDRFNNALKHFYRKQYYKIDYPENYSINGFVNGQINAQLFLSDRNQDIINKPEEIINLLNGNNVSLMRSNIYGDGLKSTVDNFYSNYKIPYNRAYEYHFNNSNDSSLDNVNTGVIDNIPEIIDVNPYKENCDKFSPVQKITSTREINTNIPWPINYLQAQNTNNERFSLSSDFVEVVSSKDKSLVYSFLSNVMFYLDSIKDNSPIDTDKEYYLWLREIFRNYSFDITATQEINTNCGINKVVAWFGKALNILNTSDSFVEEFQNLGPSSLINKKENLSMPIIEIDEIPNYMLGLPLNDLNEKLFNIYLKNILYFKKVYFNFLDQWWTEYYSQYFDLICMAKQSILAQEKLIKQIIQNKLQDL-SKADISMDKLNLMNLATGKTFIDLSNESQIAIDNINDFLNKSAICFFDTNIYPKFISFMEQCINSVNSNVTTFIQKCTNITEDEKLQLIKLNTFMNIDFEFFDIQNIKDLITSETDLIKEEKESDYNLFLLTLQEDNNKVIEDISGKNTLVKYSDSISLVYGVNGDALYLKEPNESVSFSNKVFENGLTNSFSICFWLRNLGEDIITSKLIENKADNCGWEIYFENNGLVFSIVDCNGNEENIYLSDVISKNWYYISISIDRLRNQLLIFINDKLIANQSIEQILNIYSSSTISLVNENNPIYVEGLSILNRSITSEEVVNNYFSYLNNSYIRDISGERLEYNKTYELYNYVFPENSLYEVTENNNIYLSIKDTNDLNIQGAKFKLINIDTNKQYVQKWDEGVVCLLGDEEKYVDISSENNRIQLVSSRDTAKKIIFNNDIFKPNCLTFAYNNKYLSLSFRDRNYNWMIYNNNDNIPKAAHLWTLK
PROKKA_00002	tr|B1BE43|B1BE43_CLOBO Botulinum neurotoxin type C, nontoxic-nonhemagglutinin component NTNH OS=Clostridium botulinum C str. Eklund GN=CBC_A0166 PE=4 SV=1 !!!ntnH	1210	1196	1196	814	68.06	382	0	13	1208	MNINDNLSINSPVDNKNVVVVRARKTDTIFKAFKVAPNIWVAPERYYGESLSIDEEYKVDGGIYDSNFLSQDSEKDKFLQAIITLLKRINSTNAGEKLLSLISTAIPFPYGYIGGGYYAPNMITFGSAPKSNKKLNSLISSTIPFPYAGYRETNYLSSEDNKNFYASNIVIFGPGSNIVENNTVFYKKEDAENGMGTMTEIWFQPFLTYKYDQFYIDPAIELMKCLIKSLYFLYGIKPSDDLVVPYRLRNELENIEYSQLNIVDLLVSGGIDPKFINTDPYWFIDNYFSNAKKVFEDHRNIYKTEVEGNNAIGNDIKLRLKQKFRINTNDIWELNLNYFSKEFSIMMPDRFNNALKHFYRKQYYKIDYPENYSINGFVNGQINAQLFLSDRNQDIINKPEEIINLLNGNNVSLMRSNIYGDGLKSTVDNFYSNYKIPYNRAYEYHFNNSNDSSLDNVNTGVIDNIPEIIDVNPYKENCDKFSPVQKITSTREINTNIPWPINYLQAQNTNNERFSLSSDFVEVVSSKDKSLVYSFLSNVMFYLDSIKDNSPIDTDKEYYLWLREIFRNYSFDITATQEINTNCGINKVVAWFGKALNILNTSDSFVEEFQNLGPSSLINKKENLSMPIIEIDEIPNYMLGLPLNDLNEKLFNIYLKNILYFKKVYFNFLDQWWTEYYSQYFDLICMAKQSILAQEKLIKQIIQNKLQDLSKADISMDKLNLMNLATGKTFIDLSNESQIAIDNINDFLNKSAICFFDTNIYPKFISFMEQCINSVNSNVTTFIQKCTNITEDEKLQLIKLNTFMNIDFEFFDIQNIKDLITSETDLIKEEKESDYNLFLLTLQEDNNKVIEDISGKNTLVKYSDSISLVYGVNGDALYLKEPNESVSFSNKVFENGLTNSFSICFWLRNLGEDIITSKLIENKADNCGWEIYFENNGLVFSIVDCNGNEENIYLSDVISKNWYYISISIDRLRNQLLIFINDKLIANQSIEQILNIYSSSTISLVNENNPIYVEGLSILNRSITSEEVVNNYFSYLNNSYIRDISGERLEYNKTYELYNYVFPENSLYEVTENNNIYLSIKDTNDLNIQGAKFKLINIDTNKQYVQKWDEGVVCLLGDEEKYVDISSENNRIQLVSSRDTAKKIIFNNDIFKPNCLTFAYNNKYLSLSFRDRNYNWMIYNNNDNIPKAAHLWTLKG
PROKKA_00002	tr|C5VU80|C5VU80_CLOBO Botulinum neurotoxin type D, nontoxic-nonhemagglutinin component, NTNH OS=Clostridium botulinum D str. 1873 GN=ntnH PE=4 SV=1 !!!ntnH	1210	1196	1196	814	68.06	382	0	13	1208	MNINDNLSINSPVDNKNVVVVRARKTDTIFKAFKVAPNIWVAPERYYGESLSIDEEYKVDGGIYDSNFLSQDSEKDKFLQAIITLLKRINSTNAGEKLLSLISTAIPFPYGYIGGGYYAPNMITFGSAPKSNKKLNSLISSTIPFPYAGYRETNYLSSEDNKNFYASNIVIFGPGSNIVENNTVFYKKEDAENGMGTMTEIWFQPFLTYKYDQFYIDPAIELMKCLIKSLYFLYGIKPSDDLVVPYRLRNELENIEYSQLNIVDLLVSGGIDPKFINTDPYWFIDNYFSNAKKVFEDHRNIYKTEVEGNNAIGNDIKLRLKQKFRINTNDIWELNLNYFSKEFSIMMPDRFNNALKHFYRKQYYKIDYPENYSINGFVNGQINAQLFLSDRNQDIINKPEEIINLLNGNNVSLMRSNIYGDGLKSTVDNFYSNYKIPYNRAYEYHFNNSNDSSLDNVNTGVIDNIPEIIDVNPYKENCDKFSPVQKITSTREINTNIPWPINYLQAQNTNNERFSLSSDFVEVVSSKDKSLVYSFLSNVMFYLDSIKDNSPIDTDKEYYLWLREIFRNYSFDITATQEINTNCGINKVVAWFGKALNILNTSDSFVEEFQNLGPSSLINKKENLSMPIIEIDEIPNYMLGLPLNDLNEKLFNIYLKNILYFKKVYFNFLDQWWTEYYSQYFDLICMAKQSILAQEKLIKQIIQNKLQDLSKADISMDKLNLMNLATGKTFIDLSNESQIAIDNINDFLNKSAICFFDTNIYPKFISFMEQCINSVNSNVTTFIQKCTNITEDEKLQLIKLNTFMNIDFEFFDIQNIKDLITSETDLIKEEKESDYNLFLLTLQEDNNKVIEDISGKNTLVKYSDSISLVYGVNGDALYLKEPNESVSFSNKVFENGLTNSFSICFWLRNLGEDIITSKLIENKADNCGWEIYFENNGLVFSIVDCNGNEENIYLSDVISKNWYYISISIDRLRNQLLIFINDKLIANQSIEQILNIYSSSTISLVNENNPIYVEGLSILNRSITSEEVVNNYFSYLNNSYIRDISGERLEYNKTYELYNYVFPENSLYEVTENNNIYLSIKDTNDLNIQGAKFKLINIDTNKQYVQKWDEGVVCLLGDEEKYVDISSENNRIQLVSSRDTAKKIIFNNDIFKPNCLTFAYNNKYLSLSFRDRNYNWMIYNNNDNIPKAAHLWTLKG
PROKKA_00002	tr|B1L2G4|B1L2G4_CLOBM Botulinum neurotoxin type A3, nontoxic-nonhemagglutinin component, NTNH OS=Clostridium botulinum (strain Loch Maree / Type A3) GN=ntnH PE=4 SV=1 !!!ntnH	1210	1159	1202	743	61.81	409	50	13	1207	MNINDNLSINSPVDNKNVVVVRARKTDTIFKAFKVAPNIWVAPERYYGESLSIDEEYKVDGGIYDSNFLSQDSEKDKFLQAIITLLKRINSTNAGEKLLSLISTAIPFPYGYIGGGYYAPNMITFGSAPKSNKKLNSLISSTIPFPY----AGYRETNYLSSEDNKNFYASNIVIFGPGSNIVENNTVFYKKEDAENGMGTMTEIWFQPFLTYKYDQFYIDPAIELMKCLIKSLYFLYGIKPSDDLVVPYRLRNELENIEYSQLNIVDLLVSGGIDPKFINTDPYWFIDNYFSNAKKVFEDHRNIYKTEVEGNNAIGNDIKLRLKQKFRINTNDIWELNLNYFSKEFSIMMPDRFNNALKHFYRKQYYKIDYPENYSINGFVNGQINAQLFLSDRNQDIINKPEEIINLLNGNNVSLMRSNIYGDGLKSTVDNFYSNYKIPYNRAYEYHFNNSNDSSLDNVNTGVIDNIPEI--IDVNPYKENCDKFSPVQKITSTREINTNIPWPINYLQAQNTNNERFSLSSDFVEVVSSKDKSLVYSFLSNVMFYLDSIKDNSPIDTDKEYYLWLREIFRNYSFDITATQEINTNCGINKVVAWFGKALNILNTSDSFVEEFQNLGPSSLINKKENLSMPIIEIDEIPNYMLGLPLNDLNEKLFNIYLKNILYFKKVYFNFLDQWWTEYYSQYFDLICMAKQSILAQEKLIKQIIQNKLQDL-SKADISMDKLNLMNLATGKTFIDLSNESQIAIDNINDFLNKSAICFFDTNIYPKFISFMEQCINSVNSNVTTFIQKCTNITEDEKLQLIKLNTFMNIDFEFFDIQNIKDLITSETDLIKEEKESDYNLFLLTLQEDNNKVIEDISGKNTLVKYSDSISLVYGVNGDALYLKEPNESVSFSNKVFENGLTNSFSICFWLRNLGEDIITSKLIENKADNCGWEIYFENNGLVFSIVDCNGNEENIYLSDVISKNWYYISISIDRLRNQLLIFINDKLIANQSIEQILNIYSSSTISLVNENNPIYVEGLSILNRSITSEEVVNNYFSYLNNSYIRDISGERLEYNKTYELYNYVFPENSLYEVTENNNIYLSIKDTNDLNIQGAKFKLINIDTNKQYVQKWDEGVVCLLGDEEKYVDISSENNRIQLVSSRDTAKKIIFNNDIFKPNCLTFAYNNKYLSLSFRDRNYNWMIYNNNDNIPKAAHLWTLK
PROKKA_00002	tr|A7GBG2|A7GBG2_CLOBL Botulinum neurotoxin type F, nontoxic-nonhemagglutinin component, NTNH OS=Clostridium botulinum (strain Langeland / NCTC 10281 / Type F) GN=ntnH PE=4 SV=1 !!!ntnH	1210	1163	1200	751	62.58	409	40	13	1209	MNINDNLSINSPVDNKNVVVVRARKTDTIFKAFKVAPNIWVAPERYYGESLSIDEEYKVDGGIYDSNFLSQDSEKDKFLQAIITLLKRINSTNAGEKLLSLISTAIPFPYGYIGGGYYAPNMITFGSAPKSNKKLNSLISSTIPFPYAGYRETNYLSSEDNKNFYASNIVIFGPGSNIVENNTVFYKKEDAENGMGTMTEIWFQPFLTYKYDQFYIDPAIELMKCLIKSLYFLYGIKPSDDLVVPYRLRNELENIEYSQLNIVDLLVSGGIDPKFINTDPYWFIDNYFSNAKKVFEDHRNIYKTEVEGNNAIGNDIKLRLKQKFRINTNDIWELNLNYFSKEFSIMMPDRFNNALKHFYRKQYYKIDYPENYSINGFVNGQINAQLFLSDRNQDIINKPEEIINLLNGNNVSLMRSNIYGDGLKSTVDNFYSNYKIPYNRAYEYHFNNSNDSSLDNVNTGVIDNIPEI--IDVNPYKENCDKFSPVQKITSTREINTNIPWPINYLQAQNTNNERFSLSSDFVEVVSSKDKSLVYSFLSNVMFYLDSIKDNSPIDTDKEYYLWLREIFRNYSFDITATQEINTNCGINKVVAWFGKALNILNTSDSFVEEFQNLGPSSLINKKENLSMPIIEIDEIPNYMLGLPLNDLNEKLFNIYLKNILYFKKVYFNFLDQWWTEYYSQYFDLICMAKQSILAQEKLIKQIIQNKLQDL-SKADISMDKLNLMNLATGKTFIDLSNESQIAIDNINDFLNKSAICFFDTNIYPKFISFMEQCINSVNSNVTTFIQKCTNITEDEKLQLIKLNTFMNIDFEFFDIQNIKDLITSETDLIKEEKESDYNLFLLTLQEDNNKVIEDISGKNTLVKYSDSISLVYGVNGDALYLKEPNESVSFSNKVFENGLTNSFSICFWLRNLGEDIITSKLIENKADNCGWEIYFENNGLVFSIVDCNGNEENIYLSDVISKNWYYISISIDRLRNQLLIFINDKLIANQSIEQILNIYSSSTISLVNENNPIYVEGLSILNRSITSEEVVNNYFSYLNNSYIRDISGERLEYNKTYELYNYVFPENSLYEVTENNNIYLSIKDTNDLNIQGAKFKLINIDTNKQYVQKWDEGVVCLLGDEEKYVDISSENNRIQLVSSRDTAKKIIFNNDIFKPNCLTFAYNNKYLSLSFRDRNYNWMIYNNNDNIPKAAHLWTLKGI
PROKKA_00002	tr|C1FUH8|C1FUH8_CLOBJ Botulinum neurotoxin type A2, nontoxic-nonhemagglutinin component, NTNH OS=Clostridium botulinum (strain Kyoto / Type A2) GN=ntnH PE=4 SV=1 !!!ntnH	1210	1159	1202	743	61.81	409	50	13	1207	MNINDNLSINSPVDNKNVVVVRARKTDTIFKAFKVAPNIWVAPERYYGESLSIDEEYKVDGGIYDSNFLSQDSEKDKFLQAIITLLKRINSTNAGEKLLSLISTAIPFPYGYIGGGYYAPNMITFGSAPKSNKKLNSLISSTIPFPY----AGYRETNYLSSEDNKNFYASNIVIFGPGSNIVENNTVFYKKEDAENGMGTMTEIWFQPFLTYKYDQFYIDPAIELMKCLIKSLYFLYGIKPSDDLVVPYRLRNELENIEYSQLNIVDLLVSGGIDPKFINTDPYWFIDNYFSNAKKVFEDHRNIYKTEVEGNNAIGNDIKLRLKQKFRINTNDIWELNLNYFSKEFSIMMPDRFNNALKHFYRKQYYKIDYPENYSINGFVNGQINAQLFLSDRNQDIINKPEEIINLLNGNNVSLMRSNIYGDGLKSTVDNFYSNYKIPYNRAYEYHFNNSNDSSLDNVNTGVIDNIPEI--IDVNPYKENCDKFSPVQKITSTREINTNIPWPINYLQAQNTNNERFSLSSDFVEVVSSKDKSLVYSFLSNVMFYLDSIKDNSPIDTDKEYYLWLREIFRNYSFDITATQEINTNCGINKVVAWFGKALNILNTSDSFVEEFQNLGPSSLINKKENLSMPIIEIDEIPNYMLGLPLNDLNEKLFNIYLKNILYFKKVYFNFLDQWWTEYYSQYFDLICMAKQSILAQEKLIKQIIQNKLQDL-SKADISMDKLNLMNLATGKTFIDLSNESQIAIDNINDFLNKSAICFFDTNIYPKFISFMEQCINSVNSNVTTFIQKCTNITEDEKLQLIKLNTFMNIDFEFFDIQNIKDLITSETDLIKEEKESDYNLFLLTLQEDNNKVIEDISGKNTLVKYSDSISLVYGVNGDALYLKEPNESVSFSNKVFENGLTNSFSICFWLRNLGEDIITSKLIENKADNCGWEIYFENNGLVFSIVDCNGNEENIYLSDVISKNWYYISISIDRLRNQLLIFINDKLIANQSIEQILNIYSSSTISLVNENNPIYVEGLSILNRSITSEEVVNNYFSYLNNSYIRDISGERLEYNKTYELYNYVFPENSLYEVTENNNIYLSIKDTNDLNIQGAKFKLINIDTNKQYVQKWDEGVVCLLGDEEKYVDISSENNRIQLVSSRDTAKKIIFNNDIFKPNCLTFAYNNKYLSLSFRDRNYNWMIYNNNDNIPKAAHLWTLK
PROKKA_00002	tr|A0A0X1KH90|A0A0X1KH90_CLOBA Botulinum neurotoxin type E, nontoxic-nonhemagglutinin component, NTNH OS=Clostridium botulinum (strain Alaska E43 / Type E3) PE=1 SV=1 !!!ntnH	1210	1163	1204	714	59.30	442	48	13	1209	MNINDNLSINSPVDNKNVVVVRARKTDTIFKAFKVAPNIWVAPERYYGESLSIDEEYKVDGGIYDSNFLSQDSEKDKFLQAIITLLKRINSTNAGEKLLSLISTAIPFPYGYIGGGYYAPNMITFGSAPKSNKKLNSLISSTIPFPYAG----YRETNYLSSEDNKNFYASNIVIFGPGSNIVENNTVFYKKEDAENGMGTMTEIWFQPFLTYKYDQFYIDPAIELMKCLIKSLYFLYGIKPSDDLVVPYRLRNELENIEYSQLNIVDLLVSGGIDPKFINTDPYWFIDNYFSNAKKVFEDHRNIYKTEVEGNNAIGNDIKLRLKQKFRINTNDIWELNLNYFSKEFSIMMPDRFNNALKHFYRKQYYKIDYPENYSINGFVNGQINAQLFLSDRNQDIINKPEEIINLLNGNNVSLMRSNIYGDGLKSTVDNFYSNYKIPYNRAYEYHFNNSNDSSLDNVNTGVIDNIPEI--IDVNPYKENCDKFSPVQKITSTREINTNIPWPINYLQAQNTNNERFSLSSDFVEVVSSKDKSLVYSFLSNVMFYLDSIKDNSPIDTDKEYYLWLREIFRNYSFDITATQEINTNCGINKVVAWFGKALNILNTSDSFVEEFQNLGPSSLINKKENLSMPIIEIDEIPNYMLGLPLNDLNEKLFNIYLKNILYFKKVYFNFLDQWWTEYYSQYFDLICMAKQSILAQEKLIKQIIQNKLQDLSK-ADISMDKLNLMNLATGKTFIDLSNESQIAIDNINDFLNKSAICFFDTNIYPKFISFMEQCINSVNSNVTTFIQKCTNITEDEKLQLIKLNTFMNIDFEFFDIQNIKDLITSETDLIKEEKESDYNLFLLTLQEDNNKVIEDISGKNTLVKYSDSISLVYGVNGDALYLKEPNESVSFSNKVFENGLTNSFSICFWLRNLGEDIITSKLIENKADNCGWEIYFENNGLVFSIVDCNGNEENIYLSDVISKNWYYISISIDRLRNQLLIFINDKLIANQSIEQILNIYSSSTISLVNENNPIYVEGLSILNRSITSEEVVNNYFSYLNNSYIRDISGERLEYNKTYELYNYVFPENSLYEVTENNNIYLSIKDTNDLNIQGAKFKLINIDTNKQYVQKWDEGVVCLLGDEEKYVDISSENNRIQLVSSRDTAKKIIFNNDIFKPNCLTFAYNNKYLSLSFRDRNYNWMIYNNNDNIPKAAHLWTLKGI
PROKKA_00002	tr|C5UY14|C5UY14_CLOBO Botulinum neurotoxin type E1, nontoxic-nonhemagglutinin component, NTNH OS=Clostridium botulinum E1 str. 'BoNT E Beluga' GN=ntnH PE=4 SV=1 !!!ntnH	1210	1163	1204	714	59.30	442	48	13	1209	MNINDNLSINSPVDNKNVVVVRARKTDTIFKAFKVAPNIWVAPERYYGESLSIDEEYKVDGGIYDSNFLSQDSEKDKFLQAIITLLKRINSTNAGEKLLSLISTAIPFPYGYIGGGYYAPNMITFGSAPKSNKKLNSLISSTIPFPYAG----YRETNYLSSEDNKNFYASNIVIFGPGSNIVENNTVFYKKEDAENGMGTMTEIWFQPFLTYKYDQFYIDPAIELMKCLIKSLYFLYGIKPSDDLVVPYRLRNELENIEYSQLNIVDLLVSGGIDPKFINTDPYWFIDNYFSNAKKVFEDHRNIYKTEVEGNNAIGNDIKLRLKQKFRINTNDIWELNLNYFSKEFSIMMPDRFNNALKHFYRKQYYKIDYPENYSINGFVNGQINAQLFLSDRNQDIINKPEEIINLLNGNNVSLMRSNIYGDGLKSTVDNFYSNYKIPYNRAYEYHFNNSNDSSLDNVNTGVIDNIPEI--IDVNPYKENCDKFSPVQKITSTREINTNIPWPINYLQAQNTNNERFSLSSDFVEVVSSKDKSLVYSFLSNVMFYLDSIKDNSPIDTDKEYYLWLREIFRNYSFDITATQEINTNCGINKVVAWFGKALNILNTSDSFVEEFQNLGPSSLINKKENLSMPIIEIDEIPNYMLGLPLNDLNEKLFNIYLKNILYFKKVYFNFLDQWWTEYYSQYFDLICMAKQSILAQEKLIKQIIQNKLQDLSK-ADISMDKLNLMNLATGKTFIDLSNESQIAIDNINDFLNKSAICFFDTNIYPKFISFMEQCINSVNSNVTTFIQKCTNITEDEKLQLIKLNTFMNIDFEFFDIQNIKDLITSETDLIKEEKESDYNLFLLTLQEDNNKVIEDISGKNTLVKYSDSISLVYGVNGDALYLKEPNESVSFSNKVFENGLTNSFSICFWLRNLGEDIITSKLIENKADNCGWEIYFENNGLVFSIVDCNGNEENIYLSDVISKNWYYISISIDRLRNQLLIFINDKLIANQSIEQILNIYSSSTISLVNENNPIYVEGLSILNRSITSEEVVNNYFSYLNNSYIRDISGERLEYNKTYELYNYVFPENSLYEVTENNNIYLSIKDTNDLNIQGAKFKLINIDTNKQYVQKWDEGVVCLLGDEEKYVDISSENNRIQLVSSRDTAKKIIFNNDIFKPNCLTFAYNNKYLSLSFRDRNYNWMIYNNNDNIPKAAHLWTLKGI
PROKKA_00002	tr|C4IHM0|C4IHM0_CLOBU Botulinum neurotoxin type E, nontoxic-nonhemagglutinin component, NTNH OS=Clostridium butyricum E4 str. BoNT E BL5262 GN=ntnH PE=4 SV=1 !!!ntnH	1210	1163	1204	718	59.63	438	48	13	1209	MNINDNLSINSPVDNKNVVVVRARKTDTIFKAFKVAPNIWVAPERYYGESLSIDEEYKVDGGIYDSNFLSQDSEKDKFLQAIITLLKRINSTNAGEKLLSLISTAIPFPYGYIGGGYYAPNMITFGSAPKSNKKLNSLISSTIPFPYAG----YRETNYLSSEDNKNFYASNIVIFGPGSNIVENNTVFYKKEDAENGMGTMTEIWFQPFLTYKYDQFYIDPAIELMKCLIKSLYFLYGIKPSDDLVVPYRLRNELENIEYSQLNIVDLLVSGGIDPKFINTDPYWFIDNYFSNAKKVFEDHRNIYKTEVEGNNAIGNDIKLRLKQKFRINTNDIWELNLNYFSKEFSIMMPDRFNNALKHFYRKQYYKIDYPENYSINGFVNGQINAQLFLSDRNQDIINKPEEIINLLNGNNVSLMRSNIYGDGLKSTVDNFYSNYKIPYNRAYEYHFNNSNDSSLDNVNTGVIDNIPEI--IDVNPYKENCDKFSPVQKITSTREINTNIPWPINYLQAQNTNNERFSLSSDFVEVVSSKDKSLVYSFLSNVMFYLDSIKDNSPIDTDKEYYLWLREIFRNYSFDITATQEINTNCGINKVVAWFGKALNILNTSDSFVEEFQNLGPSSLINKKENLSMPIIEIDEIPNYMLGLPLNDLNEKLFNIYLKNILYFKKVYFNFLDQWWTEYYSQYFDLICMAKQSILAQEKLIKQIIQNKLQDLSK-ADISMDKLNLMNLATGKTFIDLSNESQIAIDNINDFLNKSAICFFDTNIYPKFISFMEQCINSVNSNVTTFIQKCTNITEDEKLQLIKLNTFMNIDFEFFDIQNIKDLITSETDLIKEEKESDYNLFLLTLQEDNNKVIEDISGKNTLVKYSDSISLVYGVNGDALYLKEPNESVSFSNKVFENGLTNSFSICFWLRNLGEDIITSKLIENKADNCGWEIYFENNGLVFSIVDCNGNEENIYLSDVISKNWYYISISIDRLRNQLLIFINDKLIANQSIEQILNIYSSSTISLVNENNPIYVEGLSILNRSITSEEVVNNYFSYLNNSYIRDISGERLEYNKTYELYNYVFPENSLYEVTENNNIYLSIKDTNDLNIQGAKFKLINIDTNKQYVQKWDEGVVCLLGDEEKYVDISSENNRIQLVSSRDTAKKIIFNNDIFKPNCLTFAYNNKYLSLSFRDRNYNWMIYNNNDNIPKAAHLWTLKGI
PROKKA_00002	tr|A7GBF8|A7GBF8_CLOBL Toxin complex component ORF-X2 OS=Clostridium botulinum (strain Langeland / NCTC 10281 / Type F) GN=CLI_0846 PE=4 SV=1 !!!ORF-X2	1210	750	19	9	47.37	10	0	769	787	DTNIYPKFISFMEQCINSV
PROKKA_00002	tr|A0A0D1AER2|A0A0D1AER2_CLOBO Transcriptional regulator OS=Clostridium botulinum B2 450 GN=N495_19875 PE=4 SV=1 !!! 	1210	178	57	16	28.07	38	3	1129	1183	GDEEKYVDISSENNRIQLVSSRDTAKKIIFNNDIF--KPNCLTFAYNNKYLSLSFRD
PROKKA_00002	tr|A5HZZ7|A5HZZ7_CLOBH RNA polymerase ECF-type sigma factor OS=Clostridium botulinum (strain Hall / ATCC 3502 / NCTC 13319 / Type A) GN=botR PE=4 SV=1 !!!BotR	1210	178	57	16	28.07	38	3	1129	1183	GDEEKYVDISSENNRIQLVSSRDTAKKIIFNNDIF--KPNCLTFAYNNKYLSLSFRD
PROKKA_00002	tr|S8CEF4|S8CEF4_CLOBO Transcriptional regulator BotR, P-21 OS=Clostridium botulinum CFSAN002367 GN=CFSAN002367_15806 PE=4 SV=1 !!!BotR	1210	178	57	16	28.07	38	3	1129	1183	GDEEKYVDISSENNRIQLVSSRDTAKKIIFNNDIF--KPNCLTFAYNNKYLSLSFRD
PROKKA_00002	tr|A0A073CP83|A0A073CP83_CLOBO Transcriptional regulator OS=Clostridium botulinum A2B3 87 GN=N496_19575 PE=4 SV=1 !!! 	1210	178	57	16	28.07	38	3	1129	1183	GDEEKYVDISSENNRIQLVSSRDTAKKIIFNNDIF--KPNCLTFAYNNKYLSLSFRD
PROKKA_00002	tr|C1FUH3|C1FUH3_CLOBJ Toxin complex component ORF-X3 OS=Clostridium botulinum (strain Kyoto / Type A2) GN=CLM_0891 PE=4 SV=1 !!!ORF-X3	1210	490	26	11	42.31	15	0	1094	1119	DTNDLNIQGAKFKLINIDTNKQYVQK
PROKKA_00002	tr|A7GBF7|A7GBF7_CLOBL Toxin complex component ORF-X3 OS=Clostridium botulinum (strain Langeland / NCTC 10281 / Type F) GN=CLI_0845 PE=4 SV=1 !!!ORF-X3	1210	490	26	11	42.31	15	0	1094	1119	DTNDLNIQGAKFKLINIDTNKQYVQK
PROKKA_00002	tr|B2TSB9|B2TSB9_CLOBB Heamagglutinin components HA-70 OS=Clostridium botulinum (strain Eklund 17B / Type B) GN=ha70 PE=4 SV=1 !!!ha70	1210	626	25	10	40.00	11	4	466	486	LDNVNTGVIDN----IPEIIDVNPY
PROKKA_00002	tr|A0A060N3U8|A0A060N3U8_CLOBO Transcriptional regulator botR OS=Clostridium botulinum B str. Osaka05 GN=CBO05P2_176 PE=4 SV=1 !!!BotR	1210	178	34	10	29.41	24	0	1129	1162	GDEEKYVDISSENNRIQLVSSRDTAKKIIFNNDI
PROKKA_00003	tr|B2TSC2|B2TSC2_CLOBB Putative RNA polymerase sigma factor OS=Clostridium botulinum (strain Eklund 17B / Type B) GN=botR PE=4 SV=1 !!!BotR	180	179	179	179	100.00	0	0	1	179	MNKLFLQIKRLKNDNREFQEIFKNFEKTIDIFTRKYNIYDNYNDILYHLWYTLKKVDLSNFNTQNDLERYISRTLKRYCLDICNKRKIDKKIIYNSEIVGEKLRLIANSYSSYSEVEFNDLISILPDDQKKIIYMKFVEDIKEIDIAKKLNISRQSVYKNKIMALGRLKPILVYIFKKF
PROKKA_00003	tr|A5HZZ7|A5HZZ7_CLOBH RNA polymerase ECF-type sigma factor OS=Clostridium botulinum (strain Hall / ATCC 3502 / NCTC 13319 / Type A) GN=botR PE=4 SV=1 !!!BotR	180	178	172	162	94.19	10	0	1	172	MNKLFLQIKRLKNDNREFQEIFKNFEKTIDIFTRKYNIYDNYNDILYHLWYTLKKVDLSNFNTQNDLERYISRTLKRYCLDICNKRKIDKKIIYNSEIVGEKLRLIANSYSSYSEVEFNDLISILPDDQKKIIYMKFVEDIKEIDIAKKLNISRQSVYKNKIMALGRLKPIL
PROKKA_00003	tr|S8CEF4|S8CEF4_CLOBO Transcriptional regulator BotR, P-21 OS=Clostridium botulinum CFSAN002367 GN=CFSAN002367_15806 PE=4 SV=1 !!!BotR	180	178	172	162	94.19	10	0	1	172	MNKLFLQIKRLKNDNREFQEIFKNFEKTIDIFTRKYNIYDNYNDILYHLWYTLKKVDLSNFNTQNDLERYISRTLKRYCLDICNKRKIDKKIIYNSEIVGEKLRLIANSYSSYSEVEFNDLISILPDDQKKIIYMKFVEDIKEIDIAKKLNISRQSVYKNKIMALGRLKPIL
PROKKA_00003	tr|M1ZWZ6|M1ZWZ6_CLOBO Transcriptional regulator BotR, P-21 OS=Clostridium botulinum CFSAN001627 GN=CFSAN001627_10483 PE=4 SV=1 !!!BotR	180	178	172	161	93.60	11	0	1	172	MNKLFLQIKRLKNDNREFQEIFKNFEKTIDIFTRKYNIYDNYNDILYHLWYTLKKVDLSNFNTQNDLERYISRTLKRYCLDICNKRKIDKKIIYNSEIVGEKLRLIANSYSSYSEVEFNDLISILPDDQKKIIYMKFVEDIKEIDIAKKLNISRQSVYKNKIMALGRLKPIL
PROKKA_00003	tr|A0A073CP83|A0A073CP83_CLOBO Transcriptional regulator OS=Clostridium botulinum A2B3 87 GN=N496_19575 PE=4 SV=1 !!! 	180	178	172	161	93.60	11	0	1	172	MNKLFLQIKRLKNDNREFQEIFKNFEKTIDIFTRKYNIYDNYNDILYHLWYTLKKVDLSNFNTQNDLERYISRTLKRYCLDICNKRKIDKKIIYNSEIVGEKLRLIANSYSSYSEVEFNDLISILPDDQKKIIYMKFVEDIKEIDIAKKLNISRQSVYKNKIMALGRLKPIL
PROKKA_00003	tr|A0A060N3U8|A0A060N3U8_CLOBO Transcriptional regulator botR OS=Clostridium botulinum B str. Osaka05 GN=CBO05P2_176 PE=4 SV=1 !!!BotR	180	178	172	160	93.02	12	0	1	172	MNKLFLQIKRLKNDNREFQEIFKNFEKTIDIFTRKYNIYDNYNDILYHLWYTLKKVDLSNFNTQNDLERYISRTLKRYCLDICNKRKIDKKIIYNSEIVGEKLRLIANSYSSYSEVEFNDLISILPDDQKKIIYMKFVEDIKEIDIAKKLNISRQSVYKNKIMALGRLKPIL
PROKKA_00003	tr|A0A0D1AER2|A0A0D1AER2_CLOBO Transcriptional regulator OS=Clostridium botulinum B2 450 GN=N495_19875 PE=4 SV=1 !!! 	180	178	172	160	93.02	12	0	1	172	MNKLFLQIKRLKNDNREFQEIFKNFEKTIDIFTRKYNIYDNYNDILYHLWYTLKKVDLSNFNTQNDLERYISRTLKRYCLDICNKRKIDKKIIYNSEIVGEKLRLIANSYSSYSEVEFNDLISILPDDQKKIIYMKFVEDIKEIDIAKKLNISRQSVYKNKIMALGRLKPIL
PROKKA_00003	tr|A0A0C1QVR0|A0A0C1QVR0_9CLOT Transcriptional regulator BotR, P-21 OS=Clostridium argentinense CDC 2741 GN=botR PE=4 SV=1 !!!BotR	180	178	172	99	57.56	73	0	1	172	MNKLFLQIKRLKNDNREFQEIFKNFEKTIDIFTRKYNIYDNYNDILYHLWYTLKKVDLSNFNTQNDLERYISRTLKRYCLDICNKRKIDKKIIYNSEIVGEKLRLIANSYSSYSEVEFNDLISILPDDQKKIIYMKFVEDIKEIDIAKKLNISRQSVYKNKIMALGRLKPIL
PROKKA_00003	tr|A7GBG0|A7GBG0_CLOBL Transcriptional regulator BotR, P-21 OS=Clostridium botulinum (strain Langeland / NCTC 10281 / Type F) GN=botR PE=4 SV=1 !!!BotR	180	178	172	106	61.63	66	0	1	172	MNKLFLQIKRLKNDNREFQEIFKNFEKTIDIFTRKYNIYDNYNDILYHLWYTLKKVDLSNFNTQNDLERYISRTLKRYCLDICNKRKIDKKIIYNSEIVGEKLRLIANSYSSYSEVEFNDLISILPDDQKKIIYMKFVEDIKEIDIAKKLNISRQSVYKNKIMALGRLKPIL
PROKKA_00003	tr|B1L2G2|B1L2G2_CLOBM Transcriptional regulator BotR, P-21 OS=Clostridium botulinum (strain Loch Maree / Type A3) GN=botR PE=4 SV=1 !!!BotR	180	184	169	105	62.13	64	0	4	172	LFLQIKRLKNDNREFQEIFKNFEKTIDIFTRKYNIYDNYNDILYHLWYTLKKVDLSNFNTQNDLERYISRTLKRYCLDICNKRKIDKKIIYNSEIVGEKLRLIANSYSSYSEVEFNDLISILPDDQKKIIYMKFVEDIKEIDIAKKLNISRQSVYKNKIMALGRLKPIL
PROKKA_00003	tr|A0A073CMR9|A0A073CMR9_CLOBO Transcriptional regulator OS=Clostridium botulinum A2B3 87 GN=N496_18580 PE=4 SV=1 !!! 	180	178	172	102	59.30	70	0	1	172	MNKLFLQIKRLKNDNREFQEIFKNFEKTIDIFTRKYNIYDNYNDILYHLWYTLKKVDLSNFNTQNDLERYISRTLKRYCLDICNKRKIDKKIIYNSEIVGEKLRLIANSYSSYSEVEFNDLISILPDDQKKIIYMKFVEDIKEIDIAKKLNISRQSVYKNKIMALGRLKPIL
PROKKA_00003	tr|B1BE47|B1BE47_CLOBO Clostridium toxin-associated regulator BotR OS=Clostridium botulinum C str. Eklund GN=botR PE=4 SV=1 !!!BotR	180	179	174	81	46.55	92	1	1	173	MNKLFLQIKRLKNDNREFQEIFKNFEKTID-IFTRKYNIYDNYNDILYHLWYTLKKVDLSNFNTQNDLERYISRTLKRYCLDICNKRKIDKKIIYNSEIVGEKLRLIANSYSSYSEVEFNDLISILPDDQKKIIYMKFVEDIKEIDIAKKLNISRQSVYKNKIMALGRLKPILV
PROKKA_00003	tr|B2TSC3|B2TSC3_CLOBB Botulinum neurotoxin type B OS=Clostridium botulinum (strain Eklund 17B / Type B) GN=ntnH PE=4 SV=1 !!!ntnH	180	1197	33	10	30.30	23	0	66	98	DLERYISRTLKRYCLDICNKRKIDKKIIYNSEI
PROKKA_00003	tr|M1ZPH7|M1ZPH7_CLOBO Hemagglutinin component HA70 OS=Clostridium botulinum CFSAN001627 GN=CFSAN001627_19663 PE=4 SV=1 !!!ha70	180	626	33	10	30.30	23	0	36	68	YNIYDNYNDILYHLWYTLKKVDLSNFNTQNDLE
PROKKA_00003	tr|B1INP6|B1INP6_CLOBK Botulinum neurotoxin type B1, nontoxic-nonhemagglutinin component, NTNH OS=Clostridium botulinum (strain Okra / Type B1) GN=ntnH PE=4 SV=1 !!!ntnH	180	1197	33	9	27.27	24	0	66	98	DLERYISRTLKRYCLDICNKRKIDKKIIYNSEI
PROKKA_00003	tr|A0A060N6G5|A0A060N6G5_CLOBO Nontoxic-nonhemagglutinin component, NTNH OS=Clostridium botulinum B str. Osaka05 GN=CBO05P2_175 PE=4 SV=1 !!!ntnH	180	1197	33	8	24.24	25	0	66	98	DLERYISRTLKRYCLDICNKRKIDKKIIYNSEI
PROKKA_00003	tr|S8BA68|S8BA68_CLOBO Hemagglutinin component HA70 OS=Clostridium botulinum CFSAN002367 GN=CFSAN002367_15786 PE=4 SV=1 !!!ha70	180	508	32	9	28.12	23	0	36	67	YNIYDNYNDILYHLWYTLKKVDLSNFNTQNDL
PROKKA_00003	tr|A0A0E1L2H2|A0A0E1L2H2_CLOBO Hemagglutinin components HA-22/23/53 OS=Clostridium botulinum CDC_1436 GN=ha-70 PE=4 SV=1 !!!ha70	180	626	33	9	27.27	24	0	36	68	YNIYDNYNDILYHLWYTLKKVDLSNFNTQNDLE
PROKKA_00003	tr|B1INQ0|B1INQ0_CLOBK Hemagglutinin component HA70 OS=Clostridium botulinum (strain Okra / Type B1) GN=ha70 PE=4 SV=1 !!!ha70	180	626	33	9	27.27	24	0	36	68	YNIYDNYNDILYHLWYTLKKVDLSNFNTQNDLE
PROKKA_00003	tr|A0A0B4W4X0|A0A0B4W4X0_CLOBO Hemagglutinin components HA-22/23/53 OS=Clostridium botulinum Prevot_594 GN=ha-70 PE=4 SV=1 !!!ha70	180	626	32	9	28.12	23	0	36	67	YNIYDNYNDILYHLWYTLKKVDLSNFNTQNDL
PROKKA_00003	tr|A0A060NA10|A0A060NA10_CLOBO Haemagglutinin component HA70 OS=Clostridium botulinum B str. Osaka05 GN=CBO05P2_179 PE=4 SV=1 !!!ha70	180	626	33	9	27.27	24	0	36	68	YNIYDNYNDILYHLWYTLKKVDLSNFNTQNDLE
