PROKKA_00001	tr|A7GBG2|A7GBG2_CLOBL Botulinum neurotoxin type F, nontoxic-nonhemagglutinin component, NTNH OS=Clostridium botulinum (strain Langeland / NCTC 10281 / Type F) GN=ntnH PE=4 SV=1 !!!ntnH	1253	1163	1146	271	23.65	707	168	5	1098	NSFNYNDPVNDKTILYIKPGGCQQFYKSFNIMKNIWIIPERNVIGTIPQDFLPPTSLKNGDSSYYDPNYLQSNEEKDRFLKIVTKIFNRINDNLSGGILLEELSKANPYLGNDNTPNNQFHIGDASAVEIKFSNGSQSILLPTVIIMGAEPDLFETNSSNISLKNNYMPSNHGFGSIAIVTFSPEYSFRFNDNSMNEFIQDPALTLMHELIHSLHGLYGAK---GITTKYTITQQQNPLITNIRGTNIEEFLTFGGTDLNIITNAQSNDIYTNLLADYKKIASKL-----SQVQVSNPQLNPYKDIFQEKYGLDKNASGIYSVNINKFDDIFKKLYSFTEFDLATKFQVKCRQTYIGQYKYFKLSNLLNNSIYNISEGYNINTLKVNFRGQNTNLNPRIITQLTGRGLVKKII---RFCKNIVFSKGITKSICIEINNGELFFVASENSYNDDNINT----------PKEIDDTVTSNNNYENDLDQVILNFNSESAPGLSDEKLNLTIQN-DAYIPKYDSNGTSDIEQHDVNELNVFFYLDAQKVPEGENNVNLTSSIDTALLEQPKIYTFFSS--EFINNV--NKPVQA-ALFVSWIQQVLVDFTTEANQKSTVDKIADISIVVPYIGLALNIGNEAQKGNFKDALELLGAGILLEFEPELLIPTILVFTIKSFLGSSDNKNKVIKAINNALKERDEKWKEVYSFIVSNWMTKINTQFNKRKEQMYQALQNQVNALKTIIESKYNSYTLEEKN---------ELTNKYNIEQIENELNQKVSIAMNNIEIFLTESSISYLMKLINEVKINKLREYDENVKTYLLDYIIKHGSIL-GESQQELNSMVIDTLNNSIPFKLSSYTDDKILISYFNKFFKRIKSSSVLNMRYK-----NDKYVDTSGYDSNININGDVYKYPTNKNQFGIYNDKL----SEVNIS-QNDYIIYDNKYKN-FSISFWVRIPNYD---NKIVNVNNEYTIINCMRDNNSGWKVSLNHNEIIWTLQDNAGINQKLAFNYGNANGISDYINKWIFVTITNDRLGDSKL-YINGNLIDKKSILNLGNIHVSDNILFKIVNCSYTRYIGMRYFNIFDKELDKTEIETLYNNEPNTNILKDFWGNYLLYDKEYYLLNVLKPNNVI
PROKKA_00001	tr|B1L2G4|B1L2G4_CLOBM Botulinum neurotoxin type A3, nontoxic-nonhemagglutinin component, NTNH OS=Clostridium botulinum (strain Loch Maree / Type A3) GN=ntnH PE=4 SV=1 !!!ntnH	1253	1159	1125	256	22.76	727	142	5	1090	NSFNYNDPVNDKTILYIKPGGCQQFYKSFNIMKNIWIIPERNVIGTIPQDFLPPTSLKNGDSSYYDPNYLQSNEEKDRFLKIVTKIFNRINDNLSGGILLEELSKANPYLGNDNTPNNQFHIGDASAVEIKFSNGSQSILLPTVIIMGAEPDLFETNSSNISLKNNYMPSNHGFGSIAIVTFSPEYSFRFNDNSMNEFIQDPALTLMHELIHSLHGLYGAK---GITTKYTITQQQNPLITNIRGTNIEEFLTFGGTDLNII-TNAQ--SNDIYTNLLADYKKIASKL-SQVQVSNPQLNPYKDIFQEKYGLDKNASGIYSVNINKFDDIFKKLYSFTEFDLATKFQVKCRQTYIGQYKYFKLSNLLNNSIYNISEGYNINTLKVNFRGQNTNLNPRIITQLTGRGLVKKIIRFCKNIVFSKGITKSICIEINNGELFFVASENSYNDDNINTPKEIDDTVTSNNNYENDLDQVILNFNSESAPGLSDEKLNLTIQN-DAYIPKYDSNGTSDIEQHDVNELNVFFYLDAQKVPEGENNVNLTSSIDTALLEQPK--IYTFFSS--EFINNV--NKPVQA-ALFVSWIQQVLVDFTTEANQKSTVDKIADISIVVPYIGLALNIGNEAQKGNFKDALELLGAGILLEFEPELLIPTILVFTIKSFLGSSDNKNKVIKAINNALKERDEKWKEVYSFIVSNWMTKINTQFNKRKEQMYQALQNQVNALKTIIESKYNSYTLEEKN---------ELTNKYNIEQIENELNQKVSIAMNNIEIFLTESSISYLMKLINEVKINKLREYDENVKTYLLDYIIKHGSILGESQQELNSMVIDTLNNSIPFKLSSYTDDKILISYFNKFFKRIKSSSVLNMRYK-----NDKYVDTSGYDSNININGDVYKYPTNKNQFGIYNDKL----SEVNIS-QNDYIIYDNKYKN-FSISFWVRIPNYDNKIVNVNNEYTIINCM--RDNNSGWKVSLNHNEIIWTLQDNAGINQKLAFNYGNANGISDYINKWIFVTITNDRLGDSKL-YINGNLIDKKSILNLGNIHVSDNI-LFKIVNCSYTRYIGMRYFNIFDKELDKTEIETLYNNEPNTNILKDFWGNYLLYDKEYYLLN
PROKKA_00001	tr|C5VU80|C5VU80_CLOBO Botulinum neurotoxin type D, nontoxic-nonhemagglutinin component, NTNH OS=Clostridium botulinum D str. 1873 GN=ntnH PE=4 SV=1 !!!ntnH	1253	1196	1185	293	24.73	671	221	5	1094	NSFNYNDPVNDKTILYIKPGGCQQFYKSFNIMKNIWIIPERNVIGTIPQDFLPPTSLKNGDSSYYDPNYLQSNEEKDRFLKIVTKIFNRINDNLSGGILLEELSKANP----YLGNDNTPNNQFHIGD------------ASAVEIKF----------SNGSQSILLPTVIIMGAEPDLFETNSSNISLKNNYMPSNHGFGSIAIVTFSPEYSFRFNDNSMNEFIQDPALTLMHELIHSLHGLYGAK---GITTKYTI-TQQQNPLITNIRGTNIEEFLTFGGTDLNII-TNAQ--SNDIYTN---LLADYKKIASKLSQVQVSNPQLNPYKDIFQEKYGLDKNASGIYSVNINKFDDIFKKLYSFTEFDLATKFQVKCRQTYIGQYKYFKLSNLLNNSIYNISEGYNINTL---KVNFRGQNTNLNPRIITQLTGRGLVKKIIRFCKNIVFSKGITKSICIEINNGELFFVASENSYNDDNINTPKEIDDT--VTSNNNYE---NDLDQVILNFNS----ESAPGLSDEKLNLTIQN-DAYIPKYDSNGTSDIEQHDVNELNVFFYLDAQKVPEGENNVNLTSSIDTALLEQPK----IYTFFSS-----EFINNVNKPVQAALFVSWIQQVLVDFTTEANQKSTVDKIADISIVVPYIGLALNIGNEAQKGNFKDALELLGAGILLEFEPELLIPTILVFTIK-SFLGSSDNKNKVIKAINNALKERDEK----WKEVYSFIVSNWMTKINTQFNKRKEQMYQALQNQVNALKTIIESKYNSY--------TLEEKNELTNKYNIEQIENELNQKVSIAMNNIEIFLTESSISYLMKLINEVKINKLREYDENVKTYLLDYIIKHGSI-LGESQQELNSMVIDTLNNSIPFKLSSYTDDKILISYFN----KFFKRIKSSSVLNMRYKNDKYVDTSGYDSNI--NINGDVYKYPTNKNQFGIYNDKLSEVN---------ISQNDYIIYDNKY------KNFSISFWVRIPNYDNKIVNVNNEYTIINCMRDNNSGWKVSLNHNEIIWTLQDNAGINQKLAFNYGNANGISDYINK-WIFVTITNDRLGDSKL-YINGNLIDKKSILNLGNIHVSDNILFKIVNCSYTRYIGMRYFNIFDKELDKTEIETLYNNEPNTNILKDFWGNYLLYDKEYYLLNVLKP
PROKKA_00001	tr|C5UY14|C5UY14_CLOBO Botulinum neurotoxin type E1, nontoxic-nonhemagglutinin component, NTNH OS=Clostridium botulinum E1 str. 'BoNT E Beluga' GN=ntnH PE=4 SV=1 !!!ntnH	1253	1163	1157	264	22.82	734	159	3	1110	KINS-FNYNDPVNDKTILYIKPGGCQQFYKSFNIMKNIWIIPERNVIGTIPQDFLPPTSLKNGDSSYYDPNYLQSNEEKDRFLKIVTKIFNRINDNLSGGILLEELSKANPYLGNDNTPNNQFHIGDASAVEIKFSNGSQSILLPTVIIMGAEPDLFETNSSNISLKNNYMPSNHGFGSIAIVTFSPEYSFRFNDNSMNEFIQDPALTLMHELIHSLHGLYGAK---GITTKYTITQQQNPLITNIRGTNIEEFLTFGGTDLNII-TNAQS--NDIYTNLLADYKKIASKLS-QVQVSNPQLNPYKDIFQEKYGLDKNASGIYSVNINKFDDIFKKLYSFTEFDLATKFQVKCRQTYIGQY---KYFKLSNLLNNSIYNISEGYNINTLKVNFRGQNTNLNPRIITQLTGRGLVKKIIRFCKNIVFSKGITKSICIEIN-NGELFFVASENSYNDDNINTPKEIDDTVTSNNNYENDLDQVIL-NFNSES---APGLSDEKLNLTIQN-DAYIPKYDSNGTSDIEQHDVNELNVFFYLDAQKVPEGENNVNLTSSIDTALLEQPK-IYTFFSS-----EFINNVNKPVQA-ALFVSWIQQVLVDFTTEANQKSTVDKIADISIVVPYIGLALNIGNEAQKGNFKDALELLGAGILLEFEPELLIPTILVFTIKSFLGSSDNKNKVIKAINNALKERDEKWKEVYSFIVSNWMTKINTQFNKRKEQMYQALQNQVNALKTIIESKYNSYTLEEKN---------ELTNKYNIEQIENELNQKVSIAMNNIEIFLTESSISYLMKLINEVKINKLREYDENVKTYLLDYIIKHGSILGESQQELNSMVIDTLNNSIPFKLSSYTDDKILISYFNKFFKRIKSS----SVLNMRYKNDKYV-DTSGYDSNININGDVYKYPTNKNQ-FGIYNDKLSEVNISQNDYIIYDNKY------KNFSISFWVRIPNYDNKIVNVNNEYTIINCMRDNNSGWKVSLNHNEIIWTLQDNAGINQKLAFNYGNANGISDYINKWIFVTITNDRLGDSKL-YINGNLIDKKSILNLGNIHVSDNILFKIVNCSYTRYIGMRYFNIFDKELDKTEIETLYNNEPNTNILKDFWGNYLLYDKEYYLLNVLKPN---NVIDSNRDSTFSIHN
PROKKA_00001	tr|A0A0X1KH90|A0A0X1KH90_CLOBA Botulinum neurotoxin type E, nontoxic-nonhemagglutinin component, NTNH OS=Clostridium botulinum (strain Alaska E43 / Type E3) PE=1 SV=1 !!!ntnH	1253	1163	1157	264	22.82	734	159	3	1110	KINS-FNYNDPVNDKTILYIKPGGCQQFYKSFNIMKNIWIIPERNVIGTIPQDFLPPTSLKNGDSSYYDPNYLQSNEEKDRFLKIVTKIFNRINDNLSGGILLEELSKANPYLGNDNTPNNQFHIGDASAVEIKFSNGSQSILLPTVIIMGAEPDLFETNSSNISLKNNYMPSNHGFGSIAIVTFSPEYSFRFNDNSMNEFIQDPALTLMHELIHSLHGLYGAK---GITTKYTITQQQNPLITNIRGTNIEEFLTFGGTDLNII-TNAQS--NDIYTNLLADYKKIASKLS-QVQVSNPQLNPYKDIFQEKYGLDKNASGIYSVNINKFDDIFKKLYSFTEFDLATKFQVKCRQTYIGQY---KYFKLSNLLNNSIYNISEGYNINTLKVNFRGQNTNLNPRIITQLTGRGLVKKIIRFCKNIVFSKGITKSICIEIN-NGELFFVASENSYNDDNINTPKEIDDTVTSNNNYENDLDQVIL-NFNSES---APGLSDEKLNLTIQN-DAYIPKYDSNGTSDIEQHDVNELNVFFYLDAQKVPEGENNVNLTSSIDTALLEQPK-IYTFFSS-----EFINNVNKPVQA-ALFVSWIQQVLVDFTTEANQKSTVDKIADISIVVPYIGLALNIGNEAQKGNFKDALELLGAGILLEFEPELLIPTILVFTIKSFLGSSDNKNKVIKAINNALKERDEKWKEVYSFIVSNWMTKINTQFNKRKEQMYQALQNQVNALKTIIESKYNSYTLEEKN---------ELTNKYNIEQIENELNQKVSIAMNNIEIFLTESSISYLMKLINEVKINKLREYDENVKTYLLDYIIKHGSILGESQQELNSMVIDTLNNSIPFKLSSYTDDKILISYFNKFFKRIKSS----SVLNMRYKNDKYV-DTSGYDSNININGDVYKYPTNKNQ-FGIYNDKLSEVNISQNDYIIYDNKY------KNFSISFWVRIPNYDNKIVNVNNEYTIINCMRDNNSGWKVSLNHNEIIWTLQDNAGINQKLAFNYGNANGISDYINKWIFVTITNDRLGDSKL-YINGNLIDKKSILNLGNIHVSDNILFKIVNCSYTRYIGMRYFNIFDKELDKTEIETLYNNEPNTNILKDFWGNYLLYDKEYYLLNVLKPN---NVIDSNRDSTFSIHN
PROKKA_00001	tr|C4IHM0|C4IHM0_CLOBU Botulinum neurotoxin type E, nontoxic-nonhemagglutinin component, NTNH OS=Clostridium butyricum E4 str. BoNT E BL5262 GN=ntnH PE=4 SV=1 !!!ntnH	1253	1163	1139	259	22.74	722	158	3	1094	KINS-FNYNDPVNDKTILYIKPGGCQQFYKSFNIMKNIWIIPERNVIGTIPQDFLPPTSLKNGDSSYYDPNYLQSNEEKDRFLKIVTKIFNRINDNLSGGILLEELSKANPYLGNDNTPNNQFHIGDASAVEIKFSNGSQSILLPTVIIMGAEPDLFETNSSNISLKNNYMPSNHGFGSIAIVTFSPEYSFRFNDNSMNEFIQDPALTLMHELIHSLHGLYGAK---GITTKYTITQQQNPLITNIRGTNIEEFLTFGGTDLNII-TNAQS--NDIYTNLLADYKKIASKLS-QVQVSNPQLNPYKDIFQEKYGLDKNASGIYSVNINKFDDIFKKLYSFTEFDLATKFQVKCRQTYIGQY---KYFKLSNLLNNSIYNISEGYNINTLKVNFRGQNTNLNPRIITQLTGRGLVKKIIRFCKNIVFSKGITKSICIEIN-NGELFFVASENSYNDDNINTPKEIDDTVTSNNNYENDLDQVIL-NFNSES---APGLSDEKLNLTIQN-DAYIPKYDSNGTSDIEQHDVNELNVFFYLDAQKVPEGENNVNLTSSIDTALLEQPK-IYTFFSS-----EFINNVNKPVQA-ALFVSWIQQVLVDFTTEANQKSTVDKIADISIVVPYIGLALNIGNEAQKGNFKDALELLGAGILLEFEPELLIPTILVFTIKSFLGSSDNKNKVIKAINNALKERDEKWKEVYSFIVSNWMTKINTQFNKRKEQMYQALQNQVNALKTIIESKYNSYTLEEKN---------ELTNKYNIEQIENELNQKVSIAMNNIEIFLTESSISYLMKLINEVKINKLREYDENVKTYLLDYIIKHGSILGESQQELNSMVIDTLNNSIPFKLSSYTDDKILISYFNKFFKRIKSS----SVLNMRYKNDKYV-DTSGYDSNININGDVYKYPTNKNQ-FGIYNDKLSEVNISQNDYIIYDNKY------KNFSISFWVRIPNYDNKIVNVNNEYTIINCMRDNNSGWKVSLNHNEIIWTLQDNAGINQKLAFNYGNANGISDYINK-WIFVTITNDRLGDSKL-YINGNLIDKKSILNLGNIHVSDNILFKIVNCSYTRYIGMRYFNIFDKELDKTEIETLYNNEPNTNILKDFWGNYLLYDKEYYLLNVLKP
PROKKA_00001	tr|B2TSC3|B2TSC3_CLOBB Botulinum neurotoxin type B OS=Clostridium botulinum (strain Eklund 17B / Type B) GN=ntnH PE=4 SV=1 !!!ntnH	1253	1197	1155	263	22.77	725	167	10	1096	NDPVNDKTILYIKPGGCQQFYKSFNIMKNIWIIPERNVIGTIPQDFLPPTSLKNGDSSYYDPNYLQSNEEKDRFLKIVTKIFNRINDNLSGGILLEELSKANPY----------------LGNDNTPNNQFHIGDASAVEIKFSNGSQSILLPT----------VIIMGAEPDLFETNSSNISLKNNYMPSNHGFGSIAIVTFSPEYSFRFNDNSMNEFIQDPALTLMHELIHSLHGLYGAKGITTKYTITQQQNPLITNIRGT--NIEEFLTFGGTDLNIITNAQSNDIYTNLLADYKKIASKL-----SQVQVSNPQLNPYKDIFQEKYGLDKNASGIYSVNINKFDDIFKKLYSFTEFDLATKFQVKCRQTYIGQYKYFKLSNLLNNSIYNISEGYNINTLKVNFRGQNTNLNP-RIITQLTGRGLVKKIIRFCKNIVFSKGITKSICIEINNGELFF-VASENSYNDDNINTPKEIDDTVTSNNNYENDLDQVILNFNSESAPGLSDEKLNLTIQN-DAYIPKYDSNGTSDIEQHDVNELNVFFYLDAQ-----KVPEGENNVNLTSSIDTALLEQPKIYTFFSSE--FINNV--NKPVQA-ALFVSWIQQVLVDFTTEANQKSTVDKIADISIVVPYIGLALNIGNEAQKGNFKDALELLGAGILLEFEPELLIPTILVFTIKSFLGSSDNKNKVIKAINNALKERDEKWKEVYSFIVSNWMTKINTQFNKRKEQMYQALQNQVNALKTIIESKYNSYTLEEKNELTNKYNIEQIEN-----ELNQKVSIAMNNIEIFLTESSISYLMKLINEVKINKLREYDENVKTYLLDYIIKHGSILGESQQELNSMVIDTLNNSIPFKLSSYTDDKILISYFNKFFKRIKSSS----VLNMRYKNDKYV-DTSG------YDSNIN----INGDVYKYPTNKNQFGIYNDKLSEVNISQNDYIIYDNKYKNFSISFWVRIPNYDNKIVNVNNEYTIINCMRDNNSGWKVSLNHNEIIWTLQDNAGINQKLAFNYGNANGISDYINK-WIFVTITNDRLGDSKL-YINGNLIDKKSILNLGNIHVSDNILFKIVNCSYTRYIGMRYFNIFDKELDKTEIETLYNNEPNTNILKDFWGNYLLYDKEYYLLNVLKPNN
PROKKA_00001	tr|B1INP6|B1INP6_CLOBK Botulinum neurotoxin type B1, nontoxic-nonhemagglutinin component, NTNH OS=Clostridium botulinum (strain Okra / Type B1) GN=ntnH PE=4 SV=1 !!!ntnH	1253	1197	1148	260	22.65	735	153	10	1096	NDPVNDKTILYIKPGGCQQFYKSFNIMKNIWIIPERNVIGTIPQDFLPPTSLKNGDSSYYDPNYLQSNEEKDRFLKIVTKIFNRINDNLSGGILLEELSKANPY----------------LGNDNTPNNQFHIGDASAVEIKF----------SNGSQSILLPTVIIMGAEPDLFETNSSNISLKNNYMPSNHGFGSIAIVTFSPEYSFRFNDNSMNEFIQDPALTLMHELIHSLHGLYGAKGITTKYTITQQQNPLITNIRGT--NIEEFLTFGGTDLNIITNAQ---SNDIYTN---LLADYKKIASKLSQVQVSNPQLNPYKDIFQEKYGLDKNASGIYSVNINKFDDIFKKLYSFTEFDLATKFQVKCRQTYIGQYKYFKLSNLLNNSIYNISEGYNINTLKVNFRGQNTNLNP-RIITQLTGRGLVKKIIRFCKNIVFSKGITKSICIEINNGELFF-VASENSYNDDNINTPKEIDDTVTSNNNYENDLDQVILNFNSESAPGLSDEKLNLTIQN-DAYIPKYDSNGTSDIEQHDVNELNVFFYLDAQ-----KVPEGENNVNLTSSIDTALLEQPKIYTFFSSE--FINNV--NKPVQA-ALFVSWIQQVLVDFTTEANQKSTVDKIADISIVVPYIGLALNIGNEAQKGNFKDALELLGAGILLEFEPELLIPTILVFTIK-SFLGSSDNKNKVIKAINNALKERDEKWKEVYSFIVSNWMTKINTQFNKRKEQMYQALQNQVNALKTIIESKYNSYTLEEKNELTNKYNIEQIENE-----LNQKVSIAMNNIEIFLTESSISYLMKLINEVKINKLREYDENVKTYLLDYIIKHGSILGESQQELNSMVIDTLNNSIPFKLSSYTDDKILISYFNKFFKRIKSSS----VLNMRYKNDKYV-DTSGYDSNININGDV-YKYPTNKNQFGIYNDKLSEVNISQNDYIIYDNKYKNFSISFWVRIPNYDNKIVNVNNEYTIINCMRDNNSGWKVSLNHNEIIWTLQDNAGINQKLAFNYGNANGISDYINK-WIFVTITNDRLGDSKL-YINGNLIDKKSILNLGNIHVSDNILFKIVNCSYTRYIGMRYFNIFDKELDKTEIETLYNNEPNTNILKDFWGNYLLYDKEYYLLNVLKPNN
PROKKA_00001	tr|A0A060N6G5|A0A060N6G5_CLOBO Nontoxic-nonhemagglutinin component, NTNH OS=Clostridium botulinum B str. Osaka05 GN=CBO05P2_175 PE=4 SV=1 !!!ntnH	1253	1197	1147	262	22.84	734	151	10	1096	NDPVNDKTILYIKPGGCQQFYKSFNIMKNIWIIPERNVIGTIPQDFLPPTSLKNGDSSYYDPNYLQSNEEKDRFLKIVTKIFNRINDNLSGGILLEELSKANPY----------------LGNDNTPNNQFHIGDASAVEIKF----------SNGSQSILLPTVIIMGAEPDLFETNSSNISLKNNYMPSNHGFGSIAIVTFSPEYSFRFNDNSMNEFIQDPALTLMHELIHSLHGLYGAKGITTKYTITQQQNPLITNIRGT--NIEEFLTFGGTDLNIITNAQS---NDIYTN---LLADYKKIASKLSQVQVSNPQLNPYKDIFQEKYGLDKNASGIYSVNINKFDDIFKKLYSFTEFDLATKFQVKCRQTYIGQYKYFKLSNLLNNSIYNISEGYNINTLKVNFRGQNTNLNPRIITQLTGRGLVKKIIRFCKNIVFSKGITKSICIEIN-NGELFFVASENSYNDDNINTPKEIDDTVTSNNNYENDLDQVILNFNSESAPGLSDEKLNLTIQN-DAYIPKYDSNGTSDIEQHDVNELNVFFYLDAQ-----KVPEGENNVNLTSSIDTALLEQPKIYTFFSSE--FINNV--NKPVQA-ALFVSWIQQVLVDFTTEANQKSTVDKIADISIVVPYIGLALNIGNEAQKGNFKDALELLGAGILLEFEPELLIPTILVFTIK-SFLGSSDNKNKVIKAINNALKERDEKWKEVYSFIVSNWMTKINTQFNKRKEQMYQALQNQVNALKTIIESKYNSYTLEEKNELTNKYNIEQIENE-----LNQKVSIAMNNIEIFLTESSISYLMKLINEVKINKLREYDENVKTYLLDYIIKHGSILGESQQELNSMVIDTLNNSIPFKLSSYTDDKILISYFNKFFKRIKSSS----VLNMRYKNDKYV-DTSGYDSNININGDV-YKYPTNKNQFGIYNDKLSEVNISQNDYIIYDNKYKNFSISFWVRIPNYDNKIVNVNNEYTIINCMRDNNSGWKVSLNHNEIIWTLQDNAGINQKLAFNYGNANGISDYINK-WIFVTITNDRLGDSKL-YINGNLIDKKSILNLGNIHVSDNILFKIVNCSYTRYIGMRYFNIFDKELDKTEIETLYNNEPNTNILKDFWGNYLLYDKEYYLLNVLKPNN
PROKKA_00001	tr|A5HZZ8|A5HZZ8_CLOBH Type A progenitor toxin nontoxic-nonha OS=Clostridium botulinum (strain Hall / ATCC 3502 / NCTC 13319 / Type A) GN=ntnH PE=4 SV=1 !!!ntnH	1253	1193	1154	260	22.53	718	176	10	1090	NDPVNDKTILYIKPGGCQQFYKSFNIMKNIWIIPERNVIGTIPQDFLPPTSLKNGDSSYYDPNYLQSNEEKDRFLKIVTKIFNRINDNLSGGILLEELSKANPY----------------LGNDNTPNNQFHIGDASAVEIKF----------SNGSQSILLPTVIIMGAEPDLFETNSSNISLKNNYMPSNHGFGSIAIVTFSPEYSFRFNDNSMNEFIQDPALTLMHELIHSLHGLYGAKGITTKYTITQQQNPLITNIRGT--NIEEFLTFGGTDLNIITNAQ---SNDIYTN---LLADYKKIASKLSQVQVSNPQLNPYKDIFQEKYGLDKNASGIYSVNINKFDDIFKKLYSFTEFDLATKFQVKCRQTYIGQYKYFKLSNLLNNSIYNISEGYNINTLKVNFRGQNTNLNP-RIITQLTGRGLVKKIIRFCKNIVFSKGITKSICIEINNGELFF-VASENSYNDDNINTPKEIDDTVTSNNNYENDLDQVILNFNSESAPGLSDEKLNLTIQN-DAYIPKYDSNGTSDIEQHDVNELNVFFYLDAQ-----KVPEGENNVNLTSSIDTALLEQPKIYTFFSSE--FINNV--NKPVQA-ALFVSWIQQVLVDFTTEANQKSTVDKIADISIVVPYIGLALNIGNEAQKGNFKDALELLGAGILLEFEPELLIPTILVFTIKS-FLGSSDNKNKVIKAINNALKERDEKWKEVYSFIVSNWMTKINTQFNKRKEQMYQALQNQVNALKTIIESKYNSYTLEEKN---------ELTNKYNIEQIENELNQKVSIAMNNIEIFLTESSISYLMKLINEVKINKLREYDENVKTYLLDYIIKHGSILGESQQELNSMVIDTLNNSIPFKLSSYTDDKILISYFNKFFKRIKSSSVLNMRYK-----NDKYVDTSGYDSNININGDVYKYPTNKNQFGIYNDKL----SEVNIS-QNDYIIYDNKYKN-FSISFWVRIPNYD---NKIVNVNNEYTIINCMRDNNSGWKVSLNHNEIIWTLQDNAGINQKLAFNYGNANGISDYINKWIFVTITNDRLGDSKL-YINGNLIDKKSILNLGNIHVSDNI-LFKIVNCSYTRYIGMRYFNIFDKELDKTEIETLYNNEPNTNILKDFWGNYLLYDKEYYLLN
PROKKA_00001	tr|C1FUH8|C1FUH8_CLOBJ Botulinum neurotoxin type A2, nontoxic-nonhemagglutinin component, NTNH OS=Clostridium botulinum (strain Kyoto / Type A2) GN=ntnH PE=4 SV=1 !!!ntnH	1253	1159	262	73	27.86	163	26	5	263	NSFNYNDPVNDKTILYIKPGGCQQFYKSFNIMKNIWIIPERNVIGTIPQDFLPPTSLKNGDSSYYDPNYLQSNEEKDRFLKIVTKIFNRINDNLSGGILLEELSKANPYLGNDNTPNNQFHIGDASAVEIKFSNGSQSILLPTVIIMGAEPDLFETNSSNISLKNNYMPSNHGFGSIAIVTFSPEYSFRFNDNSMNEFIQDPALTLMHELIHSLHGLYGAK---GITTKYTITQQQNPLITNIRGTNIEEFLTFGGTDLNII
PROKKA_00001	tr|B1BE43|B1BE43_CLOBO Botulinum neurotoxin type C, nontoxic-nonhemagglutinin component NTNH OS=Clostridium botulinum C str. Eklund GN=CBC_A0166 PE=4 SV=1 !!!ntnH	1253	1196	387	99	25.58	224	64	5	355	NSFNYNDPVNDKTILYIKPGGCQQFYKSFNIMKNIWIIPERNVIGTIPQDFLPPTSLKNGDSSYYDPNYLQSNEEKDRFLKIVTKIFNRINDNLSGGILLEELSKANP----YLGNDNTPNNQFHIGD------------ASAVEIKF----------SNGSQSILLPTVIIMGAEPDLFETNSSNISLKNNYMPSNHGFGSIAIVTFSPEYSFRFNDNSMNEFIQDPALTLMHELIHSLHGLYGAK---GITTKYTI-TQQQNPLITNIRGTNIEEFLTFGGTDLNII-TNAQ--SNDIYTN---LLADYKKIASKLSQVQVSNPQLNPYKDIFQEKYGLDKNASGIYSVNINKFDDIFKKLYSFTEFDLATKFQVKCRQTYIGQY
PROKKA_00001	tr|A5HZZ7|A5HZZ7_CLOBH RNA polymerase ECF-type sigma factor OS=Clostridium botulinum (strain Hall / ATCC 3502 / NCTC 13319 / Type A) GN=botR PE=4 SV=1 !!!BotR	1253	178	43	13	30.23	27	3	976	1015	NYGNANGISDYINKWI---FVTITNDRLGDSKLYINGNLIDKK
PROKKA_00001	tr|S8CEF4|S8CEF4_CLOBO Transcriptional regulator BotR, P-21 OS=Clostridium botulinum CFSAN002367 GN=CFSAN002367_15806 PE=4 SV=1 !!!BotR	1253	178	43	13	30.23	27	3	976	1015	NYGNANGISDYINKWI---FVTITNDRLGDSKLYINGNLIDKK
PROKKA_00001	tr|A0A0D1AER2|A0A0D1AER2_CLOBO Transcriptional regulator OS=Clostridium botulinum B2 450 GN=N495_19875 PE=4 SV=1 !!! 	1253	178	43	13	30.23	27	3	976	1015	NYGNANGISDYINKWI---FVTITNDRLGDSKLYINGNLIDKK
PROKKA_00001	tr|A0A073CP83|A0A073CP83_CLOBO Transcriptional regulator OS=Clostridium botulinum A2B3 87 GN=N496_19575 PE=4 SV=1 !!! 	1253	178	43	13	30.23	27	3	976	1015	NYGNANGISDYINKWI---FVTITNDRLGDSKLYINGNLIDKK
PROKKA_00001	tr|A0A060N3U8|A0A060N3U8_CLOBO Transcriptional regulator botR OS=Clostridium botulinum B str. Osaka05 GN=CBO05P2_176 PE=4 SV=1 !!!BotR	1253	178	43	13	30.23	27	3	976	1015	NYGNANGISDYINKWI---FVTITNDRLGDSKLYINGNLIDKK
PROKKA_00001	tr|A0A0C1QVR0|A0A0C1QVR0_9CLOT Transcriptional regulator BotR, P-21 OS=Clostridium argentinense CDC 2741 GN=botR PE=4 SV=1 !!!BotR	1253	178	49	15	30.61	29	5	853	901	LNMRYKNDKYVDTSGYDSNININGDVYKYPTNKNQFGIYNDKLSEVNIS
PROKKA_00001	tr|M1ZWZ6|M1ZWZ6_CLOBO Transcriptional regulator BotR, P-21 OS=Clostridium botulinum CFSAN001627 GN=CFSAN001627_10483 PE=4 SV=1 !!!BotR	1253	178	43	13	30.23	27	3	976	1015	NYGNANGISDYINKWI---FVTITNDRLGDSKLYINGNLIDKK
PROKKA_00002	tr|B2TSC2|B2TSC2_CLOBB Putative RNA polymerase sigma factor OS=Clostridium botulinum (strain Eklund 17B / Type B) GN=botR PE=4 SV=1 !!!BotR	74	179	13	6	46.15	7	0	1	13	MNRNIIGKKVRII
PROKKA_00003	tr|B1INP8|B1INP8_CLOBK Hemagglutinin component HA33 OS=Clostridium botulinum (strain Okra / Type B1) GN=ha33 PE=1 SV=1 !!!ha33	415	294	113	28	24.78	80	5	33	143	IKSKNIVNCILYGPPGTGKTTLANIMANYVDRK--FYKLNATTASVKDIQEIASSLDTLLGYNGVVVYIDELQHFSKKQQQSLLEFIEKGQITLIASTTENPYFVLHKAILSR
PROKKA_00003	tr|C5UY14|C5UY14_CLOBO Botulinum neurotoxin type E1, nontoxic-nonhemagglutinin component, NTNH OS=Clostridium botulinum E1 str. 'BoNT E Beluga' GN=ntnH PE=4 SV=1 !!!ntnH	415	1163	33	11	33.33	22	0	6	38	ERMRPTKLEDFVGQKQIIGEGKPLYNIIKSKNI
PROKKA_00003	tr|A0A0X1KH90|A0A0X1KH90_CLOBA Botulinum neurotoxin type E, nontoxic-nonhemagglutinin component, NTNH OS=Clostridium botulinum (strain Alaska E43 / Type E3) PE=1 SV=1 !!!ntnH	415	1163	33	11	33.33	22	0	6	38	ERMRPTKLEDFVGQKQIIGEGKPLYNIIKSKNI
PROKKA_00003	tr|C4IHM0|C4IHM0_CLOBU Botulinum neurotoxin type E, nontoxic-nonhemagglutinin component, NTNH OS=Clostridium butyricum E4 str. BoNT E BL5262 GN=ntnH PE=4 SV=1 !!!ntnH	415	1163	33	11	33.33	22	0	6	38	ERMRPTKLEDFVGQKQIIGEGKPLYNIIKSKNI
PROKKA_00004	tr|C5UY11|C5UY11_CLOBO Toxin complex component ORF-X2 OS=Clostridium botulinum E1 str. 'BoNT E Beluga' GN=CLO_2648 PE=4 SV=1 !!!ORF-X2	213	748	59	12	20.34	47	0	131	189	LKDKIIKYEDEIQKLKNERDKFRELSNYNENKYYEIAIRSRERNFRKENNIKSNVIEIN
PROKKA_00004	tr|B1L2G2|B1L2G2_CLOBM Transcriptional regulator BotR, P-21 OS=Clostridium botulinum (strain Loch Maree / Type A3) GN=botR PE=4 SV=1 !!!BotR	213	184	60	23	38.33	31	6	128	181	INILKDKIIKYEDEIQKLKNERDKFRE---LS-NYNE--NKYYEIAIRSRERNFRKENNI
PROKKA_00004	tr|C1FUH3|C1FUH3_CLOBJ Toxin complex component ORF-X3 OS=Clostridium botulinum (strain Kyoto / Type A2) GN=CLM_0891 PE=4 SV=1 !!!ORF-X3	213	490	18	7	38.89	11	0	66	83	SYEKYDIISDGDRKKIKF
PROKKA_00004	tr|A7GBF7|A7GBF7_CLOBL Toxin complex component ORF-X3 OS=Clostridium botulinum (strain Langeland / NCTC 10281 / Type F) GN=CLI_0845 PE=4 SV=1 !!!ORF-X3	213	490	18	7	38.89	11	0	66	83	SYEKYDIISDGDRKKIKF
PROKKA_00004	tr|B1BE46|B1BE46_CLOBO Non-toxin haemagglutinin HA-70 OS=Clostridium botulinum C str. Eklund GN=CBC_A0169 PE=4 SV=1 !!!ha70	213	623	38	15	39.47	22	1	72	109	IISDGDRKKIKFPNVDEVVDNNFRNKKRLKFILNSFFL
PROKKA_00005	tr|A0A059PYB0|A0A059PYB0_9CLOT Toxin complex component ORF-X2 OS=Clostridium baratii PE=4 SV=1 !!!ORF-X2	584	748	38	16	42.11	21	1	223	260	VLWWKICSKIPLRPCEFMILKKDCVYEKNRKYYIRIRR
PROKKA_00005	tr|A0A059PYB0|A0A059PYB0_9CLOT Toxin complex component ORF-X2 OS=Clostridium baratii PE=4 SV=1 !!!ORF-X2	584	748	35	12	34.29	21	2	365	399	QQFYRDCMVSLQLGDARHLAIINLVLQGTNSYLIR
PROKKA_00005	tr|C5UY11|C5UY11_CLOBO Toxin complex component ORF-X2 OS=Clostridium botulinum E1 str. 'BoNT E Beluga' GN=CLO_2648 PE=4 SV=1 !!!ORF-X2	584	748	80	24	30.00	38	18	223	286	VLWWKICSKIPLRPC-EFMILKKDCVYEKNRKYYIRIRRCK--------PHGFVNKA--LNIR-----KEQSFRINKEIY
PROKKA_00005	tr|C5UY11|C5UY11_CLOBO Toxin complex component ORF-X2 OS=Clostridium botulinum E1 str. 'BoNT E Beluga' GN=CLO_2648 PE=4 SV=1 !!!ORF-X2	584	748	28	12	42.86	16	0	365	392	QQFYRDCMVSLQLGDARHLAIINLVLQG
PROKKA_00005	tr|A7GBF8|A7GBF8_CLOBL Toxin complex component ORF-X2 OS=Clostridium botulinum (strain Langeland / NCTC 10281 / Type F) GN=CLI_0846 PE=4 SV=1 !!!ORF-X2	584	750	29	10	34.48	19	0	34	62	LKIYKEEELDYYKEKFNYFKKKGRIVNCV
PROKKA_00005	tr|B1BE46|B1BE46_CLOBO Non-toxin haemagglutinin HA-70 OS=Clostridium botulinum C str. Eklund GN=CBC_A0169 PE=4 SV=1 !!!ha70	584	623	32	8	25.00	24	0	188	219	TREIPDYTSILKFDFLLDKYLKNSDEKEFFRY
PROKKA_00005	tr|B1BE47|B1BE47_CLOBO Clostridium toxin-associated regulator BotR OS=Clostridium botulinum C str. Eklund GN=botR PE=4 SV=1 !!!BotR	584	179	60	13	21.67	43	4	238	293	EFMILKKDCVYEKNRKYYIRIRRCKPHGFVNKALNIRKEQSFRIN----KEIYDLVMKVV
PROKKA_00005	tr|C4IHM0|C4IHM0_CLOBU Botulinum neurotoxin type E, nontoxic-nonhemagglutinin component, NTNH OS=Clostridium butyricum E4 str. BoNT E BL5262 GN=ntnH PE=4 SV=1 !!!ntnH	584	1163	29	10	34.48	19	0	140	168	EEYIESTFDNNKLNMKDYTMNFISFIRDN
PROKKA_00005	tr|M1ZPH7|M1ZPH7_CLOBO Hemagglutinin component HA70 OS=Clostridium botulinum CFSAN001627 GN=CFSAN001627_19663 PE=4 SV=1 !!!ha70	584	626	15	6	40.00	9	0	250	264	KNRKYYIRIRRCKPH
PROKKA_00007	tr|A0A059PY44|A0A059PY44_9CLOT Toxin complex component ORF-X3 OS=Clostridium baratii PE=4 SV=1 !!!ORF-X3	411	491	35	13	37.14	21	1	235	269	GRYGMLLDITDRNLRLDLKNNQAKGYSKKSRKQKV
PROKKA_00007	tr|A0A0A7FV57|A0A0A7FV57_9CLOT Clostridium P-47 family protein OS=Clostridium baratii str. Sullivan GN=U729_696 PE=4 SV=1 !!!P-47	411	491	35	13	37.14	21	1	235	269	GRYGMLLDITDRNLRLDLKNNQAKGYSKKSRKQKV
PROKKA_00007	tr|A0A060N6G5|A0A060N6G5_CLOBO Nontoxic-nonhemagglutinin component, NTNH OS=Clostridium botulinum B str. Osaka05 GN=CBO05P2_175 PE=4 SV=1 !!!ntnH	411	1197	17	7	41.18	10	0	376	392	INSSDSYIEETKKIGKL
PROKKA_00007	tr|B1INP6|B1INP6_CLOBK Botulinum neurotoxin type B1, nontoxic-nonhemagglutinin component, NTNH OS=Clostridium botulinum (strain Okra / Type B1) GN=ntnH PE=4 SV=1 !!!ntnH	411	1197	17	7	41.18	10	0	376	392	INSSDSYIEETKKIGKL
PROKKA_00007	tr|B2TSC3|B2TSC3_CLOBB Botulinum neurotoxin type B OS=Clostridium botulinum (strain Eklund 17B / Type B) GN=ntnH PE=4 SV=1 !!!ntnH	411	1197	35	11	31.43	24	0	376	410	INSSDSYIEETKKIGKLYEENAEGAFQLLIKKINE
PROKKA_00007	tr|A5HZZ8|A5HZZ8_CLOBH Type A progenitor toxin nontoxic-nonha OS=Clostridium botulinum (strain Hall / ATCC 3502 / NCTC 13319 / Type A) GN=ntnH PE=4 SV=1 !!!ntnH	411	1193	17	7	41.18	10	0	376	392	INSSDSYIEETKKIGKL
PROKKA_00007	tr|C5VU80|C5VU80_CLOBO Botulinum neurotoxin type D, nontoxic-nonhemagglutinin component, NTNH OS=Clostridium botulinum D str. 1873 GN=ntnH PE=4 SV=1 !!!ntnH	411	1196	53	13	24.53	40	0	44	96	LVDNITGKSRVHEFTEFAIREFGKNRIKTQVDYLGKLVKFLNYVIKNKDKKNF
PROKKA_00007	tr|B1BE43|B1BE43_CLOBO Botulinum neurotoxin type C, nontoxic-nonhemagglutinin component NTNH OS=Clostridium botulinum C str. Eklund GN=CBC_A0166 PE=4 SV=1 !!!ntnH	411	1196	53	13	24.53	40	0	44	96	LVDNITGKSRVHEFTEFAIREFGKNRIKTQVDYLGKLVKFLNYVIKNKDKKNF
PROKKA_00008	tr|B1INP8|B1INP8_CLOBK Hemagglutinin component HA33 OS=Clostridium botulinum (strain Okra / Type B1) GN=ha33 PE=1 SV=1 !!!ha33	104	294	32	9	28.12	23	0	33	64	IKSKKICNCIFYGPPGTGKTTLANIMAKYVDK
PROKKA_00008	tr|A0A060N6G5|A0A060N6G5_CLOBO Nontoxic-nonhemagglutinin component, NTNH OS=Clostridium botulinum B str. Osaka05 GN=CBO05P2_175 PE=4 SV=1 !!!ntnH	104	1197	16	7	43.75	9	0	27	42	TPLYNLIKSKKICNCI
PROKKA_00008	tr|A0A060N6G5|A0A060N6G5_CLOBO Nontoxic-nonhemagglutinin component, NTNH OS=Clostridium botulinum B str. Osaka05 GN=CBO05P2_175 PE=4 SV=1 !!!ntnH	104	1197	26	9	34.62	17	0	8	33	MRPSKIEDFVGQRHILGKNTPLYNLI
PROKKA_00008	tr|B1INP6|B1INP6_CLOBK Botulinum neurotoxin type B1, nontoxic-nonhemagglutinin component, NTNH OS=Clostridium botulinum (strain Okra / Type B1) GN=ntnH PE=4 SV=1 !!!ntnH	104	1197	26	9	34.62	17	0	8	33	MRPSKIEDFVGQRHILGKNTPLYNLI
PROKKA_00008	tr|C4IHM0|C4IHM0_CLOBU Botulinum neurotoxin type E, nontoxic-nonhemagglutinin component, NTNH OS=Clostridium butyricum E4 str. BoNT E BL5262 GN=ntnH PE=4 SV=1 !!!ntnH	104	1163	29	10	34.48	19	0	10	38	PSKIEDFVGQRHILGKNTPLYNLIKSKKI
PROKKA_00008	tr|C5UY14|C5UY14_CLOBO Botulinum neurotoxin type E1, nontoxic-nonhemagglutinin component, NTNH OS=Clostridium botulinum E1 str. 'BoNT E Beluga' GN=ntnH PE=4 SV=1 !!!ntnH	104	1163	29	10	34.48	19	0	10	38	PSKIEDFVGQRHILGKNTPLYNLIKSKKI
PROKKA_00008	tr|A0A0X1KH90|A0A0X1KH90_CLOBA Botulinum neurotoxin type E, nontoxic-nonhemagglutinin component, NTNH OS=Clostridium botulinum (strain Alaska E43 / Type E3) PE=1 SV=1 !!!ntnH	104	1163	29	10	34.48	19	0	10	38	PSKIEDFVGQRHILGKNTPLYNLIKSKKI
PROKKA_00009	tr|A0A073CND8|A0A073CND8_CLOBO P-47 protein OS=Clostridium botulinum A2B3 87 GN=N496_18585 PE=4 SV=1 !!!P-47	38	415	30	8	26.67	21	1	9	37	NGVFAKVIEGGQMKIG-DEIEIASGIEKMY
