PROKKA_00001	tr|A0A0X1KH90|A0A0X1KH90_CLOBA Botulinum neurotoxin type E, nontoxic-nonhemagglutinin component, NTNH OS=Clostridium botulinum (strain Alaska E43 / Type E3) PE=1 SV=1 !!!ntnH	142	1163	141	141	100.00	0	0	1	141	LFNYVFPEIAINKIEQNNNIYLSINNENNLNFKPLKFKLLNTNPNKQYVQKWDEVIFSVLDGTEKYLDISTTNNRIQLVDNKNNAQIFIINNDIFISNCLTLTYNNVNVYLSIKNQDYNWVICDLNHDIPKKSYLWILKNI
PROKKA_00001	tr|A0A0X1KH90|A0A0X1KH90_CLOBA Botulinum neurotoxin type E, nontoxic-nonhemagglutinin component, NTNH OS=Clostridium botulinum (strain Alaska E43 / Type E3) PE=1 SV=1 !!!ntnH	142	1163	19	8	42.11	11	0	7	25	PEIAINKIEQNNNIYLSIN
PROKKA_00001	tr|A0A0X1KH90|A0A0X1KH90_CLOBA Botulinum neurotoxin type E, nontoxic-nonhemagglutinin component, NTNH OS=Clostridium botulinum (strain Alaska E43 / Type E3) PE=1 SV=1 !!!ntnH	142	1163	10	7	70.00	3	0	35	44	LKFKLLNTNP
PROKKA_00001	tr|A0A0X1KH90|A0A0X1KH90_CLOBA Botulinum neurotoxin type E, nontoxic-nonhemagglutinin component, NTNH OS=Clostridium botulinum (strain Alaska E43 / Type E3) PE=1 SV=1 !!!ntnH	142	1163	37	11	29.73	25	1	92	127	NDIFISNCLTLTYNNVNVYLS-IKNQDYNWVICDLNH
PROKKA_00001	tr|C5UY14|C5UY14_CLOBO Botulinum neurotoxin type E1, nontoxic-nonhemagglutinin component, NTNH OS=Clostridium botulinum E1 str. 'BoNT E Beluga' GN=ntnH PE=4 SV=1 !!!ntnH	142	1163	141	140	99.29	1	0	1	141	LFNYVFPEIAINKIEQNNNIYLSINNENNLNFKPLKFKLLNTNPNKQYVQKWDEVIFSVLDGTEKYLDISTTNNRIQLVDNKNNAQIFIINNDIFISNCLTLTYNNVNVYLSIKNQDYNWVICDLNHDIPKKSYLWILKNI
PROKKA_00001	tr|C5UY14|C5UY14_CLOBO Botulinum neurotoxin type E1, nontoxic-nonhemagglutinin component, NTNH OS=Clostridium botulinum E1 str. 'BoNT E Beluga' GN=ntnH PE=4 SV=1 !!!ntnH	142	1163	19	8	42.11	11	0	7	25	PEIAINKIEQNNNIYLSIN
PROKKA_00001	tr|C5UY14|C5UY14_CLOBO Botulinum neurotoxin type E1, nontoxic-nonhemagglutinin component, NTNH OS=Clostridium botulinum E1 str. 'BoNT E Beluga' GN=ntnH PE=4 SV=1 !!!ntnH	142	1163	10	7	70.00	3	0	35	44	LKFKLLNTNP
PROKKA_00001	tr|C5UY14|C5UY14_CLOBO Botulinum neurotoxin type E1, nontoxic-nonhemagglutinin component, NTNH OS=Clostridium botulinum E1 str. 'BoNT E Beluga' GN=ntnH PE=4 SV=1 !!!ntnH	142	1163	37	11	29.73	25	1	92	127	NDIFISNCLTLTYNNVNVYLS-IKNQDYNWVICDLNH
PROKKA_00001	tr|C4IHM0|C4IHM0_CLOBU Botulinum neurotoxin type E, nontoxic-nonhemagglutinin component, NTNH OS=Clostridium butyricum E4 str. BoNT E BL5262 GN=ntnH PE=4 SV=1 !!!ntnH	142	1163	141	135	95.74	6	0	1	141	LFNYVFPEIAINKIEQNNNIYLSINNENNLNFKPLKFKLLNTNPNKQYVQKWDEVIFSVLDGTEKYLDISTTNNRIQLVDNKNNAQIFIINNDIFISNCLTLTYNNVNVYLSIKNQDYNWVICDLNHDIPKKSYLWILKNI
PROKKA_00001	tr|C4IHM0|C4IHM0_CLOBU Botulinum neurotoxin type E, nontoxic-nonhemagglutinin component, NTNH OS=Clostridium butyricum E4 str. BoNT E BL5262 GN=ntnH PE=4 SV=1 !!!ntnH	142	1163	19	8	42.11	11	0	7	25	PEIAINKIEQNNNIYLSIN
PROKKA_00001	tr|C4IHM0|C4IHM0_CLOBU Botulinum neurotoxin type E, nontoxic-nonhemagglutinin component, NTNH OS=Clostridium butyricum E4 str. BoNT E BL5262 GN=ntnH PE=4 SV=1 !!!ntnH	142	1163	10	7	70.00	3	0	35	44	LKFKLLNTNP
PROKKA_00001	tr|B1INP6|B1INP6_CLOBK Botulinum neurotoxin type B1, nontoxic-nonhemagglutinin component, NTNH OS=Clostridium botulinum (strain Okra / Type B1) GN=ntnH PE=4 SV=1 !!!ntnH	142	1197	141	79	56.03	62	0	1	141	LFNYVFPEIAINKIEQNNNIYLSINNENNLNFKPLKFKLLNTNPNKQYVQKWDEVIFSVLDGTEKYLDISTTNNRIQLVDNKNNAQIFIINNDIFISNCLTLTYNNVNVYLSIKNQDYNWVICDLNHDIPKKSYLWILKNI
PROKKA_00001	tr|A0A060N6G5|A0A060N6G5_CLOBO Nontoxic-nonhemagglutinin component, NTNH OS=Clostridium botulinum B str. Osaka05 GN=CBO05P2_175 PE=4 SV=1 !!!ntnH	142	1197	141	79	56.03	62	0	1	141	LFNYVFPEIAINKIEQNNNIYLSINNENNLNFKPLKFKLLNTNPNKQYVQKWDEVIFSVLDGTEKYLDISTTNNRIQLVDNKNNAQIFIINNDIFISNCLTLTYNNVNVYLSIKNQDYNWVICDLNHDIPKKSYLWILKNI
PROKKA_00001	tr|C5VU80|C5VU80_CLOBO Botulinum neurotoxin type D, nontoxic-nonhemagglutinin component, NTNH OS=Clostridium botulinum D str. 1873 GN=ntnH PE=4 SV=1 !!!ntnH	142	1196	140	72	51.43	68	0	1	140	LFNYVFPEIAINKIEQNNNIYLSINNENNLNFKPLKFKLLNTNPNKQYVQKWDEVIFSVLDGTEKYLDISTTNNRIQLVDNKNNAQIFIINNDIFISNCLTLTYNNVNVYLSIKNQDYNWVICDLNHDIPKKSYLWILKN
PROKKA_00001	tr|B2TSC3|B2TSC3_CLOBB Botulinum neurotoxin type B OS=Clostridium botulinum (strain Eklund 17B / Type B) GN=ntnH PE=4 SV=1 !!!ntnH	142	1197	141	76	53.90	65	0	1	141	LFNYVFPEIAINKIEQNNNIYLSINNENNLNFKPLKFKLLNTNPNKQYVQKWDEVIFSVLDGTEKYLDISTTNNRIQLVDNKNNAQIFIINNDIFISNCLTLTYNNVNVYLSIKNQDYNWVICDLNHDIPKKSYLWILKNI
PROKKA_00001	tr|B2TSC3|B2TSC3_CLOBB Botulinum neurotoxin type B OS=Clostridium botulinum (strain Eklund 17B / Type B) GN=ntnH PE=4 SV=1 !!!ntnH	142	1197	30	12	40.00	18	0	86	115	QIFIINNDIFISNCLTLTYNNVNVYLSIKN
PROKKA_00001	tr|B1BE43|B1BE43_CLOBO Botulinum neurotoxin type C, nontoxic-nonhemagglutinin component NTNH OS=Clostridium botulinum C str. Eklund GN=CBC_A0166 PE=4 SV=1 !!!ntnH	142	1196	140	70	50.00	70	0	1	140	LFNYVFPEIAINKIEQNNNIYLSINNENNLNFKPLKFKLLNTNPNKQYVQKWDEVIFSVLDGTEKYLDISTTNNRIQLVDNKNNAQIFIINNDIFISNCLTLTYNNVNVYLSIKNQDYNWVICDLNHDIPKKSYLWILKN
PROKKA_00001	tr|A7GBG2|A7GBG2_CLOBL Botulinum neurotoxin type F, nontoxic-nonhemagglutinin component, NTNH OS=Clostridium botulinum (strain Langeland / NCTC 10281 / Type F) GN=ntnH PE=4 SV=1 !!!ntnH	142	1163	141	86	60.99	54	1	1	141	LFNYVFPEIAINKIEQNNNIYLSINNENNLNFKPLKFKLLNTNPNKQYVQKWDEVIFSVLDGTEKYLDISTTNNRIQLVDNKNNAQIFIINNDIFISNCLTLTYNNVNVYLSIKNQDYNWVICDLNHDIPKKSYLWILKNI
PROKKA_00001	tr|A7GBG2|A7GBG2_CLOBL Botulinum neurotoxin type F, nontoxic-nonhemagglutinin component, NTNH OS=Clostridium botulinum (strain Langeland / NCTC 10281 / Type F) GN=ntnH PE=4 SV=1 !!!ntnH	142	1163	8	7	87.50	1	0	37	44	FKLLNTNP
PROKKA_00001	tr|A5HZZ8|A5HZZ8_CLOBH Type A progenitor toxin nontoxic-nonha OS=Clostridium botulinum (strain Hall / ATCC 3502 / NCTC 13319 / Type A) GN=ntnH PE=4 SV=1 !!!ntnH	142	1193	139	87	62.59	49	3	1	139	LFNYVFPEIAINKIEQNNNIYLSINNENNLNFKPLKFKLLNTNPNKQYVQKWDEVIFSVLDGTEKYLDISTTNNRIQLVDNKNNAQIFIINNDIFISNCLTLTYNNVNVYLSIKNQDYNWVICDLNHDIPKKSYLWILK
PROKKA_00001	tr|B1L2G4|B1L2G4_CLOBM Botulinum neurotoxin type A3, nontoxic-nonhemagglutinin component, NTNH OS=Clostridium botulinum (strain Loch Maree / Type A3) GN=ntnH PE=4 SV=1 !!!ntnH	142	1159	139	84	60.43	52	3	1	139	LFNYVFPEIAINKIEQNNNIYLSINNENNLNFKPLKFKLLNTNPNKQYVQKWDEVIFSVLDGTEKYLDISTTNNRIQLVDNKNNAQIFIINNDIFISNCLTLTYNNVNVYLSIKNQDYNWVICDLNHDIPKKSYLWILK
PROKKA_00001	tr|B1L2G4|B1L2G4_CLOBM Botulinum neurotoxin type A3, nontoxic-nonhemagglutinin component, NTNH OS=Clostridium botulinum (strain Loch Maree / Type A3) GN=ntnH PE=4 SV=1 !!!ntnH	142	1159	29	10	34.48	19	0	40	68	LNTNPNKQYVQKWDEVIFSVLDGTEKYLD
PROKKA_00001	tr|B1L2G4|B1L2G4_CLOBM Botulinum neurotoxin type A3, nontoxic-nonhemagglutinin component, NTNH OS=Clostridium botulinum (strain Loch Maree / Type A3) GN=ntnH PE=4 SV=1 !!!ntnH	142	1159	19	7	36.84	12	0	7	25	PEIAINKIEQNNNIYLSIN
PROKKA_00001	tr|C1FUH8|C1FUH8_CLOBJ Botulinum neurotoxin type A2, nontoxic-nonhemagglutinin component, NTNH OS=Clostridium botulinum (strain Kyoto / Type A2) GN=ntnH PE=4 SV=1 !!!ntnH	142	1159	139	81	58.27	55	3	1	139	LFNYVFPEIAINKIEQNNNIYLSINNENNLNFKPLKFKLLNTNPNKQYVQKWDEVIFSVLDGTEKYLDISTTNNRIQLVDNKNNAQIFIINNDIFISNCLTLTYNNVNVYLSIKNQDYNWVICDLNHDIPKKSYLWILK
PROKKA_00001	tr|C1FUH8|C1FUH8_CLOBJ Botulinum neurotoxin type A2, nontoxic-nonhemagglutinin component, NTNH OS=Clostridium botulinum (strain Kyoto / Type A2) GN=ntnH PE=4 SV=1 !!!ntnH	142	1159	29	10	34.48	19	0	40	68	LNTNPNKQYVQKWDEVIFSVLDGTEKYLD
PROKKA_00001	tr|C1FUH8|C1FUH8_CLOBJ Botulinum neurotoxin type A2, nontoxic-nonhemagglutinin component, NTNH OS=Clostridium botulinum (strain Kyoto / Type A2) GN=ntnH PE=4 SV=1 !!!ntnH	142	1159	19	7	36.84	12	0	7	25	PEIAINKIEQNNNIYLSIN
PROKKA_00001	tr|A0A0C1QVX2|A0A0C1QVX2_9CLOT Hemagglutinin component HA-17 OS=Clostridium argentinense CDC 2741 GN=ha-17 PE=4 SV=1 !!!ha17	142	147	108	28	25.93	55	25	53	135	DEVIFSVLDGTEKYLDISTTNN---RIQLVDNKN----------------NAQIFIINNDIFISNCLT---LTY---NNVNVYLSIKNQDYNWVICDLNHDIPKKSYL
PROKKA_00001	tr|C5VU79|C5VU79_CLOBO Hemagglutinin component HA33 OS=Clostridium botulinum D str. 1873 GN=ha33 PE=4 SV=1 !!!ha33	142	285	26	11	42.31	15	0	105	130	NNVNVYLSIKNQDYNWVICDLNHDIP
PROKKA_00001	tr|A0A059PYB0|A0A059PYB0_9CLOT Toxin complex component ORF-X2 OS=Clostridium baratii PE=4 SV=1 !!!ORF-X2	142	748	28	11	39.29	17	0	69	96	ISTTNNRIQLVDNKNNAQIFIINNDIFI
PROKKA_00001	tr|A0A0C1TY77|A0A0C1TY77_9CLOT Main hemagglutinin component OS=Clostridium argentinense CDC 2741 GN=ha-33 PE=4 SV=1 !!!ha33	142	285	78	21	26.92	48	9	43	111	NPNKQYVQKWDEVIFS--------VLDGTEKYLDISTTNNRIQLVDNKNN-AQIFIINNDIFISNCLTLTYNNVNVYL
PROKKA_00001	tr|M1ZPH7|M1ZPH7_CLOBO Hemagglutinin component HA70 OS=Clostridium botulinum CFSAN001627 GN=CFSAN001627_19663 PE=4 SV=1 !!!ha70	142	626	59	17	28.81	39	3	55	113	VIFSVLDGTEKYLDISTTNNRIQLVDNKNNAQIFIINNDIFISNCLTLTYNNVNVYLSI
PROKKA_00001	tr|B1BE46|B1BE46_CLOBO Non-toxin haemagglutinin HA-70 OS=Clostridium botulinum C str. Eklund GN=CBC_A0169 PE=4 SV=1 !!!ha70	142	623	88	24	27.27	53	11	6	88	FPEIAINKIEQNNNIYLSINNENNLNFKPLKF-KLLNTNPNKQYVQKWDEVIFSVLDGTEKYLDI----STTNNRIQLVDNKNNAQIF
PROKKA_00002	tr|B1L2G4|B1L2G4_CLOBM Botulinum neurotoxin type A3, nontoxic-nonhemagglutinin component, NTNH OS=Clostridium botulinum (strain Loch Maree / Type A3) GN=ntnH PE=4 SV=1 !!!ntnH	1253	1159	1143	267	23.36	698	178	5	1090	NSFNYNDPVNDRTILYIKPGGCQEFYKSFNIMKNIWIIPERNVIGTTPQDFHPPTSL-----KNGDSSYYDPNYLQSDEEKDRFLKIVTKIFNRINNNLSGGILLEELSKANPYLGNDNTPDNQFHIGDASAVEIKFSNGSQHILLPNVIIMGAEPDLFETNSSNISLRNNYMPSNHGFGSIAIVTFSPEYSFRFNDNSINEFIQDPALTLMHELIHSLHGLYGAK---GITTTCIITQQQNPLITNRKGINIEEFLTFGGNDLNIITVAQY---NDIYTNLLNDYRKIASKL-SKVQVSNPQLNPYKDIFQEKYGLDKDASGIYSVNINKFDDILKKLYSFTEFDLATKFQVKCRETYIGQYKYFKLSNLLNDSIYNISEGYNINNLKVNFRGQNANLNPRIIKPITGRGLVKKII---RFCKNIVSVKGIRKSICIEINNGELFFVASENSYND------DNI----NTPKEIDDTVTSNNNYENDLDQVILNFNSESAPGLSDEKLNLTIQN-DAYIPKYDSNGTSDIEQHDVNELNVFFYLDAQKVPEGENNVNLTSSIDTALLEQPK--IYTFFSS--EFINNV--NKPVQA-ALFVSWIQQVLVDFTTEANQKSTVDKIADISIVVPYIGLALNIGNEAQKGNFKDALELLGAGILLEFEPELLIPTILVFTIKSFLGSSDNKNKVIKAINNALKERDEKWKEVYSFIVSNWMTKINTQFNKRKEQMYQALQNQVNAIKTIIESKYNSYTLEEKN---------ELTNKYDIKQIENELNQKVSIAMNNIDRFLTESSISYLMKLINEVKINKLREYDENVKTYLLNYIIQHGSILGESQQELNSMVTDTLNNSIPFKLSSYTDDKILISYFNKFFKRIKSSSVLNMRY-----KNDKYVDTSGYDSNININGDVYKYPTNKNQFGIYNDKL----SEVNIS-QNDYIIYDNKYKN-FSISFWVRIPNYDNKIVNVNNEYTIINCM--RDNNSGWKVSLNHNEIIWTLQDNAGINQKLAFNYGNANGISDYINKWIFVTITNDRLGDSKL-YINGNLIDQKSILNLGNIHVSDNI-LFKIVNCSYTRYIGIRYFNIFDKELDETEIQTLYSNEPNTNILKDFWGNYLLYDKEYYLLN
PROKKA_00002	tr|A7GBG2|A7GBG2_CLOBL Botulinum neurotoxin type F, nontoxic-nonhemagglutinin component, NTNH OS=Clostridium botulinum (strain Langeland / NCTC 10281 / Type F) GN=ntnH PE=4 SV=1 !!!ntnH	1253	1163	1140	265	23.25	703	172	5	1090	NSFNYNDPVNDRTILYIKPGGCQEFYKSFNIMKNIWIIPERNVIGTTPQDFHPPTSL-----KNGDSSYYDPNYLQSDEEKDRFLKIVTKIFNRINNNLSGGILLEELSKANPYLGNDNTPDNQFHIGDASAVEIKFSNGSQHILLPNVIIMGAEPDLFETNSSNISLRNNYMPSNHGFGSIAIVTFSPEYSFRFNDNSINEFIQDPALTLMHELIHSLHGLYGAKGITTTCIITQQQNPLITNRKG-INIEEFLTFGGNDLNIITVAQY---NDIYTNLLNDYRKIASKL-SKVQVSNPQLNPYKDIFQEKYGLDKDASGIYSVNINKFDDILKKLYSFTEFDLATKFQVKCRETYIGQYKYFKLSNLLNDSIYNISEGYNINNLKVNFRGQNANLNPRIIKPITGRGLVKKII---RFCKNIVSVKGIRKSICIEINNGELFFVASENSYNDDNINT----------PKEIDDTVTSNNNYENDLDQVILNFNSESAPGLSDEKLNLTIQN-DAYIPKYDSNGTSDIEQHDVNELNVFFYLDAQKVPEGENNVNLTSSIDTALLEQPKIYTFFSS--EFINNV--NKPVQA-ALFVSWIQQVLVDFTTEANQKSTVDKIADISIVVPYIGLALNIGNEAQKGNFKDALELLGAGILLEFEPELLIPTILVFTIKSFLGSSDNKNKVIKAINNALKERDEKWKEVYSFIVSNWMTKINTQFNKRKEQMYQALQNQVNAIKTIIESKYNSYTLEEKN---------ELTNKYDIKQIENELNQKVSIAMNNIDRFLTESSISYLMKLINEVKINKLREYDENVKTYLLNYIIQHGSILGESQQELNSMVTDTLNNSIPFKLSSYTDDKILISYFNKFFKRIKSSSVLNMRYK-----NDKYVDTSGYDSNININGDVYKYPTNKNQFGIYNDKL----SEVNIS-QNDYIIYDNKYKN-FSISFWVRIPNYD---NKIVNVNNEYTIINCMRDNNSGWKVSLNHNEIIWTLQDNAGINQKLAFNYGNANGISDYINKWIFVTITNDRLGDSKL-YINGNLIDQKSILNLGNIHVSDNI-LFKIVNCSYTRYIGIRYFNIFDKELDETEIQTLYSNEPNTNILKDFWGNYLLYDKEYYLLN
PROKKA_00002	tr|C5VU80|C5VU80_CLOBO Botulinum neurotoxin type D, nontoxic-nonhemagglutinin component, NTNH OS=Clostridium botulinum D str. 1873 GN=ntnH PE=4 SV=1 !!!ntnH	1253	1196	1175	283	24.09	687	205	7	1094	FNYNDPVNDRTILYIKPGGCQEFYKSFNIMKNIWIIPERNVIGTTPQDFHPPTSLKNGDSSYYDPNYLQSDEEKDRFLKIVTKIFNRINNNLSGGILLEELSKANP----YLGNDNTPDNQFHIGD------------ASAVEIKF----------SNGSQHILLPNVIIMGAEPDLFETNSSNISLRNNYMPSNHGFGSIAIVTFSPEYSFRFNDNSINEFIQDPALTLMHELIHSLHGLYGAKGITTTCIITQQQNPLITNRK--GINIEEFLTFGGNDLNIITVAQY---NDIYTNLLNDYRKIASKL-SKVQVSNPQLNPYKDIFQEKYGLDKDASGIYSVNINKFDDILKKLYSFTEFDLATKFQVKCRETYIGQYKYFKLSNLLNDSIYNISEGYNINNLKVNFRGQNANLNPRIIKPITGRGLVKKIIRFCKNIVSVKGIRKSICIEINNGELFFVASENSYNDDNINTPKEIDDT--VTSNNNYE---NDLDQVILNFNS----ESAPGLSDEKLNLTIQN-DAYIPKYDSNGTSDIEQHDVNELNVFFYLDAQKVPEGENNVNLTSSIDTALLEQPK----IYTFFSS-----EFINNVNKPVQAALFVSWIQQVLVDFTTEANQKSTVDKIADISIVVPYIGLALNIGNEAQKGNFKDALELLGAGILLEFEPELLIPTILVFTIK-SFLGSSDNKNKVIKAINNALKERDEK----WKEVYSFIVSNWMTKINTQFNKRKEQMYQALQNQVNAIKTIIESKYNSY--------TLEEKNELTNKYDIKQIENELNQKVSIAMNNIDRFLTESSISYLMKLINEVKINKLREYDENVKTYLLNYIIQHGSILGESQQELNSMVTDTLNNSIPFKLSSYTDDKILISYFN----KFFKRIKSSSVLNMRYKNDKYVDTSGYDSNI--NINGDVYKYPTNKNQFGIYNDKLSEVN---------ISQNDYIIYDNKY------KNFSISFWVRIPNYDNKIVNVNNEYTIINCMRDNNSGWKVSLNHNEIIWTLQDNAGINQKLAFNYGNANGISDYINK-WIFVTITNDRLGDSKL-YINGNLIDQKSILNLGNIHVSDNILFKIVNCSYTRYIGIRYFNIFDKELDETEIQTLYSNEPNTNILKDFWGNYLLYDKEYYLLNVLKP
PROKKA_00002	tr|C1FUH8|C1FUH8_CLOBJ Botulinum neurotoxin type A2, nontoxic-nonhemagglutinin component, NTNH OS=Clostridium botulinum (strain Kyoto / Type A2) GN=ntnH PE=4 SV=1 !!!ntnH	1253	1159	1142	265	23.20	701	176	5	1090	NSFNYNDPVNDRTILYIKPGGCQEFYKSFNIMKNIWIIPERNVIGTTPQDFHPPTSL-----KNGDSSYYDPNYLQSDEEKDRFLKIVTKIFNRINNNLSGGILLEELSKANPYLGNDNTPDNQFHIGDASAVEIKFSNGSQHILLPNVIIMGAEPDLFETNSSNISLRNNYMPSNHGFGSIAIVTFSPEYSFRFNDNSINEFIQDPALTLMHELIHSLHGLYGAKGITTTCIITQQQNPLIT-NRKGINIEEFLTFGGNDLNIITVAQY---NDIYTNLLNDYRKIASKL-SKVQVSNPQLNPYKDIFQEKYGLDKDASGIYSVNINKFDDILKKLYSFTEFDLATKFQVKCRETYIGQYKYFKLSNLLNDSIYNISEGYNINNLKVNFRGQNANLNPRIIKPITGRGLVKKII---RFCKNIVSVKGIRKSICIEINNGELFFVASENSYND------DNI----NTPKEIDDTVTSNNNYENDLDQVILNFNSESAPGLSDEKLNLTIQN-DAYIPKYDSNGTSDIEQHDVNELNVFFYLDAQKVPEGENNVNLTSSIDTALLEQPK--IYTFFSS--EFINNV--NKPVQA-ALFVSWIQQVLVDFTTEANQKSTVDKIADISIVVPYIGLALNIGNEAQKGNFKDALELLGAGILLEFEPELLIPTILVFTIKSFLGSSDNKNKVIKAINNALKERDEKWKEVYSFIVSNWMTKINTQFNKRKEQMYQALQNQVNAIKTIIESKYNSYTLEEKN---------ELTNKYDIKQIENELNQKVSIAMNNIDRFLTESSISYLMKLINEVKINKLREYDENVKTYLLNYIIQHGSILGESQQELNSMVTDTLNNSIPFKLSSYTDDKILISYFNKFFKRIKSSSVLNMRYK-----NDKYVDTSGYDSNININGDVYKYPTNKNQFGIYNDKL----SEVNIS-QNDYIIYDNKYKN-FSISFWVRIPNYD---NKIVNVNNEYTIINCMRDNNSGWKVSLNHNEIIWTLQDNAGINQKLAFNYGNANGISDYINKWIFVTITNDRLGDSKL-YINGNLIDQKSILNLGNIHVSDNI-LFKIVNCSYTRYIGIRYFNIFDKELDETEIQTLYSNEPNTNILKDFWGNYLLYDKEYYLLN
PROKKA_00002	tr|C5UY14|C5UY14_CLOBO Botulinum neurotoxin type E1, nontoxic-nonhemagglutinin component, NTNH OS=Clostridium botulinum E1 str. 'BoNT E Beluga' GN=ntnH PE=4 SV=1 !!!ntnH	1253	1163	1219	281	23.05	762	176	3	1170	KINS-FNYNDPVNDRTILYIKPGGCQEFYKSFNIMKNIWIIPERNVIGTTPQDFHPPTSLK-----NGDSSYYDPNYLQSDEEKDRFLKIVTKIFNRINNNLSGGILLEELSKANPYLGNDNTPDNQFHIGDASAVEIKFSNGSQHILLPNVIIMGAEPDLFETNSSNISLRNNYMPSNHGFGSIAIVTFSPEYSFRFNDNSINEFIQDPALTLMHELIHSLHGLYGAKGITTTCIITQQQNPLIT-NRKGINIEEFLTFGGNDLNIITVAQY---NDIYTNLLNDYRKIASKLS-KVQVSNPQLNPYKDIFQEKYGLDKDASGIYSVNINKFDDILKKLYSFTEFDLATKFQVKCRETYIGQY-KYFKLSNLLNDSIYNISEGYNINNLKVNFRGQNANLNPRIIKPITGRGLVKKIIRFCKNIVSVKGIRKSICIEIN-NGELFFVASENSYNDDNINTPKEIDDTVTSNNNYENDLDQVIL-NFNSES---APGLSDEKLNLTIQN-DAYIPKYDSNGTSDIEQHDVNELNVFFYLDAQKVPEGENNVNLTSSIDTALLEQPK-IYTFFSS-----EFINNVNKPVQA-ALFVSWIQQVLVDFTTEANQKSTVDKIADISIVVPYIGLALNIGNEAQKGNFKDALELLGAGILLEFEPELLIPTILVFTIKSFLGSSDNKNKVIKAINNALKERDEKWKEVYSFIVSNWMTKINTQFNKRKEQMYQALQNQVNAIKTIIESKYNSYTLEEKN---------ELTNKYDIKQIENELNQKVSIAMNNIDRFLTESSISYLMKLINEVKINKLREYDENVKTYLLNYIIQHGSILGESQQELNSMVTDTLNNSIPFKLSSYTDDKILISYFNKFFKRIKSS----SVLNMRYKNDKYV-DTSGYDSNININGDVYKYPTNKNQ-FGIYNDKLSEVNISQNDYIIYDNKY------KNFSISFWVRIPNYDNKIVNVNNEYTIINCMRDNNSGWKVSLNHNEIIWTLQDNAGINQKLAFNYGNANGISDYINKWIFVTITNDRLGDSKL-YINGNLIDQKSILNLGNIHVSDNILFKIVNCSYTRYIGIRYFNIFDKELDETEIQTLYSNEPNTNILKDFWGNYLLYDKEYYLLNVLKPN---NFIDRRKDSTLSINNIRSTILLANRL-YSGIKVKIQRVNNSSTNDNLVRKNDQVYINFVASKTHLFPLYADTATTN
PROKKA_00002	tr|B1BE43|B1BE43_CLOBO Botulinum neurotoxin type C, nontoxic-nonhemagglutinin component NTNH OS=Clostridium botulinum C str. Eklund GN=CBC_A0166 PE=4 SV=1 !!!ntnH	1253	1196	1188	287	24.16	670	231	7	1094	FNYNDPVNDRTILYIKPGGCQEFYKSFNIMKNIWIIPERNVIGTTPQDFHPPTSLKNGDSSYYDPNYLQSDEEKDRFLKIVTKIFNRINNNLSGGILLEELSKANP----YLGNDNTPDNQFHIGD------------ASAVEIKF----------SNGSQHILLPNVIIMGAEPDLFETNSSNISLRNNYMPSNHGFGSIAIVTFSPEYSFRFNDNSINEFIQDPALTLMHELIHSLHGLYGAKGITTTCIITQQQNPLITNRK--GINIEEFLTFGGNDLNIITVAQY---NDIYTN---LLNDYRKIASKLSKVQVSNPQLNPYKDIFQEKYGLDKDASGIYSVNINKFDDILKKLYSFTEFDLATKFQVKCRETYIGQYKYFKLSNLLNDSIYNISEGYNIN-------NLKVNFRGQNANLNPRIIKPITGRGLV-KKIIRFCKNIVSVKGIRKSICIEINNGELFFVASENSYNDDNINTPKEIDDTVTSNNNYE---NDLDQVILNFNS----ESAPGLSDEKLNLTIQN-DAYIPKYDSNGTSDIEQHDVNELNVFFYLDAQKVPEGENNVNLTSSIDTALLEQPK----IYTFFSS-----EFINNVNKPVQAALFVSWIQQVLVDFTTEANQKSTVDKIADISIVVPYIGLALNIGNEAQKGNFKDALELLGAGILLEFEPELLIPTILVFTIK-SFLGSSDNKNKVIKAINNALKERDEK----WKEVYSFIVSNWMTKINTQFNKRKEQMYQALQNQVNAIKTIIESKYNSY--------TLEEKNELTNKYDIKQIENELNQKVSIAMNNIDRFLTESS------------ISYLMKLINEVKINKLREY-------DENVKTYLLN-YIIQHGSILGESQQELNSMVTDTLNNSIPFKLSSYTDDKILISYFNKFFKRIKSSSVLNMRYKNDKYVDTSGYDSNININGDVYKYPTNKNQFGIYNDKLSEVNISQNDYIIYDNKY------KNFSISFWVRIPNYDNKIVNVNNEYTIINCMRDNNSGWKVSLNHNEIIWTLQDNAGINQKLAFNYGNANGISDYI-NKWIFVTITNDRLGDSKL-YINGNLIDQKSILNLGNIHVSDNILFKIVNCSYTRYIGIRYFNIFDKELDETEIQTLYSNEPNTNILKDFWGNYLLYDKEYYLLNVLKP
PROKKA_00002	tr|A0A0X1KH90|A0A0X1KH90_CLOBA Botulinum neurotoxin type E, nontoxic-nonhemagglutinin component, NTNH OS=Clostridium botulinum (strain Alaska E43 / Type E3) PE=1 SV=1 !!!ntnH	1253	1163	1219	281	23.05	762	176	3	1170	KINS-FNYNDPVNDRTILYIKPGGCQEFYKSFNIMKNIWIIPERNVIGTTPQDFHPPTSLK-----NGDSSYYDPNYLQSDEEKDRFLKIVTKIFNRINNNLSGGILLEELSKANPYLGNDNTPDNQFHIGDASAVEIKFSNGSQHILLPNVIIMGAEPDLFETNSSNISLRNNYMPSNHGFGSIAIVTFSPEYSFRFNDNSINEFIQDPALTLMHELIHSLHGLYGAKGITTTCIITQQQNPLIT-NRKGINIEEFLTFGGNDLNIITVAQY---NDIYTNLLNDYRKIASKLS-KVQVSNPQLNPYKDIFQEKYGLDKDASGIYSVNINKFDDILKKLYSFTEFDLATKFQVKCRETYIGQY-KYFKLSNLLNDSIYNISEGYNINNLKVNFRGQNANLNPRIIKPITGRGLVKKIIRFCKNIVSVKGIRKSICIEIN-NGELFFVASENSYNDDNINTPKEIDDTVTSNNNYENDLDQVIL-NFNSES---APGLSDEKLNLTIQN-DAYIPKYDSNGTSDIEQHDVNELNVFFYLDAQKVPEGENNVNLTSSIDTALLEQPK-IYTFFSS-----EFINNVNKPVQA-ALFVSWIQQVLVDFTTEANQKSTVDKIADISIVVPYIGLALNIGNEAQKGNFKDALELLGAGILLEFEPELLIPTILVFTIKSFLGSSDNKNKVIKAINNALKERDEKWKEVYSFIVSNWMTKINTQFNKRKEQMYQALQNQVNAIKTIIESKYNSYTLEEKN---------ELTNKYDIKQIENELNQKVSIAMNNIDRFLTESSISYLMKLINEVKINKLREYDENVKTYLLNYIIQHGSILGESQQELNSMVTDTLNNSIPFKLSSYTDDKILISYFNKFFKRIKSS----SVLNMRYKNDKYV-DTSGYDSNININGDVYKYPTNKNQ-FGIYNDKLSEVNISQNDYIIYDNKY------KNFSISFWVRIPNYDNKIVNVNNEYTIINCMRDNNSGWKVSLNHNEIIWTLQDNAGINQKLAFNYGNANGISDYINKWIFVTITNDRLGDSKL-YINGNLIDQKSILNLGNIHVSDNILFKIVNCSYTRYIGIRYFNIFDKELDETEIQTLYSNEPNTNILKDFWGNYLLYDKEYYLLNVLKPN---NFIDRRKDSTLSINNIRSTILLANRL-YSGIKVKIQRVNNSSTNDNLVRKNDQVYINFVASKTHLFPLYADTATTN
PROKKA_00002	tr|C4IHM0|C4IHM0_CLOBU Botulinum neurotoxin type E, nontoxic-nonhemagglutinin component, NTNH OS=Clostridium butyricum E4 str. BoNT E BL5262 GN=ntnH PE=4 SV=1 !!!ntnH	1253	1163	1140	260	22.81	720	160	3	1094	KINS-FNYNDPVNDRTILYIKPGGCQEFYKSFNIMKNIWIIPERNVIGTTPQDFHPPTSLK-----NGDSSYYDPNYLQSDEEKDRFLKIVTKIFNRINNNLSGGILLEELSKANPYLGNDNTPDNQFHIGDASAVEIKFSNGSQHILLPNVIIMGAEPDLFETNSSNISLRNNYMPSNHGFGSIAIVTFSPEYSFRFNDNSINEFIQDPALTLMHELIHSLHGLYGAKGITTTCIITQQQNPLIT-NRKGINIEEFLTFGGNDLNIITVAQY---NDIYTNLLNDYRKIASKLS-KVQVSNPQLNPYKDIFQEKYGLDKDASGIYSVNINKFDDILKKLYSFTEFDLATKFQVKCRETYIGQY-KYFKLSNLLNDSIYNISEGYNINNLKVNFRGQNANLNPRIIKPITGRGLVKKIIRFCKNIVSVKGIRKSICIEIN-NGELFFVASENSYNDDNINTPKEIDDTVTSNNNYENDLDQVIL-NFNSES---APGLSDEKLNLTIQN-DAYIPKYDSNGTSDIEQHDVNELNVFFYLDAQKVPEGENNVNLTSSIDTALLEQPK-IYTFFSS-----EFINNVNKPVQA-ALFVSWIQQVLVDFTTEANQKSTVDKIADISIVVPYIGLALNIGNEAQKGNFKDALELLGAGILLEFEPELLIPTILVFTIKSFLGSSDNKNKVIKAINNALKERDEKWKEVYSFIVSNWMTKINTQFNKRKEQMYQALQNQVNAIKTIIESKYNSYTLEEKN---------ELTNKYDIKQIENELNQKVSIAMNNIDRFLTESSISYLMKLINEVKINKLREYDENVKTYLLNYIIQHGSILGESQQELNSMVTDTLNNSIPFKLSSYTDDKILISYFNKFFKRIKSS----SVLNMRYKNDKYV-DTSGYDSNININGDVYKYPTNKNQ-FGIYNDKLSEVNISQNDYIIYDNKY------KNFSISFWVRIPNYDNKIVNVNNEYTIINCMRDNNSGWKVSLNHNEIIWTLQDNAGINQKLAFNYGNANGISDYINK-WIFVTITNDRLGDSKL-YINGNLIDQKSILNLGNIHVSDNILFKIVNCSYTRYIGIRYFNIFDKELDETEIQTLYSNEPNTNILKDFWGNYLLYDKEYYLLNVLKP
PROKKA_00002	tr|A0A060N6G5|A0A060N6G5_CLOBO Nontoxic-nonhemagglutinin component, NTNH OS=Clostridium botulinum B str. Osaka05 GN=CBO05P2_175 PE=4 SV=1 !!!ntnH	1253	1197	348	82	23.56	215	51	10	324	NDPVNDRTILYIKPGGCQEFYKSFNIMKNIWIIPERNVIGTTPQDFHPPTSLKNGDSSYYDPNYLQSDEEKDRFLKIVTKIFNRINNNLSGGILLEELSKANPY--------------LGNDNTPDNQFHIGDASAVEIKF------------SNGSQHILLPNVIIMGAEPDLFETNSSNISLRNNYMPSNHGFGSIAIVTFSPEYSFRFNDNSINEFIQDPALTLMHELIHSLHGLYGAKGITTTCIITQQQNPLI-TNRKGINIEEFLTFGGNDLNIITVAQY---NDIYTN---LLNDYRKIASKLSKVQVSNPQLNPYKDIFQEKYGLDKDASGIYSVNINKF
PROKKA_00002	tr|B2TSC3|B2TSC3_CLOBB Botulinum neurotoxin type B OS=Clostridium botulinum (strain Eklund 17B / Type B) GN=ntnH PE=4 SV=1 !!!ntnH	1253	1197	348	82	23.56	215	51	10	324	NDPVNDRTILYIKPGGCQEFYKSFNIMKNIWIIPERNVIGTTPQDFHPPTSLKNGDSSYYDPNYLQSDEEKDRFLKIVTKIFNRINNNLSGGILLEELSKANPY--------------LGNDNTPDNQFHIGDASAVEIKF------------SNGSQHILLPNVIIMGAEPDLFETNSSNISLRNNYMPSNHGFGSIAIVTFSPEYSFRFNDNSINEFIQDPALTLMHELIHSLHGLYGAKGITTTCIITQQQNPLI-TNRKGINIEEFLTFGGNDLNIITVAQY---NDIYTN---LLNDYRKIASKLSKVQVSNPQLNPYKDIFQEKYGLDKDASGIYSVNINKF
PROKKA_00002	tr|B1INP6|B1INP6_CLOBK Botulinum neurotoxin type B1, nontoxic-nonhemagglutinin component, NTNH OS=Clostridium botulinum (strain Okra / Type B1) GN=ntnH PE=4 SV=1 !!!ntnH	1253	1197	348	81	23.28	216	51	10	324	NDPVNDRTILYIKPGGCQEFYKSFNIMKNIWIIPERNVIGTTPQDFHPPTSLKNGDSSYYDPNYLQSDEEKDRFLKIVTKIFNRINNNLSGGILLEELSKANPY--------------LGNDNTPDNQFHIGDASAVEIKF------------SNGSQHILLPNVIIMGAEPDLFETNSSNISLRNNYMPSNHGFGSIAIVTFSPEYSFRFNDNSINEFIQDPALTLMHELIHSLHGLYGAKGITTTCIITQQQNPLI-TNRKGINIEEFLTFGGNDLNIITVAQY---NDIYTN---LLNDYRKIASKLSKVQVSNPQLNPYKDIFQEKYGLDKDASGIYSVNINKF
PROKKA_00002	tr|A5HZZ8|A5HZZ8_CLOBH Type A progenitor toxin nontoxic-nonha OS=Clostridium botulinum (strain Hall / ATCC 3502 / NCTC 13319 / Type A) GN=ntnH PE=4 SV=1 !!!ntnH	1253	1193	286	69	24.13	176	41	10	268	NDPVNDRTILYIKPGGCQEFYKSFNIMKNIWIIPERNVIGTTPQDFHPPTSLKNGDSSYYDPNYLQSDEEKDRFLKIVTKIFNRINNNLSGGILLEELSKANPY--------------LGNDNTPDNQFHIGDASAVEIKF------------SNGSQHILLPNVIIMGAEPDLFETNSSNISLRNNYMPSNHGFGSIAIVTFSPEYSFRFNDNSINEFIQDPALTLMHELIHSLHGLYGAKGITTTCIITQQQNPLI-TNRKGINIEEFLTFGGNDLNIITVAQY
PROKKA_00002	tr|A0A0C1QVR0|A0A0C1QVR0_9CLOT Transcriptional regulator BotR, P-21 OS=Clostridium argentinense CDC 2741 GN=botR PE=4 SV=1 !!!BotR	1253	178	49	15	30.61	29	5	853	901	LNMRYKNDKYVDTSGYDSNININGDVYKYPTNKNQFGIYNDKLSEVNIS
PROKKA_00002	tr|A5HZZ7|A5HZZ7_CLOBH RNA polymerase ECF-type sigma factor OS=Clostridium botulinum (strain Hall / ATCC 3502 / NCTC 13319 / Type A) GN=botR PE=4 SV=1 !!!BotR	1253	178	43	12	27.91	28	3	976	1015	NYGNANGISDYINKWI---FVTITNDRLGDSKLYINGNLIDQK
PROKKA_00002	tr|S8CEF4|S8CEF4_CLOBO Transcriptional regulator BotR, P-21 OS=Clostridium botulinum CFSAN002367 GN=CFSAN002367_15806 PE=4 SV=1 !!!BotR	1253	178	43	12	27.91	28	3	976	1015	NYGNANGISDYINKWI---FVTITNDRLGDSKLYINGNLIDQK
PROKKA_00002	tr|A0A0D1AER2|A0A0D1AER2_CLOBO Transcriptional regulator OS=Clostridium botulinum B2 450 GN=N495_19875 PE=4 SV=1 !!! 	1253	178	43	12	27.91	28	3	976	1015	NYGNANGISDYINKWI---FVTITNDRLGDSKLYINGNLIDQK
PROKKA_00002	tr|A0A073CP83|A0A073CP83_CLOBO Transcriptional regulator OS=Clostridium botulinum A2B3 87 GN=N496_19575 PE=4 SV=1 !!! 	1253	178	43	12	27.91	28	3	976	1015	NYGNANGISDYINKWI---FVTITNDRLGDSKLYINGNLIDQK
PROKKA_00002	tr|A0A060N3U8|A0A060N3U8_CLOBO Transcriptional regulator botR OS=Clostridium botulinum B str. Osaka05 GN=CBO05P2_176 PE=4 SV=1 !!!BotR	1253	178	43	12	27.91	28	3	976	1015	NYGNANGISDYINKWI---FVTITNDRLGDSKLYINGNLIDQK
PROKKA_00003	tr|B2TSC2|B2TSC2_CLOBB Putative RNA polymerase sigma factor OS=Clostridium botulinum (strain Eklund 17B / Type B) GN=botR PE=4 SV=1 !!!BotR	74	179	13	6	46.15	7	0	1	13	MNRNIIGKKVRII
PROKKA_00004	tr|B1INP8|B1INP8_CLOBK Hemagglutinin component HA33 OS=Clostridium botulinum (strain Okra / Type B1) GN=ha33 PE=1 SV=1 !!!ha33	415	294	113	28	24.78	80	5	33	143	IKSKNIVNCILYGPPGTGKTTLANIMANYVDRK--FYKLNATTASVKDIQEIASSLDTLLGYNGVVVYIDELQHFSKKQQQSLLEFIEKGQITLIASTTENPYFVLHKAILSR
PROKKA_00004	tr|A0A0X1KH90|A0A0X1KH90_CLOBA Botulinum neurotoxin type E, nontoxic-nonhemagglutinin component, NTNH OS=Clostridium botulinum (strain Alaska E43 / Type E3) PE=1 SV=1 !!!ntnH	415	1163	33	11	33.33	22	0	6	38	ERMRPTKLEDFVGQKQIIGEGKPLYNIIKSKNI
PROKKA_00004	tr|C5UY14|C5UY14_CLOBO Botulinum neurotoxin type E1, nontoxic-nonhemagglutinin component, NTNH OS=Clostridium botulinum E1 str. 'BoNT E Beluga' GN=ntnH PE=4 SV=1 !!!ntnH	415	1163	33	11	33.33	22	0	6	38	ERMRPTKLEDFVGQKQIIGEGKPLYNIIKSKNI
PROKKA_00004	tr|C4IHM0|C4IHM0_CLOBU Botulinum neurotoxin type E, nontoxic-nonhemagglutinin component, NTNH OS=Clostridium butyricum E4 str. BoNT E BL5262 GN=ntnH PE=4 SV=1 !!!ntnH	415	1163	33	11	33.33	22	0	6	38	ERMRPTKLEDFVGQKQIIGEGKPLYNIIKSKNI
PROKKA_00004	tr|A5HZZ8|A5HZZ8_CLOBH Type A progenitor toxin nontoxic-nonha OS=Clostridium botulinum (strain Hall / ATCC 3502 / NCTC 13319 / Type A) GN=ntnH PE=4 SV=1 !!!ntnH	415	1193	27	9	33.33	18	0	202	228	LGIISSLKRTLEITAEYIEELEQSHIR
PROKKA_00005	tr|C5UY11|C5UY11_CLOBO Toxin complex component ORF-X2 OS=Clostridium botulinum E1 str. 'BoNT E Beluga' GN=CLO_2648 PE=4 SV=1 !!!ORF-X2	213	748	59	12	20.34	47	0	131	189	LKDKIIKYEDEIQKLKNERDKFRELSNYNENKYYEIAIRSRERNFRKENNIKSNVIEIN
PROKKA_00005	tr|B1L2G2|B1L2G2_CLOBM Transcriptional regulator BotR, P-21 OS=Clostridium botulinum (strain Loch Maree / Type A3) GN=botR PE=4 SV=1 !!!BotR	213	184	60	23	38.33	31	6	128	181	INILKDKIIKYEDEIQKLKNERDKFRE---LS-NYNE--NKYYEIAIRSRERNFRKENNI
PROKKA_00005	tr|C1FUH3|C1FUH3_CLOBJ Toxin complex component ORF-X3 OS=Clostridium botulinum (strain Kyoto / Type A2) GN=CLM_0891 PE=4 SV=1 !!!ORF-X3	213	490	18	7	38.89	11	0	66	83	SYEKYDIISDGDRKKIKF
PROKKA_00005	tr|A7GBF7|A7GBF7_CLOBL Toxin complex component ORF-X3 OS=Clostridium botulinum (strain Langeland / NCTC 10281 / Type F) GN=CLI_0845 PE=4 SV=1 !!!ORF-X3	213	490	18	7	38.89	11	0	66	83	SYEKYDIISDGDRKKIKF
PROKKA_00005	tr|B1BE46|B1BE46_CLOBO Non-toxin haemagglutinin HA-70 OS=Clostridium botulinum C str. Eklund GN=CBC_A0169 PE=4 SV=1 !!!ha70	213	623	38	15	39.47	22	1	72	109	IISDGDRKKIKFPNVDEVVDNNFRNKKRLKFILNSFFL
PROKKA_00005	tr|A0A0C1TZQ5|A0A0C1TZQ5_9CLOT Hemagglutinin components HA-22/23/53 OS=Clostridium argentinense CDC 2741 GN=ha-70 PE=4 SV=1 !!!ha70	213	629	67	24	35.82	33	10	47	109	HYWYSR----KGLREKIEEINSISYEKYDIISDGDRKKIKFPNVDEVVDNNFRNKKRLKFILNSFFL
PROKKA_00005	tr|B2TSB9|B2TSB9_CLOBB Heamagglutinin components HA-70 OS=Clostridium botulinum (strain Eklund 17B / Type B) GN=ha70 PE=4 SV=1 !!!ha70	213	626	20	8	40.00	12	0	123	142	KLKKDINILKDKIIKYEDEI
PROKKA_00005	tr|B1INQ0|B1INQ0_CLOBK Hemagglutinin component HA70 OS=Clostridium botulinum (strain Okra / Type B1) GN=ha70 PE=4 SV=1 !!!ha70	213	626	20	8	40.00	12	0	123	142	KLKKDINILKDKIIKYEDEI
PROKKA_00006	tr|A0A059PYB0|A0A059PYB0_9CLOT Toxin complex component ORF-X2 OS=Clostridium baratii PE=4 SV=1 !!!ORF-X2	584	748	38	16	42.11	21	1	223	260	VLWWKICSKIPLRPCEFMILKKDCVYEKNRKYYIRIRR
PROKKA_00006	tr|A0A059PYB0|A0A059PYB0_9CLOT Toxin complex component ORF-X2 OS=Clostridium baratii PE=4 SV=1 !!!ORF-X2	584	748	35	12	34.29	21	2	365	399	QQFYRDCMVSLQLGDARHLAIINLVLQGTNSYLIR
PROKKA_00006	tr|C5UY11|C5UY11_CLOBO Toxin complex component ORF-X2 OS=Clostridium botulinum E1 str. 'BoNT E Beluga' GN=CLO_2648 PE=4 SV=1 !!!ORF-X2	584	748	80	24	30.00	38	18	223	286	VLWWKICSKIPLRPC-EFMILKKDCVYEKNRKYYIRIRRCK--------PHGFVNKA--LNIR-----KEQSFRINKEIY
PROKKA_00006	tr|C5UY11|C5UY11_CLOBO Toxin complex component ORF-X2 OS=Clostridium botulinum E1 str. 'BoNT E Beluga' GN=CLO_2648 PE=4 SV=1 !!!ORF-X2	584	748	28	12	42.86	16	0	365	392	QQFYRDCMVSLQLGDARHLAIINLVLQG
PROKKA_00006	tr|A7GBF8|A7GBF8_CLOBL Toxin complex component ORF-X2 OS=Clostridium botulinum (strain Langeland / NCTC 10281 / Type F) GN=CLI_0846 PE=4 SV=1 !!!ORF-X2	584	750	29	10	34.48	19	0	34	62	LKIYKEEELDYYKEKFNYFKKKGRIVNCV
PROKKA_00006	tr|B1BE47|B1BE47_CLOBO Clostridium toxin-associated regulator BotR OS=Clostridium botulinum C str. Eklund GN=botR PE=4 SV=1 !!!BotR	584	179	60	13	21.67	43	4	238	293	EFMILKKDCVYEKNRKYYIRIRRCKPHGFVNKALNIRKEQSFRIN----KEIYDLVMKVV
PROKKA_00006	tr|B1BE46|B1BE46_CLOBO Non-toxin haemagglutinin HA-70 OS=Clostridium botulinum C str. Eklund GN=CBC_A0169 PE=4 SV=1 !!!ha70	584	623	32	8	25.00	24	0	188	219	TREIPDYTSILKFDFLLDKYLKNSDEKEFFRY
PROKKA_00006	tr|M1ZPH7|M1ZPH7_CLOBO Hemagglutinin component HA70 OS=Clostridium botulinum CFSAN001627 GN=CFSAN001627_19663 PE=4 SV=1 !!!ha70	584	626	15	6	40.00	9	0	250	264	KNRKYYIRIRRCKPH
PROKKA_00006	tr|C4IHM0|C4IHM0_CLOBU Botulinum neurotoxin type E, nontoxic-nonhemagglutinin component, NTNH OS=Clostridium butyricum E4 str. BoNT E BL5262 GN=ntnH PE=4 SV=1 !!!ntnH	584	1163	29	10	34.48	19	0	140	168	EEYIESTFDNNKLNMKDYTMNFISFIRDN
PROKKA_00008	tr|A0A059PY44|A0A059PY44_9CLOT Toxin complex component ORF-X3 OS=Clostridium baratii PE=4 SV=1 !!!ORF-X3	411	491	35	13	37.14	21	1	235	269	GRYGMLLDITDRNLRLDLKNNQAKGYSKKSRKQKV
PROKKA_00008	tr|A0A0A7FV57|A0A0A7FV57_9CLOT Clostridium P-47 family protein OS=Clostridium baratii str. Sullivan GN=U729_696 PE=4 SV=1 !!!P-47	411	491	35	13	37.14	21	1	235	269	GRYGMLLDITDRNLRLDLKNNQAKGYSKKSRKQKV
PROKKA_00008	tr|A0A060N6G5|A0A060N6G5_CLOBO Nontoxic-nonhemagglutinin component, NTNH OS=Clostridium botulinum B str. Osaka05 GN=CBO05P2_175 PE=4 SV=1 !!!ntnH	411	1197	17	7	41.18	10	0	376	392	INSSDSYIEETKKIGKL
PROKKA_00008	tr|B1INP6|B1INP6_CLOBK Botulinum neurotoxin type B1, nontoxic-nonhemagglutinin component, NTNH OS=Clostridium botulinum (strain Okra / Type B1) GN=ntnH PE=4 SV=1 !!!ntnH	411	1197	17	7	41.18	10	0	376	392	INSSDSYIEETKKIGKL
PROKKA_00008	tr|B2TSC3|B2TSC3_CLOBB Botulinum neurotoxin type B OS=Clostridium botulinum (strain Eklund 17B / Type B) GN=ntnH PE=4 SV=1 !!!ntnH	411	1197	35	11	31.43	24	0	376	410	INSSDSYIEETKKIGKLYEENAEGAFQLLIKKINE
PROKKA_00008	tr|A5HZZ8|A5HZZ8_CLOBH Type A progenitor toxin nontoxic-nonha OS=Clostridium botulinum (strain Hall / ATCC 3502 / NCTC 13319 / Type A) GN=ntnH PE=4 SV=1 !!!ntnH	411	1193	17	7	41.18	10	0	376	392	INSSDSYIEETKKIGKL
PROKKA_00009	tr|B1INP8|B1INP8_CLOBK Hemagglutinin component HA33 OS=Clostridium botulinum (strain Okra / Type B1) GN=ha33 PE=1 SV=1 !!!ha33	104	294	32	9	28.12	23	0	33	64	IKSKKICNCIFYGPPGTGKTTLANIMAKYVDK
PROKKA_00009	tr|A0A060N6G5|A0A060N6G5_CLOBO Nontoxic-nonhemagglutinin component, NTNH OS=Clostridium botulinum B str. Osaka05 GN=CBO05P2_175 PE=4 SV=1 !!!ntnH	104	1197	16	7	43.75	9	0	27	42	TPLYNLIKSKKICNCI
PROKKA_00009	tr|A0A060N6G5|A0A060N6G5_CLOBO Nontoxic-nonhemagglutinin component, NTNH OS=Clostridium botulinum B str. Osaka05 GN=CBO05P2_175 PE=4 SV=1 !!!ntnH	104	1197	26	9	34.62	17	0	8	33	MRPSKIEDFVGQRHILGKNTPLYNLI
PROKKA_00009	tr|B1INP6|B1INP6_CLOBK Botulinum neurotoxin type B1, nontoxic-nonhemagglutinin component, NTNH OS=Clostridium botulinum (strain Okra / Type B1) GN=ntnH PE=4 SV=1 !!!ntnH	104	1197	26	9	34.62	17	0	8	33	MRPSKIEDFVGQRHILGKNTPLYNLI
PROKKA_00009	tr|C4IHM0|C4IHM0_CLOBU Botulinum neurotoxin type E, nontoxic-nonhemagglutinin component, NTNH OS=Clostridium butyricum E4 str. BoNT E BL5262 GN=ntnH PE=4 SV=1 !!!ntnH	104	1163	29	10	34.48	19	0	10	38	PSKIEDFVGQRHILGKNTPLYNLIKSKKI
PROKKA_00009	tr|C5UY14|C5UY14_CLOBO Botulinum neurotoxin type E1, nontoxic-nonhemagglutinin component, NTNH OS=Clostridium botulinum E1 str. 'BoNT E Beluga' GN=ntnH PE=4 SV=1 !!!ntnH	104	1163	29	10	34.48	19	0	10	38	PSKIEDFVGQRHILGKNTPLYNLIKSKKI
PROKKA_00009	tr|A0A0X1KH90|A0A0X1KH90_CLOBA Botulinum neurotoxin type E, nontoxic-nonhemagglutinin component, NTNH OS=Clostridium botulinum (strain Alaska E43 / Type E3) PE=1 SV=1 !!!ntnH	104	1163	29	10	34.48	19	0	10	38	PSKIEDFVGQRHILGKNTPLYNLIKSKKI
