PROKKA_00001	tr|B2TSC2|B2TSC2_CLOBB Putative RNA polymerase sigma factor OS=Clostridium botulinum (strain Eklund 17B / Type B) GN=botR PE=4 SV=1 !!!BotR	395	179	60	19	31.67	40	1	302	361	ILNSPNIIGEKVLSELKNYQNYIGIKTNELEYKLNFEQNNQILEETTLDKIQSIDIAKEL
PROKKA_00001	tr|C1FUH8|C1FUH8_CLOBJ Botulinum neurotoxin type A2, nontoxic-nonhemagglutinin component, NTNH OS=Clostridium botulinum (strain Kyoto / Type A2) GN=ntnH PE=4 SV=1 !!!ntnH	395	1159	129	35	27.13	81	13	174	297	LQEKDNKLIGNININDKG--YNIQLD---AIMEDALKTNLNSIKTTIINKNDHTFRGNTSIIDIRDNSGMTYIFKEITVDEFKEIIANDKSNNKNKQIVFELTNNKKCALDINSKDVNLYISDEEYNSF
PROKKA_00001	tr|B1BE47|B1BE47_CLOBO Clostridium toxin-associated regulator BotR OS=Clostridium botulinum C str. Eklund GN=botR PE=4 SV=1 !!!BotR	395	179	22	7	31.82	15	0	63	84	YNTDIKLMDFKVSKGDTIFIGN
PROKKA_00001	tr|C5UY11|C5UY11_CLOBO Toxin complex component ORF-X2 OS=Clostridium botulinum E1 str. 'BoNT E Beluga' GN=CLO_2648 PE=4 SV=1 !!!ORF-X2	395	748	30	11	36.67	19	0	160	189	INGTINDNSKVKGYLQEKDNKLIGNININD
PROKKA_00001	tr|C5UY11|C5UY11_CLOBO Toxin complex component ORF-X2 OS=Clostridium botulinum E1 str. 'BoNT E Beluga' GN=CLO_2648 PE=4 SV=1 !!!ORF-X2	395	748	17	8	47.06	9	0	270	286	LTNNKKCALDINSKDVN
PROKKA_00001	tr|A0A0C1TZQ5|A0A0C1TZQ5_9CLOT Hemagglutinin components HA-22/23/53 OS=Clostridium argentinense CDC 2741 GN=ha-70 PE=4 SV=1 !!!ha70	395	629	110	30	27.27	62	18	210	309	SIKTTIINKNDHT----FRGNTS--IIDIRDNSGMTYIFKEITVDEFK----EIIANDKSNNKNKQIVFELTNNKKCALDINSKDVNLYISDEEYNSFDISDILNSPNII
PROKKA_00001	tr|A0A0C1TZQ5|A0A0C1TZQ5_9CLOT Hemagglutinin components HA-22/23/53 OS=Clostridium argentinense CDC 2741 GN=ha-70 PE=4 SV=1 !!!ha70	395	629	30	12	40.00	14	4	158	185	FSINGTIN--DNSKVKGYLQEKDNKLIGNI
PROKKA_00001	tr|A5HZZ8|A5HZZ8_CLOBH Type A progenitor toxin nontoxic-nonha OS=Clostridium botulinum (strain Hall / ATCC 3502 / NCTC 13319 / Type A) GN=ntnH PE=4 SV=1 !!!ntnH	395	1193	61	15	24.59	46	0	237	297	GMTYIFKEITVDEFKEIIANDKSNNKNKQIVFELTNNKKCALDINSKDVNLYISDEEYNSF
PROKKA_00001	tr|C5VU80|C5VU80_CLOBO Botulinum neurotoxin type D, nontoxic-nonhemagglutinin component, NTNH OS=Clostridium botulinum D str. 1873 GN=ntnH PE=4 SV=1 !!!ntnH	395	1196	39	13	33.33	19	7	144	182	NTDIVNVSNNANKMFSINGTINDNSKVKGYLQEKDNKLI
PROKKA_00001	tr|C5UY10|C5UY10_CLOBO Toxin complex component ORF-X3 OS=Clostridium botulinum E1 str. 'BoNT E Beluga' GN=CLO_2647 PE=4 SV=1 !!!ORF-X3	395	487	14	8	57.14	6	0	280	293	INSKDVNLYISDEE
PROKKA_00002	tr|C4IHM0|C4IHM0_CLOBU Botulinum neurotoxin type E, nontoxic-nonhemagglutinin component, NTNH OS=Clostridium butyricum E4 str. BoNT E BL5262 GN=ntnH PE=4 SV=1 !!!ntnH	118	1163	61	14	22.95	45	2	45	103	VYREHGEAVLSTVNGTYYTGDFK--INVVDHMHNCSARSTAAYFDIPIRGDYLDNSIMKNF
PROKKA_00002	tr|C4IHM0|C4IHM0_CLOBU Botulinum neurotoxin type E, nontoxic-nonhemagglutinin component, NTNH OS=Clostridium butyricum E4 str. BoNT E BL5262 GN=ntnH PE=4 SV=1 !!!ntnH	118	1163	78	20	25.64	47	11	37	113	QDIQKCFVVYREHGEAVLSTVNGTYYTGDFKINVVDHMHNCSARSTAAYFDIPIRGDYLDNSIMKNF-FELLKFKLLY
PROKKA_00002	tr|C5UY14|C5UY14_CLOBO Botulinum neurotoxin type E1, nontoxic-nonhemagglutinin component, NTNH OS=Clostridium botulinum E1 str. 'BoNT E Beluga' GN=ntnH PE=4 SV=1 !!!ntnH	118	1163	61	14	22.95	45	2	45	103	VYREHGEAVLSTVNGTYYTGDFK--INVVDHMHNCSARSTAAYFDIPIRGDYLDNSIMKNF
PROKKA_00002	tr|C5UY14|C5UY14_CLOBO Botulinum neurotoxin type E1, nontoxic-nonhemagglutinin component, NTNH OS=Clostridium botulinum E1 str. 'BoNT E Beluga' GN=ntnH PE=4 SV=1 !!!ntnH	118	1163	78	20	25.64	47	11	37	113	QDIQKCFVVYREHGEAVLSTVNGTYYTGDFKINVVDHMHNCSARSTAAYFDIPIRGDYLDNSIMKNF-FELLKFKLLY
PROKKA_00002	tr|A0A0X1KH90|A0A0X1KH90_CLOBA Botulinum neurotoxin type E, nontoxic-nonhemagglutinin component, NTNH OS=Clostridium botulinum (strain Alaska E43 / Type E3) PE=1 SV=1 !!!ntnH	118	1163	61	14	22.95	45	2	45	103	VYREHGEAVLSTVNGTYYTGDFK--INVVDHMHNCSARSTAAYFDIPIRGDYLDNSIMKNF
PROKKA_00002	tr|A0A0X1KH90|A0A0X1KH90_CLOBA Botulinum neurotoxin type E, nontoxic-nonhemagglutinin component, NTNH OS=Clostridium botulinum (strain Alaska E43 / Type E3) PE=1 SV=1 !!!ntnH	118	1163	78	20	25.64	47	11	37	113	QDIQKCFVVYREHGEAVLSTVNGTYYTGDFKINVVDHMHNCSARSTAAYFDIPIRGDYLDNSIMKNF-FELLKFKLLY
PROKKA_00002	tr|A5HZZ5|A5HZZ5_CLOBH Hemagglutinin component of the neurotoxin complex OS=Clostridium botulinum (strain Hall / ATCC 3502 / NCTC 13319 / Type A) GN=ha17 PE=1 SV=1 !!!ha17	118	146	43	12	27.91	31	0	3	45	KKIYSTELKLEIVKKYLSDNVSFGVLAQECNINKQDIQKCFVV
PROKKA_00003	tr|A5HZZ4|A5HZZ4_CLOBH Hemagglutinin component of the neurotoxin complex OS=Clostridium botulinum (strain Hall / ATCC 3502 / NCTC 13319 / Type A) GN=ha70 PE=1 SV=1 !!!ha70	627	626	626	626	100.00	0	0	1	626	MNSSIKKIYNDIQEKVINYSDTIDLADGNYVVRRGDGWILSRQNQILGGSVISNGSTGIVGDLRVNDNAIPYYYPTPSFNEEYIKNNIQTVFTNFTEANQIPIGFEFSKTAPSNKNLYMYLQYTYIRYEIIKVLQHEIIERAVLYVPSLGYVKSIEFNPGEKINKDFYFLTNDKCILNEQFLYKKILETTKNIPTNNIFNSKVSSTQRVLPYSNGLYVINKGDGYIRTNDKDLIGTLLIEAGSSGSIIQPRLRNTTRPLFTTSNDTKFSQQYTEERLKDAFNVQLFNTSTSLFKFVEEAPSDKNICIKAYNTYEKYELIDYQNGSIVNKAEYYLPSLGYCEVTNAPSPESEVVKMQVAEDGFIQNGPEEEIVVGVIDPSENIQEINTAISDNYTYNIPGIVNNNPFYILFTVNTTGIYKINAQNNLPSLKIYEAIGSGNRNFQSGNLCDDDIKAINYITGFDSPNAKSYLVVLLNKDKNYYIRVPQTSSNIENQIQFKREEGDLRNLMNSSVNIIDNLNSTGAHYYTRQSPDVHDYISYEFTIPGNFNNKDTSNIRLYTSYNQGIGTLFRVTETIDGYNLINIQQNLHLLNNTNSIRLLNGAIYILKVEVTELNNYNIRLHIDITN
PROKKA_00003	tr|A0A0E1L2H2|A0A0E1L2H2_CLOBO Hemagglutinin components HA-22/23/53 OS=Clostridium botulinum CDC_1436 GN=ha-70 PE=4 SV=1 !!!ha70	627	626	626	617	98.56	9	0	1	626	MNSSIKKIYNDIQEKVINYSDTIDLADGNYVVRRGDGWILSRQNQILGGSVISNGSTGIVGDLRVNDNAIPYYYPTPSFNEEYIKNNIQTVFTNFTEANQIPIGFEFSKTAPSNKNLYMYLQYTYIRYEIIKVLQHEIIERAVLYVPSLGYVKSIEFNPGEKINKDFYFLTNDKCILNEQFLYKKILETTKNIPTNNIFNSKVSSTQRVLPYSNGLYVINKGDGYIRTNDKDLIGTLLIEAGSSGSIIQPRLRNTTRPLFTTSNDTKFSQQYTEERLKDAFNVQLFNTSTSLFKFVEEAPSDKNICIKAYNTYEKYELIDYQNGSIVNKAEYYLPSLGYCEVTNAPSPESEVVKMQVAEDGFIQNGPEEEIVVGVIDPSENIQEINTAISDNYTYNIPGIVNNNPFYILFTVNTTGIYKINAQNNLPSLKIYEAIGSGNRNFQSGNLCDDDIKAINYITGFDSPNAKSYLVVLLNKDKNYYIRVPQTSSNIENQIQFKREEGDLRNLMNSSVNIIDNLNSTGAHYYTRQSPDVHDYISYEFTIPGNFNNKDTSNIRLYTSYNQGIGTLFRVTETIDGYNLINIQQNLHLLNNTNSIRLLNGAIYILKVEVTELNNYNIRLHIDITN
PROKKA_00003	tr|B1INQ0|B1INQ0_CLOBK Hemagglutinin component HA70 OS=Clostridium botulinum (strain Okra / Type B1) GN=ha70 PE=4 SV=1 !!!ha70	627	626	626	615	98.24	11	0	1	626	MNSSIKKIYNDIQEKVINYSDTIDLADGNYVVRRGDGWILSRQNQILGGSVISNGSTGIVGDLRVNDNAIPYYYPTPSFNEEYIKNNIQTVFTNFTEANQIPIGFEFSKTAPSNKNLYMYLQYTYIRYEIIKVLQHEIIERAVLYVPSLGYVKSIEFNPGEKINKDFYFLTNDKCILNEQFLYKKILETTKNIPTNNIFNSKVSSTQRVLPYSNGLYVINKGDGYIRTNDKDLIGTLLIEAGSSGSIIQPRLRNTTRPLFTTSNDTKFSQQYTEERLKDAFNVQLFNTSTSLFKFVEEAPSDKNICIKAYNTYEKYELIDYQNGSIVNKAEYYLPSLGYCEVTNAPSPESEVVKMQVAEDGFIQNGPEEEIVVGVIDPSENIQEINTAISDNYTYNIPGIVNNNPFYILFTVNTTGIYKINAQNNLPSLKIYEAIGSGNRNFQSGNLCDDDIKAINYITGFDSPNAKSYLVVLLNKDKNYYIRVPQTSSNIENQIQFKREEGDLRNLMNSSVNIIDNLNSTGAHYYTRQSPDVHDYISYEFTIPGNFNNKDTSNIRLYTSYNQGIGTLFRVTETIDGYNLINIQQNLHLLNNTNSIRLLNGAIYILKVEVTELNNYNIRLHIDITN
PROKKA_00003	tr|A0A0B4W4X0|A0A0B4W4X0_CLOBO Hemagglutinin components HA-22/23/53 OS=Clostridium botulinum Prevot_594 GN=ha-70 PE=4 SV=1 !!!ha70	627	626	626	614	98.08	12	0	1	626	MNSSIKKIYNDIQEKVINYSDTIDLADGNYVVRRGDGWILSRQNQILGGSVISNGSTGIVGDLRVNDNAIPYYYPTPSFNEEYIKNNIQTVFTNFTEANQIPIGFEFSKTAPSNKNLYMYLQYTYIRYEIIKVLQHEIIERAVLYVPSLGYVKSIEFNPGEKINKDFYFLTNDKCILNEQFLYKKILETTKNIPTNNIFNSKVSSTQRVLPYSNGLYVINKGDGYIRTNDKDLIGTLLIEAGSSGSIIQPRLRNTTRPLFTTSNDTKFSQQYTEERLKDAFNVQLFNTSTSLFKFVEEAPSDKNICIKAYNTYEKYELIDYQNGSIVNKAEYYLPSLGYCEVTNAPSPESEVVKMQVAEDGFIQNGPEEEIVVGVIDPSENIQEINTAISDNYTYNIPGIVNNNPFYILFTVNTTGIYKINAQNNLPSLKIYEAIGSGNRNFQSGNLCDDDIKAINYITGFDSPNAKSYLVVLLNKDKNYYIRVPQTSSNIENQIQFKREEGDLRNLMNSSVNIIDNLNSTGAHYYTRQSPDVHDYISYEFTIPGNFNNKDTSNIRLYTSYNQGIGTLFRVTETIDGYNLINIQQNLHLLNNTNSIRLLNGAIYILKVEVTELNNYNIRLHIDITN
PROKKA_00003	tr|A0A060NA10|A0A060NA10_CLOBO Haemagglutinin component HA70 OS=Clostridium botulinum B str. Osaka05 GN=CBO05P2_179 PE=4 SV=1 !!!ha70	627	626	626	613	97.92	13	0	1	626	MNSSIKKIYNDIQEKVINYSDTIDLADGNYVVRRGDGWILSRQNQILGGSVISNGSTGIVGDLRVNDNAIPYYYPTPSFNEEYIKNNIQTVFTNFTEANQIPIGFEFSKTAPSNKNLYMYLQYTYIRYEIIKVLQHEIIERAVLYVPSLGYVKSIEFNPGEKINKDFYFLTNDKCILNEQFLYKKILETTKNIPTNNIFNSKVSSTQRVLPYSNGLYVINKGDGYIRTNDKDLIGTLLIEAGSSGSIIQPRLRNTTRPLFTTSNDTKFSQQYTEERLKDAFNVQLFNTSTSLFKFVEEAPSDKNICIKAYNTYEKYELIDYQNGSIVNKAEYYLPSLGYCEVTNAPSPESEVVKMQVAEDGFIQNGPEEEIVVGVIDPSENIQEINTAISDNYTYNIPGIVNNNPFYILFTVNTTGIYKINAQNNLPSLKIYEAIGSGNRNFQSGNLCDDDIKAINYITGFDSPNAKSYLVVLLNKDKNYYIRVPQTSSNIENQIQFKREEGDLRNLMNSSVNIIDNLNSTGAHYYTRQSPDVHDYISYEFTIPGNFNNKDTSNIRLYTSYNQGIGTLFRVTETIDGYNLINIQQNLHLLNNTNSIRLLNGAIYILKVEVTELNNYNIRLHIDITN
PROKKA_00003	tr|M1ZPH7|M1ZPH7_CLOBO Hemagglutinin component HA70 OS=Clostridium botulinum CFSAN001627 GN=CFSAN001627_19663 PE=4 SV=1 !!!ha70	627	626	626	606	96.81	20	0	1	626	MNSSIKKIYNDIQEKVINYSDTIDLADGNYVVRRGDGWILSRQNQILGGSVISNGSTGIVGDLRVNDNAIPYYYPTPSFNEEYIKNNIQTVFTNFTEANQIPIGFEFSKTAPSNKNLYMYLQYTYIRYEIIKVLQHEIIERAVLYVPSLGYVKSIEFNPGEKINKDFYFLTNDKCILNEQFLYKKILETTKNIPTNNIFNSKVSSTQRVLPYSNGLYVINKGDGYIRTNDKDLIGTLLIEAGSSGSIIQPRLRNTTRPLFTTSNDTKFSQQYTEERLKDAFNVQLFNTSTSLFKFVEEAPSDKNICIKAYNTYEKYELIDYQNGSIVNKAEYYLPSLGYCEVTNAPSPESEVVKMQVAEDGFIQNGPEEEIVVGVIDPSENIQEINTAISDNYTYNIPGIVNNNPFYILFTVNTTGIYKINAQNNLPSLKIYEAIGSGNRNFQSGNLCDDDIKAINYITGFDSPNAKSYLVVLLNKDKNYYIRVPQTSSNIENQIQFKREEGDLRNLMNSSVNIIDNLNSTGAHYYTRQSPDVHDYISYEFTIPGNFNNKDTSNIRLYTSYNQGIGTLFRVTETIDGYNLINIQQNLHLLNNTNSIRLLNGAIYILKVEVTELNNYNIRLHIDITN
PROKKA_00003	tr|B2TSB9|B2TSB9_CLOBB Heamagglutinin components HA-70 OS=Clostridium botulinum (strain Eklund 17B / Type B) GN=ha70 PE=4 SV=1 !!!ha70	627	626	626	594	94.89	32	0	1	626	MNSSIKKIYNDIQEKVINYSDTIDLADGNYVVRRGDGWILSRQNQILGGSVISNGSTGIVGDLRVNDNAIPYYYPTPSFNEEYIKNNIQTVFTNFTEANQIPIGFEFSKTAPSNKNLYMYLQYTYIRYEIIKVLQHEIIERAVLYVPSLGYVKSIEFNPGEKINKDFYFLTNDKCILNEQFLYKKILETTKNIPTNNIFNSKVSSTQRVLPYSNGLYVINKGDGYIRTNDKDLIGTLLIEAGSSGSIIQPRLRNTTRPLFTTSNDTKFSQQYTEERLKDAFNVQLFNTSTSLFKFVEEAPSDKNICIKAYNTYEKYELIDYQNGSIVNKAEYYLPSLGYCEVTNAPSPESEVVKMQVAEDGFIQNGPEEEIVVGVIDPSENIQEINTAISDNYTYNIPGIVNNNPFYILFTVNTTGIYKINAQNNLPSLKIYEAIGSGNRNFQSGNLCDDDIKAINYITGFDSPNAKSYLVVLLNKDKNYYIRVPQTSSNIENQIQFKREEGDLRNLMNSSVNIIDNLNSTGAHYYTRQSPDVHDYISYEFTIPGNFNNKDTSNIRLYTSYNQGIGTLFRVTETIDGYNLINIQQNLHLLNNTNSIRLLNGAIYILKVEVTELNNYNIRLHIDITN
PROKKA_00003	tr|S8BA68|S8BA68_CLOBO Hemagglutinin component HA70 OS=Clostridium botulinum CFSAN002367 GN=CFSAN002367_15786 PE=4 SV=1 !!!ha70	627	508	508	508	100.00	0	0	119	626	MYLQYTYIRYEIIKVLQHEIIERAVLYVPSLGYVKSIEFNPGEKINKDFYFLTNDKCILNEQFLYKKILETTKNIPTNNIFNSKVSSTQRVLPYSNGLYVINKGDGYIRTNDKDLIGTLLIEAGSSGSIIQPRLRNTTRPLFTTSNDTKFSQQYTEERLKDAFNVQLFNTSTSLFKFVEEAPSDKNICIKAYNTYEKYELIDYQNGSIVNKAEYYLPSLGYCEVTNAPSPESEVVKMQVAEDGFIQNGPEEEIVVGVIDPSENIQEINTAISDNYTYNIPGIVNNNPFYILFTVNTTGIYKINAQNNLPSLKIYEAIGSGNRNFQSGNLCDDDIKAINYITGFDSPNAKSYLVVLLNKDKNYYIRVPQTSSNIENQIQFKREEGDLRNLMNSSVNIIDNLNSTGAHYYTRQSPDVHDYISYEFTIPGNFNNKDTSNIRLYTSYNQGIGTLFRVTETIDGYNLINIQQNLHLLNNTNSIRLLNGAIYILKVEVTELNNYNIRLHIDITN
PROKKA_00003	tr|S8BA68|S8BA68_CLOBO Hemagglutinin component HA70 OS=Clostridium botulinum CFSAN002367 GN=CFSAN002367_15786 PE=4 SV=1 !!!ha70	627	508	141	41	29.08	97	3	15	153	KVINYSDTIDLADGNYVVRRGDGWILSRQNQILGGSVISNGSTGIVGDLRVNDNAIPYYYPT--PSFNEEYIKNNIQTVFTNFTEANQIPIGFEFSKTAPSNKNLYMYLQYTYIRYEIIKVLQHEIIERAVLYVPSLGYVK
PROKKA_00003	tr|B1BE46|B1BE46_CLOBO Non-toxin haemagglutinin HA-70 OS=Clostridium botulinum C str. Eklund GN=CBC_A0169 PE=4 SV=1 !!!ha70	627	623	627	438	69.86	184	5	1	626	MNSSIKKIYNDIQEKVINYSDTIDLADGNYVVRRGDGWILSRQNQILGGSVISNGSTGIVGDLRVNDNAIPYYYPTPSFNEEYIKNNIQTVFTNFTEANQIPIGFEFSKTAPSNKNLYMYLQYTYIRYEIIKVLQHEIIERAVLYVPSLGYVKSIEFNPGEKINKDFYFLTNDKCILNEQFLYKKILETTKNIPTNNIFNSK-VSSTQRVLPYSNGLYVINKGDGYIRTNDKDLIGTLLIEAGSSGSIIQPRLRNTTRPLFTTSNDTKFSQQYTEERLKDAFNVQLFNTSTSLFKFVEEAPSDKNICIKAYNTYEKYELIDYQNGSIVNKAEYYLPSLGYCEVTNAPSPESEVVKMQVAEDGFIQNGPEEEIVVGVIDPSENIQEINTAISDNYTYNIPGIVNNNPFYILFTVNTTGIYKINAQNNLPSLKIYEAIGSGNRNFQSGNLCDDDIKAINYITGFDSPNAKSYLVVLLNKDKNYYIRVPQTSSNIENQIQFKREEGDLRNLMNSSVNIIDNLNSTGAHYYTRQSPDVHDYISYEFTIPGNFNNKDTSNIRLYTSYNQGIGTLFRVTETIDGYNLINIQQNLHLLNNTNSIRLLNGAIYILKVEVTELNNYNIRLHIDITN
PROKKA_00003	tr|A0A0C1TZQ5|A0A0C1TZQ5_9CLOT Hemagglutinin components HA-22/23/53 OS=Clostridium argentinense CDC 2741 GN=ha-70 PE=4 SV=1 !!!ha70	627	629	631	438	69.41	186	7	1	626	MNSSIKKIYNDIQEKVINYSDTIDLADGNYVVRRGDGWILSRQNQILGGSVISNGSTGIVGDLRVNDNAIPYYYPTPSFNEEYIKNNIQTVFTNFTEANQIPIGFEFSKTAPSNKNLYMYLQYTYIRYEIIKVLQHEIIERAVLYVPSLGYVKSIEFNPGEKINKDFYFLTNDKCILNEQFLYKKI--LETTKNIPTNNI--FNSKVSSTQRVLPYSNGLYVINKGDGYIRTNDKDLIGTLLIEAGSSGSIIQPRLRNTTRPLFTTSNDTKFSQQYTEERLKDAFNVQLFNTSTSLFKFVEEAPSDKNICIKAYNTYEKYELIDYQNGSIVNKAEYYLPSLGYCEVTNAPSPESEVVKMQVAEDGFIQNGPEEEIVVGVIDPSENIQEINTAISDNYTYNIPGIVNNNPFYILFTVNTTGIYKINAQNNLPSLKIYEAIGSGNRNFQSGNLCDDDIKAINYITGFDSPNAKSYLVVLLNKDKNYYIRVPQTSSNIENQIQFKREEGDLRNLM-NSSVNIIDNLNSTGAHYYTRQSPDVHDYISYEFTIPGNFNNKDTSNIRLYTSYNQGIGTLFRVTETIDGYNLINIQQNLHLLNNTNSIRLLNGAIYILKVEVTELNNYNIRLHIDITN
PROKKA_00003	tr|A0A059PYB0|A0A059PYB0_9CLOT Toxin complex component ORF-X2 OS=Clostridium baratii PE=4 SV=1 !!!ORF-X2	627	748	104	22	21.15	78	4	174	277	KCILNEQFLYKKILETTKNIPTNNIFNSKVSSTQRVLPYSNGLYVINKGDGYIRTNDKDLIGTLLIEAGSSGSIIQPRLRNTTRPLFTTSNDTKFSQQYTEERL
PROKKA_00003	tr|C5VU80|C5VU80_CLOBO Botulinum neurotoxin type D, nontoxic-nonhemagglutinin component, NTNH OS=Clostridium botulinum D str. 1873 GN=ntnH PE=4 SV=1 !!!ntnH	627	1196	72	19	26.39	51	2	345	416	APSPESEVVKMQVAEDGFIQNGPEEEIVVGVIDPSENIQEINTAISDNYTYNIPGIVNNNPFYILFTVNTTG
PROKKA_00003	tr|B1BE43|B1BE43_CLOBO Botulinum neurotoxin type C, nontoxic-nonhemagglutinin component NTNH OS=Clostridium botulinum C str. Eklund GN=CBC_A0166 PE=4 SV=1 !!!ntnH	627	1196	69	18	26.09	49	2	348	416	PESEVVKMQVAEDGFIQNGPEEEIVVGVIDPSENIQEINTAISDNYTYNIPGIVNNNPFYILFTVNTTG
PROKKA_00003	tr|A0A073CND8|A0A073CND8_CLOBO P-47 protein OS=Clostridium botulinum A2B3 87 GN=N496_18585 PE=4 SV=1 !!!P-47	627	415	80	20	25.00	55	5	396	470	NIPGIVNNNPFYILFTVNTTGIYKINAQNNLPSLKI-----YEAIGSGNRNFQSGNLCDDDIKAINYITGFDSPNAKSYL
PROKKA_00003	tr|C1FUH7|C1FUH7_CLOBJ P-47 protein OS=Clostridium botulinum (strain Kyoto / Type A2) GN=p47 PE=4 SV=1 !!!P-47	627	416	143	36	25.17	93	14	329	463	KAEYYLP---SLGYCEVTNAPSPESEVVKMQVAEDGFIQNGPEEEIVVGVIDPSENIQEINTAISDNYTYNIPGIVNNNPFYILFTVNTTGIYKINAQNNLPSLKI-----YEAIGSGNRNFQSGNLCDDDIKAINYITGFDS
PROKKA_00003	tr|B1BE45|B1BE45_CLOBO Non-toxin haemagglutinin HA-17 OS=Clostridium botulinum C str. Eklund GN=CBC_A0168 PE=4 SV=1 !!!ha17	627	146	20	11	55.00	5	4	104	123	GFEFSKTAPSNKNLYMYLQY
PROKKA_00004	tr|A5HZZ5|A5HZZ5_CLOBH Hemagglutinin component of the neurotoxin complex OS=Clostridium botulinum (strain Hall / ATCC 3502 / NCTC 13319 / Type A) GN=ha17 PE=1 SV=1 !!!ha17	147	146	146	146	100.00	0	0	1	146	MSVERTFLPNGNYNIKSIFSGSLYLNPVSKSLTFSNESSANNQKWNVEYMAENRCFKISNVAEPNKYLSYDNFGFISLDSLSNRCYWFPIKIAVNTYIMLSLNKVNELDYAWDIYDTNENILSQPLLLLPNFDIYNSNQMFKLEKI
PROKKA_00004	tr|B1INP9|B1INP9_CLOBK Hemagglutinin component HA17 OS=Clostridium botulinum (strain Okra / Type B1) GN=ha17 PE=4 SV=1 !!!ha17	147	146	146	143	97.95	3	0	1	146	MSVERTFLPNGNYNIKSIFSGSLYLNPVSKSLTFSNESSANNQKWNVEYMAENRCFKISNVAEPNKYLSYDNFGFISLDSLSNRCYWFPIKIAVNTYIMLSLNKVNELDYAWDIYDTNENILSQPLLLLPNFDIYNSNQMFKLEKI
PROKKA_00004	tr|A0A0D1BS75|A0A0D1BS75_CLOBO Hemagglutinin OS=Clostridium botulinum B2 450 GN=N495_19885 PE=4 SV=1 !!! 	147	146	146	144	98.63	2	0	1	146	MSVERTFLPNGNYNIKSIFSGSLYLNPVSKSLTFSNESSANNQKWNVEYMAENRCFKISNVAEPNKYLSYDNFGFISLDSLSNRCYWFPIKIAVNTYIMLSLNKVNELDYAWDIYDTNENILSQPLLLLPNFDIYNSNQMFKLEKI
PROKKA_00004	tr|A0A060N976|A0A060N976_CLOBO Hemagglutinin component HA17 OS=Clostridium botulinum B str. Osaka05 GN=CBO05P2_178 PE=4 SV=1 !!!ha17	147	146	146	144	98.63	2	0	1	146	MSVERTFLPNGNYNIKSIFSGSLYLNPVSKSLTFSNESSANNQKWNVEYMAENRCFKISNVAEPNKYLSYDNFGFISLDSLSNRCYWFPIKIAVNTYIMLSLNKVNELDYAWDIYDTNENILSQPLLLLPNFDIYNSNQMFKLEKI
PROKKA_00004	tr|A0A0E1L447|A0A0E1L447_CLOBO Hemagglutinin component HA-17 OS=Clostridium botulinum CDC_1436 GN=ha-17 PE=4 SV=1 !!!ha17	147	146	146	144	98.63	2	0	1	146	MSVERTFLPNGNYNIKSIFSGSLYLNPVSKSLTFSNESSANNQKWNVEYMAENRCFKISNVAEPNKYLSYDNFGFISLDSLSNRCYWFPIKIAVNTYIMLSLNKVNELDYAWDIYDTNENILSQPLLLLPNFDIYNSNQMFKLEKI
PROKKA_00004	tr|A0A073CN83|A0A073CN83_CLOBO Hemagglutinin OS=Clostridium botulinum A2B3 87 GN=N496_19565 PE=4 SV=1 !!! 	147	146	146	143	97.95	3	0	1	146	MSVERTFLPNGNYNIKSIFSGSLYLNPVSKSLTFSNESSANNQKWNVEYMAENRCFKISNVAEPNKYLSYDNFGFISLDSLSNRCYWFPIKIAVNTYIMLSLNKVNELDYAWDIYDTNENILSQPLLLLPNFDIYNSNQMFKLEKI
PROKKA_00004	tr|A0A0B4W498|A0A0B4W498_CLOBO Hemagglutinin component HA-17 OS=Clostridium botulinum Prevot_594 GN=ha-17 PE=4 SV=1 !!!ha17	147	146	146	141	96.58	5	0	1	146	MSVERTFLPNGNYNIKSIFSGSLYLNPVSKSLTFSNESSANNQKWNVEYMAENRCFKISNVAEPNKYLSYDNFGFISLDSLSNRCYWFPIKIAVNTYIMLSLNKVNELDYAWDIYDTNENILSQPLLLLPNFDIYNSNQMFKLEKI
PROKKA_00004	tr|B2TSC0|B2TSC0_CLOBB Hemagglutinin component HA-17 OS=Clostridium botulinum (strain Eklund 17B / Type B) GN=ha17 PE=4 SV=1 !!!ha17	147	146	146	139	95.21	7	0	1	146	MSVERTFLPNGNYNIKSIFSGSLYLNPVSKSLTFSNESSANNQKWNVEYMAENRCFKISNVAEPNKYLSYDNFGFISLDSLSNRCYWFPIKIAVNTYIMLSLNKVNELDYAWDIYDTNENILSQPLLLLPNFDIYNSNQMFKLEKI
PROKKA_00004	tr|C5VU78|C5VU78_CLOBO Hemagglutinin component HA17 OS=Clostridium botulinum D str. 1873 GN=ha17 PE=4 SV=1 !!!ha17	147	146	146	92	63.01	54	0	1	146	MSVERTFLPNGNYNIKSIFSGSLYLNPVSKSLTFSNESSANNQKWNVEYMAENRCFKISNVAEPNKYLSYDNFGFISLDSLSNRCYWFPIKIAVNTYIMLSLNKVNELDYAWDIYDTNENILSQPLLLLPNFDIYNSNQMFKLEKI
PROKKA_00004	tr|B1BE45|B1BE45_CLOBO Non-toxin haemagglutinin HA-17 OS=Clostridium botulinum C str. Eklund GN=CBC_A0168 PE=4 SV=1 !!!ha17	147	146	146	90	61.64	56	0	1	146	MSVERTFLPNGNYNIKSIFSGSLYLNPVSKSLTFSNESSANNQKWNVEYMAENRCFKISNVAEPNKYLSYDNFGFISLDSLSNRCYWFPIKIAVNTYIMLSLNKVNELDYAWDIYDTNENILSQPLLLLPNFDIYNSNQMFKLEKI
PROKKA_00004	tr|A0A0C1QVX2|A0A0C1QVX2_9CLOT Hemagglutinin component HA-17 OS=Clostridium argentinense CDC 2741 GN=ha-17 PE=4 SV=1 !!!ha17	147	147	150	84	56.00	59	7	1	146	MSVERTFLPNGNYNIKSIFSGSLYLNPVSKSLTFSNESSANNQKWNVEYMAENRCFKISNVAEPNKYLSYDNFGFISL----DSLSNRCYWFPIKIAVNTYIMLSLNKVNELDYAWDIYDTNENILSQPLLLLPNFDIYNSNQMFKLEKI
PROKKA_00004	tr|A0A0C1TY77|A0A0C1TY77_9CLOT Main hemagglutinin component OS=Clostridium argentinense CDC 2741 GN=ha-33 PE=4 SV=1 !!!ha33	147	285	36	12	33.33	24	0	36	71	NESSANNQKWNVEYMAENRCFKISNVAEPNKYLSYD
PROKKA_00004	tr|B2TSC1|B2TSC1_CLOBB Haemagglutinin component OS=Clostridium botulinum (strain Eklund 17B / Type B) GN=ha33 PE=4 SV=1  !!!ha33	147	292	85	21	24.71	54	10	40	117	ANNQKWNVEYMAENRCFKISNVAEPNKYLSY--DNFGFISLDSLS---NRCYWF--PIKIAVNTYIMLSLNKVNELDYAWDIYDT
PROKKA_00004	tr|B2TSC1|B2TSC1_CLOBB Haemagglutinin component OS=Clostridium botulinum (strain Eklund 17B / Type B) GN=ha33 PE=4 SV=1  !!!ha33	147	292	96	26	27.08	62	8	13	103	YNIKSIFSGS----LYLNPVSKSLTFSNESSANNQKWNVEYMAENRCFKISNVAEPNKYLSYDNFGF-ISLDSLSNRCYWFPIKIAVNTYIMLSLN
PROKKA_00004	tr|B2TSC1|B2TSC1_CLOBB Haemagglutinin component OS=Clostridium botulinum (strain Eklund 17B / Type B) GN=ha33 PE=4 SV=1  !!!ha33	147	292	76	20	26.32	48	8	43	111	QKWNVEYMAENRCFKISNVAEPNKYL------SYDNFGFISLDSLSNRCYWFPIK-IAVNTYIMLSLNKVNELDYA
PROKKA_00004	tr|A5HZZ6|A5HZZ6_CLOBH Hemagglutinin component of the neurotoxin complex OS=Clostridium botulinum (strain Hall / ATCC 3502 / NCTC 13319 / Type A) GN=ha33 PE=1 SV=1 !!!ha33	147	293	96	30	31.25	58	8	13	103	YNIKS--IFSGSLYL--NPVSKSLTFSNESSANNQKWNVEYMAENRCFKISNVAEPNKYLSYDNFGF-ISLDSLSNRCYWFPIKIAVNTYIMLSLN
PROKKA_00004	tr|A5HZZ6|A5HZZ6_CLOBH Hemagglutinin component of the neurotoxin complex OS=Clostridium botulinum (strain Hall / ATCC 3502 / NCTC 13319 / Type A) GN=ha33 PE=1 SV=1 !!!ha33	147	293	31	9	29.03	22	0	40	70	ANNQKWNVEYMAENRCFKISNVAEPNKYLSY
PROKKA_00004	tr|B1INP8|B1INP8_CLOBK Hemagglutinin component HA33 OS=Clostridium botulinum (strain Okra / Type B1) GN=ha33 PE=1 SV=1 !!!ha33	147	294	92	27	29.35	57	8	13	99	YNIKS--IFSGSLYL--NPVSKSLTFSNESSANNQKWNVEYMAENRCFKISNVAEPNKYLSYDNFGF-ISLDSLSNRCYWFPIKIAVNTYIM
PROKKA_00004	tr|B1INP8|B1INP8_CLOBK Hemagglutinin component HA33 OS=Clostridium botulinum (strain Okra / Type B1) GN=ha33 PE=1 SV=1 !!!ha33	147	294	29	9	31.03	20	0	42	70	NQKWNVEYMAENRCFKISNVAEPNKYLSY
PROKKA_00004	tr|B1INP8|B1INP8_CLOBK Hemagglutinin component HA33 OS=Clostridium botulinum (strain Okra / Type B1) GN=ha33 PE=1 SV=1 !!!ha33	147	294	75	19	25.33	50	6	43	111	QKWNVEYMAENRCFKIS--NVAEPNKYLSYDNFGF---ISLDSLSNRCYWFPIK-IAVNTYIMLSLNKVNELDYA
PROKKA_00004	tr|B1L2G4|B1L2G4_CLOBM Botulinum neurotoxin type A3, nontoxic-nonhemagglutinin component, NTNH OS=Clostridium botulinum (strain Loch Maree / Type A3) GN=ntnH PE=4 SV=1 !!!ntnH	147	1159	23	10	43.48	13	0	15	37	IKSIFSGSLYLNPVSKSLTFSNE
PROKKA_00004	tr|C1FUH8|C1FUH8_CLOBJ Botulinum neurotoxin type A2, nontoxic-nonhemagglutinin component, NTNH OS=Clostridium botulinum (strain Kyoto / Type A2) GN=ntnH PE=4 SV=1 !!!ntnH	147	1159	23	10	43.48	13	0	15	37	IKSIFSGSLYLNPVSKSLTFSNE
PROKKA_00004	tr|A5HZZ8|A5HZZ8_CLOBH Type A progenitor toxin nontoxic-nonha OS=Clostridium botulinum (strain Hall / ATCC 3502 / NCTC 13319 / Type A) GN=ntnH PE=4 SV=1 !!!ntnH	147	1193	23	10	43.48	13	0	15	37	IKSIFSGSLYLNPVSKSLTFSNE
PROKKA_00004	tr|A7GBG2|A7GBG2_CLOBL Botulinum neurotoxin type F, nontoxic-nonhemagglutinin component, NTNH OS=Clostridium botulinum (strain Langeland / NCTC 10281 / Type F) GN=ntnH PE=4 SV=1 !!!ntnH	147	1163	23	9	39.13	14	0	15	37	IKSIFSGSLYLNPVSKSLTFSNE
PROKKA_00004	tr|C5VU79|C5VU79_CLOBO Hemagglutinin component HA33 OS=Clostridium botulinum D str. 1873 GN=ha33 PE=4 SV=1 !!!ha33	147	285	35	12	34.29	22	1	25	58	LNPVSKS-LTFSNESSANNQKWNVEYMAENRCFKI
PROKKA_00004	tr|C5VU79|C5VU79_CLOBO Hemagglutinin component HA33 OS=Clostridium botulinum D str. 1873 GN=ha33 PE=4 SV=1 !!!ha33	147	285	68	17	25.00	44	7	26	88	NPVSKSLTFSNESSANNQKWNVEYMAENRCFKISNVAEPNKYLSY-----DNFGFISLDSLSNRCYWF
PROKKA_00004	tr|C5VU79|C5VU79_CLOBO Hemagglutinin component HA33 OS=Clostridium botulinum D str. 1873 GN=ha33 PE=4 SV=1 !!!ha33	147	285	36	11	30.56	24	1	41	75	NNQKWNVEYMAENRC-FKISNVAEPNKYLSYDNFGF
PROKKA_00004	tr|B2TSC3|B2TSC3_CLOBB Botulinum neurotoxin type B OS=Clostridium botulinum (strain Eklund 17B / Type B) GN=ntnH PE=4 SV=1 !!!ntnH	147	1197	27	12	44.44	12	3	95	121	NTYIMLSLNKVNELDYAWDIYDTNENI
PROKKA_00004	tr|B1BE43|B1BE43_CLOBO Botulinum neurotoxin type C, nontoxic-nonhemagglutinin component NTNH OS=Clostridium botulinum C str. Eklund GN=CBC_A0166 PE=4 SV=1 !!!ntnH	147	1196	12	6	50.00	6	0	114	125	IYDTNENILSQP
PROKKA_00004	tr|B1INP6|B1INP6_CLOBK Botulinum neurotoxin type B1, nontoxic-nonhemagglutinin component, NTNH OS=Clostridium botulinum (strain Okra / Type B1) GN=ntnH PE=4 SV=1 !!!ntnH	147	1197	22	8	36.36	14	0	20	41	SGSLYLNPVSKSLTFSNESSAN
PROKKA_00004	tr|A0A060N6G5|A0A060N6G5_CLOBO Nontoxic-nonhemagglutinin component, NTNH OS=Clostridium botulinum B str. Osaka05 GN=CBO05P2_175 PE=4 SV=1 !!!ntnH	147	1197	22	8	36.36	14	0	20	41	SGSLYLNPVSKSLTFSNESSAN
PROKKA_00005	tr|A5HZZ6|A5HZZ6_CLOBH Hemagglutinin component of the neurotoxin complex OS=Clostridium botulinum (strain Hall / ATCC 3502 / NCTC 13319 / Type A) GN=ha33 PE=1 SV=1 !!!ha33	294	293	293	293	100.00	0	0	1	293	MEHYSVIQNSLNDKIVTISCKADTNLFFYQVAGNVSLFQQTRNYLERWRLIYDSNKAAYKIKSMDIHNTNLVLTWNAPTHNISTQQDSNADNQYWLLLKDIGNNSFIIASYKNPNLVLYADTVARNLKLSTLNNSNYIKFIIEDYIISDLNNFTCKISPILDLNKVVQQVDVTNLNVNLYTWDYGRNQKWTIRYNEEKAAYQFFNTILSNGVLTWIFSNGNTVRVSSSNDQNNDAQYWLINPVSDTDETYTITNLRDTTKALDLYGGQTANGTAIQVFNYHGDDNQKWNIRNP
PROKKA_00005	tr|B2TSC1|B2TSC1_CLOBB Haemagglutinin component OS=Clostridium botulinum (strain Eklund 17B / Type B) GN=ha33 PE=4 SV=1  !!!ha33	294	292	293	262	89.42	30	1	1	293	MEHYSVIQNSLNDKIVTISCKADTNLFFYQVAGNVSLFQQTRNYLERWRLIYDSNKAAYKIKSMDIHNTNLVLTWNAPTHNISTQQDSNADNQYWLLLKDIGNNSFIIASYKNPNLVLYADTVARNLKLSTLNNSNYIKFIIEDYIISDLNNFTCKISPILDLNKVVQQVDVTNLNVNLYTWDYGRNQKWTIRYNEEKAAYQFFNTILSNGVLTWIFSNGNTVRVSSSNDQNNDAQYWLINPVSDTDETYTITNLRDTTKALDLYGGQTANGTAIQVFNYHGDDNQKWNIRNP
PROKKA_00005	tr|B1INP8|B1INP8_CLOBK Hemagglutinin component HA33 OS=Clostridium botulinum (strain Okra / Type B1) GN=ha33 PE=1 SV=1 !!!ha33	294	294	295	249	84.41	43	3	1	293	MEHYSVIQNSLNDKIVTISCKADTNLFFYQVAGN--VSLFQQTRNYLERWRLIYDSNKAAYKIKSMDIHNTNLVLTWNAPTHNISTQQDSNADNQYWLLLKDIGNNSFIIASYKNPNLVLYADTVARNLKLSTLNNSNYIKFIIEDYIISDLNNFTCKISPILDLNKVVQQVDVTNLNVNLYTWDYGRNQKWTIRYNEEKAAYQFFNTILSNGVLTWIFSNGNTVRVSSSNDQNNDAQYWLINPVSDTDETYTITNLRDTTKALDLYGGQTANGTAIQVFNYHGDDNQKWNIRNP
PROKKA_00005	tr|A0A0C1TY77|A0A0C1TY77_9CLOT Main hemagglutinin component OS=Clostridium argentinense CDC 2741 GN=ha-33 PE=4 SV=1 !!!ha33	294	285	282	117	41.49	154	11	11	290	LNDKIVTISCKADTNLFFYQVA-GNVSLFQQTRNYLERWRLIYDSNKAAYKIKSMDIHNTNLVLTWNAPTHNISTQQDSNADNQYWLLLKDIGNNSFIIASYKNPNLVL-YADTVARNLKLSTLNNSNYIKFIIEDYIISDLNNFTCKISPILDLNKVVQQVDVTNLNVNLYTWDYGRNQKWTIRYNEEKAAYQFFNTILSNGVLTWIFSNGNTVRVSSSNDQNNDAQYWLINPVSDTDETYTITNLRDTTKALDLYGGQTANGTAIQVFNYHGDDNQKWNI
PROKKA_00005	tr|C5VU79|C5VU79_CLOBO Hemagglutinin component HA33 OS=Clostridium botulinum D str. 1873 GN=ha33 PE=4 SV=1 !!!ha33	294	285	278	111	39.93	158	9	12	288	NDKIVTISCKADTNLFFYQVA-GNVSLFQQTRNYLERWRLIYDSNKAAYKIKSMDIHNTNLVLTWNAPTHNISTQQDSNADNQYWLLLKDIGNNSFIIASYKNPNLVLYADTVARNLKLSTLNNSNYIKFIIEDYIISDLNNFTCKISPILDLNKVVQQVDVTNLNVNLYTWDYGRNQKWTIRYNEEKAAYQFFNTILSNGVLTWIFSNGNTVRVSSSNDQNNDAQYWLINPVSDTDETYTITNLRDTTKALDLYGGQTANGTAIQVFNYHGDDNQKW
PROKKA_00005	tr|A0A0C1QVX2|A0A0C1QVX2_9CLOT Hemagglutinin component HA-17 OS=Clostridium argentinense CDC 2741 GN=ha-17 PE=4 SV=1 !!!ha17	294	147	103	32	31.07	64	7	187	286	NQKWTIRYNEEKAAYQFFNTILSNGVLTWIFSNGNTVRVSSSNDQNNDAQYWLINPVSDTDETYTITNLRDTTKALDLY---GGQTANGTAIQVFNYHGDDNQ
PROKKA_00005	tr|A0A0C1QVX2|A0A0C1QVX2_9CLOT Hemagglutinin component HA-17 OS=Clostridium argentinense CDC 2741 GN=ha-17 PE=4 SV=1 !!!ha17	294	147	68	23	33.82	41	4	46	112	ERWRLIYDSNKAAYKIKSMDIHNTNLVLTWNAPTHNISTQ-QDSNADNQYWLLLKDIGNNSFIIASYK
PROKKA_00005	tr|A0A0C1QVX2|A0A0C1QVX2_9CLOT Hemagglutinin component HA-17 OS=Clostridium argentinense CDC 2741 GN=ha-17 PE=4 SV=1 !!!ha17	294	147	113	35	30.97	65	13	59	164	YKIKSMDIHNTNLVLTWNAPTHNISTQQDSNADN-QYWLLLKDIGNNSFIIASYKNPNLVLYADT----VARNLKLSTLNNSNYIKFIIED--YIISDLNNFTCKISPILDLN
PROKKA_00005	tr|B2TSC0|B2TSC0_CLOBB Hemagglutinin component HA-17 OS=Clostridium botulinum (strain Eklund 17B / Type B) GN=ha17 PE=4 SV=1 !!!ha17	294	146	96	30	31.25	58	8	59	151	YKIKSMDIHNTNLVLTWNAPTHNISTQQDSNADNQYWLLLKDIGNNSFIIASYKNPNLVLYADTVARNLKLSTLNNSNY---IKFIIEDYIISDLN
PROKKA_00005	tr|B2TSC0|B2TSC0_CLOBB Hemagglutinin component HA-17 OS=Clostridium botulinum (strain Eklund 17B / Type B) GN=ha17 PE=4 SV=1 !!!ha17	294	146	84	20	23.81	53	11	185	265	GRNQKWTIRYNEEKAAYQFFNTILSNGVLTWIFSNGNTVRVSSSNDQNNDAQYWLINPVSDTDETYTITNLRDTTK---ALDLY
PROKKA_00005	tr|A5HZZ5|A5HZZ5_CLOBH Hemagglutinin component of the neurotoxin complex OS=Clostridium botulinum (strain Hall / ATCC 3502 / NCTC 13319 / Type A) GN=ha17 PE=1 SV=1 !!!ha17	294	146	96	30	31.25	58	8	59	151	YKIKSMDIHNTNLVLTWNAPTHNISTQQDSNADNQYWLLLKDIGNNSFIIASYKNPNLVLYADTVARNLKLSTLNNSNY---IKFIIEDYIISDLN
PROKKA_00005	tr|A5HZZ5|A5HZZ5_CLOBH Hemagglutinin component of the neurotoxin complex OS=Clostridium botulinum (strain Hall / ATCC 3502 / NCTC 13319 / Type A) GN=ha17 PE=1 SV=1 !!!ha17	294	146	31	9	29.03	22	0	185	215	GRNQKWTIRYNEEKAAYQFFNTILSNGVLTW
PROKKA_00005	tr|A0A0B4W498|A0A0B4W498_CLOBO Hemagglutinin component HA-17 OS=Clostridium botulinum Prevot_594 GN=ha-17 PE=4 SV=1 !!!ha17	294	146	96	30	31.25	58	8	59	151	YKIKSMDIHNTNLVLTWNAPTHNISTQQDSNADNQYWLLLKDIGNNSFIIASYKNPNLVLYADTVARNLKLSTLNNSNY---IKFIIEDYIISDLN
PROKKA_00005	tr|A0A0B4W498|A0A0B4W498_CLOBO Hemagglutinin component HA-17 OS=Clostridium botulinum Prevot_594 GN=ha-17 PE=4 SV=1 !!!ha17	294	146	31	9	29.03	22	0	185	215	GRNQKWTIRYNEEKAAYQFFNTILSNGVLTW
PROKKA_00005	tr|A0A0B4W498|A0A0B4W498_CLOBO Hemagglutinin component HA-17 OS=Clostridium botulinum Prevot_594 GN=ha-17 PE=4 SV=1 !!!ha17	294	146	95	21	22.11	68	6	26	120	LFFYQVAGNVSLFQQTRNYLERWRLIYDSNKAAYKIKSMDIHNTNLVLTWNAPTHNISTQQDSNADNQYWLLLKDIGNNSFIIASYKNPNLVLYA
PROKKA_00005	tr|A0A0D1BS75|A0A0D1BS75_CLOBO Hemagglutinin OS=Clostridium botulinum B2 450 GN=N495_19885 PE=4 SV=1 !!! 	294	146	96	30	31.25	58	8	59	151	YKIKSMDIHNTNLVLTWNAPTHNISTQQDSNADNQYWLLLKDIGNNSFIIASYKNPNLVLYADTVARNLKLSTLNNSNY---IKFIIEDYIISDLN
PROKKA_00005	tr|A0A0D1BS75|A0A0D1BS75_CLOBO Hemagglutinin OS=Clostridium botulinum B2 450 GN=N495_19885 PE=4 SV=1 !!! 	294	146	31	9	29.03	22	0	185	215	GRNQKWTIRYNEEKAAYQFFNTILSNGVLTW
PROKKA_00005	tr|A0A0D1BS75|A0A0D1BS75_CLOBO Hemagglutinin OS=Clostridium botulinum B2 450 GN=N495_19885 PE=4 SV=1 !!! 	294	146	95	21	22.11	68	6	26	120	LFFYQVAGNVSLFQQTRNYLERWRLIYDSNKAAYKIKSMDIHNTNLVLTWNAPTHNISTQQDSNADNQYWLLLKDIGNNSFIIASYKNPNLVLYA
PROKKA_00005	tr|A0A060N976|A0A060N976_CLOBO Hemagglutinin component HA17 OS=Clostridium botulinum B str. Osaka05 GN=CBO05P2_178 PE=4 SV=1 !!!ha17	294	146	96	30	31.25	58	8	59	151	YKIKSMDIHNTNLVLTWNAPTHNISTQQDSNADNQYWLLLKDIGNNSFIIASYKNPNLVLYADTVARNLKLSTLNNSNY---IKFIIEDYIISDLN
PROKKA_00005	tr|A0A060N976|A0A060N976_CLOBO Hemagglutinin component HA17 OS=Clostridium botulinum B str. Osaka05 GN=CBO05P2_178 PE=4 SV=1 !!!ha17	294	146	31	9	29.03	22	0	185	215	GRNQKWTIRYNEEKAAYQFFNTILSNGVLTW
PROKKA_00005	tr|A0A060N976|A0A060N976_CLOBO Hemagglutinin component HA17 OS=Clostridium botulinum B str. Osaka05 GN=CBO05P2_178 PE=4 SV=1 !!!ha17	294	146	95	21	22.11	68	6	26	120	LFFYQVAGNVSLFQQTRNYLERWRLIYDSNKAAYKIKSMDIHNTNLVLTWNAPTHNISTQQDSNADNQYWLLLKDIGNNSFIIASYKNPNLVLYA
PROKKA_00005	tr|A0A0E1L447|A0A0E1L447_CLOBO Hemagglutinin component HA-17 OS=Clostridium botulinum CDC_1436 GN=ha-17 PE=4 SV=1 !!!ha17	294	146	96	30	31.25	58	8	59	151	YKIKSMDIHNTNLVLTWNAPTHNISTQQDSNADNQYWLLLKDIGNNSFIIASYKNPNLVLYADTVARNLKLSTLNNSNY---IKFIIEDYIISDLN
PROKKA_00005	tr|A0A0E1L447|A0A0E1L447_CLOBO Hemagglutinin component HA-17 OS=Clostridium botulinum CDC_1436 GN=ha-17 PE=4 SV=1 !!!ha17	294	146	31	9	29.03	22	0	185	215	GRNQKWTIRYNEEKAAYQFFNTILSNGVLTW
PROKKA_00005	tr|A0A0E1L447|A0A0E1L447_CLOBO Hemagglutinin component HA-17 OS=Clostridium botulinum CDC_1436 GN=ha-17 PE=4 SV=1 !!!ha17	294	146	95	21	22.11	68	6	26	120	LFFYQVAGNVSLFQQTRNYLERWRLIYDSNKAAYKIKSMDIHNTNLVLTWNAPTHNISTQQDSNADNQYWLLLKDIGNNSFIIASYKNPNLVLYA
PROKKA_00005	tr|B1INP9|B1INP9_CLOBK Hemagglutinin component HA17 OS=Clostridium botulinum (strain Okra / Type B1) GN=ha17 PE=4 SV=1 !!!ha17	294	146	96	29	30.21	59	8	59	151	YKIKSMDIHNTNLVLTWNAPTHNISTQQDSNADNQYWLLLKDIGNNSFIIASYKNPNLVLYADTVARNLKLSTLNNSNY---IKFIIEDYIISDLN
PROKKA_00005	tr|B1INP9|B1INP9_CLOBK Hemagglutinin component HA17 OS=Clostridium botulinum (strain Okra / Type B1) GN=ha17 PE=4 SV=1 !!!ha17	294	146	31	9	29.03	22	0	185	215	GRNQKWTIRYNEEKAAYQFFNTILSNGVLTW
PROKKA_00005	tr|B1INP9|B1INP9_CLOBK Hemagglutinin component HA17 OS=Clostridium botulinum (strain Okra / Type B1) GN=ha17 PE=4 SV=1 !!!ha17	294	146	95	21	22.11	68	6	26	120	LFFYQVAGNVSLFQQTRNYLERWRLIYDSNKAAYKIKSMDIHNTNLVLTWNAPTHNISTQQDSNADNQYWLLLKDIGNNSFIIASYKNPNLVLYA
PROKKA_00005	tr|A0A073CN83|A0A073CN83_CLOBO Hemagglutinin OS=Clostridium botulinum A2B3 87 GN=N496_19565 PE=4 SV=1 !!! 	294	146	31	10	32.26	21	0	185	215	GRNQKWTIRYNEEKAAYQFFNTILSNGVLTW
PROKKA_00005	tr|A0A073CN83|A0A073CN83_CLOBO Hemagglutinin OS=Clostridium botulinum A2B3 87 GN=N496_19565 PE=4 SV=1 !!! 	294	146	96	29	30.21	59	8	59	151	YKIKSMDIHNTNLVLTWNAPTHNISTQQDSNADNQYWLLLKDIGNNSFIIASYKNPNLVLYADTVARNLKLSTLNNSNY---IKFIIEDYIISDLN
PROKKA_00005	tr|A0A073CN83|A0A073CN83_CLOBO Hemagglutinin OS=Clostridium botulinum A2B3 87 GN=N496_19565 PE=4 SV=1 !!! 	294	146	95	21	22.11	68	6	26	120	LFFYQVAGNVSLFQQTRNYLERWRLIYDSNKAAYKIKSMDIHNTNLVLTWNAPTHNISTQQDSNADNQYWLLLKDIGNNSFIIASYKNPNLVLYA
PROKKA_00005	tr|C5VU78|C5VU78_CLOBO Hemagglutinin component HA17 OS=Clostridium botulinum D str. 1873 GN=ha17 PE=4 SV=1 !!!ha17	294	146	60	20	33.33	36	4	59	118	YKIKSMDIHNTNLVLTWNAPTHNISTQQDSNADNQYWLLLKDIGNNSFIIASYKNPNLVL
PROKKA_00005	tr|C5VU78|C5VU78_CLOBO Hemagglutinin component HA17 OS=Clostridium botulinum D str. 1873 GN=ha17 PE=4 SV=1 !!!ha17	294	146	29	9	31.03	20	0	187	215	NQKWTIRYNEEKAAYQFFNTILSNGVLTW
PROKKA_00005	tr|B1BE45|B1BE45_CLOBO Non-toxin haemagglutinin HA-17 OS=Clostridium botulinum C str. Eklund GN=CBC_A0168 PE=4 SV=1 !!!ha17	294	146	29	10	34.48	19	0	187	215	NQKWTIRYNEEKAAYQFFNTILSNGVLTW
PROKKA_00005	tr|B1BE45|B1BE45_CLOBO Non-toxin haemagglutinin HA-17 OS=Clostridium botulinum C str. Eklund GN=CBC_A0168 PE=4 SV=1 !!!ha17	294	146	39	15	38.46	20	4	59	97	YKIKSMDIHNTNLVLTWNAPTHNISTQQDSNADNQYWLL
PROKKA_00005	tr|A7GBF8|A7GBF8_CLOBL Toxin complex component ORF-X2 OS=Clostridium botulinum (strain Langeland / NCTC 10281 / Type F) GN=CLI_0846 PE=4 SV=1 !!!ORF-X2	294	750	36	10	27.78	26	0	238	273	WLINPVSDTDETYTITNLRDTTKALDLYGGQTANGT
PROKKA_00006	tr|A5HZZ7|A5HZZ7_CLOBH RNA polymerase ECF-type sigma factor OS=Clostridium botulinum (strain Hall / ATCC 3502 / NCTC 13319 / Type A) GN=botR PE=4 SV=1 !!!BotR	179	178	178	178	100.00	0	0	1	178	MNKLFLQIKMLKNDNREFQEIFKHFEKTINIFTRKYNIYDNYNDILYHLWYTLKKVDLSNFNTQNDLERYISRTLKRYCLDICNKRKIDKKIIYNSEIVDKKLSLIANSYSSYLEFEFNDLISILPDDQKKIIYMKFVEDIKEIDIAKKLNISRQSVYKNKIMALERLEPILKKLINM
PROKKA_00006	tr|S8CEF4|S8CEF4_CLOBO Transcriptional regulator BotR, P-21 OS=Clostridium botulinum CFSAN002367 GN=CFSAN002367_15806 PE=4 SV=1 !!!BotR	179	178	178	178	100.00	0	0	1	178	MNKLFLQIKMLKNDNREFQEIFKHFEKTINIFTRKYNIYDNYNDILYHLWYTLKKVDLSNFNTQNDLERYISRTLKRYCLDICNKRKIDKKIIYNSEIVDKKLSLIANSYSSYLEFEFNDLISILPDDQKKIIYMKFVEDIKEIDIAKKLNISRQSVYKNKIMALERLEPILKKLINM
PROKKA_00006	tr|A0A073CP83|A0A073CP83_CLOBO Transcriptional regulator OS=Clostridium botulinum A2B3 87 GN=N496_19575 PE=4 SV=1 !!! 	179	178	178	177	99.44	1	0	1	178	MNKLFLQIKMLKNDNREFQEIFKHFEKTINIFTRKYNIYDNYNDILYHLWYTLKKVDLSNFNTQNDLERYISRTLKRYCLDICNKRKIDKKIIYNSEIVDKKLSLIANSYSSYLEFEFNDLISILPDDQKKIIYMKFVEDIKEIDIAKKLNISRQSVYKNKIMALERLEPILKKLINM
PROKKA_00006	tr|A0A0D1AER2|A0A0D1AER2_CLOBO Transcriptional regulator OS=Clostridium botulinum B2 450 GN=N495_19875 PE=4 SV=1 !!! 	179	178	178	176	98.88	2	0	1	178	MNKLFLQIKMLKNDNREFQEIFKHFEKTINIFTRKYNIYDNYNDILYHLWYTLKKVDLSNFNTQNDLERYISRTLKRYCLDICNKRKIDKKIIYNSEIVDKKLSLIANSYSSYLEFEFNDLISILPDDQKKIIYMKFVEDIKEIDIAKKLNISRQSVYKNKIMALERLEPILKKLINM
PROKKA_00006	tr|M1ZWZ6|M1ZWZ6_CLOBO Transcriptional regulator BotR, P-21 OS=Clostridium botulinum CFSAN001627 GN=CFSAN001627_10483 PE=4 SV=1 !!!BotR	179	178	178	175	98.31	3	0	1	178	MNKLFLQIKMLKNDNREFQEIFKHFEKTINIFTRKYNIYDNYNDILYHLWYTLKKVDLSNFNTQNDLERYISRTLKRYCLDICNKRKIDKKIIYNSEIVDKKLSLIANSYSSYLEFEFNDLISILPDDQKKIIYMKFVEDIKEIDIAKKLNISRQSVYKNKIMALERLEPILKKLINM
PROKKA_00006	tr|A0A060N3U8|A0A060N3U8_CLOBO Transcriptional regulator botR OS=Clostridium botulinum B str. Osaka05 GN=CBO05P2_176 PE=4 SV=1 !!!BotR	179	178	178	174	97.75	4	0	1	178	MNKLFLQIKMLKNDNREFQEIFKHFEKTINIFTRKYNIYDNYNDILYHLWYTLKKVDLSNFNTQNDLERYISRTLKRYCLDICNKRKIDKKIIYNSEIVDKKLSLIANSYSSYLEFEFNDLISILPDDQKKIIYMKFVEDIKEIDIAKKLNISRQSVYKNKIMALERLEPILKKLINM
PROKKA_00006	tr|B2TSC2|B2TSC2_CLOBB Putative RNA polymerase sigma factor OS=Clostridium botulinum (strain Eklund 17B / Type B) GN=botR PE=4 SV=1 !!!BotR	179	179	172	162	94.19	10	0	1	172	MNKLFLQIKMLKNDNREFQEIFKHFEKTINIFTRKYNIYDNYNDILYHLWYTLKKVDLSNFNTQNDLERYISRTLKRYCLDICNKRKIDKKIIYNSEIVDKKLSLIANSYSSYLEFEFNDLISILPDDQKKIIYMKFVEDIKEIDIAKKLNISRQSVYKNKIMALERLEPIL
PROKKA_00006	tr|A0A0C1QVR0|A0A0C1QVR0_9CLOT Transcriptional regulator BotR, P-21 OS=Clostridium argentinense CDC 2741 GN=botR PE=4 SV=1 !!!BotR	179	178	178	106	59.55	72	0	1	178	MNKLFLQIKMLKNDNREFQEIFKHFEKTINIFTRKYNIYDNYNDILYHLWYTLKKVDLSNFNTQNDLERYISRTLKRYCLDICNKRKIDKKIIYNSEIVDKKLSLIANSYSSYLEFEFNDLISILPDDQKKIIYMKFVEDIKEIDIAKKLNISRQSVYKNKIMALERLEPILKKLINM
PROKKA_00006	tr|A7GBG0|A7GBG0_CLOBL Transcriptional regulator BotR, P-21 OS=Clostridium botulinum (strain Langeland / NCTC 10281 / Type F) GN=botR PE=4 SV=1 !!!BotR	179	178	178	109	61.24	69	0	1	178	MNKLFLQIKMLKNDNREFQEIFKHFEKTINIFTRKYNIYDNYNDILYHLWYTLKKVDLSNFNTQNDLERYISRTLKRYCLDICNKRKIDKKIIYNSEIVDKKLSLIANSYSSYLEFEFNDLISILPDDQKKIIYMKFVEDIKEIDIAKKLNISRQSVYKNKIMALERLEPILKKLINM
PROKKA_00006	tr|B1L2G2|B1L2G2_CLOBM Transcriptional regulator BotR, P-21 OS=Clostridium botulinum (strain Loch Maree / Type A3) GN=botR PE=4 SV=1 !!!BotR	179	184	175	108	61.71	67	0	4	178	LFLQIKMLKNDNREFQEIFKHFEKTINIFTRKYNIYDNYNDILYHLWYTLKKVDLSNFNTQNDLERYISRTLKRYCLDICNKRKIDKKIIYNSEIVDKKLSLIANSYSSYLEFEFNDLISILPDDQKKIIYMKFVEDIKEIDIAKKLNISRQSVYKNKIMALERLEPILKKLINM
PROKKA_00006	tr|A0A073CMR9|A0A073CMR9_CLOBO Transcriptional regulator OS=Clostridium botulinum A2B3 87 GN=N496_18580 PE=4 SV=1 !!! 	179	178	178	106	59.55	72	0	1	178	MNKLFLQIKMLKNDNREFQEIFKHFEKTINIFTRKYNIYDNYNDILYHLWYTLKKVDLSNFNTQNDLERYISRTLKRYCLDICNKRKIDKKIIYNSEIVDKKLSLIANSYSSYLEFEFNDLISILPDDQKKIIYMKFVEDIKEIDIAKKLNISRQSVYKNKIMALERLEPILKKLINM
PROKKA_00006	tr|B1BE47|B1BE47_CLOBO Clostridium toxin-associated regulator BotR OS=Clostridium botulinum C str. Eklund GN=botR PE=4 SV=1 !!!BotR	179	179	179	85	47.49	93	1	1	178	MNKLFLQIKMLKNDNREFQEIFKHFEKTIN-IFTRKYNIYDNYNDILYHLWYTLKKVDLSNFNTQNDLERYISRTLKRYCLDICNKRKIDKKIIYNSEIVDKKLSLIANSYSSYLEFEFNDLISILPDDQKKIIYMKFVEDIKEIDIAKKLNISRQSVYKNKIMALERLEPILKKLINM
PROKKA_00006	tr|B2TSC3|B2TSC3_CLOBB Botulinum neurotoxin type B OS=Clostridium botulinum (strain Eklund 17B / Type B) GN=ntnH PE=4 SV=1 !!!ntnH	179	1197	57	16	28.07	38	3	65	120	NDLERYISRTLKRYCLDICNKRKIDKKIIYNSEIVDKKLSLIANSYSS-YLEFEFND
PROKKA_00006	tr|M1ZPH7|M1ZPH7_CLOBO Hemagglutinin component HA70 OS=Clostridium botulinum CFSAN001627 GN=CFSAN001627_19663 PE=4 SV=1 !!!ha70	179	626	33	10	30.30	23	0	36	68	YNIYDNYNDILYHLWYTLKKVDLSNFNTQNDLE
PROKKA_00006	tr|B1INP6|B1INP6_CLOBK Botulinum neurotoxin type B1, nontoxic-nonhemagglutinin component, NTNH OS=Clostridium botulinum (strain Okra / Type B1) GN=ntnH PE=4 SV=1 !!!ntnH	179	1197	34	9	26.47	25	0	65	98	NDLERYISRTLKRYCLDICNKRKIDKKIIYNSEI
PROKKA_00006	tr|A0A0A7FV57|A0A0A7FV57_9CLOT Clostridium P-47 family protein OS=Clostridium baratii str. Sullivan GN=U729_696 PE=4 SV=1 !!!P-47	179	491	37	12	32.43	25	0	84	120	NKRKIDKKIIYNSEIVDKKLSLIANSYSSYLEFEFND
PROKKA_00006	tr|A0A059PY44|A0A059PY44_9CLOT Toxin complex component ORF-X3 OS=Clostridium baratii PE=4 SV=1 !!!ORF-X3	179	491	37	12	32.43	25	0	84	120	NKRKIDKKIIYNSEIVDKKLSLIANSYSSYLEFEFND
PROKKA_00006	tr|A0A060N6G5|A0A060N6G5_CLOBO Nontoxic-nonhemagglutinin component, NTNH OS=Clostridium botulinum B str. Osaka05 GN=CBO05P2_175 PE=4 SV=1 !!!ntnH	179	1197	28	9	32.14	17	2	25	50	FEKTINIFTRKYNIY--DNYNDILYHLW
PROKKA_00006	tr|A0A060N6G5|A0A060N6G5_CLOBO Nontoxic-nonhemagglutinin component, NTNH OS=Clostridium botulinum B str. Osaka05 GN=CBO05P2_175 PE=4 SV=1 !!!ntnH	179	1197	34	8	23.53	26	0	65	98	NDLERYISRTLKRYCLDICNKRKIDKKIIYNSEI
PROKKA_00006	tr|C5VU78|C5VU78_CLOBO Hemagglutinin component HA17 OS=Clostridium botulinum D str. 1873 GN=ha17 PE=4 SV=1 !!!ha17	179	146	34	11	32.35	23	0	29	62	INIFTRKYNIYDNYNDILYHLWYTLKKVDLSNFN
PROKKA_00006	tr|S8BA68|S8BA68_CLOBO Hemagglutinin component HA70 OS=Clostridium botulinum CFSAN002367 GN=CFSAN002367_15786 PE=4 SV=1 !!!ha70	179	508	32	9	28.12	23	0	36	67	YNIYDNYNDILYHLWYTLKKVDLSNFNTQNDL
PROKKA_00006	tr|B1INQ0|B1INQ0_CLOBK Hemagglutinin component HA70 OS=Clostridium botulinum (strain Okra / Type B1) GN=ha70 PE=4 SV=1 !!!ha70	179	626	33	9	27.27	24	0	36	68	YNIYDNYNDILYHLWYTLKKVDLSNFNTQNDLE
PROKKA_00006	tr|A0A060NA10|A0A060NA10_CLOBO Haemagglutinin component HA70 OS=Clostridium botulinum B str. Osaka05 GN=CBO05P2_179 PE=4 SV=1 !!!ha70	179	626	33	9	27.27	24	0	36	68	YNIYDNYNDILYHLWYTLKKVDLSNFNTQNDLE
PROKKA_00006	tr|A0A0E1L2H2|A0A0E1L2H2_CLOBO Hemagglutinin components HA-22/23/53 OS=Clostridium botulinum CDC_1436 GN=ha-70 PE=4 SV=1 !!!ha70	179	626	33	9	27.27	24	0	36	68	YNIYDNYNDILYHLWYTLKKVDLSNFNTQNDLE
PROKKA_00006	tr|A0A0B4W4X0|A0A0B4W4X0_CLOBO Hemagglutinin components HA-22/23/53 OS=Clostridium botulinum Prevot_594 GN=ha-70 PE=4 SV=1 !!!ha70	179	626	32	9	28.12	23	0	36	67	YNIYDNYNDILYHLWYTLKKVDLSNFNTQNDL
PROKKA_00006	tr|A5HZZ4|A5HZZ4_CLOBH Hemagglutinin component of the neurotoxin complex OS=Clostridium botulinum (strain Hall / ATCC 3502 / NCTC 13319 / Type A) GN=ha70 PE=1 SV=1 !!!ha70	179	626	33	9	27.27	24	0	36	68	YNIYDNYNDILYHLWYTLKKVDLSNFNTQNDLE
PROKKA_00007	tr|A5HZZ8|A5HZZ8_CLOBH Type A progenitor toxin nontoxic-nonha OS=Clostridium botulinum (strain Hall / ATCC 3502 / NCTC 13319 / Type A) GN=ntnH PE=4 SV=1 !!!ntnH	1206	1193	1193	1193	100.00	0	0	13	1205	MNINDNLSINSPVDNKNVVVVRARKTDTVFKAFKVAPNIWVAPERYYGESLSIDEEYKVDGGIYDSNFLSQDSEKDKFLQAIITLLKRINSTNAGEKLLSLISTAIPFPYGYIGGGYYAPNMITFGSAPKSNKKLNSLISSTIPFPYAGYRETNYLSSEDNKSFYASNIVIFGPGANIVENNTVFYKKEDAENGMGTMTEIWFQPFLTYKYDEFYIDPAIELIKCLIKSLYFLYGIKPSDDLVIPYRLRSELENIEYSQLNIVDLLVSGGIDPKFINTDPYWFTDNYFSNAKKVFEDHRNIYETEIEGNNAIGNDIKLRLKQKFRININDIWELNLNYFSKEFSIMMPDRFNNALKHFYRKQYYKIDYPENYSINGFVNGQINAQLSLSDRNQDIINKPEEIINLLNGNNVSLMRSNIYGDGLKSTVDDFYSNYKIPYNRAYEYHFNNSNDSSLDNVNIGVIDNIPEIIDVNPYKENCDKFSPVQKITSTREINTNIPWPINYLQAQNTNNEKFSLSSDFVEVVSSKDKSLVYSFLSNVMFYLDSIKDNSPIDTDKKYYLWLREIFRNYSFDITATQEINTNCGINKVVTWFGKALNILNTSDSFVEEFQNLGAISLINKKENLSMPIIESYEIPNDMLGLPLNDLNEKLFNIYSKNTAYFKKIYYNFLDQWWTQYYSQYFDLICMAKRSVLAQETLIKRIIQKKLSYLIGNSNISSDNLALMNLTTTNTLRDISNESQIAMNNVDSFLNNAAICVFESNIYPKFISFMEQCINNINIKTKEFIQKCTNINEDEKLQLINQNVFNSLDFEFLNIQNMKSLFSSETALLIKEETWPYELVLYAFKEPGNNVIGDASGKNTSIEYSKDIGLVYGINSDALYLNGSNQSISFSNDFFENGLTNSFSIYFWLRNLGKDTIKSKLIGSKEDNCGWEIYFQDTGLVFNMIDSNGNEKNIYLSDVSNNSWHYITISVDRLKEQLLIFIDDNLVANESIKEILNIYSSNIISLLSENNPSYIEGLTILNKPTTSQEVLSNYFEVLNNSYIRDSNEERLEYNKTYQLYNYVFSDKPICEVKQNNNIYLTINNTNNLNLQASKFKLLSINPNKQYVQKLDEVIISVLDNMEKYIDISEDNRLQLIDNKNNAKKMIISNDIFISNCLTLSYNGKYICLSMKDENHNWMICNNDMSKYLYLWSFK
PROKKA_00007	tr|B1INP6|B1INP6_CLOBK Botulinum neurotoxin type B1, nontoxic-nonhemagglutinin component, NTNH OS=Clostridium botulinum (strain Okra / Type B1) GN=ntnH PE=4 SV=1 !!!ntnH	1206	1197	1196	991	82.86	201	4	13	1205	MNINDNLSINSPVDNKNVVVVRARKTDTVFKAFKVAPNIWVAPERYYGESLSIDEEYKVDGGIYDSNFLSQDSEKDKFLQAIITLLKRINSTNAGEKLLSLISTAIPFPYGYIGGGYYAPNMITFGSAPKSNKKLNSLISSTIPFPYAGYRETNYLSSEDNKSFYASNIVIFGPGANIVENNTVFYKKEDAENGMGTMTEIWFQPFLTYKYDEFYIDPAIELIKCLIKSLYFLYGIKPSDDLVIPYRLRSELENIEYSQLNIVDLLVSGGIDPKFINTDPYWFTDNYFSNAKKVFEDHRNIYETEIEGNNAIGNDIKLRLKQKFRININDIWELNLNYFSKEFSIMMPDRFNNALKHFYRKQYYKIDYPENYSINGFVNGQINAQLSLSDRNQDIINKPEEIINLLNGNNVSLMRSNIYGDGLKSTVDDFYSNYKIPYNRAYEYHFNNSNDSSLDNVNIGVIDNIPEIIDVNPYKENCDKFSPVQKITSTREINTNIPWPINYLQAQNTNNEKFSLSSDFVEVVSSKDKSLVYSFLSNVMFYLDSIKDNSPIDTDKKYYLWLREIFRNYSFDITATQEINTNCGINKVVTWFGKALNILNTSDSFVEEFQNLGAISLINKKENLSMPIIESYEIPNDMLGLPLNDLNEKLFNIYSKNTAYFKKIYYNFLDQWWTQYYSQYFDLICMAKRSVLAQETLIKRIIQKKLSYLIGNSNISSDNLALMNLTTTNTLRDISNESQIAMNNVDSFLNNAAICVFESNIYPKFISFMEQCINNINIKTKEFIQKCTNINEDEKLQLINQNVFNSLDFEFLNIQNMKSLFSSETALLIKEETWPYELVLYAFKEPGNNVIGDASGKNTSIEYSKDIGLVYGINSDALYLNGSNQSISFSNDFFENGLTNSFSIYFWLRNLGKDTIKSKLIGSKEDNCGWEIYFQDTGLVFNMIDSNGNEKNIYLSDVSNNSWHYITISVDRLKEQLLIFIDDNLVANESIKEILNIYSSNIISLLSENNPSYIEGLTILNKPTTSQEVLSNYFEVLNNSYIRDSNEERLEYNKTYQLYNYVFSDKPICEVKQNNNIYLTINNTNNLNLQASKFKLLSINPNKQYVQKLDEVIISVLDNMEKYIDI-SEDNRLQLIDNKNNAKKMIISNDIFISNCLTLSYNGKYICLSMKDENHNWMICNN--DMSKYLYLWSFK
PROKKA_00007	tr|B2TSC3|B2TSC3_CLOBB Botulinum neurotoxin type B OS=Clostridium botulinum (strain Eklund 17B / Type B) GN=ntnH PE=4 SV=1 !!!ntnH	1206	1197	1196	971	81.19	221	4	13	1205	MNINDNLSINSPVDNKNVVVVRARKTDTVFKAFKVAPNIWVAPERYYGESLSIDEEYKVDGGIYDSNFLSQDSEKDKFLQAIITLLKRINSTNAGEKLLSLISTAIPFPYGYIGGGYYAPNMITFGSAPKSNKKLNSLISSTIPFPYAGYRETNYLSSEDNKSFYASNIVIFGPGANIVENNTVFYKKEDAENGMGTMTEIWFQPFLTYKYDEFYIDPAIELIKCLIKSLYFLYGIKPSDDLVIPYRLRSELENIEYSQLNIVDLLVSGGIDPKFINTDPYWFTDNYFSNAKKVFEDHRNIYETEIEGNNAIGNDIKLRLKQKFRININDIWELNLNYFSKEFSIMMPDRFNNALKHFYRKQYYKIDYPENYSINGFVNGQINAQLSLSDRNQDIINKPEEIINLLNGNNVSLMRSNIYGDGLKSTVDDFYSNYKIPYNRAYEYHFNNSNDSSLDNVNIGVIDNIPEIIDVNPYKENCDKFSPVQKITSTREINTNIPWPINYLQAQNTNNEKFSLSSDFVEVVSSKDKSLVYSFLSNVMFYLDSIKDNSPIDTDKKYYLWLREIFRNYSFDITATQEINTNCGINKVVTWFGKALNILNTSDSFVEEFQNLGAISLINKKENLSMPIIESYEIPNDMLGLPLNDLNEKLFNIYSKNTAYFKKIYYNFLDQWWTQYYSQYFDLICMAKRSVLAQETLIKRIIQKKLSYLIGNSNISSDNLALMNLTTTNTLRDISNESQIAMNNVDSFLNNAAICVFESNIYPKFISFMEQCINNINIKTKEFIQKCTNINEDEKLQLINQNVFNSLDFEFLNIQNMKSLFSSETALLIKEETWPYELVLYAFKEPGNNVIGDASGKNTSIEYSKDIGLVYGINSDALYLNGSNQSISFSNDFFENGLTNSFSIYFWLRNLGKDTIKSKLIGSKEDNCGWEIYFQDTGLVFNMIDSNGNEKNIYLSDVSNNSWHYITISVDRLKEQLLIFIDDNLVANESIKEILNIYSSNIISLLSENNPSYIEGLTILNKPTTSQEVLSNYFEVLNNSYIRDSNEERLEYNKTYQLYNYVFSDKPICEVKQNNNIYLTINNTNNLNLQASKFKLLSINPNKQYVQKLDEVIISVLDNMEKYIDI-SEDNRLQLIDNKNNAKKMIISNDIFISNCLTLSYNGKYICLSMKDENHNWMICNN--DMSKYLYLWSFK
PROKKA_00007	tr|A0A060N6G5|A0A060N6G5_CLOBO Nontoxic-nonhemagglutinin component, NTNH OS=Clostridium botulinum B str. Osaka05 GN=CBO05P2_175 PE=4 SV=1 !!!ntnH	1206	1197	1196	968	80.94	224	4	13	1205	MNINDNLSINSPVDNKNVVVVRARKTDTVFKAFKVAPNIWVAPERYYGESLSIDEEYKVDGGIYDSNFLSQDSEKDKFLQAIITLLKRINSTNAGEKLLSLISTAIPFPYGYIGGGYYAPNMITFGSAPKSNKKLNSLISSTIPFPYAGYRETNYLSSEDNKSFYASNIVIFGPGANIVENNTVFYKKEDAENGMGTMTEIWFQPFLTYKYDEFYIDPAIELIKCLIKSLYFLYGIKPSDDLVIPYRLRSELENIEYSQLNIVDLLVSGGIDPKFINTDPYWFTDNYFSNAKKVFEDHRNIYETEIEGNNAIGNDIKLRLKQKFRININDIWELNLNYFSKEFSIMMPDRFNNALKHFYRKQYYKIDYPENYSINGFVNGQINAQLSLSDRNQDIINKPEEIINLLNGNNVSLMRSNIYGDGLKSTVDDFYSNYKIPYNRAYEYHFNNSNDSSLDNVNIGVIDNIPEIIDVNPYKENCDKFSPVQKITSTREINTNIPWPINYLQAQNTNNEKFSLSSDFVEVVSSKDKSLVYSFLSNVMFYLDSIKDNSPIDTDKKYYLWLREIFRNYSFDITATQEINTNCGINKVVTWFGKALNILNTSDSFVEEFQNLGAISLINKKENLSMPIIESYEIPNDMLGLPLNDLNEKLFNIYSKNTAYFKKIYYNFLDQWWTQYYSQYFDLICMAKRSVLAQETLIKRIIQKKLSYLIGNSNISSDNLALMNLTTTNTLRDISNESQIAMNNVDSFLNNAAICVFESNIYPKFISFMEQCINNINIKTKEFIQKCTNINEDEKLQLINQNVFNSLDFEFLNIQNMKSLFSSETALLIKEETWPYELVLYAFKEPGNNVIGDASGKNTSIEYSKDIGLVYGINSDALYLNGSNQSISFSNDFFENGLTNSFSIYFWLRNLGKDTIKSKLIGSKEDNCGWEIYFQDTGLVFNMIDSNGNEKNIYLSDVSNNSWHYITISVDRLKEQLLIFIDDNLVANESIKEILNIYSSNIISLLSENNPSYIEGLTILNKPTTSQEVLSNYFEVLNNSYIRDSNEERLEYNKTYQLYNYVFSDKPICEVKQNNNIYLTINNTNNLNLQASKFKLLSINPNKQYVQKLDEVIISVLDNMEKYIDI-SEDNRLQLIDNKNNAKKMIISNDIFISNCLTLSYNGKYICLSMKDENHNWMICNN--DMSKYLYLWSFK
PROKKA_00007	tr|B1L2G4|B1L2G4_CLOBM Botulinum neurotoxin type A3, nontoxic-nonhemagglutinin component, NTNH OS=Clostridium botulinum (strain Loch Maree / Type A3) GN=ntnH PE=4 SV=1 !!!ntnH	1206	1159	1199	913	76.15	240	46	13	1205	MNINDNLSINSPVDNKNVVVVRARKTDTVFKAFKVAPNIWVAPERYYGESLSIDEEYKVDGGIYDSNFLSQDSEKDKFLQAIITLLKRINSTNAGEKLLSLISTAIPFPYGYIGGGYYAPNMITFGSAPKSNKKLNSLISSTIPFPY----AGYRETNYLSSEDNKSFYASNIVIFGPGANIVENNTVFYKKEDAENGMGTMTEIWFQPFLTYKYDEFYIDPAIELIKCLIKSLYFLYGIKPSDDLVIPYRLRSELENIEYSQLNIVDLLVSGGIDPKFINTDPYWFTDNYFSNAKKVFEDHRNIYETEIEGNNAIGNDIKLRLKQKFRININDIWELNLNYFSKEFSIMMPDRFNNALKHFYRKQYYKIDYPENYSINGFVNGQINAQLSLSDRNQDIINKPEEIINLLNGNNVSLMRSNIYGDGLKSTVDDFYSNYKIPYNRAYEYHFNNSNDSSLDNVNIGVIDNIPEI--IDVNPYKENCDKFSPVQKITSTREINTNIPWPINYLQAQNTNNEKFSLSSDFVEVVSSKDKSLVYSFLSNVMFYLDSIKDNSPIDTDKKYYLWLREIFRNYSFDITATQEINTNCGINKVVTWFGKALNILNTSDSFVEEFQNLGAISLINKKENLSMPIIESYEIPNDMLGLPLNDLNEKLFNIYSKNTAYFKKIYYNFLDQWWTQYYSQYFDLICMAKRSVLAQETLIKRIIQKKLSYLIGNSNISSDNLALMNLTTTNTLRDISNESQIAMNNVDSFLNNAAICVFESNIYPKFISFMEQCINNINIKTKEFIQKCTNINEDEKLQLINQNVFNSLDFEFLNIQNMKSLFSSETALLIKEETWPYELVLYAFKEPGNNVIGDASGKNTSIEYSKDIGLVYGINSDALYLNGSNQSISFSNDFFENGLTNSFSIYFWLRNLGKDTIKSKLIGSKEDNCGWEIYFQDTGLVFNMIDSNGNEKNIYLSDVSNNSWHYITISVDRLKEQLLIFIDDNLVANESIKEILNIYSSNIISLLSENNPSYIEGLTILNKPTTSQEVLSNYFEVLNNSYIRDSNEERLEYNKTYQLYNYVFSDKPICEVKQNNNIYLTINNTNNLNLQASKFKLLSINPNKQYVQKLDEVIISVLDNMEKYIDISEDNRLQLIDNKNNAKKMIISNDIFISNCLTLSYNGKYICLSMKDENHNWMICNNDMSKYLYLWSFK
PROKKA_00007	tr|C1FUH8|C1FUH8_CLOBJ Botulinum neurotoxin type A2, nontoxic-nonhemagglutinin component, NTNH OS=Clostridium botulinum (strain Kyoto / Type A2) GN=ntnH PE=4 SV=1 !!!ntnH	1206	1159	1199	913	76.15	240	46	13	1205	MNINDNLSINSPVDNKNVVVVRARKTDTVFKAFKVAPNIWVAPERYYGESLSIDEEYKVDGGIYDSNFLSQDSEKDKFLQAIITLLKRINSTNAGEKLLSLISTAIPFPYGYIGGGYYAPNMITFGSAPKSNKKLNSLISSTIPFPY----AGYRETNYLSSEDNKSFYASNIVIFGPGANIVENNTVFYKKEDAENGMGTMTEIWFQPFLTYKYDEFYIDPAIELIKCLIKSLYFLYGIKPSDDLVIPYRLRSELENIEYSQLNIVDLLVSGGIDPKFINTDPYWFTDNYFSNAKKVFEDHRNIYETEIEGNNAIGNDIKLRLKQKFRININDIWELNLNYFSKEFSIMMPDRFNNALKHFYRKQYYKIDYPENYSINGFVNGQINAQLSLSDRNQDIINKPEEIINLLNGNNVSLMRSNIYGDGLKSTVDDFYSNYKIPYNRAYEYHFNNSNDSSLDNVNIGVIDNIPEI--IDVNPYKENCDKFSPVQKITSTREINTNIPWPINYLQAQNTNNEKFSLSSDFVEVVSSKDKSLVYSFLSNVMFYLDSIKDNSPIDTDKKYYLWLREIFRNYSFDITATQEINTNCGINKVVTWFGKALNILNTSDSFVEEFQNLGAISLINKKENLSMPIIESYEIPNDMLGLPLNDLNEKLFNIYSKNTAYFKKIYYNFLDQWWTQYYSQYFDLICMAKRSVLAQETLIKRIIQKKLSYLIGNSNISSDNLALMNLTTTNTLRDISNESQIAMNNVDSFLNNAAICVFESNIYPKFISFMEQCINNINIKTKEFIQKCTNINEDEKLQLINQNVFNSLDFEFLNIQNMKSLFSSETALLIKEETWPYELVLYAFKEPGNNVIGDASGKNTSIEYSKDIGLVYGINSDALYLNGSNQSISFSNDFFENGLTNSFSIYFWLRNLGKDTIKSKLIGSKEDNCGWEIYFQDTGLVFNMIDSNGNEKNIYLSDVSNNSWHYITISVDRLKEQLLIFIDDNLVANESIKEILNIYSSNIISLLSENNPSYIEGLTILNKPTTSQEVLSNYFEVLNNSYIRDSNEERLEYNKTYQLYNYVFSDKPICEVKQNNNIYLTINNTNNLNLQASKFKLLSINPNKQYVQKLDEVIISVLDNMEKYIDISEDNRLQLIDNKNNAKKMIISNDIFISNCLTLSYNGKYICLSMKDENHNWMICNNDMSKYLYLWSFK
PROKKA_00007	tr|A7GBG2|A7GBG2_CLOBL Botulinum neurotoxin type F, nontoxic-nonhemagglutinin component, NTNH OS=Clostridium botulinum (strain Langeland / NCTC 10281 / Type F) GN=ntnH PE=4 SV=1 !!!ntnH	1206	1163	1201	895	74.52	258	48	13	1205	MNINDNLSINSPVDNKNVVVVRARKTDTVFKAFKVAPNIWVAPERYYGESLSIDEEYKVDGGIYDSNFLSQDSEKDKFLQAIITLLKRINSTNAGEKLLSLISTAIPFPYGYIGGGYYAPNMITFGSAPKSNKKLNSLISSTIPFPY----AGYRETNYLSSEDNKSFYASNIVIFGPGANIVENNTVFYKKEDAENGMGTMTEIWFQPFLTYKYDEFYIDPAIELIKCLIKSLYFLYGIKPSDDLVIPYRLRSELENIEYSQLNIVDLLVSGGIDPKFINTDPYWFTDNYFSNAKKVFEDHRNIYETEIEGNNAIGNDIKLRLKQKFRININDIWELNLNYFSKEFSIMMPDRFNNALKHFYRKQYYKIDYPENYSINGFVNGQINAQLSLSDRNQDIINKPEEIINLLNGNNVSLMRSNIYGDGLKSTVDDFYSNYKIPYNRAYEYHFNNSNDSSLDNVNIGVIDNIPEI--IDVNPYKENCDKFSPVQKITSTREINTNIPWPINYLQAQNTNNEKFSLSSDFVEVVSSKDKSLVYSFLSNVMFYLDSIKDNSPIDTDKKYYLWLREIFRNYSFDITATQEINTNCGINKVVTWFGKALNILNTSDSFVEEFQNLGAISLINKKENLSMPIIESYEIPNDMLGLPLNDLNEKLFNIYSKNTAYFKKIYYNFLDQWWTQYYSQYFDLICMAKRSVLAQETLIKRIIQKKLSYLIGNSNISSDNLALMNLTTTNTLRDISNESQIAMNNVDSFLNNAAICVFESNIYPKFISFMEQCINNINIKTKEFIQKCTNINEDEKLQLINQNVFNSLDFEFLNIQNMKSLFSSETALLIKEETWPYELVLYAFKEPGNNVIGDASGKNTSIEYSKDIGLVYGINSDALYLNGSNQSISFSNDFFENGLTNSFSIYFWLRNLGKDTIKSKLIGSKEDNCGWEIYFQDTGLVFNMIDSNGNEKNIYLSDVSNNSWHYITISVDRLKEQLLIFIDDNLVANESIKEILNIYSSNIISLLSENNPSYIEGLTILNKPTTSQEVLSNYFEVLNNSYIRDSNEERLEYNKTYQLYNYVFSDKPICEVKQNNNIYLTINNTNNLNLQASKFKLLSINPNKQYVQKLDEVIISVLDNMEKYIDISEDNRLQLIDNKNNAKKMIISNDIFISNCLTLSYNGKYICLSMKDENHNWMICNND--MSKYLYLWSFK
PROKKA_00007	tr|B1BE43|B1BE43_CLOBO Botulinum neurotoxin type C, nontoxic-nonhemagglutinin component NTNH OS=Clostridium botulinum C str. Eklund GN=CBC_A0166 PE=4 SV=1 !!!ntnH	1206	1196	1193	786	65.88	403	4	13	1202	MNINDNLSINSPVDNKNVVVVRARKTDTVFKAFKVAPNIWVAPERYYGESLSIDEEYKVDGGIYDSNFLSQDSEKDKFLQAIITLLKRINSTNAGEKLLSLISTAIPFPYGYIGGGYYAPNMITFGSAPKSNKKLNSLISSTIPFPYAGYRETNYLSSEDNKSFYASNIVIFGPGANIVENNTVFYKKEDAENGMGTMTEIWFQPFLTYKYDEFYIDPAIELIKCLIKSLYFLYGIKPSDDLVIPYRLRSELENIEYSQLNIVDLLVSGGIDPKFINTDPYWFTDNYFSNAKKVFEDHRNIYETEIEGNNAIGNDIKLRLKQKFRININDIWELNLNYFSKEFSIMMPDRFNNALKHFYRKQYYKIDYPENYSINGFVNGQINAQLSLSDRNQDIINKPEEIINLLNGNNVSLMRSNIYGDGLKSTVDDFYSNYKIPYNRAYEYHFNNSNDSSLDNVNIGVIDNIPEIIDVNPYKENCDKFSPVQKITSTREINTNIPWPINYLQAQNTNNEKFSLSSDFVEVVSSKDKSLVYSFLSNVMFYLDSIKDNSPIDTDKKYYLWLREIFRNYSFDITATQEINTNCGINKVVTWFGKALNILNTSDSFVEEFQNLGAISLINKKENLSMPIIESYEIPNDMLGLPLNDLNEKLFNIYSKNTAYFKKIYYNFLDQWWTQYYSQYFDLICMAKRSVLAQETLIKRIIQKKLSYLIGNSNISSDNLALMNLTTTNTLRDISNESQIAMNNVDSFLNNAAICVFESNIYPKFISFMEQCINNINIKTKEFIQKCTNINEDEKLQLINQNVFNSLDFEFLNIQNMKSLFSSETALLIKEETWPYELVLYAFKEPGNNVIGDASGKNTSIEYSKDIGLVYGINSDALYLNGSNQSISFSNDFFENGLTNSFSIYFWLRNLGKDTIKSKLIGSKEDNCGWEIYFQDTGLVFNMIDSNGNEKNIYLSDVSNNSWHYITISVDRLKEQLLIFIDDNLVANESIKEILNIYSSNIISLLSENNPSYIEGLTILNKPTTSQEVLSNYFEVLNNSYIRDSNEERLEYNKTYQLYNYVFSDKPICEVKQNNNIYLTINNTNNLNLQASKFKLLSINPNKQYVQKLDEVIISVLDNMEKYIDIS-EDNRLQLIDNKNNAKKMIISNDIFISNCLTLSYNGKYICLSMKDENHNWMIC--NNDMSKYLYLW
PROKKA_00007	tr|C5VU80|C5VU80_CLOBO Botulinum neurotoxin type D, nontoxic-nonhemagglutinin component, NTNH OS=Clostridium botulinum D str. 1873 GN=ntnH PE=4 SV=1 !!!ntnH	1206	1196	1193	782	65.55	407	4	13	1202	MNINDNLSINSPVDNKNVVVVRARKTDTVFKAFKVAPNIWVAPERYYGESLSIDEEYKVDGGIYDSNFLSQDSEKDKFLQAIITLLKRINSTNAGEKLLSLISTAIPFPYGYIGGGYYAPNMITFGSAPKSNKKLNSLISSTIPFPYAGYRETNYLSSEDNKSFYASNIVIFGPGANIVENNTVFYKKEDAENGMGTMTEIWFQPFLTYKYDEFYIDPAIELIKCLIKSLYFLYGIKPSDDLVIPYRLRSELENIEYSQLNIVDLLVSGGIDPKFINTDPYWFTDNYFSNAKKVFEDHRNIYETEIEGNNAIGNDIKLRLKQKFRININDIWELNLNYFSKEFSIMMPDRFNNALKHFYRKQYYKIDYPENYSINGFVNGQINAQLSLSDRNQDIINKPEEIINLLNGNNVSLMRSNIYGDGLKSTVDDFYSNYKIPYNRAYEYHFNNSNDSSLDNVNIGVIDNIPEIIDVNPYKENCDKFSPVQKITSTREINTNIPWPINYLQAQNTNNEKFSLSSDFVEVVSSKDKSLVYSFLSNVMFYLDSIKDNSPIDTDKKYYLWLREIFRNYSFDITATQEINTNCGINKVVTWFGKALNILNTSDSFVEEFQNLGAISLINKKENLSMPIIESYEIPNDMLGLPLNDLNEKLFNIYSKNTAYFKKIYYNFLDQWWTQYYSQYFDLICMAKRSVLAQETLIKRIIQKKLSYLIGNSNISSDNLALMNLTTTNTLRDISNESQIAMNNVDSFLNNAAICVFESNIYPKFISFMEQCINNINIKTKEFIQKCTNINEDEKLQLINQNVFNSLDFEFLNIQNMKSLFSSETALLIKEETWPYELVLYAFKEPGNNVIGDASGKNTSIEYSKDIGLVYGINSDALYLNGSNQSISFSNDFFENGLTNSFSIYFWLRNLGKDTIKSKLIGSKEDNCGWEIYFQDTGLVFNMIDSNGNEKNIYLSDVSNNSWHYITISVDRLKEQLLIFIDDNLVANESIKEILNIYSSNIISLLSENNPSYIEGLTILNKPTTSQEVLSNYFEVLNNSYIRDSNEERLEYNKTYQLYNYVFSDKPICEVKQNNNIYLTINNTNNLNLQASKFKLLSINPNKQYVQKLDEVIISVLDNMEKYIDIS-EDNRLQLIDNKNNAKKMIISNDIFISNCLTLSYNGKYICLSMKDENHNWMIC--NNDMSKYLYLW
PROKKA_00007	tr|C5UY14|C5UY14_CLOBO Botulinum neurotoxin type E1, nontoxic-nonhemagglutinin component, NTNH OS=Clostridium botulinum E1 str. 'BoNT E Beluga' GN=ntnH PE=4 SV=1 !!!ntnH	1206	1163	1202	792	65.89	360	50	13	1205	MNINDNLSINSPVDNKNVVVVRARKTDTVFKAFKVAPNIWVAPERYYGESLSIDEEYKVDGGIYDSNFLSQDSEKDKFLQAIITLLKRINSTNAGEKLLSLISTAIPFPYGYIGGGYYAPNMITFGSAPKSNKKLNSLISSTIPFPYAG----YRETNYLSSEDNKSFYASNIVIFGPGANIVENNTVFYKKEDAENGMGTMTEIWFQPFLTYKYDEFYIDPAIELIKCLIKSLYFLYGIKPSDDLVIPYRLRSELENIEYSQLNIVDLLVSGGIDPKFINTDPYWFTDNYFSNAKKVFEDHRNIYETEIEGNNAIGNDIKLRLKQKFRININDIWELNLNYFSKEFSIMMPDRFNNALKHFYRKQYYKIDYPENYSINGFVNGQINAQLSLSDRNQDIINKPEEIINLLNGNNVSLMRSNIYGDGLKSTVDDFYSNYKIPYNRAYEYHFNNSNDSSLDNVNIGVIDNIPEI--IDVNPYKENCDKFSPVQKITSTREINTNIPWPINYLQAQNTNNEKFSLSSDFVEVVSSKDKSLVYSFLSNVMFYLDSIKDNSPIDTDKKYYLWLREIFRNYSFDITATQEINTNCGINKVVTWFGKALNILNTSDSFVEEFQNLGAISLINKKENLSMPIIESYEIPNDMLGLPLNDLNEKLFNIYSKNTAYFKKIYYNFLDQWWTQYYSQYFDLICMAKRSVLAQETLIKRIIQKKLSYLIGNSNISSDNLALMNLTTTNTLRDISNESQIAMNNVDSFLNNAAICVFESNIYPKFISFMEQCINNINIKTKEFIQKCTNINEDEKLQLINQNVFNSLDFEFLNIQNMKSLFSSETALLIKEETWPYELVLYAFKEPGNNVIGDASGKNTSIEYSKDIGLVYGINSDALYLNGSNQSISFSNDFFENGLTNSFSIYFWLRNLGKDTIKSKLIGSKEDNCGWEIYFQDTGLVFNMIDSNGNEKNIYLSDVSNNSWHYITISVDRLKEQLLIFIDDNLVANESIKEILNIYSSNIISLLSENNPSYIEGLTILNKPTTSQEVLSNYFEVLNNSYIRDSNEERLEYNKTYQLYNYVFSDKPICEVKQNNNIYLTINNTNNLNLQASKFKLLSINPNKQYVQKLDEVIISVLDNMEKYIDIS-EDNRLQLIDNKNNAKKMIISNDIFISNCLTLSYNGKYICLSMKDENHNWMIC--NNDMSKYLYLWSFK
PROKKA_00007	tr|A0A0X1KH90|A0A0X1KH90_CLOBA Botulinum neurotoxin type E, nontoxic-nonhemagglutinin component, NTNH OS=Clostridium botulinum (strain Alaska E43 / Type E3) PE=1 SV=1 !!!ntnH	1206	1163	1202	791	65.81	361	50	13	1205	MNINDNLSINSPVDNKNVVVVRARKTDTVFKAFKVAPNIWVAPERYYGESLSIDEEYKVDGGIYDSNFLSQDSEKDKFLQAIITLLKRINSTNAGEKLLSLISTAIPFPYGYIGGGYYAPNMITFGSAPKSNKKLNSLISSTIPFPYAG----YRETNYLSSEDNKSFYASNIVIFGPGANIVENNTVFYKKEDAENGMGTMTEIWFQPFLTYKYDEFYIDPAIELIKCLIKSLYFLYGIKPSDDLVIPYRLRSELENIEYSQLNIVDLLVSGGIDPKFINTDPYWFTDNYFSNAKKVFEDHRNIYETEIEGNNAIGNDIKLRLKQKFRININDIWELNLNYFSKEFSIMMPDRFNNALKHFYRKQYYKIDYPENYSINGFVNGQINAQLSLSDRNQDIINKPEEIINLLNGNNVSLMRSNIYGDGLKSTVDDFYSNYKIPYNRAYEYHFNNSNDSSLDNVNIGVIDNIPEI--IDVNPYKENCDKFSPVQKITSTREINTNIPWPINYLQAQNTNNEKFSLSSDFVEVVSSKDKSLVYSFLSNVMFYLDSIKDNSPIDTDKKYYLWLREIFRNYSFDITATQEINTNCGINKVVTWFGKALNILNTSDSFVEEFQNLGAISLINKKENLSMPIIESYEIPNDMLGLPLNDLNEKLFNIYSKNTAYFKKIYYNFLDQWWTQYYSQYFDLICMAKRSVLAQETLIKRIIQKKLSYLIGNSNISSDNLALMNLTTTNTLRDISNESQIAMNNVDSFLNNAAICVFESNIYPKFISFMEQCINNINIKTKEFIQKCTNINEDEKLQLINQNVFNSLDFEFLNIQNMKSLFSSETALLIKEETWPYELVLYAFKEPGNNVIGDASGKNTSIEYSKDIGLVYGINSDALYLNGSNQSISFSNDFFENGLTNSFSIYFWLRNLGKDTIKSKLIGSKEDNCGWEIYFQDTGLVFNMIDSNGNEKNIYLSDVSNNSWHYITISVDRLKEQLLIFIDDNLVANESIKEILNIYSSNIISLLSENNPSYIEGLTILNKPTTSQEVLSNYFEVLNNSYIRDSNEERLEYNKTYQLYNYVFSDKPICEVKQNNNIYLTINNTNNLNLQASKFKLLSINPNKQYVQKLDEVIISVLDNMEKYIDIS-EDNRLQLIDNKNNAKKMIISNDIFISNCLTLSYNGKYICLSMKDENHNWMIC--NNDMSKYLYLWSFK
PROKKA_00007	tr|C4IHM0|C4IHM0_CLOBU Botulinum neurotoxin type E, nontoxic-nonhemagglutinin component, NTNH OS=Clostridium butyricum E4 str. BoNT E BL5262 GN=ntnH PE=4 SV=1 !!!ntnH	1206	1163	1202	792	65.89	360	50	13	1205	MNINDNLSINSPVDNKNVVVVRARKTDTVFKAFKVAPNIWVAPERYYGESLSIDEEYKVDGGIYDSNFLSQDSEKDKFLQAIITLLKRINSTNAGEKLLSLISTAIPFPYGYIGGGYYAPNMITFGSAPKSNKKLNSLISSTIPFPYAG----YRETNYLSSEDNKSFYASNIVIFGPGANIVENNTVFYKKEDAENGMGTMTEIWFQPFLTYKYDEFYIDPAIELIKCLIKSLYFLYGIKPSDDLVIPYRLRSELENIEYSQLNIVDLLVSGGIDPKFINTDPYWFTDNYFSNAKKVFEDHRNIYETEIEGNNAIGNDIKLRLKQKFRININDIWELNLNYFSKEFSIMMPDRFNNALKHFYRKQYYKIDYPENYSINGFVNGQINAQLSLSDRNQDIINKPEEIINLLNGNNVSLMRSNIYGDGLKSTVDDFYSNYKIPYNRAYEYHFNNSNDSSLDNVNIGVIDNIPEI--IDVNPYKENCDKFSPVQKITSTREINTNIPWPINYLQAQNTNNEKFSLSSDFVEVVSSKDKSLVYSFLSNVMFYLDSIKDNSPIDTDKKYYLWLREIFRNYSFDITATQEINTNCGINKVVTWFGKALNILNTSDSFVEEFQNLGAISLINKKENLSMPIIESYEIPNDMLGLPLNDLNEKLFNIYSKNTAYFKKIYYNFLDQWWTQYYSQYFDLICMAKRSVLAQETLIKRIIQKKLSYLIGNSNISSDNLALMNLTTTNTLRDISNESQIAMNNVDSFLNNAAICVFESNIYPKFISFMEQCINNINIKTKEFIQKCTNINEDEKLQLINQNVFNSLDFEFLNIQNMKSLFSSETALLIKEETWPYELVLYAFKEPGNNVIGDASGKNTSIEYSKDIGLVYGINSDALYLNGSNQSISFSNDFFENGLTNSFSIYFWLRNLGKDTIKSKLIGSKEDNCGWEIYFQDTGLVFNMIDSNGNEKNIYLSDVSNNSWHYITISVDRLKEQLLIFIDDNLVANESIKEILNIYSSNIISLLSENNPSYIEGLTILNKPTTSQEVLSNYFEVLNNSYIRDSNEERLEYNKTYQLYNYVFSDKPICEVKQNNNIYLTINNTNNLNLQASKFKLLSINPNKQYVQKLDEVIISVLDNMEKYIDISED-NRLQLIDNKNNAKKMIISNDIFISNCLTLSYNGKYICLSMKDENHNWMIC--NNDMSKYLYLWSFK
PROKKA_00007	tr|A0A059PYE4|A0A059PYE4_9CLOT Toxin OS=Clostridium baratii GN=UC77_04385 PE=4 SV=1 !!! 	1206	140	40	16	40.00	23	1	601	639	VTWFGKALNILNTSDSFVEEFQNLGAISLIN-KKENLSMP
PROKKA_00007	tr|A0A0A7FVW8|A0A0A7FVW8_9CLOT Putative oRF-X1 OS=Clostridium baratii str. Sullivan GN=U729_698 PE=4 SV=1 !!!ORF-X1	1206	140	40	16	40.00	23	1	601	639	VTWFGKALNILNTSDSFVEEFQNLGAISLIN-KKENLSMP
PROKKA_00007	tr|A0A0D1BS75|A0A0D1BS75_CLOBO Hemagglutinin OS=Clostridium botulinum B2 450 GN=N495_19885 PE=4 SV=1 !!! 	1206	146	23	11	47.83	12	0	882	904	VYGINSDALYLNGSNQSISFSND
PROKKA_00007	tr|A0A060N976|A0A060N976_CLOBO Hemagglutinin component HA17 OS=Clostridium botulinum B str. Osaka05 GN=CBO05P2_178 PE=4 SV=1 !!!ha17	1206	146	23	11	47.83	12	0	882	904	VYGINSDALYLNGSNQSISFSND
PROKKA_00007	tr|A0A0E1L447|A0A0E1L447_CLOBO Hemagglutinin component HA-17 OS=Clostridium botulinum CDC_1436 GN=ha-17 PE=4 SV=1 !!!ha17	1206	146	23	11	47.83	12	0	882	904	VYGINSDALYLNGSNQSISFSND
PROKKA_00007	tr|A0A0B4W498|A0A0B4W498_CLOBO Hemagglutinin component HA-17 OS=Clostridium botulinum Prevot_594 GN=ha-17 PE=4 SV=1 !!!ha17	1206	146	23	11	47.83	12	0	882	904	VYGINSDALYLNGSNQSISFSND
PROKKA_00007	tr|A0A073CN83|A0A073CN83_CLOBO Hemagglutinin OS=Clostridium botulinum A2B3 87 GN=N496_19565 PE=4 SV=1 !!! 	1206	146	23	11	47.83	12	0	882	904	VYGINSDALYLNGSNQSISFSND
PROKKA_00007	tr|A7GBG0|A7GBG0_CLOBL Transcriptional regulator BotR, P-21 OS=Clostridium botulinum (strain Langeland / NCTC 10281 / Type F) GN=botR PE=4 SV=1 !!!BotR	1206	178	24	13	54.17	7	4	800	823	TNINEDEKLQLINQNVFNSLDFEF
PROKKA_00007	tr|C1FUH5|C1FUH5_CLOBJ Toxin complex component ORF-X1 OS=Clostridium botulinum (strain Kyoto / Type A2) GN=CLM_0893 PE=4 SV=1 !!!ORF-X1	1206	142	84	26	30.95	48	10	589	666	QEINTNCGINKV---VTWFGKALNILNTSDSFVEEFQNLGAISLINKKEN---LSMPIIESYEIPNDMLGLPLNDLNEKLFNIY
PROKKA_00007	tr|A5HZZ5|A5HZZ5_CLOBH Hemagglutinin component of the neurotoxin complex OS=Clostridium botulinum (strain Hall / ATCC 3502 / NCTC 13319 / Type A) GN=ha17 PE=1 SV=1 !!!ha17	1206	146	23	10	43.48	13	0	882	904	VYGINSDALYLNGSNQSISFSND
PROKKA_00007	tr|A0A073CMR9|A0A073CMR9_CLOBO Transcriptional regulator OS=Clostridium botulinum A2B3 87 GN=N496_18580 PE=4 SV=1 !!! 	1206	178	16	9	56.25	7	0	808	823	LQLINQNVFNSLDFEF
PROKKA_00007	tr|A7GBF8|A7GBF8_CLOBL Toxin complex component ORF-X2 OS=Clostridium botulinum (strain Langeland / NCTC 10281 / Type F) GN=CLI_0846 PE=4 SV=1 !!!ORF-X2	1206	750	29	11	37.93	18	0	772	800	NIYPKFISFMEQCINNINIKTKEFIQKCT
PROKKA_00008	tr|C5UY14|C5UY14_CLOBO Botulinum neurotoxin type E1, nontoxic-nonhemagglutinin component, NTNH OS=Clostridium botulinum E1 str. 'BoNT E Beluga' GN=ntnH PE=4 SV=1 !!!ntnH	1297	1163	277	80	28.88	159	38	4	276	VNKQFNYKDPVNGVDIAYIKIPNAGQMQPVKAFKIHNKIWVIPERDTFTNPEEGDLNPPPEAKQVPVSYYDSTYLSTDNEKDNYLKGVTKLFERIYSTDLGRMLLTSIVRGIPF-WGGSTIDTELKVIDTNCINVIQPDGSYRSEELNLVIIGPSADIIQFECKSFGHEVLNLTRNGYGSTQYIRFSPDFTFGFEESLEVDTNPLLGAGKFATDPAVTLAHELIHAGHRLYGIAINPNRVFKVNTNAYYEMSGLEVSFEELRTF---GGHDAKFIDS
PROKKA_00008	tr|C5UY14|C5UY14_CLOBO Botulinum neurotoxin type E1, nontoxic-nonhemagglutinin component, NTNH OS=Clostridium botulinum E1 str. 'BoNT E Beluga' GN=ntnH PE=4 SV=1 !!!ntnH	1297	1163	571	132	23.12	372	67	580	1119	SRVYTFFSS--DYVK--KVNKATEA-AMFLGWVEQLVYDFTDETSEVSTTDKIADITIIIPYIGPALNIGNMLYKDDFVGALIFSGAVILLEFIPEIAIPVLGTFALVSYIAN---KVLTVQTIDNALSKRNEKWDEVYKYIVTNWLAKVNTQ-IDLIRKKMKEALENQAEATKAIINYQYNQYTEEEKN--NINFNIDDLSS--KLNESINKAMI---NINKFLNQCSVSYLMNSMIPYGVKRLEDFDASLKDALLKYIYDNRGTLIGQVDRLKDKVNNTLSTDIPFQLSKYVDNQRLLSTFTEYIKNIINT-------SILNLRYESNHLI-------DLSRYASKINIGSKVNFDPIDKNQIQLFNLESSKIEVILKNAIVYNSMYENFSTSFWIRIPKYFNSISLNNEYTIINCMENNSGWKVSLNYGEIIWTLQDTQEIKQRVVFKYSQMINISDYINRWIFVTITNNRLNNS-KIYINGRLIDQKPISNLGNIHASNNIMFKLDGCRDTHRYIWIKYFNLFDKELNEKEIKDLYDNQSNSGILKDFWGDYLQYDKPYYMLNLYDP
PROKKA_00008	tr|A0A0X1KH90|A0A0X1KH90_CLOBA Botulinum neurotoxin type E, nontoxic-nonhemagglutinin component, NTNH OS=Clostridium botulinum (strain Alaska E43 / Type E3) PE=1 SV=1 !!!ntnH	1297	1163	277	80	28.88	159	38	4	276	VNKQFNYKDPVNGVDIAYIKIPNAGQMQPVKAFKIHNKIWVIPERDTFTNPEEGDLNPPPEAKQVPVSYYDSTYLSTDNEKDNYLKGVTKLFERIYSTDLGRMLLTSIVRGIPF-WGGSTIDTELKVIDTNCINVIQPDGSYRSEELNLVIIGPSADIIQFECKSFGHEVLNLTRNGYGSTQYIRFSPDFTFGFEESLEVDTNPLLGAGKFATDPAVTLAHELIHAGHRLYGIAINPNRVFKVNTNAYYEMSGLEVSFEELRTF---GGHDAKFIDS
PROKKA_00008	tr|A0A0X1KH90|A0A0X1KH90_CLOBA Botulinum neurotoxin type E, nontoxic-nonhemagglutinin component, NTNH OS=Clostridium botulinum (strain Alaska E43 / Type E3) PE=1 SV=1 !!!ntnH	1297	1163	571	132	23.12	372	67	580	1119	SRVYTFFSS--DYVK--KVNKATEA-AMFLGWVEQLVYDFTDETSEVSTTDKIADITIIIPYIGPALNIGNMLYKDDFVGALIFSGAVILLEFIPEIAIPVLGTFALVSYIAN---KVLTVQTIDNALSKRNEKWDEVYKYIVTNWLAKVNTQ-IDLIRKKMKEALENQAEATKAIINYQYNQYTEEEKN--NINFNIDDLSS--KLNESINKAMI---NINKFLNQCSVSYLMNSMIPYGVKRLEDFDASLKDALLKYIYDNRGTLIGQVDRLKDKVNNTLSTDIPFQLSKYVDNQRLLSTFTEYIKNIINT-------SILNLRYESNHLI-------DLSRYASKINIGSKVNFDPIDKNQIQLFNLESSKIEVILKNAIVYNSMYENFSTSFWIRIPKYFNSISLNNEYTIINCMENNSGWKVSLNYGEIIWTLQDTQEIKQRVVFKYSQMINISDYINRWIFVTITNNRLNNS-KIYINGRLIDQKPISNLGNIHASNNIMFKLDGCRDTHRYIWIKYFNLFDKELNEKEIKDLYDNQSNSGILKDFWGDYLQYDKPYYMLNLYDP
PROKKA_00008	tr|B1L2G4|B1L2G4_CLOBM Botulinum neurotoxin type A3, nontoxic-nonhemagglutinin component, NTNH OS=Clostridium botulinum (strain Loch Maree / Type A3) GN=ntnH PE=4 SV=1 !!!ntnH	1297	1159	276	78	28.26	162	36	4	276	VNKQFNYKDPVNGVDIAYIKIPNAGQMQPVKAFKIHNKIWVIPERDTFTNPEEGDLNPPPEAKQVPVSYYDSTYLSTDNEKDNYLKGVTKLFERIYSTDLGRMLLTSIVRGIPFWGGSTIDTELKVIDTNCINVIQPDGSYRSEELNLVIIGPSADIIQFECKSFGHEVLNLTRNGYGSTQYIRFSPDFTFGFEESLEVDTNPLLGAGKFATDPAVTLAHELIHAGHRLYGIAINPNRVFKVNTNAYYEMSGLEVSFEELRTF---GGHDAKFIDS
PROKKA_00008	tr|B1L2G4|B1L2G4_CLOBM Botulinum neurotoxin type A3, nontoxic-nonhemagglutinin component, NTNH OS=Clostridium botulinum (strain Loch Maree / Type A3) GN=ntnH PE=4 SV=1 !!!ntnH	1297	1159	615	130	21.14	378	107	552	1115	HYLRAQEFEHGKSRIALTNSVNEALLNPSR--VYTFFSS--DYVKKVNKA----TEAAMFLGWVEQLVYDFTDETSEVSTTDKIADITIIIPYIGPALNIGNMLYKDDFVGALIFSGAVILLEFIPEIAIPVLGTFALVSYIANKVLTVQTID------NALSKRNEKWDEVYKYIVTNWLAKVNTQ-IDLIRKKMKEALENQAEATKAIINYQYNQYTEEEKNNINFNIDDLS-------SKLNESINK---AMININKFLNQCSVSYLMNSMIPYGVKRLE----DFDASLKDALLKYI---YDNRGTLIGQ------------VDRLKDKVNNTLSTDIPFQLSKYVDNQRLLSTFTEYIKNII------NTSILNLRYESNHLIDLSRYASKINIGSKVNFDPIDKNQIQLFNLESSKIEVILKNAIVYNSMYENFSTSFWIRIPKYFNSISLNNEYTIINCMENNSGWKVSLNYGEIIWTLQDTQEIKQRVVFKYSQMINISDYINRWIFVTITNNRLNNS-KIYINGRLIDQKPISNLGNIHASNNIMFKLDGCRDTHRYIWIKYFNLFDKELNEKEIKDLYDNQSNSGILKDFWGDYLQYDKPYYMLN
PROKKA_00008	tr|C4IHM0|C4IHM0_CLOBU Botulinum neurotoxin type E, nontoxic-nonhemagglutinin component, NTNH OS=Clostridium butyricum E4 str. BoNT E BL5262 GN=ntnH PE=4 SV=1 !!!ntnH	1297	1163	277	81	29.24	158	38	4	276	VNKQFNYKDPVNGVDIAYIKIPNAGQMQPVKAFKIHNKIWVIPERDTFTNPEEGDLNPPPEAKQVPVSYYDSTYLSTDNEKDNYLKGVTKLFERIYSTDLGRMLLTSIVRGIPF-WGGSTIDTELKVIDTNCINVIQPDGSYRSEELNLVIIGPSADIIQFECKSFGHEVLNLTRNGYGSTQYIRFSPDFTFGFEESLEVDTNPLLGAGKFATDPAVTLAHELIHAGHRLYGIAINPNRVFKVNTNAYYEMSGLEVSFEELRTF---GGHDAKFIDS
PROKKA_00008	tr|C4IHM0|C4IHM0_CLOBU Botulinum neurotoxin type E, nontoxic-nonhemagglutinin component, NTNH OS=Clostridium butyricum E4 str. BoNT E BL5262 GN=ntnH PE=4 SV=1 !!!ntnH	1297	1163	571	128	22.42	376	67	580	1119	SRVYTFFSS--DYVK--KVNKATEA-AMFLGWVEQLVYDFTDETSEVSTTDKIADITIIIPYIGPALNIGNMLYKDDFVGALIFSGAVILLEFIPEIAIPVLGTFALVSYIAN---KVLTVQTIDNALSKRNEKWDEVYKYIVTNWLAKVNTQ-IDLIRKKMKEALENQAEATKAIINYQYNQYTEEEKN--NINFNIDDLSS--KLNESINKAMI---NINKFLNQCSVSYLMNSMIPYGVKRLEDFDASLKDALLKYIYDNRGTLIGQVDRLKDKVNNTLSTDIPFQLSKYVDNQRLLSTFTEYI----KNIINTSILNLRYESNHLI-------DLSRYASKINIGSKVNFDPIDKNQIQLFNLESSKIEVILKNAIVYNSMYENFSTSFWIRIPKYFNSISLNN---EYTIINCMENNSGWKVSLNYGEIIWTLQDTQEIKQRVVFKYSQMINISDYINRWIFVTITNNRLNNS-KIYINGRLIDQKPISNLGNIHASNNIMFKLDGCRDTHRYIWIKYFNLFDKELNEKEIKDLYDNQSNSGILKDFWGDYLQYDKPYYMLNLYDP
PROKKA_00008	tr|A7GBG2|A7GBG2_CLOBL Botulinum neurotoxin type F, nontoxic-nonhemagglutinin component, NTNH OS=Clostridium botulinum (strain Langeland / NCTC 10281 / Type F) GN=ntnH PE=4 SV=1 !!!ntnH	1297	1163	278	77	27.70	161	40	4	276	VNKQFNYKDPVNGVDIAYIKIPNAGQMQPV--KAFKIHNKIWVIPERDTFTNPEEGDLNPPPEAKQVPVSYYDSTYLSTDNEKDNYLKGVTKLFERIYSTDLGRMLLTSIVRGIPFWGGSTIDTELKVIDTNCINVIQPDGSYRSEELNLVIIGPSADIIQFECKSFGHEVLNLTRNGYGSTQYIRFSPDFTFGFEESLEVDTNPLLGAGKFATDPAVTLAHELIHAGHRLYGIAINPNRVFKVNTNAYYEMSGLEVSFEELRTF---GGHDAKFIDS
PROKKA_00008	tr|A7GBG2|A7GBG2_CLOBL Botulinum neurotoxin type F, nontoxic-nonhemagglutinin component, NTNH OS=Clostridium botulinum (strain Langeland / NCTC 10281 / Type F) GN=ntnH PE=4 SV=1 !!!ntnH	1297	1163	598	124	20.74	401	73	552	1115	HYLRAQEFEHGKSRIALTNSVNEALLNPSRVYTFFSS--DYVKKVNKA----TEAAMFLGWVEQLVYDFTDETSEVSTTDKIADITIIIPYIGPALNIGNMLYKDDFVGALIFSGAVILLEFIPEIAIPVLGTFALVSYIANKVLTVQTID------NALSKRNEKWDEVYKYIVTNWLAKVNTQ-IDLIRKKMKEALENQAEATKAI---INYQYNQYTEEEKNNINFNI---DDLSSKLNESINKAMININKFLNQCSVSYLMNSMIPYGVKRLEDFDASLKDALLKYIYDNRGTLIGQVDRLKDKVNNTLSTDIPFQLSKYVDNQRLLSTFTEYIKNII--NTSILNL------RYESNHLIDLS------RYASKINIGSKVNFDPIDKNQIQLFNLESSKIEVILKNAIVYNSMYENFSTSFWIRIPKYFNSISLNNEYTIINCMENNSGWKVSLNYGEIIWTLQDTQEIKQRVVFKYSQMINISDYINRWIFVTITNNRLNNS-KIYINGRLIDQKPISNLGNIHASNNIMFKLDGCRDTHRYIWIKYFNLFDKELNEKEIKDLYDNQSNSGILKDFWGDYLQYDKPYYMLN
PROKKA_00008	tr|A5HZZ8|A5HZZ8_CLOBH Type A progenitor toxin nontoxic-nonha OS=Clostridium botulinum (strain Hall / ATCC 3502 / NCTC 13319 / Type A) GN=ntnH PE=4 SV=1 !!!ntnH	1297	1193	303	84	27.72	162	57	4	276	VNKQFNYKDPVNGVDIAYIKIPNAGQMQPVKAFKIHNKIWVIPERDTFTNPEEGDLNPPPEAKQVPVSYYDSTYLSTDNEKDNYLKGVTKLFERIYSTDLGRMLLTSIVRGIPFWG---------------GSTIDTELKVIDTNCINVIQPDGSYR------SEE------LNLVIIGPSADIIQFECKSFGHEVLNLTRNGYGSTQYIRFSPDFTFGFEESLEVDTNPLLGAGKFATDPAVTLAHELIHAGHRLYGIAINPNRVFKVNTNAYYEMSGLEVS---FEELRTFGGHDAKFIDS
PROKKA_00008	tr|B1INP6|B1INP6_CLOBK Botulinum neurotoxin type B1, nontoxic-nonhemagglutinin component, NTNH OS=Clostridium botulinum (strain Okra / Type B1) GN=ntnH PE=4 SV=1 !!!ntnH	1297	1197	303	84	27.72	162	57	4	276	VNKQFNYKDPVNGVDIAYIKIPNAGQMQPVKAFKIHNKIWVIPERDTFTNPEEGDLNPPPEAKQVPVSYYDSTYLSTDNEKDNYLKGVTKLFERIYSTDLGRMLLTSIVRGIPFWG---------------GSTIDTELKVIDTNCINVIQPDGSYR------SEE------LNLVIIGPSADIIQFECKSFGHEVLNLTRNGYGSTQYIRFSPDFTFGFEESLEVDTNPLLGAGKFATDPAVTLAHELIHAGHRLYGIAINPNRVFKVNTNAYYEMSGLEVS---FEELRTFGGHDAKFIDS
PROKKA_00008	tr|C1FUH8|C1FUH8_CLOBJ Botulinum neurotoxin type A2, nontoxic-nonhemagglutinin component, NTNH OS=Clostridium botulinum (strain Kyoto / Type A2) GN=ntnH PE=4 SV=1 !!!ntnH	1297	1159	276	75	27.17	165	36	4	276	VNKQFNYKDPVNGVDIAYIKIPNAGQMQPVKAFKIHNKIWVIPERDTFTNPEEGDLNPPPEAKQVPVSYYDSTYLSTDNEKDNYLKGVTKLFERIYSTDLGRMLLTSIVRGIPFWGGSTIDTELKVIDTNCINVIQPDGSYRSEELNLVIIGPSADIIQFECKSFGHEVLNLTRNGYGSTQYIRFSPDFTFGFEESLEVDTNPLLGAGKFATDPAVTLAHELIHAGHRLYGIAINPNRVFKVNTNAYYEMSGLEVSFEELRTF---GGHDAKFIDS
PROKKA_00008	tr|C1FUH8|C1FUH8_CLOBJ Botulinum neurotoxin type A2, nontoxic-nonhemagglutinin component, NTNH OS=Clostridium botulinum (strain Kyoto / Type A2) GN=ntnH PE=4 SV=1 !!!ntnH	1297	1159	600	124	20.67	399	77	552	1115	HYLRAQEFEHGKSRIALTNSVNEALLNPSR--VYTFFSS--DYVKKVNKA----TEAAMFLGWVEQLVYDFTDETSEVSTTDKIADITIIIPYIGPALNIGNMLYKDDFVGALIFSGAVILLEFIPEIAIPVLGTFALVSYIANKVLTVQTID------NALSKRNEKWDEVYKYIVTNWLAKVNTQ-IDLIRKKMKEALENQAEATKAI---INYQYNQYTEEEKNNINFNI---DDLSSKLNESINKAMININKFLNQCSVSYLMNSMIPYGVKRLEDFDASLKDALLKYIYDNRGTLIGQVDRLKDKVNNTLSTDIPFQLSKYVDNQRLLSTFTEYIKNII--NTSILNL------RYESNHLIDLS------RYASKINIGSKVNFDPIDKNQIQLFNLESSKIEVILKNAIVYNSMYENFSTSFWIRIPKYFNSISLNNEYTIINCMENNSGWKVSLNYGEIIWTLQDTQEIKQRVVFKYSQMINISDYINRWIFVTITNNRLNNS-KIYINGRLIDQKPISNLGNIHASNNIMFKLDGCRDTHRYIWIKYFNLFDKELNEKEIKDLYDNQSNSGILKDFWGDYLQYDKPYYMLN
PROKKA_00008	tr|A0A060N6G5|A0A060N6G5_CLOBO Nontoxic-nonhemagglutinin component, NTNH OS=Clostridium botulinum B str. Osaka05 GN=CBO05P2_175 PE=4 SV=1 !!!ntnH	1297	1197	303	84	27.72	162	57	4	276	VNKQFNYKDPVNGVDIAYIKIPNAGQMQPVKAFKIHNKIWVIPERDTFTNPEEGDLNPPPEAKQVPVSYYDSTYLSTDNEKDNYLKGVTKLFERIYSTDLGRMLLTSIVRGIPFWG---------------GSTIDTELKVIDTNCINVIQPDGSYR------SEE------LNLVIIGPSADIIQFECKSFGHEVLNLTRNGYGSTQYIRFSPDFTFGFEESLEVDTNPLLGAGKFATDPAVTLAHELIHAGHRLYGIAINPNRVFKVNTNAYYEMSGLEVS---FEELRTFGGHDAKFIDS
PROKKA_00008	tr|B2TSC3|B2TSC3_CLOBB Botulinum neurotoxin type B OS=Clostridium botulinum (strain Eklund 17B / Type B) GN=ntnH PE=4 SV=1 !!!ntnH	1297	1197	303	83	27.39	163	57	4	276	VNKQFNYKDPVNGVDIAYIKIPNAGQMQPVKAFKIHNKIWVIPERDTFTNPEEGDLNPPPEAKQVPVSYYDSTYLSTDNEKDNYLKGVTKLFERIYSTDLGRMLLTSIVRGIPFWG---------------GSTIDTELKVIDTNCINVIQPDGSYR------SEE------LNLVIIGPSADIIQFECKSFGHEVLNLTRNGYGSTQYIRFSPDFTFGFEESLEVDTNPLLGAGKFATDPAVTLAHELIHAGHRLYGIAINPNRVFKVNTNAYYEMSGLEVS---FEELRTFGGHDAKFIDS
PROKKA_00008	tr|C5VU80|C5VU80_CLOBO Botulinum neurotoxin type D, nontoxic-nonhemagglutinin component, NTNH OS=Clostridium botulinum D str. 1873 GN=ntnH PE=4 SV=1 !!!ntnH	1297	1196	301	78	25.91	170	53	4	276	VNKQFNYKDPVNGVDIAYIKIPNAGQMQPVKAFKIHNKIWVIPERDTFTNPEEGDLNPPPEAKQVPVSYYDSTYLSTDNEKDNYLKGVTKLFERIYSTDLGRMLLTSIVRGIPF-WG--------------GSTIDTELKVIDTNCINVIQPDGSYRSEEL------------NLVIIGPSADIIQFECKSFGHEVLNLTRNGYGSTQYIRFSPDFTFGFEESLEVDTNPLLGAGKFATDPAVTLAHELIHAGHRLYGIAINPNRVFKVNTNAYYEMSGL-EVSFEELRTFGGHDAKFIDS
PROKKA_00008	tr|C5VU80|C5VU80_CLOBO Botulinum neurotoxin type D, nontoxic-nonhemagglutinin component, NTNH OS=Clostridium botulinum D str. 1873 GN=ntnH PE=4 SV=1 !!!ntnH	1297	1196	567	111	19.58	383	73	606	1141	WVEQLVYDFTDETSEVSTTDKIADITIIIPYIGPALNIGNMLYKDDFVGALIFSGAVILLEFIPEIAIPVLGTFALVSYIANKVLTVQTIDNAL----SKRNEKWDEVYKYIVTNWLAKVNTQIDLIRKKMKEALENQAEATKAIINYQYNQYTEEEKNNINFNIDDLSSKLNESI-----NKAMININK---FLNQCSVSYLMNSMIPYGVKRLEDFDASLKDALLKYIYDNRGTLIGQVDRLKDKVNNTLSTDIPFQLSKYVDNQRLLSTFTEYIKNII-----------------NTSILNLRYESNHLIDLSRYASKINIGSKVNFDPIDKNQIQLFNLESSKIEVILKNAIVYNSMYENFSTSFWIRIPKYFNSISLNNEYT-IINCMENNSGWKVSLNYGEIIWTLQDTQEIKQRVVFKYSQMINISDYINRWIFVTITNNRLNNS-KIYINGRLIDQKPISNLGNIHASNNIMFKLDGCRDTHRYIWIKYFNLFDKELNEKEIKDLYDNQSNSGILKDFWGDYLQYDKPYYMLNLYDPNKYVDVNNVGIRGYMYLKGPRG
PROKKA_00008	tr|B1BE43|B1BE43_CLOBO Botulinum neurotoxin type C, nontoxic-nonhemagglutinin component NTNH OS=Clostridium botulinum C str. Eklund GN=CBC_A0166 PE=4 SV=1 !!!ntnH	1297	1196	301	75	24.92	173	53	4	276	VNKQFNYKDPVNGVDIAYIKIPNAGQMQPVKAFKIHNKIWVIPERDTFTNPEEGDLNPPPEAKQVPVSYYDSTYLSTDNEKDNYLKGVTKLFERIYSTDLGRMLLTSIVRGIPF-WG--------------GSTIDTELKVIDTNCINVIQPDGSYRSEEL------------NLVIIGPSADIIQFECKSFGHEVLNLTRNGYGSTQYIRFSPDFTFGFEESLEVDTNPLLGAGKFATDPAVTLAHELIHAGHRLYGIAINPNRVFKVNTNAYYEMSGL-EVSFEELRTFGGHDAKFIDS
PROKKA_00008	tr|B1BE43|B1BE43_CLOBO Botulinum neurotoxin type C, nontoxic-nonhemagglutinin component NTNH OS=Clostridium botulinum C str. Eklund GN=CBC_A0166 PE=4 SV=1 !!!ntnH	1297	1196	564	112	19.86	385	67	606	1141	WVEQLVYDFTDETSEVSTTDKIADITIIIPYIGPALNIGNMLYKDDFVGALIFSGAVILLEFIPEIAIPVLGTFALVSYIANKVLTVQTIDNAL----SKRNEKWDEVYKYIVTNWLAKVNTQIDLIRKKMKEALENQAEATKAIINYQYNQYTEEEKNNINFNIDDLSSKLNESI-----NKAMININK---FLNQCSVSYLMNSMIPYGVKRLEDFDASLKDALLKYIYDNRGTLIGQVDRLKDKVNNTLSTDIPFQLSKYVDNQRLLSTFTEYIKNIINTSI-------LNLRYESNHLID-------LSRYASKINIGSKVNFDPIDKNQIQLFNLESSKIEVILKNAIVYNSMYENFSTSFWIRIPKYFNSISLNNEYT-IINCMENNSGWKVSLNYGEIIWTLQDTQEIKQRVVFKYSQMINISDYINRWIFVTITNNRLNNSK-IYINGRLIDQKPISNLGNIHASNNIMFKLDGCRDTHRYIWIKYFNLFDKELNEKEIKDLYDNQSNSGILKDFWGDYLQYDKPYYMLNLYDPNKYVDVNNVGIRGYMYLKGPRG
PROKKA_00008	tr|B1INP9|B1INP9_CLOBK Hemagglutinin component HA17 OS=Clostridium botulinum (strain Okra / Type B1) GN=ha17 PE=4 SV=1 !!!ha17	1297	146	27	8	29.63	19	0	1103	1129	DYLQYDKPYYMLNLYDPNKYVDVNNVG
PROKKA_00008	tr|A0A0B4W498|A0A0B4W498_CLOBO Hemagglutinin component HA-17 OS=Clostridium botulinum Prevot_594 GN=ha-17 PE=4 SV=1 !!!ha17	1297	146	27	8	29.63	19	0	1103	1129	DYLQYDKPYYMLNLYDPNKYVDVNNVG
PROKKA_00008	tr|A5HZZ5|A5HZZ5_CLOBH Hemagglutinin component of the neurotoxin complex OS=Clostridium botulinum (strain Hall / ATCC 3502 / NCTC 13319 / Type A) GN=ha17 PE=1 SV=1 !!!ha17	1297	146	27	8	29.63	19	0	1103	1129	DYLQYDKPYYMLNLYDPNKYVDVNNVG
PROKKA_00008	tr|A0A0D1BS75|A0A0D1BS75_CLOBO Hemagglutinin OS=Clostridium botulinum B2 450 GN=N495_19885 PE=4 SV=1 !!! 	1297	146	27	8	29.63	19	0	1103	1129	DYLQYDKPYYMLNLYDPNKYVDVNNVG
PROKKA_00008	tr|A0A060N976|A0A060N976_CLOBO Hemagglutinin component HA17 OS=Clostridium botulinum B str. Osaka05 GN=CBO05P2_178 PE=4 SV=1 !!!ha17	1297	146	27	8	29.63	19	0	1103	1129	DYLQYDKPYYMLNLYDPNKYVDVNNVG
PROKKA_00008	tr|A0A0E1L447|A0A0E1L447_CLOBO Hemagglutinin component HA-17 OS=Clostridium botulinum CDC_1436 GN=ha-17 PE=4 SV=1 !!!ha17	1297	146	27	8	29.63	19	0	1103	1129	DYLQYDKPYYMLNLYDPNKYVDVNNVG
PROKKA_00008	tr|B2TSC0|B2TSC0_CLOBB Hemagglutinin component HA-17 OS=Clostridium botulinum (strain Eklund 17B / Type B) GN=ha17 PE=4 SV=1 !!!ha17	1297	146	27	8	29.63	19	0	1103	1129	DYLQYDKPYYMLNLYDPNKYVDVNNVG
PROKKA_00009	tr|B1BE43|B1BE43_CLOBO Botulinum neurotoxin type C, nontoxic-nonhemagglutinin component NTNH OS=Clostridium botulinum C str. Eklund GN=CBC_A0166 PE=4 SV=1 !!!ntnH	158	1196	72	22	30.56	44	6	23	90	NILDRNFYANKPNQKWLTDVTEFKLTDETKAYLS--EILDLHDNSIISYVLGKSNNNVLVFE--TFDKAVTS
PROKKA_00009	tr|A0A0X1KH90|A0A0X1KH90_CLOBA Botulinum neurotoxin type E, nontoxic-nonhemagglutinin component, NTNH OS=Clostridium botulinum (strain Alaska E43 / Type E3) PE=1 SV=1 !!!ntnH	158	1163	46	15	32.61	27	4	55	98	LSEILDLHDNSIISYVLGKSNNNVLV--FETFDKAVTSNPDASPLF
PROKKA_00009	tr|C5UY14|C5UY14_CLOBO Botulinum neurotoxin type E1, nontoxic-nonhemagglutinin component, NTNH OS=Clostridium botulinum E1 str. 'BoNT E Beluga' GN=ntnH PE=4 SV=1 !!!ntnH	158	1163	46	15	32.61	27	4	55	98	LSEILDLHDNSIISYVLGKSNNNVLV--FETFDKAVTSNPDASPLF
PROKKA_00009	tr|C4IHM0|C4IHM0_CLOBU Botulinum neurotoxin type E, nontoxic-nonhemagglutinin component, NTNH OS=Clostridium butyricum E4 str. BoNT E BL5262 GN=ntnH PE=4 SV=1 !!!ntnH	158	1163	46	15	32.61	27	4	55	98	LSEILDLHDNSIISYVLGKSNNNVLV--FETFDKAVTSNPDASPLF
PROKKA_00009	tr|A0A059PYB0|A0A059PYB0_9CLOT Toxin complex component ORF-X2 OS=Clostridium baratii PE=4 SV=1 !!!ORF-X2	158	748	16	8	50.00	8	0	141	156	EIIKSEMYYLRKFHNF
PROKKA_00009	tr|C5VU80|C5VU80_CLOBO Botulinum neurotoxin type D, nontoxic-nonhemagglutinin component, NTNH OS=Clostridium botulinum D str. 1873 GN=ntnH PE=4 SV=1 !!!ntnH	158	1196	72	22	30.56	44	6	23	90	NILDRNFYANKPNQKWLTDVTEFKLTDETKAYLS--EILDLHDNSIISYVLGKSNNNVLVFE--TFDKAVTS
PROKKA_00009	tr|C5UY11|C5UY11_CLOBO Toxin complex component ORF-X2 OS=Clostridium botulinum E1 str. 'BoNT E Beluga' GN=CLO_2648 PE=4 SV=1 !!!ORF-X2	158	748	16	7	43.75	9	0	141	156	EIIKSEMYYLRKFHNF
PROKKA_00009	tr|A7GBG1|A7GBG1_CLOBL P-47 protein OS=Clostridium botulinum (strain Langeland / NCTC 10281 / Type F) GN=p47 PE=4 SV=1 !!!P-47	158	416	62	17	27.42	35	10	96	156	PLFHSDSGFQYTSKSFKNKLNEIGATQSMSRVGRCIDNGPMEGFWEIIKSEM-YYLRKFHNF
PROKKA_00009	tr|M1ZUL7|M1ZUL7_CLOBO P-47 protein OS=Clostridium botulinum CFSAN001627 GN=CFSAN001627_20700 PE=4 SV=1 !!!P-47	158	416	62	17	27.42	35	10	96	156	PLFHSDSGFQYTSKSFKNKLNEIGATQSMSRVGRCIDNGPMEGFWEIIKSEM-YYLRKFHNF
PROKKA_00010	tr|C1FUH5|C1FUH5_CLOBJ Toxin complex component ORF-X1 OS=Clostridium botulinum (strain Kyoto / Type A2) GN=CLM_0893 PE=4 SV=1 !!!ORF-X1	42	142	18	8	44.44	10	0	15	32	KLVLEDDMSVSDVAKDYL
PROKKA_00010	tr|B1L2G1|B1L2G1_CLOBM Toxin complex component ORF-X1 OS=Clostridium botulinum (strain Loch Maree / Type A3) GN=CLK_A0072 PE=4 SV=1 !!!ORF-X1	42	142	18	8	44.44	10	0	15	32	KLVLEDDMSVSDVAKDYL
PROKKA_00010	tr|A7GBF9|A7GBF9_CLOBL Toxin complex component ORF-X1 OS=Clostridium botulinum (strain Langeland / NCTC 10281 / Type F) GN=CLI_0847 PE=4 SV=1 !!!ORF-X1	42	142	18	8	44.44	10	0	15	32	KLVLEDDMSVSDVAKDYL
PROKKA_00011	tr|A0A0C1QVX2|A0A0C1QVX2_9CLOT Hemagglutinin component HA-17 OS=Clostridium argentinense CDC 2741 GN=ha-17 PE=4 SV=1 !!!ha17	241	147	64	14	21.88	46	4	23	86	AKVLNNRGVHISRKRVSRLMEELKLYPKGIRYRYKRYNQKSNAIERPNLLNQMFRTDKNNKIWV
PROKKA_00011	tr|C5UY11|C5UY11_CLOBO Toxin complex component ORF-X2 OS=Clostridium botulinum E1 str. 'BoNT E Beluga' GN=CLO_2648 PE=4 SV=1 !!!ORF-X2	241	748	18	9	50.00	9	0	208	225	KEIFKYIELYYNTKRIHS
PROKKA_00011	tr|A0A0A7FV57|A0A0A7FV57_9CLOT Clostridium P-47 family protein OS=Clostridium baratii str. Sullivan GN=U729_696 PE=4 SV=1 !!!P-47	241	491	16	9	56.25	7	0	179	194	DNAVMESFYRTIKREL
PROKKA_00011	tr|A0A059PY44|A0A059PY44_9CLOT Toxin complex component ORF-X3 OS=Clostridium baratii PE=4 SV=1 !!!ORF-X3	241	491	16	9	56.25	7	0	179	194	DNAVMESFYRTIKREL
PROKKA_00012	tr|A0A059PYB0|A0A059PYB0_9CLOT Toxin complex component ORF-X2 OS=Clostridium baratii PE=4 SV=1 !!!ORF-X2	466	748	103	27	26.21	70	6	275	377	IKDKENTVKCDEIVVHLDNEGIIKVLNAFFEKVSKDENLKLLVREKVFEFLSIAQNNEDLNKFNLSKEDVDNIKREFNSEYDSFMSELSYIEKADKKGFNGKI
PROKKA_00012	tr|A0A073CND8|A0A073CND8_CLOBO P-47 protein OS=Clostridium botulinum A2B3 87 GN=N496_18585 PE=4 SV=1 !!!P-47	466	415	76	22	28.95	51	3	357	432	SFMSELSYIEKADKKGFNGKINSLTKVRVDSKNYIRGFKSQVSIENKKTSFNFISDTVVNSINSKLHIKKISKEGA
PROKKA_00012	tr|B2TSC3|B2TSC3_CLOBB Botulinum neurotoxin type B OS=Clostridium botulinum (strain Eklund 17B / Type B) GN=ntnH PE=4 SV=1 !!!ntnH	466	1197	40	12	30.00	28	0	123	162	TLDTVSDFKIKSKLQPQESMEYKYIENIIEQCTLRVNNKV
PROKKA_00014	tr|C1FUH7|C1FUH7_CLOBJ P-47 protein OS=Clostridium botulinum (strain Kyoto / Type A2) GN=p47 PE=4 SV=1 !!!P-47	434	416	46	14	30.43	32	0	161	206	IKGLVSPLGPTISTGFKGAFSKSLLEGYQTMDAMASVIFASIIITA
PROKKA_00014	tr|M1ZUL7|M1ZUL7_CLOBO P-47 protein OS=Clostridium botulinum CFSAN001627 GN=CFSAN001627_20700 PE=4 SV=1 !!!P-47	434	416	123	33	26.83	59	31	161	275	IKGLVSPLGPTISTGFKGAFSKSLLEGYQTMDAMASVIFASIIITAVRAKGYTEKKDIVSLTIKSGIVAAVGLAFVY--------GGLMILGSHTSQIIPGEIGRSALVVEIVKRLLGNAGTV
PROKKA_00014	tr|A0A073CND8|A0A073CND8_CLOBO P-47 protein OS=Clostridium botulinum A2B3 87 GN=N496_18585 PE=4 SV=1 !!!P-47	434	415	46	14	30.43	32	0	161	206	IKGLVSPLGPTISTGFKGAFSKSLLEGYQTMDAMASVIFASIIITA
PROKKA_00014	tr|A7GBG1|A7GBG1_CLOBL P-47 protein OS=Clostridium botulinum (strain Langeland / NCTC 10281 / Type F) GN=p47 PE=4 SV=1 !!!P-47	434	416	123	33	26.83	59	31	161	275	IKGLVSPLGPTISTGFKGAFSKSLLEGYQTMDAMASVIFASIIITAVRAKGYTEKKDIVSLTIKSGIVAAVGLAFVY--------GGLMILGSHTSQIIPGEIGRSALVVEIVKRLLGNAGTV
PROKKA_00014	tr|B1L2G3|B1L2G3_CLOBM P-47 protein OS=Clostridium botulinum (strain Loch Maree / Type A3) GN=p47 PE=4 SV=1 !!!P-47	434	416	46	14	30.43	32	0	161	206	IKGLVSPLGPTISTGFKGAFSKSLLEGYQTMDAMASVIFASIIITA
PROKKA_00014	tr|C5UY13|C5UY13_CLOBO P-47 protein OS=Clostridium botulinum E1 str. 'BoNT E Beluga' GN=p47 PE=4 SV=1 !!!P-47	434	416	46	14	30.43	32	0	161	206	IKGLVSPLGPTISTGFKGAFSKSLLEGYQTMDAMASVIFASIIITA
PROKKA_00015	tr|B1BE46|B1BE46_CLOBO Non-toxin haemagglutinin HA-70 OS=Clostridium botulinum C str. Eklund GN=CBC_A0169 PE=4 SV=1 !!!ha70	439	623	54	18	33.33	26	10	267	318	KRDLGNIGIVILGIAVGLACLTTAI--GLLSTGAEYLSKLTKGKVSYNAFAIII
PROKKA_00016	tr|A0A0C1TZQ5|A0A0C1TZQ5_9CLOT Hemagglutinin components HA-22/23/53 OS=Clostridium argentinense CDC 2741 GN=ha-70 PE=4 SV=1 !!!ha70	361	629	33	12	36.36	18	3	270	302	NFLEPIFNIENVSNISRYDNKLVNEKLKKAKNL
PROKKA_00016	tr|A0A073CMR9|A0A073CMR9_CLOBO Transcriptional regulator OS=Clostridium botulinum A2B3 87 GN=N496_18580 PE=4 SV=1 !!! 	361	178	123	34	27.64	78	11	58	178	EAFKE-YFNGAPYIDIININFKSESPIDDFLNKALDVLTINDKNEYTTLCSNKNINLIEQDLLATYYASFNMKSNSIFSRDKDVRYALNLA-IDKNKIIKDILGGLGVEAKGPFPPSIIPNNK
PROKKA_00016	tr|B1BE46|B1BE46_CLOBO Non-toxin haemagglutinin HA-70 OS=Clostridium botulinum C str. Eklund GN=CBC_A0169 PE=4 SV=1 !!!ha70	361	623	53	16	30.19	35	2	87	137	LNKALDVLTINDKNEYTTLC--SNKNINLIEQDLLATYYASFNMKSNSIFSRD
PROKKA_00016	tr|B2TSC1|B2TSC1_CLOBB Haemagglutinin component OS=Clostridium botulinum (strain Eklund 17B / Type B) GN=ha33 PE=4 SV=1  !!!ha33	361	292	14	7	50.00	7	0	45	58	YKISEFNDEGCKLE
PROKKA_00016	tr|B2TSC3|B2TSC3_CLOBB Botulinum neurotoxin type B OS=Clostridium botulinum (strain Eklund 17B / Type B) GN=ntnH PE=4 SV=1 !!!ntnH	361	1197	18	9	50.00	9	0	142	159	YALNLAIDKNKIIKDILG
