PROKKA_00001	tr|C5UY10|C5UY10_CLOBO Toxin complex component ORF-X3 OS=Clostridium botulinum E1 str. 'BoNT E Beluga' GN=CLO_2647 PE=4 SV=1 !!!ORF-X3	488	487	487	487	100.00	0	0	1	487	MQTTTLNWDTVYAVPINIVNEAIKLKHPTPENFELLNGKYGNCSGSFEEWQITNGGDGSNIRLKIPIKNFKATIIGNRLNGKGGFAFANLEVQVKLKYLPHFPQSKNKDIELVDLKIRTQSDNPEDPAIIVISSYKNIQGFYFEDEYKLTEDDEFVVSYFYRLIKEWLEKNLHFFNYIFNTVNLNLYISDKEKWEWTKPSYVDYAYSEIEGDLSRSALGVLCMTGGRTGSKNQQQKIDPYAIPKKSQSGFLISEERLLRNILLPTIPKKFPKSKGDEFEVINESSQGGGYSYILKLKKGKKIDLENIQAVGYTCTPYIQEMKIYLLGSYLKLETTTRVDLPLGVASICETTCEYKFKLSTNNKGEQTIAYEQIGSPVNIQYSENTGNVGLNIVVSFLSATLSFALTFVPGFGTFLAVGLIGGCLIGSVALIPTFIESYNSDTAPSIDLSLENSVSEITWNSSDVFNLDYVALAGPLQLGGTLQVQNS
PROKKA_00001	tr|A0A0A7FV57|A0A0A7FV57_9CLOT Clostridium P-47 family protein OS=Clostridium baratii str. Sullivan GN=U729_696 PE=4 SV=1 !!!P-47	488	491	491	397	80.86	90	4	1	487	MQTTTLNWDTVYAVPINIVNEAIKLKHPTPENFELLNGKYGNCSGSFEEWQITNGGDGSNIRLKIPIKNFKATIIGNRLNGKGGFAFANLEVQVKLKYLPHFPQSKNKDIELVDLKIRTQSDNPEDPAIIVISSYKNIQGFYFEDEYK----LTEDDEFVVSYFYRLIKEWLEKNLHFFNYIFNTVNLNLYISDKEKWEWTKPSYVDYAYSEIEGDLSRSALGVLCMTGGRTGSKNQQQKIDPYAIPKKSQSGFLISEERLLRNILLPTIPKKFPKSKGDEFEVINESSQGGGYSYILKLKKGKKIDLENIQAVGYTCTPYIQEMKIYLLGSYLKLETTTRVDLPLGVASICETTCEYKFKLSTNNKGEQTIAYEQIGSPVNIQYSENTGNVGLNIVVSFLSATLSFALTFVPGFGTFLAVGLIGGCLIGSVALIPTFIESYNSDTAPSIDLSLENSVSEITWNSSDVFNLDYVALAGPLQLGGTLQVQNS
PROKKA_00001	tr|A0A059PY44|A0A059PY44_9CLOT Toxin complex component ORF-X3 OS=Clostridium baratii PE=4 SV=1 !!!ORF-X3	488	491	491	396	80.65	91	4	1	487	MQTTTLNWDTVYAVPINIVNEAIKLKHPTPENFELLNGKYGNCSGSFEEWQITNGGDGSNIRLKIPIKNFKATIIGNRLNGKGGFAFANLEVQVKLKYLPHFPQSKNKDIELVDLKIRTQSDNPEDPAIIVISSYKNIQGFYFEDEYK----LTEDDEFVVSYFYRLIKEWLEKNLHFFNYIFNTVNLNLYISDKEKWEWTKPSYVDYAYSEIEGDLSRSALGVLCMTGGRTGSKNQQQKIDPYAIPKKSQSGFLISEERLLRNILLPTIPKKFPKSKGDEFEVINESSQGGGYSYILKLKKGKKIDLENIQAVGYTCTPYIQEMKIYLLGSYLKLETTTRVDLPLGVASICETTCEYKFKLSTNNKGEQTIAYEQIGSPVNIQYSENTGNVGLNIVVSFLSATLSFALTFVPGFGTFLAVGLIGGCLIGSVALIPTFIESYNSDTAPSIDLSLENSVSEITWNSSDVFNLDYVALAGPLQLGGTLQVQNS
PROKKA_00001	tr|A7GBF7|A7GBF7_CLOBL Toxin complex component ORF-X3 OS=Clostridium botulinum (strain Langeland / NCTC 10281 / Type F) GN=CLI_0845 PE=4 SV=1 !!!ORF-X3	488	490	490	376	76.73	111	3	1	487	MQTTTLNWDTVYAVPINIVNEAIKLKHPTPENFELLNGKYGNCSGSFEEWQITNGGDGSNIRLKIPIKNFKATIIGNRLNGKGGFAFANLEVQVKLKYLPHFPQSKNKDIELVDLKIRTQSDNPEDPAIIVISSYKNIQGFYFEDEYK---LTEDDEFVVSYFYRLIKEWLEKNLHFFNYIFNTVNLNLYISDKEKWEWTKPSYVDYAYSEIEGDLSRSALGVLCMTGGRTGSKNQQQKIDPYAIPKKSQSGFLISEERLLRNILLPTIPKKFPKSKGDEFEVINESSQGGGYSYILKLKKGKKIDLENIQAVGYTCTPYIQEMKIYLLGSYLKLETTTRVDLPLGVASICETTCEYKFKLSTNNKGEQTIAYEQIGSPVNIQYSENTGNVGLNIVVSFLSATLSFALTFVPGFGTFLAVGLIGGCLIGSVALIPTFIESYNSDTAPSIDLSLENSVSEITWNSSDVFNLDYVALAGPLQLGGTLQVQNS
PROKKA_00001	tr|C1FUH3|C1FUH3_CLOBJ Toxin complex component ORF-X3 OS=Clostridium botulinum (strain Kyoto / Type A2) GN=CLM_0891 PE=4 SV=1 !!!ORF-X3	488	490	490	375	76.53	112	3	1	487	MQTTTLNWDTVYAVPINIVNEAIKLKHPTPENFELLNGKYGNCSGSFEEWQITNGGDGSNIRLKIPIKNFKATIIGNRLNGKGGFAFANLEVQVKLKYLPHFPQSKNKDIELVDLKIRTQSDNPEDPAIIVISSYKNIQGFYFEDEYK---LTEDDEFVVSYFYRLIKEWLEKNLHFFNYIFNTVNLNLYISDKEKWEWTKPSYVDYAYSEIEGDLSRSALGVLCMTGGRTGSKNQQQKIDPYAIPKKSQSGFLISEERLLRNILLPTIPKKFPKSKGDEFEVINESSQGGGYSYILKLKKGKKIDLENIQAVGYTCTPYIQEMKIYLLGSYLKLETTTRVDLPLGVASICETTCEYKFKLSTNNKGEQTIAYEQIGSPVNIQYSENTGNVGLNIVVSFLSATLSFALTFVPGFGTFLAVGLIGGCLIGSVALIPTFIESYNSDTAPSIDLSLENSVSEITWNSSDVFNLDYVALAGPLQLGGTLQVQNS
PROKKA_00001	tr|B1L2F9|B1L2F9_CLOBM Toxin complex component ORF-X3 OS=Clostridium botulinum (strain Loch Maree / Type A3) GN=CLK_A0070 PE=4 SV=1 !!!ORF-X3	488	490	490	371	75.71	116	3	1	487	MQTTTLNWDTVYAVPINIVNEAIKLKHPTPENFELLNGKYGNCSGSFEEWQITNGGDGSNIRLKIPIKNFKATIIGNRLNGKGGFAFANLEVQVKLKYLPHFPQSKNKDIELVDLKIRTQSDNPEDPAIIVISSYKNIQGFYFEDEYK---LTEDDEFVVSYFYRLIKEWLEKNLHFFNYIFNTVNLNLYISDKEKWEWTKPSYVDYAYSEIEGDLSRSALGVLCMTGGRTGSKNQQQKIDPYAIPKKSQSGFLISEERLLRNILLPTIPKKFPKSKGDEFEVINESSQGGGYSYILKLKKGKKIDLENIQAVGYTCTPYIQEMKIYLLGSYLKLETTTRVDLPLGVASICETTCEYKFKLSTNNKGEQTIAYEQIGSPVNIQYSENTGNVGLNIVVSFLSATLSFALTFVPGFGTFLAVGLIGGCLIGSVALIPTFIESYNSDTAPSIDLSLENSVSEITWNSSDVFNLDYVALAGPLQLGGTLQVQNS
PROKKA_00001	tr|A7GBF8|A7GBF8_CLOBL Toxin complex component ORF-X2 OS=Clostridium botulinum (strain Langeland / NCTC 10281 / Type F) GN=CLI_0846 PE=4 SV=1 !!!ORF-X2	488	750	282	73	25.89	166	43	6	265	LNWDTVYAVPINIVNEAIKLKHPTPENFELL---NGKYGNCSGSFEEWQITNGGDGSNIRLKIPIKNFKATIIGNRLNGKG-GFAFANLEVQVKLKYLP-----HFPQSKNKDIELVDLKIRTQSDNPEDPAIIVISSYKNIQGFYFEDEYKLTEDDEFVVS----YFYRLIKEWLEKNLHFFNYIFNTVNLNLYISDKEKWEWTKPSYVDYAYSEIEG-----DLSRSALGVLCMTGGRTGSKNQQQKIDPYAIPKKSQSGFLIS----EERLLRNILLPT
PROKKA_00001	tr|A7GBF8|A7GBF8_CLOBL Toxin complex component ORF-X2 OS=Clostridium botulinum (strain Langeland / NCTC 10281 / Type F) GN=CLI_0846 PE=4 SV=1 !!!ORF-X2	488	750	44	15	34.09	25	4	30	69	PENF--ELLNGKYGNCS--GSFEEWQITNGGDGSNIRLKIPIKN
PROKKA_00001	tr|A0A073CND8|A0A073CND8_CLOBO P-47 protein OS=Clostridium botulinum A2B3 87 GN=N496_18585 PE=4 SV=1 !!!P-47	488	415	290	82	28.28	168	40	5	288	TLNWDTVYAVPINIVNEAIKLKHPTPENFELL---NGKYGNCSGSFEEWQITNGGDGSNIRLKIPIKN--FKATIIGNRLNGKGGFAFANLEVQVKLKYLPHFPQSKNKDIELVDLKIRTQSDNPEDPAIIVISSYKNIQGFYFEDEYKLTEDDEFVVSYFYRLIKEWLEKNLHFFNYIFNTVNLNLYISDKEKWEWTKPSYVDYAYSEIEGDLSRSALGVLCMTGGRTGSKNQQQKIDPYAIPKKSQSGFLISEERLLRNILLPTIPKKFPKS-KGDEFEVINESSQGG
PROKKA_00001	tr|C1FUH7|C1FUH7_CLOBJ P-47 protein OS=Clostridium botulinum (strain Kyoto / Type A2) GN=p47 PE=4 SV=1 !!!P-47	488	416	293	83	28.33	164	46	5	288	TLNWDTVYAVPINIVNEAIKLKHPTPENFELLNGKYGNCSGS------FEEWQITNGGDGSNIRLKIPIKN--FKATIIGNRLNGKGGFAFANLEVQVKLKYLPHFPQSKNKDIELVDLKIRTQSDNPEDPAIIVISSYKNIQGFYFEDEYKLTEDDEFVVSYFYRLIKEWLEKNLHFFNYIFNTVNLNLYISDKEKWEWTKPSYVDYAYSEIEGDLSRSALGVLCMTGGRTGSKNQQQKIDPYAIPKKSQSGFLISEERLLRNILLPTIPKKFPKS-KGDEFEVINESSQGG
PROKKA_00001	tr|A7GBG1|A7GBG1_CLOBL P-47 protein OS=Clostridium botulinum (strain Langeland / NCTC 10281 / Type F) GN=p47 PE=4 SV=1 !!!P-47	488	416	290	80	27.59	170	40	5	288	TLNWDTVYAVPINIVNEAIKLKHPTPENFELL---NGKYGNCSGSFEEWQITNGGDGSNIRLKIPIKN--FKATIIGNRLNGKGGFAFANLEVQVKLKYLPHFPQSKNKDIELVDLKIRTQSDNPEDPAIIVISSYKNIQGFYFEDEYKLTEDDEFVVSYFYRLIKEWLEKNLHFFNYIFNTVNLNLYISDKEKWEWTKPSYVDYAYSEIEGDLSRSALGVLCMTGGRTGSKNQQQKIDPYAIPKKSQSGFLISEERLLRNILLPTIPKKFPKS-KGDEFEVINESSQGG
PROKKA_00001	tr|B1L2G3|B1L2G3_CLOBM P-47 protein OS=Clostridium botulinum (strain Loch Maree / Type A3) GN=p47 PE=4 SV=1 !!!P-47	488	416	293	82	27.99	165	46	5	288	TLNWDTVYAVPINIVNEAIKLKHPTPENFELLNGKYGNCSGS------FEEWQITNGGDGSNIRLKIPIKN--FKATIIGNRLNGKGGFAFANLEVQVKLKYLPHFPQSKNKDIELVDLKIRTQSDNPEDPAIIVISSYKNIQGFYFEDEYKLTEDDEFVVSYFYRLIKEWLEKNLHFFNYIFNTVNLNLYISDKEKWEWTKPSYVDYAYSEIEGDLSRSALGVLCMTGGRTGSKNQQQKIDPYAIPKKSQSGFLISEERLLRNILLPTIPKKFPKS-KGDEFEVINESSQGG
PROKKA_00001	tr|M1ZUL7|M1ZUL7_CLOBO P-47 protein OS=Clostridium botulinum CFSAN001627 GN=CFSAN001627_20700 PE=4 SV=1 !!!P-47	488	416	290	81	27.93	169	40	5	288	TLNWDTVYAVPINIVNEAIKLKHPTPENFELL---NGKYGNCSGSFEEWQITNGGDGSNIRLKIPIKN--FKATIIGNRLNGKGGFAFANLEVQVKLKYLPHFPQSKNKDIELVDLKIRTQSDNPEDPAIIVISSYKNIQGFYFEDEYKLTEDDEFVVSYFYRLIKEWLEKNLHFFNYIFNTVNLNLYISDKEKWEWTKPSYVDYAYSEIEGDLSRSALGVLCMTGGRTGSKNQQQKIDPYAIPKKSQSGFLISEERLLRNILLPTIPKKFPKS-KGDEFEVINESSQGG
PROKKA_00001	tr|C5UY13|C5UY13_CLOBO P-47 protein OS=Clostridium botulinum E1 str. 'BoNT E Beluga' GN=p47 PE=4 SV=1 !!!P-47	488	416	390	100	25.64	222	68	5	377	TLNWDTVYAVPINIVNEAIKLKHPTPEN-FELLNG---KYGNCSGSFEEWQITNGGDGSNIRLKIPIKNFKATIIGNRLNGKGGFAFANLEV---------QVKLKYLPHFPQSKNKDIELVDLKIRTQSDNPEDPAIIVISSYKNIQGFYFEDEYKLTEDDEFVVSYFYRLIKEWLEKNLHFFNYIFNTVNLNLYISDKEKWEWTKPSYVDYAYSEIEGDLSRSALGVLCMTGGRTGSKNQQQKIDPYAIPKKSQSGFLISEERLLRNILLPTIPKKFPKS-KGDEFEVINESSQGGGYSYILKLKKGKKIDLENIQAVGYTCTPYIQEMKIYLL-GSYLKLETTTRVDLP--LGVASICETTCEYKFKLSTNNKGEQTIAYEQIGSPV
PROKKA_00001	tr|A0A059PYB0|A0A059PYB0_9CLOT Toxin complex component ORF-X2 OS=Clostridium baratii PE=4 SV=1 !!!ORF-X2	488	748	280	76	27.14	162	42	6	263	LNWDTVYAVPINIVNEAIKLKHPTPENFELLNGKYGN---CSGSFEEWQITNGGDGSNIRLKIPIKNFKATIIGNRLNGK-GGFAFANLEVQVKLKYLPHF-----PQSKNKDIELVDLKIRTQSDNPEDPAIIVISSYKNIQG----FYFEDEYKLTEDDEFVVSYFYRLIKEWLEKNLHFFNYIFNTVNLNLYISDKEKWEWTKPSYVDYAYSEIEG---------DLSRSALGVLCMTGGRTGSKNQQQKIDPYAIPKKSQSGFLISEERLLRNILL
PROKKA_00001	tr|C5UY11|C5UY11_CLOBO Toxin complex component ORF-X2 OS=Clostridium botulinum E1 str. 'BoNT E Beluga' GN=CLO_2648 PE=4 SV=1 !!!ORF-X2	488	748	325	80	24.62	195	50	6	308	LNWDTVYAVPINIVNEAIKLKHPTPENF----ELLNGKYGNCSGSFEEWQITNGGDGSNIRLKIPIKNFKATIIGNRLNGK-GGFAFANLEVQVKLKYLPHF-----PQSKNKDIELVDLKIRTQSDNPEDPAIIVISSYKNI-QGFYFEDEYKLTEDDEFVVSYFYRLIKEWLEKNLHFFNYIFNTVNLNLYISDKEKWEWTKPSYVDYAYSEIE-----------GDLSRSALGVLCMTGGRTGSKNQQQKIDPYAIPKKSQSGFLISEERLLRNILLPTIPKKFPKSKGDEFEVINESSQGGGYSYILKLKKGKKIDLENIQ
PROKKA_00001	tr|C5UY11|C5UY11_CLOBO Toxin complex component ORF-X2 OS=Clostridium botulinum E1 str. 'BoNT E Beluga' GN=CLO_2648 PE=4 SV=1 !!!ORF-X2	488	748	166	41	24.70	86	39	19	180	VNEAIKLKHPTPENFELLNGKYGNC--SGSFEEWQITNGGDGSNIRLKIPIKNFKATIIGNRLNGKGGFAFANLEVQVKLKYLPHFPQSKNKDIEL-VDLKIRTQSDNPEDPAIIVISSYKNIQGFYFE-DEYKLTEDDEFVVSYFYRLIKEWLEKNLHFFNYIFN
PROKKA_00001	tr|C5UY11|C5UY11_CLOBO Toxin complex component ORF-X2 OS=Clostridium botulinum E1 str. 'BoNT E Beluga' GN=CLO_2648 PE=4 SV=1 !!!ORF-X2	488	748	44	12	27.27	32	0	439	482	NSDTAPSIDLSLENSVSEITWNSSDVFNLDYVALAGPLQLGGTL
PROKKA_00001	tr|C5UY11|C5UY11_CLOBO Toxin complex component ORF-X2 OS=Clostridium botulinum E1 str. 'BoNT E Beluga' GN=CLO_2648 PE=4 SV=1 !!!ORF-X2	488	748	27	11	40.74	16	0	425	451	IGSVALIPTFIESYNSDTAPSIDLSLE
PROKKA_00001	tr|C1FUH5|C1FUH5_CLOBJ Toxin complex component ORF-X1 OS=Clostridium botulinum (strain Kyoto / Type A2) GN=CLM_0893 PE=4 SV=1 !!!ORF-X1	488	142	33	10	30.30	23	0	304	336	LENIQAVGYTCTPYIQEMKIYLLGSYLKLETTT
PROKKA_00001	tr|B1L2G1|B1L2G1_CLOBM Toxin complex component ORF-X1 OS=Clostridium botulinum (strain Loch Maree / Type A3) GN=CLK_A0072 PE=4 SV=1 !!!ORF-X1	488	142	33	10	30.30	23	0	304	336	LENIQAVGYTCTPYIQEMKIYLLGSYLKLETTT
PROKKA_00001	tr|A7GBF9|A7GBF9_CLOBL Toxin complex component ORF-X1 OS=Clostridium botulinum (strain Langeland / NCTC 10281 / Type F) GN=CLI_0847 PE=4 SV=1 !!!ORF-X1	488	142	33	9	27.27	24	0	304	336	LENIQAVGYTCTPYIQEMKIYLLGSYLKLETTT
PROKKA_00002	tr|C5UY11|C5UY11_CLOBO Toxin complex component ORF-X2 OS=Clostridium botulinum E1 str. 'BoNT E Beluga' GN=CLO_2648 PE=4 SV=1 !!!ORF-X2	763	748	748	741	99.06	7	0	15	762	MTNLKPYIIYDWKETILKNSKDNYSINESIPKIFSKKICGGRFFNSTLSGNWKSWTLTDEGEGPHPVLKCTIDNGYLEIYSNTSSEKHSLKDIEIKVCMSIKPNSDGTHSLCKNSFYIKTNSLKLSEDRLILSHCLDKLILAWFKDNHKYIELFINRSRIQTRVEGDLSLLGWDIESSVSYKTMNEFIKKDNLYEKKFHQYMEVRRNEYTIDGEFGPWQMTTGADGQNIRFLCPIKSATYKINDDVYIAKPDNFIIIQVDLKYFDSKTTIIDPSGLNNGQQFNLKVKTDSTDEINAVILVGSRITDVNEDLYPGDDVSLEIVFKTWFNANIQKFTQIFSYILLNETSKIPEYQWLKPTQISYGSASVTMPDPSNPNKELSNLDASTFAAMAMVENHKNDRPNHAVDNRFLELSKTPAAFAISMPEFLKHFLVTGLQAMQIDNLDAFEVSSENLIITNKKKINFGKIQDQNRQVDALIEPNNFKLAIQNNQVVVEIVDATWQQVVGVTGHFGYRQAYNLILKNENNVYKPMLEESGEVTISYMVTEEAWKTKQDAIISATVGLVVGTIIGTAFSKLSDKLYKFLKSKFIVKNKKASLKISGKDINEVIEMSDLSKPQLLSIKKANAKISTEEVGLISQNGSTSIENLALFKNKPRPIGERVQILGLKLVSGLITTFGWSIGFVLPDILKDVINANINNDFEVLPGIQQFTQQCIGSIQWPDNSELKIDFAKLQGVYLLGGNLVKIPESN
PROKKA_00002	tr|A0A059PYB0|A0A059PYB0_9CLOT Toxin complex component ORF-X2 OS=Clostridium baratii PE=4 SV=1 !!!ORF-X2	763	748	743	486	65.41	255	2	15	757	MTNLKPYIIYDWKETILKNSKDNYSINESIPKIFSKKICGGRFFNSTLSGNWKSWTLTDEGEGPHPVLKCTIDNGYLEIYSNTSSEKHSLKDIEIKVCMSIKPNSDGTHSLCKNSFYIKTNSLKLSEDRLILSHCLDKLILAWFKDNHKYIELFINRSRIQTRVEGDLSLLGWDIESSVSYKTMNEFIKKDNLYEKKFHQYMEVRRNEYTIDGEFGPWQMTTGADGQNIRFLCPIKSATYKINDDVYIAKPDNFIIIQVDLKYFDSKTTIIDPSGLNNGQQFNLKVKTDSTDEINAVILVGSRITDVNEDLYPGDDVSLEIVFKTWFNANIQKFTQIFSYILLNETSKIPEYQWLKPTQISYGSASVTMPDPSNPNKELSNLDASTFAAMAMVENHKNDRPNHAVDNRFLELSKTPAAFAISMPEFLKHFLVTGLQAMQIDNLDAFEVSSENLIITNKKKINFGKIQDQNRQVDALIEPNNFKLAIQNNQVVVEIVDATWQQVVGVTGHFGYRQAYNLILKNENNVYKPMLEESGEVTISYMVTEEAWKTKQDAIISATVGLVVGTIIGTAFSKLSDKLYKFLKSKFIVKNKKASLKISGKDINEVIEMSDLSKPQLLSIKKANAKISTEEVGLISQNGSTSIENLALFKNKPRPIGERVQILGLKLVSGLITTFGWSIGFVLPDILKDVINANINNDFEVLPGIQQFTQQCIGSIQWPDNSELKIDFAKLQGVYLLGGNLVK
PROKKA_00002	tr|A7GBF8|A7GBF8_CLOBL Toxin complex component ORF-X2 OS=Clostridium botulinum (strain Langeland / NCTC 10281 / Type F) GN=CLI_0846 PE=4 SV=1 !!!ORF-X2	763	750	752	387	51.46	347	18	15	757	MTNLKPYIIYDWKETILKNSKDNYSINESIPKIFSKKICGGRFFNSTLSGNWKSWTLTDEGEGPHPVLKCTIDNGYLEIYSNTSSEKHSLKDIEIKVCMSIKPNSDGTHSLCK--NSFYIKTNSLKLSEDRLILSHCLDKLILAWFKDNHKYIELFINRSRIQTRVEGDLSLLGWDIESSVSYKTMNEFIKKDNLYEKKFHQYMEVRRNEYTIDGEFGPWQMTTGADGQNIRFLCPIKSATYKINDDVYIAKPDNFIIIQVDLKYFDSKTTIIDPSGLNNGQQFNLKVKTDSTDEINAVILVGSRITDVNEDLYPGDDVSLEIVFKTWFNANIQKFTQIFSYILLNETSKIPEYQWLKPTQISYGSASVTMPDPSNPNKELSNLDASTFAAMAMVENHKNDRPNHAVDNRFLELSKTPAAFAISMPEFLKHFLVTGLQAMQIDNLDAFEVSSENLIITNKKKINFGKIQDQN-RQVDALIEPNNFKLAIQNNQVVVEIVDATWQQVVGVTGHFGYRQAYNLILKNENNVYKPMLEESGEVTISYMVTEEAWKTKQDAIISATVGLVVGTIIGT----AFSKLSDKLYKFLKSKFIVKNKKASLKISGKDINEVIEMSDLSKPQLLSIKKANAKISTEEVGLISQNGSTSIENLALFKNKPRPIGERVQILGLKLVSGLITTFGW-SIGFVLPDILKDVINANINNDFEVLPGIQQFTQQCIGSIQWPD-NSELKIDFAKLQGVYLLGGNLVK
PROKKA_00002	tr|A7GBF7|A7GBF7_CLOBL Toxin complex component ORF-X3 OS=Clostridium botulinum (strain Langeland / NCTC 10281 / Type F) GN=CLI_0845 PE=4 SV=1 !!!ORF-X3	763	490	281	70	24.91	172	39	185	446	LGWDIESSVSYKTMNEFIKKDNLYEKKFHQYMEVRRNEYT-IDGEFGPWQMTTGADGQNIRFLCPIKSATYKINDDVYIAKPDNF----IIIQVDLKYFDSKTTIIDPSGLNNGQQFNLKVKTDSTDEINAVILVGSRITDV-----NED----LYPGDDVSLEIVF----KTWFNANIQKFTQIFSYILLN-ETSKIPEYQWLKPTQISYGSASVTMPDPSNPNKELSNLDASTFAAMAMVENHKNDRPNHAVDNRFLELSKTPAAFAISMPEFLKHFLV
PROKKA_00002	tr|A7GBF7|A7GBF7_CLOBL Toxin complex component ORF-X3 OS=Clostridium botulinum (strain Langeland / NCTC 10281 / Type F) GN=CLI_0845 PE=4 SV=1 !!!ORF-X3	763	490	39	10	25.64	29	0	717	755	PGIQQFTQQCIGSIQWPDNSELKIDFAKLQGVYLLGGNL
PROKKA_00002	tr|B1L2F9|B1L2F9_CLOBM Toxin complex component ORF-X3 OS=Clostridium botulinum (strain Loch Maree / Type A3) GN=CLK_A0070 PE=4 SV=1 !!!ORF-X3	763	490	282	72	25.53	169	41	185	446	LGWDIESSVSYKTMNEFIKKDNLYEKKFHQYMEVRRNEYT-IDGEFGPWQMTTGADGQNIRFLCPIKSATYKIND-DVYIAKPDNF----IIIQVDLKYFDSKTTIIDPSGLNNGQQFNLKVKTDSTDEINAVILVGSRITDV-----NED----LYPGDDVSLEIVF----KTWFNANIQKFTQIFSYILLN-ETSKIPEYQWLKPTQISYGSASVTMPDPSNPNKELSNLDASTFAAMAMVENHKNDRPNHAVDNRFLELSKTPAAFAISMPEFLKHFLV
PROKKA_00002	tr|B1L2F9|B1L2F9_CLOBM Toxin complex component ORF-X3 OS=Clostridium botulinum (strain Loch Maree / Type A3) GN=CLK_A0070 PE=4 SV=1 !!!ORF-X3	763	490	78	19	24.36	58	1	679	755	LKLVSGLITTFGWS-IGFVLPDILKDVINANINNDFEVLPGIQQFTQQCIGSIQWPDNSELKIDFAKLQGVYLLGGNL
PROKKA_00002	tr|B1L2F9|B1L2F9_CLOBM Toxin complex component ORF-X3 OS=Clostridium botulinum (strain Loch Maree / Type A3) GN=CLK_A0070 PE=4 SV=1 !!!ORF-X3	763	490	89	18	20.22	60	11	90	170	YLEIYSNTSSEKHSLKDIEIKV--------CMSIKPNSDGTHSLCKNSFYIKTNSLKLSEDRLILSHCLDKLILAWFKDNHKYIELFIN
PROKKA_00002	tr|C5UY10|C5UY10_CLOBO Toxin complex component ORF-X3 OS=Clostridium botulinum E1 str. 'BoNT E Beluga' GN=CLO_2647 PE=4 SV=1 !!!ORF-X3	763	487	301	74	24.58	186	41	185	466	LGWDIESSVSYKTMNEFIKKDNLYEKKFHQYMEVRRNEY-TIDGEFGPWQMTTGADGQNIRFLCPIKSATYKINDDVYIAKPDNFII----IQVDLKYFDSKTTIIDPSGLNNGQQF-NLKVKTDSTDEINAVILVGSRITDVNEDLYPGDDVSL----EIV-------FKTWFNANIQKFTQIFSYILLN-ETSKIPEYQWLKPTQISYGSASVTMPDPSNPNKELSNLDASTFAAMAMVENHKNDRPNHAVDNRFLELSKTPAAFAISMPEFLKHFLVTGL-QAMQIDNLDAFEVSSEN
PROKKA_00002	tr|C5UY10|C5UY10_CLOBO Toxin complex component ORF-X3 OS=Clostridium botulinum E1 str. 'BoNT E Beluga' GN=CLO_2647 PE=4 SV=1 !!!ORF-X3	763	487	166	41	24.70	86	39	40	170	INESI----PKIFSKKICGGRFFNSTLSGNWKSWTLTDEGEGPHPVLKCTIDNGYLEIYSNTSSEKHSL----------------------KDIEIKVCMSIKPNSDGTH-------SLCKN--SFYIKTNSLKLSEDRLILSHCLDKLILAWFKDNHKYIELFIN
PROKKA_00002	tr|C5UY10|C5UY10_CLOBO Toxin complex component ORF-X3 OS=Clostridium botulinum E1 str. 'BoNT E Beluga' GN=CLO_2647 PE=4 SV=1 !!!ORF-X3	763	487	42	11	26.19	31	0	714	755	EVLPGIQQFTQQCIGSIQWPDNSELKIDFAKLQGVYLLGGNL
PROKKA_00002	tr|C5UY10|C5UY10_CLOBO Toxin complex component ORF-X3 OS=Clostridium botulinum E1 str. 'BoNT E Beluga' GN=CLO_2647 PE=4 SV=1 !!!ORF-X3	763	487	27	11	40.74	16	0	308	334	INAVILVGSRITDVNEDLYPGDDVSLE
PROKKA_00002	tr|C1FUH3|C1FUH3_CLOBJ Toxin complex component ORF-X3 OS=Clostridium botulinum (strain Kyoto / Type A2) GN=CLM_0891 PE=4 SV=1 !!!ORF-X3	763	490	284	72	25.35	171	41	183	446	SLLGWDIESSVSYKTMNEFIKKDNLYEKKFHQYMEVRRNEYT-IDGEFGPWQMTTGADGQNIRFLCPIKSATYKIND-DVYIAKPDNF----IIIQVDLKYFDSKTTIIDPSGLNNGQQFNLKVKTDSTDEINAVILVGSRITDV-----NED----LYPGDDVSLEIVF----KTWFNANIQKFTQIFSYILLN-ETSKIPEYQWLKPTQISYGSASVTMPDPSNPNKELSNLDASTFAAMAMVENHKNDRPNHAVDNRFLELSKTPAAFAISMPEFLKHFLV
PROKKA_00002	tr|C1FUH3|C1FUH3_CLOBJ Toxin complex component ORF-X3 OS=Clostridium botulinum (strain Kyoto / Type A2) GN=CLM_0891 PE=4 SV=1 !!!ORF-X3	763	490	88	22	25.00	63	3	671	755	GERVQILG--LKLVSGLITTFGWS-IGFVLPDILKDVINANINNDFEVLPGIQQFTQQCIGSIQWPDNSELKIDFAKLQGVYLLGGNL
PROKKA_00002	tr|A0A0A7FV57|A0A0A7FV57_9CLOT Clostridium P-47 family protein OS=Clostridium baratii str. Sullivan GN=U729_696 PE=4 SV=1 !!!P-47	763	491	227	58	25.55	135	34	183	387	SLLGWDIESSVSYKTMNEFIKKDNLYEKKFHQYMEVRRNEY-TIDGEFGPWQMTTGADGQNIRFLCPIKSATYKINDDVYIAKPDNFII----IQVDLKYFDSKTTIIDPSGLNNGQQF-NLKVKTDSTDEINAVILVGSRITDVNEDLYPGDDVSLEIVF---------------KTWFNANIQKFTQIFSYILLN-ETSKIPEYQWLKPTQISYGSASVTMPDPS
PROKKA_00002	tr|A0A0A7FV57|A0A0A7FV57_9CLOT Clostridium P-47 family protein OS=Clostridium baratii str. Sullivan GN=U729_696 PE=4 SV=1 !!!P-47	763	491	81	26	32.10	44	11	677	755	LGLKLVSGLITTFGWSIGFV--LPDILKDVINANINNDFEVLPGIQQFTQQCIGSIQWPDNSELKIDFAKLQGVYLLGGNL
PROKKA_00002	tr|A0A059PY44|A0A059PY44_9CLOT Toxin complex component ORF-X3 OS=Clostridium baratii PE=4 SV=1 !!!ORF-X3	763	491	227	58	25.55	135	34	183	387	SLLGWDIESSVSYKTMNEFIKKDNLYEKKFHQYMEVRRNEY-TIDGEFGPWQMTTGADGQNIRFLCPIKSATYKINDDVYIAKPDNFII----IQVDLKYFDSKTTIIDPSGLNNGQQF-NLKVKTDSTDEINAVILVGSRITDVNEDLYPGDDVSLEIVF---------------KTWFNANIQKFTQIFSYILLN-ETSKIPEYQWLKPTQISYGSASVTMPDPS
PROKKA_00002	tr|A0A059PY44|A0A059PY44_9CLOT Toxin complex component ORF-X3 OS=Clostridium baratii PE=4 SV=1 !!!ORF-X3	763	491	81	27	33.33	43	11	677	755	LGLKLVSGLITTFGWSIGFV--LPDILKDVINANINNDFEVLPGIQQFTQQCIGSIQWPDNSELKIDFAKLQGVYLLGGNL
PROKKA_00002	tr|C1FUH7|C1FUH7_CLOBJ P-47 protein OS=Clostridium botulinum (strain Kyoto / Type A2) GN=p47 PE=4 SV=1 !!!P-47	763	416	294	72	24.49	169	53	182	464	LSLLGWDIESSVSYKTMN----EFIKKDNLYEKKFHQYMEVRRNEYTIDGEFGPWQMTTGADGQNIRFLCPIKSATYKIND---DVYIAKPDNFIIIQVDLKYFDSKTTIIDPSGLNNGQQFNLKVKTDSTDEINAVILVGSRITDVNEDLYPGDDVSLEIVFKTWFNANIQKFTQIFSYIL--LNETSKIPEYQWLKPTQISYGSASVTMPDPSNPNKELSNLDASTFAAMAMVENHKNDRPNHAVDNRFLELSKTPAAFAISMPEFLKHFLVTGLQAMQIDNLDA--FEVSS
PROKKA_00002	tr|A7GBG1|A7GBG1_CLOBL P-47 protein OS=Clostridium botulinum (strain Langeland / NCTC 10281 / Type F) GN=p47 PE=4 SV=1 !!!P-47	763	416	275	67	24.36	165	43	182	451	LSLLGWDIESSVSYKTMNEFIKKDNLYEKKFHQYMEVRRNEYTIDGEFGPWQMTTGADGQNIRFLCPIKSATYKIND---DVYIAKPDNFIIIQVDLKYFDSKTTIIDPSGLNNGQQFNLKVKTDSTDEINAVILVGSRITDVNEDLYPGDDVSLEIVFKTWFNANIQKFTQIFSYIL--LNETSKIPEYQWLKPTQISYGSASVTMPDPSNPNKELSNLDASTFAAMAMVENHKNDRPNHAVDNRFLELSKTPAAFAISMPEFLKHFLVTGLQA
PROKKA_00002	tr|B1L2G3|B1L2G3_CLOBM P-47 protein OS=Clostridium botulinum (strain Loch Maree / Type A3) GN=p47 PE=4 SV=1 !!!P-47	763	416	294	73	24.83	168	53	182	464	LSLLGWDIESSVSYKTMN----EFIKKDNLYEKKFHQYMEVRRNEYTIDGEFGPWQMTTGADGQNIRFLCPIKSATYKIND---DVYIAKPDNFIIIQVDLKYFDSKTTIIDPSGLNNGQQFNLKVKTDSTDEINAVILVGSRITDVNEDLYPGDDVSLEIVFKTWFNANIQKFTQIFSYIL--LNETSKIPEYQWLKPTQISYGSASVTMPDPSNPNKELSNLDASTFAAMAMVENHKNDRPNHAVDNRFLELSKTPAAFAISMPEFLKHFLVTGLQAMQIDNLDA--FEVSS
PROKKA_00002	tr|M1ZUL7|M1ZUL7_CLOBO P-47 protein OS=Clostridium botulinum CFSAN001627 GN=CFSAN001627_20700 PE=4 SV=1 !!!P-47	763	416	275	65	23.64	167	43	182	451	LSLLGWDIESSVSYKTMNEFIKKDNLYEKKFHQYMEVRRNEYTIDGEFGPWQMTTGADGQNIRFLCPIKSATYKIND---DVYIAKPDNFIIIQVDLKYFDSKTTIIDPSGLNNGQQFNLKVKTDSTDEINAVILVGSRITDVNEDLYPGDDVSLEIVFKTWFNANIQKFTQIFSYIL--LNETSKIPEYQWLKPTQISYGSASVTMPDPSNPNKELSNLDASTFAAMAMVENHKNDRPNHAVDNRFLELSKTPAAFAISMPEFLKHFLVTGLQA
PROKKA_00002	tr|A0A073CND8|A0A073CND8_CLOBO P-47 protein OS=Clostridium botulinum A2B3 87 GN=N496_18585 PE=4 SV=1 !!!P-47	763	415	200	49	24.50	121	30	182	376	LSLLGWDIESSVSYKTMNEFIKKDNLYEKKFHQYMEVRRNEYTIDGEFGPWQMTTGADGQNIRFLCPIKSATYKIND---DVYIAKPDNFIIIQVDLKYFDSKTTIIDPSGLNNGQQFNLKVKTDSTDEINAVILVGSRITDVNEDLYPGDDVSLEIVFKTWFNANIQKFTQIFSYIL--LNETSKIPEYQWLKPTQISY
PROKKA_00002	tr|B1INP8|B1INP8_CLOBK Hemagglutinin component HA33 OS=Clostridium botulinum (strain Okra / Type B1) GN=ha33 PE=1 SV=1 !!!ha33	763	294	37	10	27.03	27	0	37	73	NYSINESIPKIFSKKICGGRFFNSTLSGNWKSWTLTD
PROKKA_00003	tr|C5UY12|C5UY12_CLOBO Toxin complex component ORF-X1 OS=Clostridium botulinum E1 str. 'BoNT E Beluga' GN=CLO_2649 PE=4 SV=1 !!!ORF-X1	145	144	144	144	100.00	0	0	1	144	MELKQAFVFEFDENLSSSSGSIHLEKVKQNCSPNYDYFKITFIDGYLYIKNKSGVILDKYDLKNVISLVALKRDYLSLSLSNNKQIKKFKNIKNKHLKNKFNLYVINEDIEKRITKNGILEEVILNKMLLSILLGNEENLLQIS
PROKKA_00003	tr|C4IHL7|C4IHL7_CLOBU Toxin complex component ORF-X1 OS=Clostridium butyricum E4 str. BoNT E BL5262 GN=CLP_2748 PE=4 SV=1 !!!ORF-X1	145	144	144	144	100.00	0	0	1	144	MELKQAFVFEFDENLSSSSGSIHLEKVKQNCSPNYDYFKITFIDGYLYIKNKSGVILDKYDLKNVISLVALKRDYLSLSLSNNKQIKKFKNIKNKHLKNKFNLYVINEDIEKRITKNGILEEVILNKMLLSILLGNEENLLQIS
PROKKA_00003	tr|A7GBF9|A7GBF9_CLOBL Toxin complex component ORF-X1 OS=Clostridium botulinum (strain Langeland / NCTC 10281 / Type F) GN=CLI_0847 PE=4 SV=1 !!!ORF-X1	145	142	142	106	74.65	36	0	3	144	LKQAFVFEFDENLSSSSGSIHLEKVKQNCSPNYDYFKITFIDGYLYIKNKSGVILDKYDLKNVISLVALKRDYLSLSLSNNKQIKKFKNIKNKHLKNKFNLYVINEDIEKRITKNGILEEVILNKMLLSILLGNEENLLQIS
PROKKA_00003	tr|C1FUH5|C1FUH5_CLOBJ Toxin complex component ORF-X1 OS=Clostridium botulinum (strain Kyoto / Type A2) GN=CLM_0893 PE=4 SV=1 !!!ORF-X1	145	142	142	103	72.54	39	0	3	144	LKQAFVFEFDENLSSSSGSIHLEKVKQNCSPNYDYFKITFIDGYLYIKNKSGVILDKYDLKNVISLVALKRDYLSLSLSNNKQIKKFKNIKNKHLKNKFNLYVINEDIEKRITKNGILEEVILNKMLLSILLGNEENLLQIS
PROKKA_00003	tr|B1L2G1|B1L2G1_CLOBM Toxin complex component ORF-X1 OS=Clostridium botulinum (strain Loch Maree / Type A3) GN=CLK_A0072 PE=4 SV=1 !!!ORF-X1	145	142	142	102	71.83	40	0	3	144	LKQAFVFEFDENLSSSSGSIHLEKVKQNCSPNYDYFKITFIDGYLYIKNKSGVILDKYDLKNVISLVALKRDYLSLSLSNNKQIKKFKNIKNKHLKNKFNLYVINEDIEKRITKNGILEEVILNKMLLSILLGNEENLLQIS
PROKKA_00003	tr|A0A059PYE4|A0A059PYE4_9CLOT Toxin OS=Clostridium baratii GN=UC77_04385 PE=4 SV=1 !!! 	145	140	142	85	59.86	55	2	3	144	LKQAFVFEFDENLSSSSGSIHLEKVKQNCSPNYDYFKITFIDGYLYIKNKSGVILDKYDLKNVISLVALKRDYLSLSLSNNKQIKKFKNIKNKHLKNKFNLYVINEDIEKRITKNGILEEVILNKMLLSILLGNEENLLQIS
PROKKA_00003	tr|A0A0A7FVW8|A0A0A7FVW8_9CLOT Putative oRF-X1 OS=Clostridium baratii str. Sullivan GN=U729_698 PE=4 SV=1 !!!ORF-X1	145	140	142	85	59.86	55	2	3	144	LKQAFVFEFDENLSSSSGSIHLEKVKQNCSPNYDYFKITFIDGYLYIKNKSGVILDKYDLKNVISLVALKRDYLSLSLSNNKQIKKFKNIKNKHLKNKFNLYVINEDIEKRITKNGILEEVILNKMLLSILLGNEENLLQIS
PROKKA_00003	tr|C5UY13|C5UY13_CLOBO P-47 protein OS=Clostridium botulinum E1 str. 'BoNT E Beluga' GN=p47 PE=4 SV=1 !!!P-47	145	416	116	30	25.86	65	21	32	143	SPNYDYFKITFIDGYLYIKNKSGVILDKYDLKNVISLVALKRDYLSLSLSNNKQIKK----FKNIKNKHLKNKFNLYVINEDIEKRITKNGILEEVILNKMLLSILLGNEENLLQI
PROKKA_00003	tr|M1ZUL7|M1ZUL7_CLOBO P-47 protein OS=Clostridium botulinum CFSAN001627 GN=CFSAN001627_20700 PE=4 SV=1 !!!P-47	145	416	118	32	27.12	61	25	32	143	SPNYDYFKITFIDGYLYIKNKSGVILDKYDLKNVISLVALKRDYLSLSLSNNKQIKKFKNIKNKHLKN-KFNLYV-INEDIEKRITK-NGILEE---VILNKMLLSILLGNEENLLQI
PROKKA_00003	tr|A7GBF8|A7GBF8_CLOBL Toxin complex component ORF-X2 OS=Clostridium botulinum (strain Langeland / NCTC 10281 / Type F) GN=CLI_0846 PE=4 SV=1 !!!ORF-X2	145	750	28	10	35.71	16	2	67	92	SLVALKRDYLSLSLSN--NKQIKKFKNI
PROKKA_00003	tr|A7GBF8|A7GBF8_CLOBL Toxin complex component ORF-X2 OS=Clostridium botulinum (strain Langeland / NCTC 10281 / Type F) GN=CLI_0846 PE=4 SV=1 !!!ORF-X2	145	750	34	13	38.24	20	1	66	99	ISLVALKRDYLSLSLSNNKQIKKFKNIKNKHLKN
PROKKA_00003	tr|A7GBF8|A7GBF8_CLOBL Toxin complex component ORF-X2 OS=Clostridium botulinum (strain Langeland / NCTC 10281 / Type F) GN=CLI_0846 PE=4 SV=1 !!!ORF-X2	145	750	40	18	45.00	17	5	47	83	LYIKNKSGVILDKY---DLKNVISLVALKRDYLSLSLSNN
PROKKA_00003	tr|A0A073CND8|A0A073CND8_CLOBO P-47 protein OS=Clostridium botulinum A2B3 87 GN=N496_18585 PE=4 SV=1 !!!P-47	145	415	118	32	27.12	61	25	32	143	SPNYDYFKITFIDGYLYIKNKSGVILDKYDLKNVISLVALKRDYLSLSLSNNKQIKKFKNIKNKHLKN-KFNLYV-INEDIEKRITK-NGILEE---VILNKMLLSILLGNEENLLQI
PROKKA_00003	tr|B1L2G3|B1L2G3_CLOBM P-47 protein OS=Clostridium botulinum (strain Loch Maree / Type A3) GN=p47 PE=4 SV=1 !!!P-47	145	416	118	32	27.12	61	25	32	143	SPNYDYFKITFIDGYLYIKNKSGVILDKYDLKNVISLVALKRDYLSLSLSNNKQIKKFKNIKNKHLKN-KFNLYV-INEDIEKRITK-NGILEE---VILNKMLLSILLGNEENLLQI
PROKKA_00003	tr|A7GBG1|A7GBG1_CLOBL P-47 protein OS=Clostridium botulinum (strain Langeland / NCTC 10281 / Type F) GN=p47 PE=4 SV=1 !!!P-47	145	416	114	28	24.56	69	17	32	143	SPNYDYFKITFIDGYLYIKNKSGVILDKYDLKNVISLVALKRDYLS-LSLSNNKQIK-KFKNIKNKHLKNKFNLYVINEDIEKRITKNGILEEVILNKMLLSILLGNEENLLQI
PROKKA_00003	tr|C1FUH7|C1FUH7_CLOBJ P-47 protein OS=Clostridium botulinum (strain Kyoto / Type A2) GN=p47 PE=4 SV=1 !!!P-47	145	416	115	29	25.22	61	25	32	140	SPNYDYFKITFIDGYLYIKNKSGVILDKYDLKNVISLVALKRDYLSLSLSNNKQIKKFKNIKNKHLKN-KFNLYV-INEDIEKRITK-NGILEE---VILNKMLLSILLGNEENL
PROKKA_00003	tr|A7GBG2|A7GBG2_CLOBL Botulinum neurotoxin type F, nontoxic-nonhemagglutinin component, NTNH OS=Clostridium botulinum (strain Langeland / NCTC 10281 / Type F) GN=ntnH PE=4 SV=1 !!!ntnH	145	1163	31	13	41.94	17	1	36	66	DYFKITFIDGYLYIKNKSGVILDKYDLKNVI
PROKKA_00003	tr|C1FUH8|C1FUH8_CLOBJ Botulinum neurotoxin type A2, nontoxic-nonhemagglutinin component, NTNH OS=Clostridium botulinum (strain Kyoto / Type A2) GN=ntnH PE=4 SV=1 !!!ntnH	145	1159	31	13	41.94	17	1	36	66	DYFKITFIDGYLYIKNKSGVILDKYDLKNVI
PROKKA_00003	tr|C1FUH8|C1FUH8_CLOBJ Botulinum neurotoxin type A2, nontoxic-nonhemagglutinin component, NTNH OS=Clostridium botulinum (strain Kyoto / Type A2) GN=ntnH PE=4 SV=1 !!!ntnH	145	1159	57	19	33.33	35	3	78	131	LSLSNNKQ-IKKFKNIKNKHLKNKFNLYVINEDIEKRI--TKNGILEEVILNKMLLS
PROKKA_00003	tr|C5UY10|C5UY10_CLOBO Toxin complex component ORF-X3 OS=Clostridium botulinum E1 str. 'BoNT E Beluga' GN=CLO_2647 PE=4 SV=1 !!!ORF-X3	145	487	36	9	25.00	27	0	23	58	HLEKVKQNCSPNYDYFKITFIDGYLYIKNKSGVILD
PROKKA_00003	tr|A0A0X1KH90|A0A0X1KH90_CLOBA Botulinum neurotoxin type E, nontoxic-nonhemagglutinin component, NTNH OS=Clostridium botulinum (strain Alaska E43 / Type E3) PE=1 SV=1 !!!ntnH	145	1163	22	8	36.36	14	0	18	39	SSGSIHLEKVKQNCSPNYDYFK
PROKKA_00003	tr|C4IHM0|C4IHM0_CLOBU Botulinum neurotoxin type E, nontoxic-nonhemagglutinin component, NTNH OS=Clostridium butyricum E4 str. BoNT E BL5262 GN=ntnH PE=4 SV=1 !!!ntnH	145	1163	22	8	36.36	14	0	18	39	SSGSIHLEKVKQNCSPNYDYFK
PROKKA_00003	tr|C5UY14|C5UY14_CLOBO Botulinum neurotoxin type E1, nontoxic-nonhemagglutinin component, NTNH OS=Clostridium botulinum E1 str. 'BoNT E Beluga' GN=ntnH PE=4 SV=1 !!!ntnH	145	1163	22	8	36.36	14	0	18	39	SSGSIHLEKVKQNCSPNYDYFK
PROKKA_00003	tr|B1INP8|B1INP8_CLOBK Hemagglutinin component HA33 OS=Clostridium botulinum (strain Okra / Type B1) GN=ha33 PE=1 SV=1 !!!ha33	145	294	14	6	42.86	8	0	102	115	NLYVINEDIEKRIT
PROKKA_00004	tr|C5UY13|C5UY13_CLOBO P-47 protein OS=Clostridium botulinum E1 str. 'BoNT E Beluga' GN=p47 PE=4 SV=1 !!!P-47	417	416	416	416	100.00	0	0	1	416	MNTYGWDIVYGCSNRVVNKHLKNYIDENKIEFLYSDINKKQEIKMIFDNWEIINGGTSNFLRIKIFIKEGYFKFRNTTVDLSGVIPILEIKLDFFNDASNPHIKELKFSFGNKTNDDIKVIVSDLSGKLYEEDEFYFNKLLISAFINNEKQVSYIFASLNVTSNIVWMNPKQFKFVYYSPTDNNDGYLCILSVVTNRDISKLSTNVDSSILSENSEVGLLISEKLFMENLLLPKLSSNMGSNITSNNFNVINTSDTTGIIKNKNTLNWYGIKVAALYYYPEINDFSMELFEGNKLKTRLSGIVKLTGYERIYSKLNMECITKFIYDNKNKKVSFEIYSTPIMECRPIFGLLDGIPAAVAKSVGNWSLKSFRDSLAFELANNFTDIINDIVNWNNLKISEVTNIILNVGFCIQGNMN
PROKKA_00004	tr|M1ZUL7|M1ZUL7_CLOBO P-47 protein OS=Clostridium botulinum CFSAN001627 GN=CFSAN001627_20700 PE=4 SV=1 !!!P-47	417	416	416	337	81.01	79	0	1	416	MNTYGWDIVYGCSNRVVNKHLKNYIDENKIEFLYSDINKKQEIKMIFDNWEIINGGTSNFLRIKIFIKEGYFKFRNTTVDLSGVIPILEIKLDFFNDASNPHIKELKFSFGNKTNDDIKVIVSDLSGKLYEEDEFYFNKLLISAFINNEKQVSYIFASLNVTSNIVWMNPKQFKFVYYSPTDNNDGYLCILSVVTNRDISKLSTNVDSSILSENSEVGLLISEKLFMENLLLPKLSSNMGSNITSNNFNVINTSDTTGIIKNKNTLNWYGIKVAALYYYPEINDFSMELFEGNKLKTRLSGIVKLTGYERIYSKLNMECITKFIYDNKNKKVSFEIYSTPIMECRPIFGLLDGIPAAVAKSVGNWSLKSFRDSLAFELANNFTDIINDIVNWNNLKISEVTNIILNVGFCIQGNMN
PROKKA_00004	tr|A7GBG1|A7GBG1_CLOBL P-47 protein OS=Clostridium botulinum (strain Langeland / NCTC 10281 / Type F) GN=p47 PE=4 SV=1 !!!P-47	417	416	416	337	81.01	79	0	1	416	MNTYGWDIVYGCSNRVVNKHLKNYIDENKIEFLYSDINKKQEIKMIFDNWEIINGGTSNFLRIKIFIKEGYFKFRNTTVDLSGVIPILEIKLDFFNDASNPHIKELKFSFGNKTNDDIKVIVSDLSGKLYEEDEFYFNKLLISAFINNEKQVSYIFASLNVTSNIVWMNPKQFKFVYYSPTDNNDGYLCILSVVTNRDISKLSTNVDSSILSENSEVGLLISEKLFMENLLLPKLSSNMGSNITSNNFNVINTSDTTGIIKNKNTLNWYGIKVAALYYYPEINDFSMELFEGNKLKTRLSGIVKLTGYERIYSKLNMECITKFIYDNKNKKVSFEIYSTPIMECRPIFGLLDGIPAAVAKSVGNWSLKSFRDSLAFELANNFTDIINDIVNWNNLKISEVTNIILNVGFCIQGNMN
PROKKA_00004	tr|A0A073CND8|A0A073CND8_CLOBO P-47 protein OS=Clostridium botulinum A2B3 87 GN=N496_18585 PE=4 SV=1 !!!P-47	417	415	416	306	73.56	109	1	1	416	MNTYGWDIVYGCSNRVVNKHLKNYIDENKIEFLYSDINKKQEIKMIFDNWEIINGGTSNFLRIKIFIKEGYFKFRNTTVDLSGVIPILEIKLDFFNDASNPHIKELKFSFGNKTNDDIKVIVSDLSGKLYEEDEFYFNKLLISAFINNEKQVSYIFASLNVTSNIVWMNPKQFKFVYYSPTDNNDGYLCILSVVTNRDISKLSTNVDSSILSENSEVGLLISEKLFMENLLLPKLSSNMGSNITSNNFNVINTSDTTGIIKNKNTLNWYGIKVAALYYYPEINDFSMELFEGNKLKTRLSGIVKLTGYERIYSKLNMECITKFIYDNKNKKVSFEIYSTPIMECRPIFGLLDGIPAAVAKSVGNWSLKSFRDSLAFELANNFTDIINDIVNWNNLKISEVTNIILNVGFCIQGNMN
PROKKA_00004	tr|B1L2G3|B1L2G3_CLOBM P-47 protein OS=Clostridium botulinum (strain Loch Maree / Type A3) GN=p47 PE=4 SV=1 !!!P-47	417	416	416	302	72.60	114	0	1	416	MNTYGWDIVYGCSNRVVNKHLKNYIDENKIEFLYSDINKKQEIKMIFDNWEIINGGTSNFLRIKIFIKEGYFKFRNTTVDLSGVIPILEIKLDFFNDASNPHIKELKFSFGNKTNDDIKVIVSDLSGKLYEEDEFYFNKLLISAFINNEKQVSYIFASLNVTSNIVWMNPKQFKFVYYSPTDNNDGYLCILSVVTNRDISKLSTNVDSSILSENSEVGLLISEKLFMENLLLPKLSSNMGSNITSNNFNVINTSDTTGIIKNKNTLNWYGIKVAALYYYPEINDFSMELFEGNKLKTRLSGIVKLTGYERIYSKLNMECITKFIYDNKNKKVSFEIYSTPIMECRPIFGLLDGIPAAVAKSVGNWSLKSFRDSLAFELANNFTDIINDIVNWNNLKISEVTNIILNVGFCIQGNMN
PROKKA_00004	tr|C1FUH7|C1FUH7_CLOBJ P-47 protein OS=Clostridium botulinum (strain Kyoto / Type A2) GN=p47 PE=4 SV=1 !!!P-47	417	416	416	300	72.12	116	0	1	416	MNTYGWDIVYGCSNRVVNKHLKNYIDENKIEFLYSDINKKQEIKMIFDNWEIINGGTSNFLRIKIFIKEGYFKFRNTTVDLSGVIPILEIKLDFFNDASNPHIKELKFSFGNKTNDDIKVIVSDLSGKLYEEDEFYFNKLLISAFINNEKQVSYIFASLNVTSNIVWMNPKQFKFVYYSPTDNNDGYLCILSVVTNRDISKLSTNVDSSILSENSEVGLLISEKLFMENLLLPKLSSNMGSNITSNNFNVINTSDTTGIIKNKNTLNWYGIKVAALYYYPEINDFSMELFEGNKLKTRLSGIVKLTGYERIYSKLNMECITKFIYDNKNKKVSFEIYSTPIMECRPIFGLLDGIPAAVAKSVGNWSLKSFRDSLAFELANNFTDIINDIVNWNNLKISEVTNIILNVGFCIQGNMN
PROKKA_00004	tr|A0A0A7FV57|A0A0A7FV57_9CLOT Clostridium P-47 family protein OS=Clostridium baratii str. Sullivan GN=U729_696 PE=4 SV=1 !!!P-47	417	491	297	80	26.94	167	50	3	258	TYGWDIVYGCSNRVVNK--HLKNYIDENKIEFLYSDINKKQEIKMIFDNWEIINGGTSNFLRIKIFIKEGYFKFRNTTVDLSGVIPI------LEIKLDFF-----NDASNPHIKELKFSFGNKTNDDIKVIV---------------SDLSGKLYEEDEF---YFNKLLISAFINNEKQVSYIFASLNVTSNIV------WMNPKQFKFVYYS----PTDNNDGYLCILSVVTNRDISKLSTNVDSSILSENSEVGLLISEKLFMENLLLPKLSSNMGSNITSNNFNVINTSDTTG
PROKKA_00004	tr|A0A0A7FV57|A0A0A7FV57_9CLOT Clostridium P-47 family protein OS=Clostridium baratii str. Sullivan GN=U729_696 PE=4 SV=1 !!!P-47	417	491	42	16	38.10	23	3	62	100	RIKIFIKEGYFKFRNTT-VDLS-GVIPILEIKLDF-FNDASN
PROKKA_00004	tr|A0A059PY44|A0A059PY44_9CLOT Toxin complex component ORF-X3 OS=Clostridium baratii PE=4 SV=1 !!!ORF-X3	417	491	297	80	26.94	167	50	3	258	TYGWDIVYGCSNRVVNK--HLKNYIDENKIEFLYSDINKKQEIKMIFDNWEIINGGTSNFLRIKIFIKEGYFKFRNTTVDLSGVIPI------LEIKLDFF-----NDASNPHIKELKFSFGNKTNDDIKVIV---------------SDLSGKLYEEDEF---YFNKLLISAFINNEKQVSYIFASLNVTSNIV------WMNPKQFKFVYYS----PTDNNDGYLCILSVVTNRDISKLSTNVDSSILSENSEVGLLISEKLFMENLLLPKLSSNMGSNITSNNFNVINTSDTTG
PROKKA_00004	tr|A0A059PY44|A0A059PY44_9CLOT Toxin complex component ORF-X3 OS=Clostridium baratii PE=4 SV=1 !!!ORF-X3	417	491	42	16	38.10	23	3	62	100	RIKIFIKEGYFKFRNTT-VDLS-GVIPILEIKLDF-FNDASN
PROKKA_00004	tr|A7GBF7|A7GBF7_CLOBL Toxin complex component ORF-X3 OS=Clostridium botulinum (strain Langeland / NCTC 10281 / Type F) GN=CLI_0845 PE=4 SV=1 !!!ORF-X3	417	490	386	95	24.61	232	59	3	340	TYGWDIVYGCSNRVVNKHLK-NYIDENKIEFLYSDINKKQEIKMIFDNWEIINGGTSNFLRIKIFIKEGYFKFRNTTVD--LSGVIPI----LEIK-----LDFFNDASNPHIKELKFSFGNKTN--DDIKVIV----SDLSG----------KLYEEDEF---YFNKLLISAFINNEKQVSYIFASLNVTSNIV------WMNPKQFKFVYYS-PTDNNDGYLCILSVVTNRDISKLSTN-VDSSILSENSEVGLLISEKLFMENLLLPKLSSNMGSNITSNNFNVINTSDTTGI------IKNKNTLNWYGIKVAALYYYPEINDFSMELFEGNKLKTRLSGIVKLTGYERIYSKLNMECITKFIYDNKNK---KVSFEIYSTP
PROKKA_00004	tr|C5UY10|C5UY10_CLOBO Toxin complex component ORF-X3 OS=Clostridium botulinum E1 str. 'BoNT E Beluga' GN=CLO_2647 PE=4 SV=1 !!!ORF-X3	417	487	298	82	27.52	160	56	3	258	TYGWDIVYGCSNRVVNK--HLKNYIDENKIEFLYSDINKKQEIKMIFDNWEIINGGTSNFLRIKIFIK-------------EGYFKFRNTTVDLSGVIPILEIKLDF---FNDASNPHIK--ELKFSFGNKTNDDIKVIV----SDLSG-------KLYEEDEF---YFNKLLISAFINNEKQVSYIFASLNVTSNIV------WMNPKQFKFVYYS-PTDNNDGYLCILSVVTNRDISK-LSTNVDSSILSENSEVGLLISEKLFMENLLLPKLSSNMGSNITSNNFNVINTSDTTG
PROKKA_00004	tr|C1FUH3|C1FUH3_CLOBJ Toxin complex component ORF-X3 OS=Clostridium botulinum (strain Kyoto / Type A2) GN=CLM_0891 PE=4 SV=1 !!!ORF-X3	417	490	384	91	23.70	238	55	3	340	TYGWDIVYGCSNRVVNKHLK-NYIDENKIEFLYSDINKKQEIKMIFDNWEIINGGTSNFLRIKIFIKEGYFKFRNTTVDLSGVIPI------LEIKLDFF-----NDASNPHIKELKFSFGNKTNDDIKVIV----SDLSG----------KLYEEDEF---YFNKLLISAFINNEKQVSYIFASLNVTSNIV------WMNPKQFKFVYYS-PTDNNDGYLCILSVVTNRDISK-LSTNVDSSILSENSEVGLLISEKLFMENLLLPKLSSNMGSNITSNNFNVINTSDTTGI------IKNKNTLNWYGIKVAALYYYPEINDFSMELFEGNKLKTRLSGIVKLTGYERIYSKLNMECITKFIYDNKNK---KVSFEIYSTP
PROKKA_00004	tr|B1L2F9|B1L2F9_CLOBM Toxin complex component ORF-X3 OS=Clostridium botulinum (strain Loch Maree / Type A3) GN=CLK_A0070 PE=4 SV=1 !!!ORF-X3	417	490	385	91	23.64	239	55	3	341	TYGWDIVYGCSNRVVNKHLK-NYIDENKIEFLYSDINKKQEIKMIFDNWEIINGGTSNFLRIKIFIKEGYFKFRNTTVDLSGVIPI------LEIKLDFF-----NDASNPHIKELKFSFGNKTNDDIKVIV----SDLSG----------KLYEEDEF---YFNKLLISAFINNEKQVSYIFASLNVTSNIV------WMNPKQFKFVYYS-PTDNNDGYLCILSVVTNRDISK-LSTNVDSSILSENSEVGLLISEKLFMENLLLPKLSSNMGSNITSNNFNVINTSDTTGI------IKNKNTLNWYGIKVAALYYYPEINDFSMELFEGNKLKTRLSGIVKLTGYERIYSKLNMECITKFIY---DNKNKKVSFEIYSTPI
PROKKA_00004	tr|A7GBF8|A7GBF8_CLOBL Toxin complex component ORF-X2 OS=Clostridium botulinum (strain Langeland / NCTC 10281 / Type F) GN=CLI_0846 PE=4 SV=1 !!!ORF-X2	417	750	269	65	24.16	162	42	5	239	GWDIVYGCSNRVVNKHLK-NYIDENKIEFLYSDINKKQEIKMIFDNWEIINGGTSNFLRIKIFIKEGYFKFRNTTVDLSGVI--------PILEIKLDFF------NDASNPHIKELKFSFGNKTNDD-------IKVIVSDLSGKLYEEDEFYFNKLLISAFINNEKQVSYIFAS--LNVTSNIV---WMNPKQFKFVYYSPTDNND------GYLCILSVVTNRDISKLSTNVDSSILS-ENSEVGLLISEKLFMENLLLPKLSSNM
PROKKA_00004	tr|A7GBF8|A7GBF8_CLOBL Toxin complex component ORF-X2 OS=Clostridium botulinum (strain Langeland / NCTC 10281 / Type F) GN=CLI_0846 PE=4 SV=1 !!!ORF-X2	417	750	31	10	32.26	21	0	136	166	YFNKLLISAFINNEKQVSYIFASLNVTSNIV
PROKKA_00004	tr|A0A059PYB0|A0A059PYB0_9CLOT Toxin complex component ORF-X2 OS=Clostridium baratii PE=4 SV=1 !!!ORF-X2	417	748	275	61	22.18	161	53	5	237	GWDIVYGCS----------NRVVNKHLKNYIDENKIEFLYSDINKKQEIKMIFDNWEIINGGTSNFLRIKIFIKEGYFKF-RNTTVDLSGVIPILEIKLDFFNDAS---------NPHIKELKFSFGNKTNDDIKVI----VSDLSGKLYEED----EFYFNKLLISAFINNEKQVSYIFASLNVTS---NIVWMNPKQFKFVYYSPT----------DNNDGYLCILSVVTNRDISKLSTNVDSSIL-SENSEVGLLISEKLFMENLLLPKLSS
PROKKA_00004	tr|A0A059PYE4|A0A059PYE4_9CLOT Toxin OS=Clostridium baratii GN=UC77_04385 PE=4 SV=1 !!! 	417	140	112	31	27.68	66	15	57	155	TSNFLRIKIFIKEGYFKFRNTT------VDLSGVIPILEIKLDFFNDASNPHIKELK----FSFGNKTNDDIKVIVSDLSGKLYEE---DEFYFNKLLISAFINNEKQVSYI
PROKKA_00004	tr|A0A0A7FVW8|A0A0A7FVW8_9CLOT Putative oRF-X1 OS=Clostridium baratii str. Sullivan GN=U729_698 PE=4 SV=1 !!!ORF-X1	417	140	112	31	27.68	66	15	57	155	TSNFLRIKIFIKEGYFKFRNTT------VDLSGVIPILEIKLDFFNDASNPHIKELK----FSFGNKTNDDIKVIVSDLSGKLYEE---DEFYFNKLLISAFINNEKQVSYI
PROKKA_00004	tr|A7GBF9|A7GBF9_CLOBL Toxin complex component ORF-X1 OS=Clostridium botulinum (strain Langeland / NCTC 10281 / Type F) GN=CLI_0847 PE=4 SV=1 !!!ORF-X1	417	142	85	23	27.06	48	14	57	129	TSNFLRIKIFIKEGYFKFRNTTVD------LSGVIPILEIKLDFFNDASNPHIKELKFSFGNKTNDDIK------VIVSDLSGKL
PROKKA_00004	tr|B2TSB9|B2TSB9_CLOBB Heamagglutinin components HA-70 OS=Clostridium botulinum (strain Eklund 17B / Type B) GN=ha70 PE=4 SV=1 !!!ha70	417	626	40	11	27.50	26	3	102	141	HIKELKFSFGNKTNDDIKVIVSDLSGKLYEEDEFYFNKLL
PROKKA_00004	tr|A0A0C1TY77|A0A0C1TY77_9CLOT Main hemagglutinin component OS=Clostridium argentinense CDC 2741 GN=ha-33 PE=4 SV=1 !!!ha33	417	285	48	12	25.00	30	6	23	70	NYIDENKIEFLYSDINKKQEIKMIFDNWEIINGGTSNFLRIKIFIKEG
PROKKA_00004	tr|C5UY12|C5UY12_CLOBO Toxin complex component ORF-X1 OS=Clostridium botulinum E1 str. 'BoNT E Beluga' GN=CLO_2649 PE=4 SV=1 !!!ORF-X1	417	144	114	27	23.68	70	17	57	155	TSNFLRIKIFIKEGYFKFRNTT------VDLSGVIPILEIKLDFF------NDASNPHIKELKFSFGNKTNDDIKVIVSDLSGKLYEE---DEFYFNKLLISAFINNEKQVSYI
PROKKA_00004	tr|C4IHL7|C4IHL7_CLOBU Toxin complex component ORF-X1 OS=Clostridium butyricum E4 str. BoNT E BL5262 GN=CLP_2748 PE=4 SV=1 !!!ORF-X1	417	144	114	27	23.68	70	17	57	155	TSNFLRIKIFIKEGYFKFRNTT------VDLSGVIPILEIKLDFF------NDASNPHIKELKFSFGNKTNDDIKVIVSDLSGKLYEE---DEFYFNKLLISAFINNEKQVSYI
PROKKA_00004	tr|M1ZPH7|M1ZPH7_CLOBO Hemagglutinin component HA70 OS=Clostridium botulinum CFSAN001627 GN=CFSAN001627_19663 PE=4 SV=1 !!!ha70	417	626	40	11	27.50	26	3	102	141	HIKELKFSFGNKTNDDIKVIVSDLSGKLYEEDEFYFNKLL
PROKKA_00004	tr|A0A0E1L2H2|A0A0E1L2H2_CLOBO Hemagglutinin components HA-22/23/53 OS=Clostridium botulinum CDC_1436 GN=ha-70 PE=4 SV=1 !!!ha70	417	626	40	11	27.50	26	3	102	141	HIKELKFSFGNKTNDDIKVIVSDLSGKLYEEDEFYFNKLL
PROKKA_00004	tr|A0A0B4W4X0|A0A0B4W4X0_CLOBO Hemagglutinin components HA-22/23/53 OS=Clostridium botulinum Prevot_594 GN=ha-70 PE=4 SV=1 !!!ha70	417	626	40	11	27.50	26	3	102	141	HIKELKFSFGNKTNDDIKVIVSDLSGKLYEEDEFYFNKLL
PROKKA_00004	tr|B1INQ0|B1INQ0_CLOBK Hemagglutinin component HA70 OS=Clostridium botulinum (strain Okra / Type B1) GN=ha70 PE=4 SV=1 !!!ha70	417	626	40	11	27.50	26	3	102	141	HIKELKFSFGNKTNDDIKVIVSDLSGKLYEEDEFYFNKLL
PROKKA_00004	tr|A0A060NA10|A0A060NA10_CLOBO Haemagglutinin component HA70 OS=Clostridium botulinum B str. Osaka05 GN=CBO05P2_179 PE=4 SV=1 !!!ha70	417	626	40	11	27.50	26	3	102	141	HIKELKFSFGNKTNDDIKVIVSDLSGKLYEEDEFYFNKLL
PROKKA_00004	tr|A5HZZ4|A5HZZ4_CLOBH Hemagglutinin component of the neurotoxin complex OS=Clostridium botulinum (strain Hall / ATCC 3502 / NCTC 13319 / Type A) GN=ha70 PE=1 SV=1 !!!ha70	417	626	40	11	27.50	26	3	102	141	HIKELKFSFGNKTNDDIKVIVSDLSGKLYEEDEFYFNKLL
PROKKA_00004	tr|C1FUH8|C1FUH8_CLOBJ Botulinum neurotoxin type A2, nontoxic-nonhemagglutinin component, NTNH OS=Clostridium botulinum (strain Kyoto / Type A2) GN=ntnH PE=4 SV=1 !!!ntnH	417	1159	41	11	26.83	29	1	220	259	LISEKLFMENLLLPKLSSNMG-SNITSNNFNVINTSDTTGI
PROKKA_00004	tr|S8BA68|S8BA68_CLOBO Hemagglutinin component HA70 OS=Clostridium botulinum CFSAN002367 GN=CFSAN002367_15786 PE=4 SV=1 !!!ha70	417	508	40	11	27.50	26	3	102	141	HIKELKFSFGNKTNDDIKVIVSDLSGKLYEEDEFYFNKLL
PROKKA_00005	tr|A0A0X1KH90|A0A0X1KH90_CLOBA Botulinum neurotoxin type E, nontoxic-nonhemagglutinin component, NTNH OS=Clostridium botulinum (strain Alaska E43 / Type E3) PE=1 SV=1 !!!ntnH	1164	1163	1163	1149	98.80	14	0	1	1163	MKINGNLNIDSPVDNKNVAIVRSRKSDVFFKAFQVAPNIWIVPERYYGESLKINEDQKFDGGIYDSNFLSTNNEKDDFLQATIKLLQRINNNVVGAKLLSLISTAIPFPYENNTEDYRQTNYLSSKNNEHYYTANLVIFGPGSNIIKNNVIYYKKEYAESGMGTMLEIWFQPFLTHKYDEFYVDPALELIKCLIKSLYYLYGIKPNDNLNIPYRLRNEFNSLEYSELDMIDFLISGGIDYKLLNTNPYWFIDKYFIDTSKNFEKYKNDYEIKIKNNNYIANSIKLYLEQKFKINVKDIWELNLSYFSKEFQIMMPERYNNALNHYYRKEYYVIDYFKNYNINGFKNGQIKTKLPLSKYNKEIINKPELIVNLINQNNTVLMKSNIYGDGLKGTVDNFYSNYIIPYNLNYEHSINYSYLDNVNIEEIEKIPPINDEDIYPYRKNADTFIPVYNITKAKEINTTTPLPVNYLQAQMIDSNDINLSSDFLKVISSKGSLVYSFLNNTMDYLEFIKYDKPIDTDKKYYKWLKAIFRNYSLDITETQEISNQFGDTKIIPWIGRALNILNTNNSFVEEFKNLGPISLINKKENITIPKIKIDEIPSSMLNFSFKDLSENLFNIYCKNNFYLKKIYYNFLDQWWTQYYSQYFDLICMASKSVLAQEKLIKKLIQKQLRYLMENSNISSTNLILINLTTTNTLRDISNQSQIAINNIDKFFNNAAMCVFENNIYPKFTSFMEQCIKNINKSTKEFILKCTNINETEKSHLIMQNSFSNLDFDFLDIQNMKNLFNSYTELLIKEQTSPYELSLYAFQEQDNNVIGDTSGKNTLVEYPKDIGLVYGINNNAIHLTGANQNIKFTNDYFENGLTNNFSIYFWLRNLKQNTIKSKLIGSKEDNCGWEIYFENDGLVFNIIDSNGNEKNIYLSNISNNSWHYIVISINRLKDQLLIFIDNILVANEDIKEILNIYSSDIISLLSDNNNVYIEGLSVLNKTINSNEILTDYFSDLNNSYVLLYCNISSSKFLIYELFNYVFPEIAINKIEQNNNIYLSINNENNLNFKPLKFKLLNTNPNKQYVQKWDEVIFSVLDGTEKYLDISTTNNRIQLVDNKNNAQIFIINNDIFISNCLTLTYNNVNVYLSIKNQDYNWVICDLNHDIPKKSYLWILKNI
PROKKA_00005	tr|C5UY14|C5UY14_CLOBO Botulinum neurotoxin type E1, nontoxic-nonhemagglutinin component, NTNH OS=Clostridium botulinum E1 str. 'BoNT E Beluga' GN=ntnH PE=4 SV=1 !!!ntnH	1164	1163	1163	1148	98.71	15	0	1	1163	MKINGNLNIDSPVDNKNVAIVRSRKSDVFFKAFQVAPNIWIVPERYYGESLKINEDQKFDGGIYDSNFLSTNNEKDDFLQATIKLLQRINNNVVGAKLLSLISTAIPFPYENNTEDYRQTNYLSSKNNEHYYTANLVIFGPGSNIIKNNVIYYKKEYAESGMGTMLEIWFQPFLTHKYDEFYVDPALELIKCLIKSLYYLYGIKPNDNLNIPYRLRNEFNSLEYSELDMIDFLISGGIDYKLLNTNPYWFIDKYFIDTSKNFEKYKNDYEIKIKNNNYIANSIKLYLEQKFKINVKDIWELNLSYFSKEFQIMMPERYNNALNHYYRKEYYVIDYFKNYNINGFKNGQIKTKLPLSKYNKEIINKPELIVNLINQNNTVLMKSNIYGDGLKGTVDNFYSNYIIPYNLNYEHSINYSYLDNVNIEEIEKIPPINDEDIYPYRKNADTFIPVYNITKAKEINTTTPLPVNYLQAQMIDSNDINLSSDFLKVISSKGSLVYSFLNNTMDYLEFIKYDKPIDTDKKYYKWLKAIFRNYSLDITETQEISNQFGDTKIIPWIGRALNILNTNNSFVEEFKNLGPISLINKKENITIPKIKIDEIPSSMLNFSFKDLSENLFNIYCKNNFYLKKIYYNFLDQWWTQYYSQYFDLICMASKSVLAQEKLIKKLIQKQLRYLMENSNISSTNLILINLTTTNTLRDISNQSQIAINNIDKFFNNAAMCVFENNIYPKFTSFMEQCIKNINKSTKEFILKCTNINETEKSHLIMQNSFSNLDFDFLDIQNMKNLFNSYTELLIKEQTSPYELSLYAFQEQDNNVIGDTSGKNTLVEYPKDIGLVYGINNNAIHLTGANQNIKFTNDYFENGLTNNFSIYFWLRNLKQNTIKSKLIGSKEDNCGWEIYFENDGLVFNIIDSNGNEKNIYLSNISNNSWHYIVISINRLKDQLLIFIDNILVANEDIKEILNIYSSDIISLLSDNNNVYIEGLSVLNKTINSNEILTDYFSDLNNSYVLLYCNISSSKFLIYELFNYVFPEIAINKIEQNNNIYLSINNENNLNFKPLKFKLLNTNPNKQYVQKWDEVIFSVLDGTEKYLDISTTNNRIQLVDNKNNAQIFIINNDIFISNCLTLTYNNVNVYLSIKNQDYNWVICDLNHDIPKKSYLWILKNI
PROKKA_00005	tr|C4IHM0|C4IHM0_CLOBU Botulinum neurotoxin type E, nontoxic-nonhemagglutinin component, NTNH OS=Clostridium butyricum E4 str. BoNT E BL5262 GN=ntnH PE=4 SV=1 !!!ntnH	1164	1163	1163	1135	97.59	28	0	1	1163	MKINGNLNIDSPVDNKNVAIVRSRKSDVFFKAFQVAPNIWIVPERYYGESLKINEDQKFDGGIYDSNFLSTNNEKDDFLQATIKLLQRINNNVVGAKLLSLISTAIPFPYENNTEDYRQTNYLSSKNNEHYYTANLVIFGPGSNIIKNNVIYYKKEYAESGMGTMLEIWFQPFLTHKYDEFYVDPALELIKCLIKSLYYLYGIKPNDNLNIPYRLRNEFNSLEYSELDMIDFLISGGIDYKLLNTNPYWFIDKYFIDTSKNFEKYKNDYEIKIKNNNYIANSIKLYLEQKFKINVKDIWELNLSYFSKEFQIMMPERYNNALNHYYRKEYYVIDYFKNYNINGFKNGQIKTKLPLSKYNKEIINKPELIVNLINQNNTVLMKSNIYGDGLKGTVDNFYSNYIIPYNLNYEHSINYSYLDNVNIEEIEKIPPINDEDIYPYRKNADTFIPVYNITKAKEINTTTPLPVNYLQAQMIDSNDINLSSDFLKVISSKGSLVYSFLNNTMDYLEFIKYDKPIDTDKKYYKWLKAIFRNYSLDITETQEISNQFGDTKIIPWIGRALNILNTNNSFVEEFKNLGPISLINKKENITIPKIKIDEIPSSMLNFSFKDLSENLFNIYCKNNFYLKKIYYNFLDQWWTQYYSQYFDLICMASKSVLAQEKLIKKLIQKQLRYLMENSNISSTNLILINLTTTNTLRDISNQSQIAINNIDKFFNNAAMCVFENNIYPKFTSFMEQCIKNINKSTKEFILKCTNINETEKSHLIMQNSFSNLDFDFLDIQNMKNLFNSYTELLIKEQTSPYELSLYAFQEQDNNVIGDTSGKNTLVEYPKDIGLVYGINNNAIHLTGANQNIKFTNDYFENGLTNNFSIYFWLRNLKQNTIKSKLIGSKEDNCGWEIYFENDGLVFNIIDSNGNEKNIYLSNISNNSWHYIVISINRLKDQLLIFIDNILVANEDIKEILNIYSSDIISLLSDNNNVYIEGLSVLNKTINSNEILTDYFSDLNNSYVLLYCNISSSKFLIYELFNYVFPEIAINKIEQNNNIYLSINNENNLNFKPLKFKLLNTNPNKQYVQKWDEVIFSVLDGTEKYLDISTTNNRIQLVDNKNNAQIFIINNDIFISNCLTLTYNNVNVYLSIKNQDYNWVICDLNHDIPKKSYLWILKNI
PROKKA_00005	tr|B1L2G4|B1L2G4_CLOBM Botulinum neurotoxin type A3, nontoxic-nonhemagglutinin component, NTNH OS=Clostridium botulinum (strain Loch Maree / Type A3) GN=ntnH PE=4 SV=1 !!!ntnH	1164	1159	1162	875	75.30	283	4	1	1161	MKINGNLNIDSPVDNKNVAIVRSRKSDVFFKAFQVAPNIWIVPERYYGESLKINEDQKFDGGIYDSNFLSTNNEKDDFLQATIKLLQRINNNVVGAKLLSLISTAIPFPYENNTEDYRQTNYLSSKNNEHYYTANLVIFGPGSNIIKNNVIYYKKEYAESGMGTMLEIWFQPFLTHKYDEFYVDPALELIKCLIKSLYYLYGIKPNDNLNIPYRLRNEFNSLEYSELDMIDFLISGGIDYKLLNTNPYWFIDKYFIDTSKNFEKYKNDYEIKIKNNNYIANSIKLYLEQKFKINVKDIWELNLSYFSKEFQIMMPERYNNALNHYYRKEYYVIDYFKNYNINGFKNGQIKTKLPLSKYNKEIINKPELIVNLINQNNTVLMKSNIYGDGLKGTVDNFYSNYIIPYNLNYEHSINYSYLDNVNIEEIEKIPPINDEDIYPYRKNADTFIPVYNITKAKEINTTTPLPVNYLQAQMIDSNDINLSSDFLKVISSKG-SLVYSFLNNTMDYLEFIKYDKPIDTDKKYYKWLKAIFRNYSLDITETQEISNQFGDTKIIPWIGRALNILNTNNSFVEEFKNLGPISLINKKENITIPKIKIDEIPSSMLNFSFKDLSENLFNIYCKNNFYLKKIYYNFLDQWWTQYYSQYFDLICMASKSVLAQEKLIKKLIQKQLRYLMENSNISSTNLILINLTTTNTLRDISNQSQIAINNIDKFFNNAAMCVFENNIYPKFTSFMEQCIKNINKSTKEFILKCTNINETEKSHLIMQNSFSNLDFDFLDIQNMKNLFNSYTELLIKEQTSPYELSLYAFQEQDNNVIGDTSGKNTLVEYPKDIGLVYGINNNAIHLTGANQNIKFTNDYFENGLTNNFSIYFWLRNLKQNTIKSKLIGSKEDNCGWEIYFENDGLVFNIIDSNGNEKNIYLSNISNNSWHYIVISINRLKDQLLIFIDNILVANEDIKEILNIYSSDIISLLSDNNNVYIEGLSVLNKTINSNEILTDYFSDLNNSYVLLYCNISSSKFLIYELFNYVFPEIAINKIEQNNNIYLSINNENNLNFKPLKFKLLNTNPNKQYVQKWDEVIFSVLDGTEKYLDISTTNNRIQLVDNKNNAQIFIINNDIFISNCLTLTYNNVNVYLSIKNQDYNWVICDLNHDIPKKSYLWILK
PROKKA_00005	tr|A7GBG2|A7GBG2_CLOBL Botulinum neurotoxin type F, nontoxic-nonhemagglutinin component, NTNH OS=Clostridium botulinum (strain Langeland / NCTC 10281 / Type F) GN=ntnH PE=4 SV=1 !!!ntnH	1164	1163	1164	873	75.00	289	2	1	1163	MKINGNLNIDSPVDNKNVAIVRSRKSDVFFKAFQVAPNIWIVPERYYGESLKINEDQKFDGGIYDSNFLSTNNEKDDFLQATIKLLQRINNNVVGAKLLSLISTAIPFPYENNTEDYRQTNYLSSKNNEHYYTANLVIFGPGSNIIKNNVIYYKKEYAESGMGTMLEIWFQPFLTHKYDEFYVDPALELIKCLIKSLYYLYGIKPNDNLNIPYRLRNEFNSLEYSELDMIDFLISGGIDYKLLNTNPYWFIDKYFIDTSKNFEKYKNDYEIKIKNNNYIANSIKLYLEQKFKINVKDIWELNLSYFSKEFQIMMPERYNNALNHYYRKEYYVIDYFKNYNINGFKNGQIKTKLPLSKYNKEIINKPELIVNLINQNNTVLMKSNIYGDGLKGTVDNFYSNYIIPYNLNYEHSINYSYLDNVNIEEIEKIPPINDEDIYPYRKNADTFIPVYNITKAKEINTTTPLPVNYLQAQMIDSNDINLSSDFLKVISSKG-SLVYSFLNNTMDYLEFIKYDKPIDTDKKYYKWLKAIFRNYSLDITETQEISNQFGDTKIIPWIGRALNILNTNNSFVEEFKNLGPISLINKKENITIPKIKIDEIPSSMLNFSFKDLSENLFNIYCKNNFYLKKIYYNFLDQWWTQYYSQYFDLICMASKSVLAQEKLIKKLIQKQLRYLMENSNISSTNLILINLTTTNTLRDISNQSQIAINNIDKFFNNAAMCVFENNIYPKFTSFMEQCIKNINKSTKEFILKCTNINETEKSHLIMQNSFSNLDFDFLDIQNMKNLFNSYTELLIKEQTSPYELSLYAFQEQDNNVIGDTSGKNTLVEYPKDIGLVYGINNNAIHLTGANQNIKFTNDYFENGLTNNFSIYFWLRNLKQNTIKSKLIGSKEDNCGWEIYFENDGLVFNIIDSNGNEKNIYLSNISNNSWHYIVISINRLKDQLLIFIDNILVANEDIKEILNIYSSDIISLLSDNNNVYIEGLSVLNKTINSNEILTDYFSDLNNSYVLLYCNISSSKFLIYELFNYVFPEIAINKIEQNNNIYLSINNENNLNFKPLKFKLLNTNPNKQYVQKWDEVIFSVLDGTEKYLDISTTNNRIQLVDNKNNAQIFIINNDIFISNCLTLTYNNVNVYLSIKNQDYNWVICDLNHDIPKKSYLWILKNI
PROKKA_00005	tr|C1FUH8|C1FUH8_CLOBJ Botulinum neurotoxin type A2, nontoxic-nonhemagglutinin component, NTNH OS=Clostridium botulinum (strain Kyoto / Type A2) GN=ntnH PE=4 SV=1 !!!ntnH	1164	1159	1162	874	75.22	284	4	1	1161	MKINGNLNIDSPVDNKNVAIVRSRKSDVFFKAFQVAPNIWIVPERYYGESLKINEDQKFDGGIYDSNFLSTNNEKDDFLQATIKLLQRINNNVVGAKLLSLISTAIPFPYENNTEDYRQTNYLSSKNNEHYYTANLVIFGPGSNIIKNNVIYYKKEYAESGMGTMLEIWFQPFLTHKYDEFYVDPALELIKCLIKSLYYLYGIKPNDNLNIPYRLRNEFNSLEYSELDMIDFLISGGIDYKLLNTNPYWFIDKYFIDTSKNFEKYKNDYEIKIKNNNYIANSIKLYLEQKFKINVKDIWELNLSYFSKEFQIMMPERYNNALNHYYRKEYYVIDYFKNYNINGFKNGQIKTKLPLSKYNKEIINKPELIVNLINQNNTVLMKSNIYGDGLKGTVDNFYSNYIIPYNLNYEHSINYSYLDNVNIEEIEKIPPINDEDIYPYRKNADTFIPVYNITKAKEINTTTPLPVNYLQAQMIDSNDINLSSDFLKVISSKG-SLVYSFLNNTMDYLEFIKYDKPIDTDKKYYKWLKAIFRNYSLDITETQEISNQFGDTKIIPWIGRALNILNTNNSFVEEFKNLGPISLINKKENITIPKIKIDEIPSSMLNFSFKDLSENLFNIYCKNNFYLKKIYYNFLDQWWTQYYSQYFDLICMASKSVLAQEKLIKKLIQKQLRYLMENSNISSTNLILINLTTTNTLRDISNQSQIAINNIDKFFNNAAMCVFENNIYPKFTSFMEQCIKNINKSTKEFILKCTNINETEKSHLIMQNSFSNLDFDFLDIQNMKNLFNSYTELLIKEQTSPYELSLYAFQEQDNNVIGDTSGKNTLVEYPKDIGLVYGINNNAIHLTGANQNIKFTNDYFENGLTNNFSIYFWLRNLKQNTIKSKLIGSKEDNCGWEIYFENDGLVFNIIDSNGNEKNIYLSNISNNSWHYIVISINRLKDQLLIFIDNILVANEDIKEILNIYSSDIISLLSDNNNVYIEGLSVLNKTINSNEILTDYFSDLNNSYVLLYCNISSSKFLIYELFNYVFPEIAINKIEQNNNIYLSINNENNLNFKPLKFKLLNTNPNKQYVQKWDEVIFSVLDGTEKYLDISTTNNRIQLVDNKNNAQIFIINNDIFISNCLTLTYNNVNVYLSIKNQDYNWVICDLNHDIPKKSYLWILK
PROKKA_00005	tr|A5HZZ8|A5HZZ8_CLOBH Type A progenitor toxin nontoxic-nonha OS=Clostridium botulinum (strain Hall / ATCC 3502 / NCTC 13319 / Type A) GN=ntnH PE=4 SV=1 !!!ntnH	1164	1193	1198	785	65.53	371	42	1	1161	MKINGNLNIDSPVDNKNVAIVRSRKSDVFFKAFQVAPNIWIVPERYYGESLKINEDQKFDGGIYDSNFLSTNNEKDDFLQATIKLLQRINNNVVGAKLLSLISTAIPFPYENNT---------------------------------EDYRQTNYLSSKNNEHYYTANLVIFGPGSNIIKNNVIYYKKEYAESGMGTMLEIWFQPFLTHKYDEFYVDPALELIKCLIKSLYYLYGIKPNDNLNIPYRLRNEFNSLEYSELDMIDFLISGGIDYKLLNTNPYWFIDKYFIDTSKNFEKYKNDYEIKIKNNNYIANSIKLYLEQKFKINVKDIWELNLSYFSKEFQIMMPERYNNALNHYYRKEYYVIDYFKNYNINGFKNGQIKTKLPLSKYNKEIINKPELIVNLINQNNTVLMKSNIYGDGLKGTVDNFYSNYIIPYNLNYEHSINYS---YLDNVNIEEIEKIPPINDEDIYPYRKNADTFIPVYNITKAKEINTTTPLPVNYLQAQMIDSNDINLSSDFLKVISSKG-SLVYSFLNNTMDYLEFIKYDKPIDTDKKYYKWLKAIFRNYSLDITETQEISNQFGDTKIIPWIGRALNILNTNNSFVEEFKNLGPISLINKKENITIPKIKIDEIPSSMLNFSFKDLSENLFNIYCKNNFYLKKIYYNFLDQWWTQYYSQYFDLICMASKSVLAQEKLIKKLIQKQLRYLMENSNISSTNLILINLTTTNTLRDISNQSQIAINNIDKFFNNAAMCVFENNIYPKFTSFMEQCIKNINKSTKEFILKCTNINETEKSHLIMQNSFSNLDFDFLDIQNMKNLFNSYTELLIKEQTSPYELSLYAFQEQDNNVIGDTSGKNTLVEYPKDIGLVYGINNNAIHLTGANQNIKFTNDYFENGLTNNFSIYFWLRNLKQNTIKSKLIGSKEDNCGWEIYFENDGLVFNIIDSNGNEKNIYLSNISNNSWHYIVISINRLKDQLLIFIDNILVANEDIKEILNIYSSDIISLLSDNNNVYIEGLSVLNKTINSNEILTDYFSDLNNSYVLLYCNISSSKFLIYELFNYVFPEIAINKIEQNNNIYLSINNENNLNFKPLKFKLLNTNPNKQYVQKWDEVIFSVLDGTEKYLDISTTNNRIQLVDNKNNAQIFIINNDIFISNCLTLTYNNVNVYLSIKNQDYNWVICDLNHDIPKKSYLWILK
PROKKA_00005	tr|B1INP6|B1INP6_CLOBK Botulinum neurotoxin type B1, nontoxic-nonhemagglutinin component, NTNH OS=Clostridium botulinum (strain Okra / Type B1) GN=ntnH PE=4 SV=1 !!!ntnH	1164	1197	1203	717	59.60	440	46	1	1163	MKINGNLNIDSPVDNKNVAIVRSRKSDVFFKAFQVAPNIWIVPERYYGESLKINEDQKFDGGIYDSNFLSTNNEKDDFLQATIKLLQRINNNVVGAKLLSLISTAIPFPYENNT---------------------------------EDYRQTNYLSSKNNEHYYTANLVIFGPGSNIIKNNVIYYKKEYAESGMGTMLEIWFQPFLTHKYDEFYVDPALELIKCLIKSLYYLYGIKPNDNLNIPYRLRNEFNSLEYSELDMIDFLISGGIDYKLLNTNPYWFIDKYFIDTSKNFEKYKNDYEIKIKNNNYIANSIKLYLEQKFKINVKDIWELNLSYFSKEFQIMMPERYNNALNHYYRKEYYVIDYFKNYNINGFKNGQIKTKLPLSKYNKEIINKPELIVNLINQNNTVLMKSNIYGDGLKGTVDNFYSNYIIPYNLNYEHSINY---SYLDNVNIEEIEKIPPINDEDIYPYRKNADTFIPVYNITKAKEINTTTPLPVNYLQAQMIDSNDINLSSDFLKVISSKG-SLVYSFLNNTMDYLEFIKYDKPIDTDKKYYKWLKAIFRNYSLDITETQEISNQFGDTKIIPWIGRALNILNTNNSFVEEFKNLGPISLINKKENITIPKIKIDEIPSSMLNFSFKDLSENLFNIYCKNNFYLKKIYYNFLDQWWTQYYSQYFDLICMASKSVLAQEKLIKKLIQKQLRYLMENSNISSTNLILINLTTTNTLRDISNQSQIAINNIDKFFNNAAMCVFENNIYPKFTSFMEQCIKNINKSTKEFILKCTNINETEKSHLIMQNSFSNLDFDFLDIQNMKNLFNSYTELLIKEQTSPYELSLYAFQEQDNNVIGDTSGKNTLVEYPKDIGLVYGINNNAIHLTGANQNIKFTNDYFENGLTNNFSIYFWLRNLKQNTIKSKLIGSKEDNCGWEIYFENDGLVFNIIDSNGNEKNIYLSNISNNSWHYIVISINRLKDQLLIFIDNILVANEDIKEILNIYSSDIISLLSDNNNVYIEGLSVLNKTINSNEILTDYFSDLNNSYVLLYCNISSSKF---LIYELFNYVFPEIAINKIEQNNNIYLSINNENNLNFKPLKFKLLNTNPNKQYVQKWDEVIFSVLDGTEKYLDISTTNNRIQLVDNKNNAQIFIINNDIFISNCLTLTYNNVNVYLSIKNQDYNWVICDLNHDIPKKSYLWILKNI
PROKKA_00005	tr|A0A060N6G5|A0A060N6G5_CLOBO Nontoxic-nonhemagglutinin component, NTNH OS=Clostridium botulinum B str. Osaka05 GN=CBO05P2_175 PE=4 SV=1 !!!ntnH	1164	1197	1203	719	59.77	438	46	1	1163	MKINGNLNIDSPVDNKNVAIVRSRKSDVFFKAFQVAPNIWIVPERYYGESLKINEDQKFDGGIYDSNFLSTNNEKDDFLQATIKLLQRINNNVVGAKLLSLISTAIPFPYENNT---------------------------------EDYRQTNYLSSKNNEHYYTANLVIFGPGSNIIKNNVIYYKKEYAESGMGTMLEIWFQPFLTHKYDEFYVDPALELIKCLIKSLYYLYGIKPNDNLNIPYRLRNEFNSLEYSELDMIDFLISGGIDYKLLNTNPYWFIDKYFIDTSKNFEKYKNDYEIKIKNNNYIANSIKLYLEQKFKINVKDIWELNLSYFSKEFQIMMPERYNNALNHYYRKEYYVIDYFKNYNINGFKNGQIKTKLPLSKYNKEIINKPELIVNLINQNNTVLMKSNIYGDGLKGTVDNFYSNYIIPYNLNYEHSINY---SYLDNVNIEEIEKIPPINDEDIYPYRKNADTFIPVYNITKAKEINTTTPLPVNYLQAQMIDSNDINLSSDFLKVISSKG-SLVYSFLNNTMDYLEFIKYDKPIDTDKKYYKWLKAIFRNYSLDITETQEISNQFGDTKIIPWIGRALNILNTNNSFVEEFKNLGPISLINKKENITIPKIKIDEIPSSMLNFSFKDLSENLFNIYCKNNFYLKKIYYNFLDQWWTQYYSQYFDLICMASKSVLAQEKLIKKLIQKQLRYLMENSNISSTNLILINLTTTNTLRDISNQSQIAINNIDKFFNNAAMCVFENNIYPKFTSFMEQCIKNINKSTKEFILKCTNINETEKSHLIMQNSFSNLDFDFLDIQNMKNLFNSYTELLIKEQTSPYELSLYAFQEQDNNVIGDTSGKNTLVEYPKDIGLVYGINNNAIHLTGANQNIKFTNDYFENGLTNNFSIYFWLRNLKQNTIKSKLIGSKEDNCGWEIYFENDGLVFNIIDSNGNEKNIYLSNISNNSWHYIVISINRLKDQLLIFIDNILVANEDIKEILNIYSSDIISLLSDNNNVYIEGLSVLNKTINSNEILTDYFSDLNNSYVLLYCNISSSKF---LIYELFNYVFPEIAINKIEQNNNIYLSINNENNLNFKPLKFKLLNTNPNKQYVQKWDEVIFSVLDGTEKYLDISTTNNRIQLVDNKNNAQIFIINNDIFISNCLTLTYNNVNVYLSIKNQDYNWVICDLNHDIPKKSYLWILKNI
PROKKA_00005	tr|B2TSC3|B2TSC3_CLOBB Botulinum neurotoxin type B OS=Clostridium botulinum (strain Eklund 17B / Type B) GN=ntnH PE=4 SV=1 !!!ntnH	1164	1197	1203	711	59.10	446	46	1	1163	MKINGNLNIDSPVDNKNVAIVRSRKSDVFFKAFQVAPNIWIVPERYYGESLKINEDQKFDGGIYDSNFLSTNNEKDDFLQATIKLLQRINNNVVGAKLLSLISTAIPFPYENNT---------------------------------EDYRQTNYLSSKNNEHYYTANLVIFGPGSNIIKNNVIYYKKEYAESGMGTMLEIWFQPFLTHKYDEFYVDPALELIKCLIKSLYYLYGIKPNDNLNIPYRLRNEFNSLEYSELDMIDFLISGGIDYKLLNTNPYWFIDKYFIDTSKNFEKYKNDYEIKIKNNNYIANSIKLYLEQKFKINVKDIWELNLSYFSKEFQIMMPERYNNALNHYYRKEYYVIDYFKNYNINGFKNGQIKTKLPLSKYNKEIINKPELIVNLINQNNTVLMKSNIYGDGLKGTVDNFYSNYIIPYNLNYEHSINY---SYLDNVNIEEIEKIPPINDEDIYPYRKNADTFIPVYNITKAKEINTTTPLPVNYLQAQMIDSNDINLSSDFLKVISSKG-SLVYSFLNNTMDYLEFIKYDKPIDTDKKYYKWLKAIFRNYSLDITETQEISNQFGDTKIIPWIGRALNILNTNNSFVEEFKNLGPISLINKKENITIPKIKIDEIPSSMLNFSFKDLSENLFNIYCKNNFYLKKIYYNFLDQWWTQYYSQYFDLICMASKSVLAQEKLIKKLIQKQLRYLMENSNISSTNLILINLTTTNTLRDISNQSQIAINNIDKFFNNAAMCVFENNIYPKFTSFMEQCIKNINKSTKEFILKCTNINETEKSHLIMQNSFSNLDFDFLDIQNMKNLFNSYTELLIKEQTSPYELSLYAFQEQDNNVIGDTSGKNTLVEYPKDIGLVYGINNNAIHLTGANQNIKFTNDYFENGLTNNFSIYFWLRNLKQNTIKSKLIGSKEDNCGWEIYFENDGLVFNIIDSNGNEKNIYLSNISNNSWHYIVISINRLKDQLLIFIDNILVANEDIKEILNIYSSDIISLLSDNNNVYIEGLSVLNKTINSNEILTDYFSDLNNSYVLLYCNISSSKF---LIYELFNYVFPEIAINKIEQNNNIYLSINNENNLNFKPLKFKLLNTNPNKQYVQKWDEVIFSVLDGTEKYLDISTTNNRIQLVDNKNNAQIFIINNDIFISNCLTLTYNNVNVYLSIKNQDYNWVICDLNHDIPKKSYLWILKNI
PROKKA_00005	tr|C5VU80|C5VU80_CLOBO Botulinum neurotoxin type D, nontoxic-nonhemagglutinin component, NTNH OS=Clostridium botulinum D str. 1873 GN=ntnH PE=4 SV=1 !!!ntnH	1164	1196	1204	675	56.06	479	50	1	1162	MKINGNLNIDSPVDNKNVAIVRSRKSDVFFKAFQVAPNIWIVPERYYGESLKINEDQKFDGGIYDSNFLSTNNEKDDFLQATIKLLQRINNNVVGAKLLSLISTAIPFPY-------------------ENNTE--------------DYRQTNYLSSKNNEHYYTANLVIFGPGSNIIKNNVIYYKKEYAESGMGTMLEIWFQPFLTHKYDEFYVDPALELIKCLIKSLYYLYGIKPNDNLNIPYRLRNEFNSLEYSELDMIDFLISGGIDYKLLNTNPYWFIDKYFIDTSKNFEKYKNDYEIKIKNNNYIANSIKLYLEQKFKINVKDIWELNLSYFSKEFQIMMPERYNNALNHYYRKEYYVIDYFKNYNINGFKNGQIKTKLPLSKYNKEIINKPELIVNLINQNNTVLMKSNIYGDGLKGTVDNFYSNYIIPYNLNYEHSINYS---YLDNVNIEEIEKIPPINDEDIYPYRKNADTFIPVYNITKAKEINTTTPLPVNYLQAQMIDSNDINLSSDFLKVISSKG-SLVYSFLNNTMDYLEFIKYDKPIDTDKKYYKWLKAIFRNYSLDITETQEISNQFGDTKIIPWIGRALNILNTNNSFVEEFKNLGPISLINKKENITIPKIKIDEIPSSMLNFSFKDLSENLFNIYCKNNFYLKKIYYNFLDQWWTQYYSQYFDLICMASKSVLAQEKLIKKLIQKQLRYLMENSNISSTNLILINLTTTNTLRDISNQSQIAINNIDKFFNNAAMCVFENNIYPKFTSFMEQCIKNINKSTKEFILKCTNINETEKSHLIMQNSFSNLDFDFLDIQNMKNLFNSYTELLIKEQTSPYELSLYAFQEQDNNVIGDTSGKNTLVEYPKDIGLVYGINNNAIHLTGANQNIKFTNDYFENGLTNNFSIYFWLRNLKQNTIKSKLIGSKEDNCGWEIYFENDGLVFNIIDSNGNEKNIYLSNISNNSWHYIVISINRLKDQLLIFIDNILVANEDIKEILNIYSSDIISLLSDNNNVYIEGLSVLNKTINSNEILTDYFSDLNNSYVLLYCNISSSKFLI-----YELFNYVFPEIAINKIEQNNNIYLSINNENNLNFKPLKFKLLNTNPNKQYVQKWDEVIFSVLDGTEKYLDISTTNNRIQLVDNKNNAQIFIINNDIFISNCLTLTYNNVNVYLSIKNQDYNWVICDLNHDIPKKSYLWILKN
PROKKA_00005	tr|B1BE43|B1BE43_CLOBO Botulinum neurotoxin type C, nontoxic-nonhemagglutinin component NTNH OS=Clostridium botulinum C str. Eklund GN=CBC_A0166 PE=4 SV=1 !!!ntnH	1164	1196	1204	669	55.56	485	50	1	1162	MKINGNLNIDSPVDNKNVAIVRSRKSDVFFKAFQVAPNIWIVPERYYGESLKINEDQKFDGGIYDSNFLSTNNEKDDFLQATIKLLQRINNNVVGAKLLSLISTAIPFPY-------------------ENNTE--------------DYRQTNYLSSKNNEHYYTANLVIFGPGSNIIKNNVIYYKKEYAESGMGTMLEIWFQPFLTHKYDEFYVDPALELIKCLIKSLYYLYGIKPNDNLNIPYRLRNEFNSLEYSELDMIDFLISGGIDYKLLNTNPYWFIDKYFIDTSKNFEKYKNDYEIKIKNNNYIANSIKLYLEQKFKINVKDIWELNLSYFSKEFQIMMPERYNNALNHYYRKEYYVIDYFKNYNINGFKNGQIKTKLPLSKYNKEIINKPELIVNLINQNNTVLMKSNIYGDGLKGTVDNFYSNYIIPYNLNYEHSINYS---YLDNVNIEEIEKIPPINDEDIYPYRKNADTFIPVYNITKAKEINTTTPLPVNYLQAQMIDSNDINLSSDFLKVISSKG-SLVYSFLNNTMDYLEFIKYDKPIDTDKKYYKWLKAIFRNYSLDITETQEISNQFGDTKIIPWIGRALNILNTNNSFVEEFKNLGPISLINKKENITIPKIKIDEIPSSMLNFSFKDLSENLFNIYCKNNFYLKKIYYNFLDQWWTQYYSQYFDLICMASKSVLAQEKLIKKLIQKQLRYLMENSNISSTNLILINLTTTNTLRDISNQSQIAINNIDKFFNNAAMCVFENNIYPKFTSFMEQCIKNINKSTKEFILKCTNINETEKSHLIMQNSFSNLDFDFLDIQNMKNLFNSYTELLIKEQTSPYELSLYAFQEQDNNVIGDTSGKNTLVEYPKDIGLVYGINNNAIHLTGANQNIKFTNDYFENGLTNNFSIYFWLRNLKQNTIKSKLIGSKEDNCGWEIYFENDGLVFNIIDSNGNEKNIYLSNISNNSWHYIVISINRLKDQLLIFIDNILVANEDIKEILNIYSSDIISLLSDNNNVYIEGLSVLNKTINSNEILTDYFSDLNNSYVLLYCNISSSKFLI-----YELFNYVFPEIAINKIEQNNNIYLSINNENNLNFKPLKFKLLNTNPNKQYVQKWDEVIFSVLDGTEKYLDISTTNNRIQLVDNKNNAQIFIINNDIFISNCLTLTYNNVNVYLSIKNQDYNWVICDLNHDIPKKSYLWILKN
PROKKA_00005	tr|A7GBF8|A7GBF8_CLOBL Toxin complex component ORF-X2 OS=Clostridium botulinum (strain Langeland / NCTC 10281 / Type F) GN=CLI_0846 PE=4 SV=1 !!!ORF-X2	1164	750	36	15	41.67	18	3	721	753	VFENNIY---PKFTSFMEQCIKNINKSTKEFILKCT
PROKKA_00005	tr|B1L2G1|B1L2G1_CLOBM Toxin complex component ORF-X1 OS=Clostridium botulinum (strain Loch Maree / Type A3) GN=CLK_A0072 PE=4 SV=1 !!!ORF-X1	1164	142	85	29	34.12	52	4	554	636	IPWIGRALNILNTNNSFVEEFKNLGPISLIN-KKENITIPKIKIDEIPSSMLNFSFKDLSENLFNIYCKNNFYLKKIYYN-FLDQ
PROKKA_00005	tr|A0A0A7FV57|A0A0A7FV57_9CLOT Clostridium P-47 family protein OS=Clostridium baratii str. Sullivan GN=U729_696 PE=4 SV=1 !!!P-47	1164	491	31	11	35.48	19	1	336	365	FKNYNI-NGFKNGQIKTKLPLSKYNKEIINK
PROKKA_00005	tr|A0A059PY44|A0A059PY44_9CLOT Toxin complex component ORF-X3 OS=Clostridium baratii PE=4 SV=1 !!!ORF-X3	1164	491	31	11	35.48	19	1	336	365	FKNYNI-NGFKNGQIKTKLPLSKYNKEIINK
PROKKA_00005	tr|C1FUH5|C1FUH5_CLOBJ Toxin complex component ORF-X1 OS=Clostridium botulinum (strain Kyoto / Type A2) GN=CLM_0893 PE=4 SV=1 !!!ORF-X1	1164	142	69	22	31.88	46	1	554	622	IPWIGRALNILNTNNSFVEEFKNLGPISLINKKENITIPKIKIDEIPSSMLNFSFKDLSENLFNIYCKN
PROKKA_00005	tr|A7GBF7|A7GBF7_CLOBL Toxin complex component ORF-X3 OS=Clostridium botulinum (strain Langeland / NCTC 10281 / Type F) GN=CLI_0845 PE=4 SV=1 !!!ORF-X3	1164	490	25	8	32.00	17	0	341	365	INGFKNGQIKTKLPLSKYNKEIINK
PROKKA_00005	tr|B1L2F9|B1L2F9_CLOBM Toxin complex component ORF-X3 OS=Clostridium botulinum (strain Loch Maree / Type A3) GN=CLK_A0070 PE=4 SV=1 !!!ORF-X3	1164	490	25	8	32.00	17	0	341	365	INGFKNGQIKTKLPLSKYNKEIINK
PROKKA_00005	tr|C1FUH3|C1FUH3_CLOBJ Toxin complex component ORF-X3 OS=Clostridium botulinum (strain Kyoto / Type A2) GN=CLM_0891 PE=4 SV=1 !!!ORF-X3	1164	490	25	8	32.00	17	0	341	365	INGFKNGQIKTKLPLSKYNKEIINK
PROKKA_00006	tr|B1L2G4|B1L2G4_CLOBM Botulinum neurotoxin type A3, nontoxic-nonhemagglutinin component, NTNH OS=Clostridium botulinum (strain Loch Maree / Type A3) GN=ntnH PE=4 SV=1 !!!ntnH	1253	1159	1143	267	23.36	698	178	5	1090	NSFNYNDPVNDRTILYIKPGGCQEFYKSFNIMKNIWIIPERNVIGTTPQDFHPPTSL-----KNGDSSYYDPNYLQSDEEKDRFLKIVTKIFNRINNNLSGGILLEELSKANPYLGNDNTPDNQFHIGDASAVEIKFSNGSQHILLPNVIIMGAEPDLFETNSSNISLRNNYMPSNHGFGSIAIVTFSPEYSFRFNDNSINEFIQDPALTLMHELIHSLHGLYGAK---GITTTCIITQQQNPLITNRKGINIEEFLTFGGNDLNIITVAQY---NDIYTNLLNDYRKIASKL-SKVQVSNPQLNPYKDIFQEKYGLDKDASGIYSVNINKFDDILKKLYSFTEFDLATKFQVKCRETYIGQYKYFKLSNLLNDSIYNISEGYNINNLKVNFRGQNANLNPRIIKPITGRGLVKKII---RFCKNIVSVKGIRKSICIEINNGELFFVASENSYND------DNI----NTPKEIDDTVTSNNNYENDLDQVILNFNSESAPGLSDEKLNLTIQN-DAYIPKYDSNGTSDIEQHDVNELNVFFYLDAQKVPEGENNVNLTSSIDTALLEQPK--IYTFFSS--EFINNV--NKPVQA-ALFVSWIQQVLVDFTTEANQKSTVDKIADISIVVPYIGLALNIGNEAQKGNFKDALELLGAGILLEFEPELLIPTILVFTIKSFLGSSDNKNKVIKAINNALKERDEKWKEVYSFIVSNWMTKINTQFNKRKEQMYQALQNQVNAIKTIIESKYNSYTLEEKN---------ELTNKYDIKQIENELNQKVSIAMNNIDRFLTESSISYLMKLINEVKINKLREYDENVKTYLLNYIIQHGSILGESQQELNSMVTDTLNNSIPFKLSSYTDDKILISYFNKFFKRIKSSSVLNMRY-----KNDKYVDTSGYDSNININGDVYKYPTNKNQFGIYNDKL----SEVNIS-QNDYIIYDNKYKN-FSISFWVRIPNYDNKIVNVNNEYTIINCM--RDNNSGWKVSLNHNEIIWTLQDNAGINQKLAFNYGNANGISDYINKWIFVTITNDRLGDSKL-YINGNLIDQKSILNLGNIHVSDNI-LFKIVNCSYTRYIGIRYFNIFDKELDETEIQTLYSNEPNTNILKDFWGNYLLYDKEYYLLN
PROKKA_00006	tr|A7GBG2|A7GBG2_CLOBL Botulinum neurotoxin type F, nontoxic-nonhemagglutinin component, NTNH OS=Clostridium botulinum (strain Langeland / NCTC 10281 / Type F) GN=ntnH PE=4 SV=1 !!!ntnH	1253	1163	1140	265	23.25	703	172	5	1090	NSFNYNDPVNDRTILYIKPGGCQEFYKSFNIMKNIWIIPERNVIGTTPQDFHPPTSL-----KNGDSSYYDPNYLQSDEEKDRFLKIVTKIFNRINNNLSGGILLEELSKANPYLGNDNTPDNQFHIGDASAVEIKFSNGSQHILLPNVIIMGAEPDLFETNSSNISLRNNYMPSNHGFGSIAIVTFSPEYSFRFNDNSINEFIQDPALTLMHELIHSLHGLYGAKGITTTCIITQQQNPLITNRKG-INIEEFLTFGGNDLNIITVAQY---NDIYTNLLNDYRKIASKL-SKVQVSNPQLNPYKDIFQEKYGLDKDASGIYSVNINKFDDILKKLYSFTEFDLATKFQVKCRETYIGQYKYFKLSNLLNDSIYNISEGYNINNLKVNFRGQNANLNPRIIKPITGRGLVKKII---RFCKNIVSVKGIRKSICIEINNGELFFVASENSYNDDNINT----------PKEIDDTVTSNNNYENDLDQVILNFNSESAPGLSDEKLNLTIQN-DAYIPKYDSNGTSDIEQHDVNELNVFFYLDAQKVPEGENNVNLTSSIDTALLEQPKIYTFFSS--EFINNV--NKPVQA-ALFVSWIQQVLVDFTTEANQKSTVDKIADISIVVPYIGLALNIGNEAQKGNFKDALELLGAGILLEFEPELLIPTILVFTIKSFLGSSDNKNKVIKAINNALKERDEKWKEVYSFIVSNWMTKINTQFNKRKEQMYQALQNQVNAIKTIIESKYNSYTLEEKN---------ELTNKYDIKQIENELNQKVSIAMNNIDRFLTESSISYLMKLINEVKINKLREYDENVKTYLLNYIIQHGSILGESQQELNSMVTDTLNNSIPFKLSSYTDDKILISYFNKFFKRIKSSSVLNMRYK-----NDKYVDTSGYDSNININGDVYKYPTNKNQFGIYNDKL----SEVNIS-QNDYIIYDNKYKN-FSISFWVRIPNYD---NKIVNVNNEYTIINCMRDNNSGWKVSLNHNEIIWTLQDNAGINQKLAFNYGNANGISDYINKWIFVTITNDRLGDSKL-YINGNLIDQKSILNLGNIHVSDNI-LFKIVNCSYTRYIGIRYFNIFDKELDETEIQTLYSNEPNTNILKDFWGNYLLYDKEYYLLN
PROKKA_00006	tr|C5VU80|C5VU80_CLOBO Botulinum neurotoxin type D, nontoxic-nonhemagglutinin component, NTNH OS=Clostridium botulinum D str. 1873 GN=ntnH PE=4 SV=1 !!!ntnH	1253	1196	1175	283	24.09	687	205	7	1094	FNYNDPVNDRTILYIKPGGCQEFYKSFNIMKNIWIIPERNVIGTTPQDFHPPTSLKNGDSSYYDPNYLQSDEEKDRFLKIVTKIFNRINNNLSGGILLEELSKANP----YLGNDNTPDNQFHIGD------------ASAVEIKF----------SNGSQHILLPNVIIMGAEPDLFETNSSNISLRNNYMPSNHGFGSIAIVTFSPEYSFRFNDNSINEFIQDPALTLMHELIHSLHGLYGAKGITTTCIITQQQNPLITNRK--GINIEEFLTFGGNDLNIITVAQY---NDIYTNLLNDYRKIASKL-SKVQVSNPQLNPYKDIFQEKYGLDKDASGIYSVNINKFDDILKKLYSFTEFDLATKFQVKCRETYIGQYKYFKLSNLLNDSIYNISEGYNINNLKVNFRGQNANLNPRIIKPITGRGLVKKIIRFCKNIVSVKGIRKSICIEINNGELFFVASENSYNDDNINTPKEIDDT--VTSNNNYE---NDLDQVILNFNS----ESAPGLSDEKLNLTIQN-DAYIPKYDSNGTSDIEQHDVNELNVFFYLDAQKVPEGENNVNLTSSIDTALLEQPK----IYTFFSS-----EFINNVNKPVQAALFVSWIQQVLVDFTTEANQKSTVDKIADISIVVPYIGLALNIGNEAQKGNFKDALELLGAGILLEFEPELLIPTILVFTIK-SFLGSSDNKNKVIKAINNALKERDEK----WKEVYSFIVSNWMTKINTQFNKRKEQMYQALQNQVNAIKTIIESKYNSY--------TLEEKNELTNKYDIKQIENELNQKVSIAMNNIDRFLTESSISYLMKLINEVKINKLREYDENVKTYLLNYIIQHGSILGESQQELNSMVTDTLNNSIPFKLSSYTDDKILISYFN----KFFKRIKSSSVLNMRYKNDKYVDTSGYDSNI--NINGDVYKYPTNKNQFGIYNDKLSEVN---------ISQNDYIIYDNKY------KNFSISFWVRIPNYDNKIVNVNNEYTIINCMRDNNSGWKVSLNHNEIIWTLQDNAGINQKLAFNYGNANGISDYINK-WIFVTITNDRLGDSKL-YINGNLIDQKSILNLGNIHVSDNILFKIVNCSYTRYIGIRYFNIFDKELDETEIQTLYSNEPNTNILKDFWGNYLLYDKEYYLLNVLKP
PROKKA_00006	tr|C1FUH8|C1FUH8_CLOBJ Botulinum neurotoxin type A2, nontoxic-nonhemagglutinin component, NTNH OS=Clostridium botulinum (strain Kyoto / Type A2) GN=ntnH PE=4 SV=1 !!!ntnH	1253	1159	1142	265	23.20	701	176	5	1090	NSFNYNDPVNDRTILYIKPGGCQEFYKSFNIMKNIWIIPERNVIGTTPQDFHPPTSL-----KNGDSSYYDPNYLQSDEEKDRFLKIVTKIFNRINNNLSGGILLEELSKANPYLGNDNTPDNQFHIGDASAVEIKFSNGSQHILLPNVIIMGAEPDLFETNSSNISLRNNYMPSNHGFGSIAIVTFSPEYSFRFNDNSINEFIQDPALTLMHELIHSLHGLYGAKGITTTCIITQQQNPLIT-NRKGINIEEFLTFGGNDLNIITVAQY---NDIYTNLLNDYRKIASKL-SKVQVSNPQLNPYKDIFQEKYGLDKDASGIYSVNINKFDDILKKLYSFTEFDLATKFQVKCRETYIGQYKYFKLSNLLNDSIYNISEGYNINNLKVNFRGQNANLNPRIIKPITGRGLVKKII---RFCKNIVSVKGIRKSICIEINNGELFFVASENSYND------DNI----NTPKEIDDTVTSNNNYENDLDQVILNFNSESAPGLSDEKLNLTIQN-DAYIPKYDSNGTSDIEQHDVNELNVFFYLDAQKVPEGENNVNLTSSIDTALLEQPK--IYTFFSS--EFINNV--NKPVQA-ALFVSWIQQVLVDFTTEANQKSTVDKIADISIVVPYIGLALNIGNEAQKGNFKDALELLGAGILLEFEPELLIPTILVFTIKSFLGSSDNKNKVIKAINNALKERDEKWKEVYSFIVSNWMTKINTQFNKRKEQMYQALQNQVNAIKTIIESKYNSYTLEEKN---------ELTNKYDIKQIENELNQKVSIAMNNIDRFLTESSISYLMKLINEVKINKLREYDENVKTYLLNYIIQHGSILGESQQELNSMVTDTLNNSIPFKLSSYTDDKILISYFNKFFKRIKSSSVLNMRYK-----NDKYVDTSGYDSNININGDVYKYPTNKNQFGIYNDKL----SEVNIS-QNDYIIYDNKYKN-FSISFWVRIPNYD---NKIVNVNNEYTIINCMRDNNSGWKVSLNHNEIIWTLQDNAGINQKLAFNYGNANGISDYINKWIFVTITNDRLGDSKL-YINGNLIDQKSILNLGNIHVSDNI-LFKIVNCSYTRYIGIRYFNIFDKELDETEIQTLYSNEPNTNILKDFWGNYLLYDKEYYLLN
PROKKA_00006	tr|C5UY14|C5UY14_CLOBO Botulinum neurotoxin type E1, nontoxic-nonhemagglutinin component, NTNH OS=Clostridium botulinum E1 str. 'BoNT E Beluga' GN=ntnH PE=4 SV=1 !!!ntnH	1253	1163	1219	281	23.05	762	176	3	1170	KINS-FNYNDPVNDRTILYIKPGGCQEFYKSFNIMKNIWIIPERNVIGTTPQDFHPPTSLK-----NGDSSYYDPNYLQSDEEKDRFLKIVTKIFNRINNNLSGGILLEELSKANPYLGNDNTPDNQFHIGDASAVEIKFSNGSQHILLPNVIIMGAEPDLFETNSSNISLRNNYMPSNHGFGSIAIVTFSPEYSFRFNDNSINEFIQDPALTLMHELIHSLHGLYGAKGITTTCIITQQQNPLIT-NRKGINIEEFLTFGGNDLNIITVAQY---NDIYTNLLNDYRKIASKLS-KVQVSNPQLNPYKDIFQEKYGLDKDASGIYSVNINKFDDILKKLYSFTEFDLATKFQVKCRETYIGQY-KYFKLSNLLNDSIYNISEGYNINNLKVNFRGQNANLNPRIIKPITGRGLVKKIIRFCKNIVSVKGIRKSICIEIN-NGELFFVASENSYNDDNINTPKEIDDTVTSNNNYENDLDQVIL-NFNSES---APGLSDEKLNLTIQN-DAYIPKYDSNGTSDIEQHDVNELNVFFYLDAQKVPEGENNVNLTSSIDTALLEQPK-IYTFFSS-----EFINNVNKPVQA-ALFVSWIQQVLVDFTTEANQKSTVDKIADISIVVPYIGLALNIGNEAQKGNFKDALELLGAGILLEFEPELLIPTILVFTIKSFLGSSDNKNKVIKAINNALKERDEKWKEVYSFIVSNWMTKINTQFNKRKEQMYQALQNQVNAIKTIIESKYNSYTLEEKN---------ELTNKYDIKQIENELNQKVSIAMNNIDRFLTESSISYLMKLINEVKINKLREYDENVKTYLLNYIIQHGSILGESQQELNSMVTDTLNNSIPFKLSSYTDDKILISYFNKFFKRIKSS----SVLNMRYKNDKYV-DTSGYDSNININGDVYKYPTNKNQ-FGIYNDKLSEVNISQNDYIIYDNKY------KNFSISFWVRIPNYDNKIVNVNNEYTIINCMRDNNSGWKVSLNHNEIIWTLQDNAGINQKLAFNYGNANGISDYINKWIFVTITNDRLGDSKL-YINGNLIDQKSILNLGNIHVSDNILFKIVNCSYTRYIGIRYFNIFDKELDETEIQTLYSNEPNTNILKDFWGNYLLYDKEYYLLNVLKPN---NFIDRRKDSTLSINNIRSTILLANRL-YSGIKVKIQRVNNSSTNDNLVRKNDQVYINFVASKTHLFPLYADTATTN
PROKKA_00006	tr|B1BE43|B1BE43_CLOBO Botulinum neurotoxin type C, nontoxic-nonhemagglutinin component NTNH OS=Clostridium botulinum C str. Eklund GN=CBC_A0166 PE=4 SV=1 !!!ntnH	1253	1196	1188	287	24.16	670	231	7	1094	FNYNDPVNDRTILYIKPGGCQEFYKSFNIMKNIWIIPERNVIGTTPQDFHPPTSLKNGDSSYYDPNYLQSDEEKDRFLKIVTKIFNRINNNLSGGILLEELSKANP----YLGNDNTPDNQFHIGD------------ASAVEIKF----------SNGSQHILLPNVIIMGAEPDLFETNSSNISLRNNYMPSNHGFGSIAIVTFSPEYSFRFNDNSINEFIQDPALTLMHELIHSLHGLYGAKGITTTCIITQQQNPLITNRK--GINIEEFLTFGGNDLNIITVAQY---NDIYTN---LLNDYRKIASKLSKVQVSNPQLNPYKDIFQEKYGLDKDASGIYSVNINKFDDILKKLYSFTEFDLATKFQVKCRETYIGQYKYFKLSNLLNDSIYNISEGYNIN-------NLKVNFRGQNANLNPRIIKPITGRGLV-KKIIRFCKNIVSVKGIRKSICIEINNGELFFVASENSYNDDNINTPKEIDDTVTSNNNYE---NDLDQVILNFNS----ESAPGLSDEKLNLTIQN-DAYIPKYDSNGTSDIEQHDVNELNVFFYLDAQKVPEGENNVNLTSSIDTALLEQPK----IYTFFSS-----EFINNVNKPVQAALFVSWIQQVLVDFTTEANQKSTVDKIADISIVVPYIGLALNIGNEAQKGNFKDALELLGAGILLEFEPELLIPTILVFTIK-SFLGSSDNKNKVIKAINNALKERDEK----WKEVYSFIVSNWMTKINTQFNKRKEQMYQALQNQVNAIKTIIESKYNSY--------TLEEKNELTNKYDIKQIENELNQKVSIAMNNIDRFLTESS------------ISYLMKLINEVKINKLREY-------DENVKTYLLN-YIIQHGSILGESQQELNSMVTDTLNNSIPFKLSSYTDDKILISYFNKFFKRIKSSSVLNMRYKNDKYVDTSGYDSNININGDVYKYPTNKNQFGIYNDKLSEVNISQNDYIIYDNKY------KNFSISFWVRIPNYDNKIVNVNNEYTIINCMRDNNSGWKVSLNHNEIIWTLQDNAGINQKLAFNYGNANGISDYI-NKWIFVTITNDRLGDSKL-YINGNLIDQKSILNLGNIHVSDNILFKIVNCSYTRYIGIRYFNIFDKELDETEIQTLYSNEPNTNILKDFWGNYLLYDKEYYLLNVLKP
PROKKA_00006	tr|A0A0X1KH90|A0A0X1KH90_CLOBA Botulinum neurotoxin type E, nontoxic-nonhemagglutinin component, NTNH OS=Clostridium botulinum (strain Alaska E43 / Type E3) PE=1 SV=1 !!!ntnH	1253	1163	1219	281	23.05	762	176	3	1170	KINS-FNYNDPVNDRTILYIKPGGCQEFYKSFNIMKNIWIIPERNVIGTTPQDFHPPTSLK-----NGDSSYYDPNYLQSDEEKDRFLKIVTKIFNRINNNLSGGILLEELSKANPYLGNDNTPDNQFHIGDASAVEIKFSNGSQHILLPNVIIMGAEPDLFETNSSNISLRNNYMPSNHGFGSIAIVTFSPEYSFRFNDNSINEFIQDPALTLMHELIHSLHGLYGAKGITTTCIITQQQNPLIT-NRKGINIEEFLTFGGNDLNIITVAQY---NDIYTNLLNDYRKIASKLS-KVQVSNPQLNPYKDIFQEKYGLDKDASGIYSVNINKFDDILKKLYSFTEFDLATKFQVKCRETYIGQY-KYFKLSNLLNDSIYNISEGYNINNLKVNFRGQNANLNPRIIKPITGRGLVKKIIRFCKNIVSVKGIRKSICIEIN-NGELFFVASENSYNDDNINTPKEIDDTVTSNNNYENDLDQVIL-NFNSES---APGLSDEKLNLTIQN-DAYIPKYDSNGTSDIEQHDVNELNVFFYLDAQKVPEGENNVNLTSSIDTALLEQPK-IYTFFSS-----EFINNVNKPVQA-ALFVSWIQQVLVDFTTEANQKSTVDKIADISIVVPYIGLALNIGNEAQKGNFKDALELLGAGILLEFEPELLIPTILVFTIKSFLGSSDNKNKVIKAINNALKERDEKWKEVYSFIVSNWMTKINTQFNKRKEQMYQALQNQVNAIKTIIESKYNSYTLEEKN---------ELTNKYDIKQIENELNQKVSIAMNNIDRFLTESSISYLMKLINEVKINKLREYDENVKTYLLNYIIQHGSILGESQQELNSMVTDTLNNSIPFKLSSYTDDKILISYFNKFFKRIKSS----SVLNMRYKNDKYV-DTSGYDSNININGDVYKYPTNKNQ-FGIYNDKLSEVNISQNDYIIYDNKY------KNFSISFWVRIPNYDNKIVNVNNEYTIINCMRDNNSGWKVSLNHNEIIWTLQDNAGINQKLAFNYGNANGISDYINKWIFVTITNDRLGDSKL-YINGNLIDQKSILNLGNIHVSDNILFKIVNCSYTRYIGIRYFNIFDKELDETEIQTLYSNEPNTNILKDFWGNYLLYDKEYYLLNVLKPN---NFIDRRKDSTLSINNIRSTILLANRL-YSGIKVKIQRVNNSSTNDNLVRKNDQVYINFVASKTHLFPLYADTATTN
PROKKA_00006	tr|C4IHM0|C4IHM0_CLOBU Botulinum neurotoxin type E, nontoxic-nonhemagglutinin component, NTNH OS=Clostridium butyricum E4 str. BoNT E BL5262 GN=ntnH PE=4 SV=1 !!!ntnH	1253	1163	1140	260	22.81	720	160	3	1094	KINS-FNYNDPVNDRTILYIKPGGCQEFYKSFNIMKNIWIIPERNVIGTTPQDFHPPTSLK-----NGDSSYYDPNYLQSDEEKDRFLKIVTKIFNRINNNLSGGILLEELSKANPYLGNDNTPDNQFHIGDASAVEIKFSNGSQHILLPNVIIMGAEPDLFETNSSNISLRNNYMPSNHGFGSIAIVTFSPEYSFRFNDNSINEFIQDPALTLMHELIHSLHGLYGAKGITTTCIITQQQNPLIT-NRKGINIEEFLTFGGNDLNIITVAQY---NDIYTNLLNDYRKIASKLS-KVQVSNPQLNPYKDIFQEKYGLDKDASGIYSVNINKFDDILKKLYSFTEFDLATKFQVKCRETYIGQY-KYFKLSNLLNDSIYNISEGYNINNLKVNFRGQNANLNPRIIKPITGRGLVKKIIRFCKNIVSVKGIRKSICIEIN-NGELFFVASENSYNDDNINTPKEIDDTVTSNNNYENDLDQVIL-NFNSES---APGLSDEKLNLTIQN-DAYIPKYDSNGTSDIEQHDVNELNVFFYLDAQKVPEGENNVNLTSSIDTALLEQPK-IYTFFSS-----EFINNVNKPVQA-ALFVSWIQQVLVDFTTEANQKSTVDKIADISIVVPYIGLALNIGNEAQKGNFKDALELLGAGILLEFEPELLIPTILVFTIKSFLGSSDNKNKVIKAINNALKERDEKWKEVYSFIVSNWMTKINTQFNKRKEQMYQALQNQVNAIKTIIESKYNSYTLEEKN---------ELTNKYDIKQIENELNQKVSIAMNNIDRFLTESSISYLMKLINEVKINKLREYDENVKTYLLNYIIQHGSILGESQQELNSMVTDTLNNSIPFKLSSYTDDKILISYFNKFFKRIKSS----SVLNMRYKNDKYV-DTSGYDSNININGDVYKYPTNKNQ-FGIYNDKLSEVNISQNDYIIYDNKY------KNFSISFWVRIPNYDNKIVNVNNEYTIINCMRDNNSGWKVSLNHNEIIWTLQDNAGINQKLAFNYGNANGISDYINK-WIFVTITNDRLGDSKL-YINGNLIDQKSILNLGNIHVSDNILFKIVNCSYTRYIGIRYFNIFDKELDETEIQTLYSNEPNTNILKDFWGNYLLYDKEYYLLNVLKP
PROKKA_00006	tr|A0A060N6G5|A0A060N6G5_CLOBO Nontoxic-nonhemagglutinin component, NTNH OS=Clostridium botulinum B str. Osaka05 GN=CBO05P2_175 PE=4 SV=1 !!!ntnH	1253	1197	348	82	23.56	215	51	10	324	NDPVNDRTILYIKPGGCQEFYKSFNIMKNIWIIPERNVIGTTPQDFHPPTSLKNGDSSYYDPNYLQSDEEKDRFLKIVTKIFNRINNNLSGGILLEELSKANPY--------------LGNDNTPDNQFHIGDASAVEIKF------------SNGSQHILLPNVIIMGAEPDLFETNSSNISLRNNYMPSNHGFGSIAIVTFSPEYSFRFNDNSINEFIQDPALTLMHELIHSLHGLYGAKGITTTCIITQQQNPLI-TNRKGINIEEFLTFGGNDLNIITVAQY---NDIYTN---LLNDYRKIASKLSKVQVSNPQLNPYKDIFQEKYGLDKDASGIYSVNINKF
PROKKA_00006	tr|B2TSC3|B2TSC3_CLOBB Botulinum neurotoxin type B OS=Clostridium botulinum (strain Eklund 17B / Type B) GN=ntnH PE=4 SV=1 !!!ntnH	1253	1197	348	82	23.56	215	51	10	324	NDPVNDRTILYIKPGGCQEFYKSFNIMKNIWIIPERNVIGTTPQDFHPPTSLKNGDSSYYDPNYLQSDEEKDRFLKIVTKIFNRINNNLSGGILLEELSKANPY--------------LGNDNTPDNQFHIGDASAVEIKF------------SNGSQHILLPNVIIMGAEPDLFETNSSNISLRNNYMPSNHGFGSIAIVTFSPEYSFRFNDNSINEFIQDPALTLMHELIHSLHGLYGAKGITTTCIITQQQNPLI-TNRKGINIEEFLTFGGNDLNIITVAQY---NDIYTN---LLNDYRKIASKLSKVQVSNPQLNPYKDIFQEKYGLDKDASGIYSVNINKF
PROKKA_00006	tr|B1INP6|B1INP6_CLOBK Botulinum neurotoxin type B1, nontoxic-nonhemagglutinin component, NTNH OS=Clostridium botulinum (strain Okra / Type B1) GN=ntnH PE=4 SV=1 !!!ntnH	1253	1197	348	81	23.28	216	51	10	324	NDPVNDRTILYIKPGGCQEFYKSFNIMKNIWIIPERNVIGTTPQDFHPPTSLKNGDSSYYDPNYLQSDEEKDRFLKIVTKIFNRINNNLSGGILLEELSKANPY--------------LGNDNTPDNQFHIGDASAVEIKF------------SNGSQHILLPNVIIMGAEPDLFETNSSNISLRNNYMPSNHGFGSIAIVTFSPEYSFRFNDNSINEFIQDPALTLMHELIHSLHGLYGAKGITTTCIITQQQNPLI-TNRKGINIEEFLTFGGNDLNIITVAQY---NDIYTN---LLNDYRKIASKLSKVQVSNPQLNPYKDIFQEKYGLDKDASGIYSVNINKF
PROKKA_00006	tr|A5HZZ8|A5HZZ8_CLOBH Type A progenitor toxin nontoxic-nonha OS=Clostridium botulinum (strain Hall / ATCC 3502 / NCTC 13319 / Type A) GN=ntnH PE=4 SV=1 !!!ntnH	1253	1193	286	69	24.13	176	41	10	268	NDPVNDRTILYIKPGGCQEFYKSFNIMKNIWIIPERNVIGTTPQDFHPPTSLKNGDSSYYDPNYLQSDEEKDRFLKIVTKIFNRINNNLSGGILLEELSKANPY--------------LGNDNTPDNQFHIGDASAVEIKF------------SNGSQHILLPNVIIMGAEPDLFETNSSNISLRNNYMPSNHGFGSIAIVTFSPEYSFRFNDNSINEFIQDPALTLMHELIHSLHGLYGAKGITTTCIITQQQNPLI-TNRKGINIEEFLTFGGNDLNIITVAQY
PROKKA_00006	tr|A0A0C1QVR0|A0A0C1QVR0_9CLOT Transcriptional regulator BotR, P-21 OS=Clostridium argentinense CDC 2741 GN=botR PE=4 SV=1 !!!BotR	1253	178	49	15	30.61	29	5	853	901	LNMRYKNDKYVDTSGYDSNININGDVYKYPTNKNQFGIYNDKLSEVNIS
PROKKA_00006	tr|A5HZZ7|A5HZZ7_CLOBH RNA polymerase ECF-type sigma factor OS=Clostridium botulinum (strain Hall / ATCC 3502 / NCTC 13319 / Type A) GN=botR PE=4 SV=1 !!!BotR	1253	178	43	12	27.91	28	3	976	1015	NYGNANGISDYINKWI---FVTITNDRLGDSKLYINGNLIDQK
PROKKA_00006	tr|S8CEF4|S8CEF4_CLOBO Transcriptional regulator BotR, P-21 OS=Clostridium botulinum CFSAN002367 GN=CFSAN002367_15806 PE=4 SV=1 !!!BotR	1253	178	43	12	27.91	28	3	976	1015	NYGNANGISDYINKWI---FVTITNDRLGDSKLYINGNLIDQK
PROKKA_00006	tr|A0A0D1AER2|A0A0D1AER2_CLOBO Transcriptional regulator OS=Clostridium botulinum B2 450 GN=N495_19875 PE=4 SV=1 !!! 	1253	178	43	12	27.91	28	3	976	1015	NYGNANGISDYINKWI---FVTITNDRLGDSKLYINGNLIDQK
PROKKA_00006	tr|A0A073CP83|A0A073CP83_CLOBO Transcriptional regulator OS=Clostridium botulinum A2B3 87 GN=N496_19575 PE=4 SV=1 !!! 	1253	178	43	12	27.91	28	3	976	1015	NYGNANGISDYINKWI---FVTITNDRLGDSKLYINGNLIDQK
PROKKA_00006	tr|A0A060N3U8|A0A060N3U8_CLOBO Transcriptional regulator botR OS=Clostridium botulinum B str. Osaka05 GN=CBO05P2_176 PE=4 SV=1 !!!BotR	1253	178	43	12	27.91	28	3	976	1015	NYGNANGISDYINKWI---FVTITNDRLGDSKLYINGNLIDQK
PROKKA_00007	tr|B2TSC2|B2TSC2_CLOBB Putative RNA polymerase sigma factor OS=Clostridium botulinum (strain Eklund 17B / Type B) GN=botR PE=4 SV=1 !!!BotR	74	179	13	6	46.15	7	0	1	13	MNRNIIGKKVRII
PROKKA_00008	tr|B1INP8|B1INP8_CLOBK Hemagglutinin component HA33 OS=Clostridium botulinum (strain Okra / Type B1) GN=ha33 PE=1 SV=1 !!!ha33	415	294	113	28	24.78	80	5	33	143	IKSKNIVNCILYGPPGTGKTTLANIMANYVDRK--FYKLNATTASVKDIQEIASSLDTLLGYNGVVVYIDELQHFSKKQQQSLLEFIEKGQITLIASTTENPYFVLHKAILSR
PROKKA_00008	tr|A0A0X1KH90|A0A0X1KH90_CLOBA Botulinum neurotoxin type E, nontoxic-nonhemagglutinin component, NTNH OS=Clostridium botulinum (strain Alaska E43 / Type E3) PE=1 SV=1 !!!ntnH	415	1163	33	11	33.33	22	0	6	38	ERMRPTKLEDFVGQKQIIGEGKPLYNIIKSKNI
PROKKA_00008	tr|C5UY14|C5UY14_CLOBO Botulinum neurotoxin type E1, nontoxic-nonhemagglutinin component, NTNH OS=Clostridium botulinum E1 str. 'BoNT E Beluga' GN=ntnH PE=4 SV=1 !!!ntnH	415	1163	33	11	33.33	22	0	6	38	ERMRPTKLEDFVGQKQIIGEGKPLYNIIKSKNI
PROKKA_00008	tr|C4IHM0|C4IHM0_CLOBU Botulinum neurotoxin type E, nontoxic-nonhemagglutinin component, NTNH OS=Clostridium butyricum E4 str. BoNT E BL5262 GN=ntnH PE=4 SV=1 !!!ntnH	415	1163	33	11	33.33	22	0	6	38	ERMRPTKLEDFVGQKQIIGEGKPLYNIIKSKNI
PROKKA_00008	tr|A5HZZ8|A5HZZ8_CLOBH Type A progenitor toxin nontoxic-nonha OS=Clostridium botulinum (strain Hall / ATCC 3502 / NCTC 13319 / Type A) GN=ntnH PE=4 SV=1 !!!ntnH	415	1193	27	9	33.33	18	0	202	228	LGIISSLKRTLEITAEYIEELEQSHIR
PROKKA_00009	tr|C5UY11|C5UY11_CLOBO Toxin complex component ORF-X2 OS=Clostridium botulinum E1 str. 'BoNT E Beluga' GN=CLO_2648 PE=4 SV=1 !!!ORF-X2	213	748	59	12	20.34	47	0	131	189	LKDKIIKYEDEIQKLKNERDKFRELSNYNENKYYEIAIRSRERNFRKENNIKSNVIEIN
PROKKA_00009	tr|B1L2G2|B1L2G2_CLOBM Transcriptional regulator BotR, P-21 OS=Clostridium botulinum (strain Loch Maree / Type A3) GN=botR PE=4 SV=1 !!!BotR	213	184	60	23	38.33	31	6	128	181	INILKDKIIKYEDEIQKLKNERDKFRE---LS-NYNE--NKYYEIAIRSRERNFRKENNI
PROKKA_00009	tr|C1FUH3|C1FUH3_CLOBJ Toxin complex component ORF-X3 OS=Clostridium botulinum (strain Kyoto / Type A2) GN=CLM_0891 PE=4 SV=1 !!!ORF-X3	213	490	18	7	38.89	11	0	66	83	SYEKYDIISDGDRKKIKF
PROKKA_00009	tr|A7GBF7|A7GBF7_CLOBL Toxin complex component ORF-X3 OS=Clostridium botulinum (strain Langeland / NCTC 10281 / Type F) GN=CLI_0845 PE=4 SV=1 !!!ORF-X3	213	490	18	7	38.89	11	0	66	83	SYEKYDIISDGDRKKIKF
PROKKA_00009	tr|B1BE46|B1BE46_CLOBO Non-toxin haemagglutinin HA-70 OS=Clostridium botulinum C str. Eklund GN=CBC_A0169 PE=4 SV=1 !!!ha70	213	623	38	15	39.47	22	1	72	109	IISDGDRKKIKFPNVDEVVDNNFRNKKRLKFILNSFFL
PROKKA_00009	tr|A0A0C1TZQ5|A0A0C1TZQ5_9CLOT Hemagglutinin components HA-22/23/53 OS=Clostridium argentinense CDC 2741 GN=ha-70 PE=4 SV=1 !!!ha70	213	629	67	24	35.82	33	10	47	109	HYWYSR----KGLREKIEEINSISYEKYDIISDGDRKKIKFPNVDEVVDNNFRNKKRLKFILNSFFL
PROKKA_00009	tr|B2TSB9|B2TSB9_CLOBB Heamagglutinin components HA-70 OS=Clostridium botulinum (strain Eklund 17B / Type B) GN=ha70 PE=4 SV=1 !!!ha70	213	626	20	8	40.00	12	0	123	142	KLKKDINILKDKIIKYEDEI
PROKKA_00009	tr|B1INQ0|B1INQ0_CLOBK Hemagglutinin component HA70 OS=Clostridium botulinum (strain Okra / Type B1) GN=ha70 PE=4 SV=1 !!!ha70	213	626	20	8	40.00	12	0	123	142	KLKKDINILKDKIIKYEDEI
PROKKA_00010	tr|A0A059PYB0|A0A059PYB0_9CLOT Toxin complex component ORF-X2 OS=Clostridium baratii PE=4 SV=1 !!!ORF-X2	584	748	38	16	42.11	21	1	223	260	VLWWKICSKIPLRPCEFMILKKDCVYEKNRKYYIRIRR
PROKKA_00010	tr|A0A059PYB0|A0A059PYB0_9CLOT Toxin complex component ORF-X2 OS=Clostridium baratii PE=4 SV=1 !!!ORF-X2	584	748	35	12	34.29	21	2	365	399	QQFYRDCMVSLQLGDARHLAIINLVLQGTNSYLIR
PROKKA_00010	tr|C5UY11|C5UY11_CLOBO Toxin complex component ORF-X2 OS=Clostridium botulinum E1 str. 'BoNT E Beluga' GN=CLO_2648 PE=4 SV=1 !!!ORF-X2	584	748	80	24	30.00	38	18	223	286	VLWWKICSKIPLRPC-EFMILKKDCVYEKNRKYYIRIRRCK--------PHGFVNKA--LNIR-----KEQSFRINKEIY
PROKKA_00010	tr|C5UY11|C5UY11_CLOBO Toxin complex component ORF-X2 OS=Clostridium botulinum E1 str. 'BoNT E Beluga' GN=CLO_2648 PE=4 SV=1 !!!ORF-X2	584	748	28	12	42.86	16	0	365	392	QQFYRDCMVSLQLGDARHLAIINLVLQG
PROKKA_00010	tr|A7GBF8|A7GBF8_CLOBL Toxin complex component ORF-X2 OS=Clostridium botulinum (strain Langeland / NCTC 10281 / Type F) GN=CLI_0846 PE=4 SV=1 !!!ORF-X2	584	750	29	10	34.48	19	0	34	62	LKIYKEEELDYYKEKFNYFKKKGRIVNCV
PROKKA_00010	tr|B1BE47|B1BE47_CLOBO Clostridium toxin-associated regulator BotR OS=Clostridium botulinum C str. Eklund GN=botR PE=4 SV=1 !!!BotR	584	179	60	13	21.67	43	4	238	293	EFMILKKDCVYEKNRKYYIRIRRCKPHGFVNKALNIRKEQSFRIN----KEIYDLVMKVV
PROKKA_00010	tr|B1BE46|B1BE46_CLOBO Non-toxin haemagglutinin HA-70 OS=Clostridium botulinum C str. Eklund GN=CBC_A0169 PE=4 SV=1 !!!ha70	584	623	32	8	25.00	24	0	188	219	TREIPDYTSILKFDFLLDKYLKNSDEKEFFRY
PROKKA_00010	tr|M1ZPH7|M1ZPH7_CLOBO Hemagglutinin component HA70 OS=Clostridium botulinum CFSAN001627 GN=CFSAN001627_19663 PE=4 SV=1 !!!ha70	584	626	15	6	40.00	9	0	250	264	KNRKYYIRIRRCKPH
PROKKA_00010	tr|C4IHM0|C4IHM0_CLOBU Botulinum neurotoxin type E, nontoxic-nonhemagglutinin component, NTNH OS=Clostridium butyricum E4 str. BoNT E BL5262 GN=ntnH PE=4 SV=1 !!!ntnH	584	1163	29	10	34.48	19	0	140	168	EEYIESTFDNNKLNMKDYTMNFISFIRDN
PROKKA_00012	tr|A0A059PY44|A0A059PY44_9CLOT Toxin complex component ORF-X3 OS=Clostridium baratii PE=4 SV=1 !!!ORF-X3	411	491	35	13	37.14	21	1	235	269	GRYGMLLDITDRNLRLDLKNNQAKGYSKKSRKQKV
PROKKA_00012	tr|A0A0A7FV57|A0A0A7FV57_9CLOT Clostridium P-47 family protein OS=Clostridium baratii str. Sullivan GN=U729_696 PE=4 SV=1 !!!P-47	411	491	35	13	37.14	21	1	235	269	GRYGMLLDITDRNLRLDLKNNQAKGYSKKSRKQKV
PROKKA_00012	tr|A0A060N6G5|A0A060N6G5_CLOBO Nontoxic-nonhemagglutinin component, NTNH OS=Clostridium botulinum B str. Osaka05 GN=CBO05P2_175 PE=4 SV=1 !!!ntnH	411	1197	17	7	41.18	10	0	376	392	INSSDSYIEETKKIGKL
PROKKA_00012	tr|B1INP6|B1INP6_CLOBK Botulinum neurotoxin type B1, nontoxic-nonhemagglutinin component, NTNH OS=Clostridium botulinum (strain Okra / Type B1) GN=ntnH PE=4 SV=1 !!!ntnH	411	1197	17	7	41.18	10	0	376	392	INSSDSYIEETKKIGKL
PROKKA_00012	tr|B2TSC3|B2TSC3_CLOBB Botulinum neurotoxin type B OS=Clostridium botulinum (strain Eklund 17B / Type B) GN=ntnH PE=4 SV=1 !!!ntnH	411	1197	35	11	31.43	24	0	376	410	INSSDSYIEETKKIGKLYEENAEGAFQLLIKKINE
PROKKA_00012	tr|A5HZZ8|A5HZZ8_CLOBH Type A progenitor toxin nontoxic-nonha OS=Clostridium botulinum (strain Hall / ATCC 3502 / NCTC 13319 / Type A) GN=ntnH PE=4 SV=1 !!!ntnH	411	1193	17	7	41.18	10	0	376	392	INSSDSYIEETKKIGKL
PROKKA_00013	tr|B1INP8|B1INP8_CLOBK Hemagglutinin component HA33 OS=Clostridium botulinum (strain Okra / Type B1) GN=ha33 PE=1 SV=1 !!!ha33	104	294	32	9	28.12	23	0	33	64	IKSKKICNCIFYGPPGTGKTTLANIMAKYVDK
PROKKA_00013	tr|A0A060N6G5|A0A060N6G5_CLOBO Nontoxic-nonhemagglutinin component, NTNH OS=Clostridium botulinum B str. Osaka05 GN=CBO05P2_175 PE=4 SV=1 !!!ntnH	104	1197	16	7	43.75	9	0	27	42	TPLYNLIKSKKICNCI
PROKKA_00013	tr|A0A060N6G5|A0A060N6G5_CLOBO Nontoxic-nonhemagglutinin component, NTNH OS=Clostridium botulinum B str. Osaka05 GN=CBO05P2_175 PE=4 SV=1 !!!ntnH	104	1197	26	9	34.62	17	0	8	33	MRPSKIEDFVGQRHILGKNTPLYNLI
PROKKA_00013	tr|B1INP6|B1INP6_CLOBK Botulinum neurotoxin type B1, nontoxic-nonhemagglutinin component, NTNH OS=Clostridium botulinum (strain Okra / Type B1) GN=ntnH PE=4 SV=1 !!!ntnH	104	1197	26	9	34.62	17	0	8	33	MRPSKIEDFVGQRHILGKNTPLYNLI
PROKKA_00013	tr|C4IHM0|C4IHM0_CLOBU Botulinum neurotoxin type E, nontoxic-nonhemagglutinin component, NTNH OS=Clostridium butyricum E4 str. BoNT E BL5262 GN=ntnH PE=4 SV=1 !!!ntnH	104	1163	29	10	34.48	19	0	10	38	PSKIEDFVGQRHILGKNTPLYNLIKSKKI
PROKKA_00013	tr|C5UY14|C5UY14_CLOBO Botulinum neurotoxin type E1, nontoxic-nonhemagglutinin component, NTNH OS=Clostridium botulinum E1 str. 'BoNT E Beluga' GN=ntnH PE=4 SV=1 !!!ntnH	104	1163	29	10	34.48	19	0	10	38	PSKIEDFVGQRHILGKNTPLYNLIKSKKI
PROKKA_00013	tr|A0A0X1KH90|A0A0X1KH90_CLOBA Botulinum neurotoxin type E, nontoxic-nonhemagglutinin component, NTNH OS=Clostridium botulinum (strain Alaska E43 / Type E3) PE=1 SV=1 !!!ntnH	104	1163	29	10	34.48	19	0	10	38	PSKIEDFVGQRHILGKNTPLYNLIKSKKI
