PROKKA_00001	tr|C1FUH8|C1FUH8_CLOBJ Botulinum neurotoxin type A2, nontoxic-nonhemagglutinin component, NTNH OS=Clostridium botulinum (strain Kyoto / Type A2) GN=ntnH PE=4 SV=1 !!!ntnH	780	1159	779	768	98.59	11	0	1	779	MKSNVYGDGLKGTMDNFYAAYKIPYSIGDEYHINYSYLNNVNVEEINNIPPINDADIYPYRKNSDPFIPVYNITETKEINTTIPFSVNYLQAQVTNSNDISLSLDFSKVISSKDRSLVYSFLGNTIDYLDSIKYDEPINTDKKYYLWLKEIFRNYSFDMTETQEVNTSYGINKVVPWLGKALNILNTGNSFIEEFKSLGPISLINKKENITMPKIEIDEIPNSMLNLSFKDLSENLFNRFSKNNSYFEKIYYDFLDQWWTQYYSQYFDLICMAKKSILAQETLIKKIIQKKLSYLIGNSNISSDNLALMNLTTTNTLRDISNESQIAMNNVDSFLNNAAIYVFEGNIYPKFISFMEQCINNINKNTREFIQKCTNITENEKLQLINQNIFSSLDFDFLNIENLKSLFSSETALLIKEETSPYELVLYAFQEPDNNAIGDASAKNTSIEYSKDIDLVYGINSDALYLNGSNQSISFSNDFFENGLTNSFSIYFWLRNLGKDTIKSKLIGSKEDNCGWEIYFQDTGLVFNMIDSNGNEKNIYLSDVSNNSWHYITISVDRLKEQLLIFIDDNLVANESIKEILNIYSSNIISLLSENNPSYIEGLTILNKPTTSQEVLNNYFKVLNNSYIRDSNEERLEYNKTYQLYNYVFSDKPICEVKQNNNIYLTINNTNNLNLQPSKFKLLSINSNKQYVQKFDEVIISILGNMEKYIDISEDNRLQLIDNKNGAKKMIISNDMFISNCLTLSCGGKYICLSMKDENHNWMICNNDMSKYLYLWSFK
PROKKA_00001	tr|B1L2G4|B1L2G4_CLOBM Botulinum neurotoxin type A3, nontoxic-nonhemagglutinin component, NTNH OS=Clostridium botulinum (strain Loch Maree / Type A3) GN=ntnH PE=4 SV=1 !!!ntnH	780	1159	779	729	93.58	50	0	1	779	MKSNVYGDGLKGTMDNFYAAYKIPYSIGDEYHINYSYLNNVNVEEINNIPPINDADIYPYRKNSDPFIPVYNITETKEINTTIPFSVNYLQAQVTNSNDISLSLDFSKVISSKDRSLVYSFLGNTIDYLDSIKYDEPINTDKKYYLWLKEIFRNYSFDMTETQEVNTSYGINKVVPWLGKALNILNTGNSFIEEFKSLGPISLINKKENITMPKIEIDEIPNSMLNLSFKDLSENLFNRFSKNNSYFEKIYYDFLDQWWTQYYSQYFDLICMAKKSILAQETLIKKIIQKKLSYLIGNSNISSDNLALMNLTTTNTLRDISNESQIAMNNVDSFLNNAAIYVFEGNIYPKFISFMEQCINNINKNTREFIQKCTNITENEKLQLINQNIFSSLDFDFLNIENLKSLFSSETALLIKEETSPYELVLYAFQEPDNNAIGDASAKNTSIEYSKDIDLVYGINSDALYLNGSNQSISFSNDFFENGLTNSFSIYFWLRNLGKDTIKSKLIGSKEDNCGWEIYFQDTGLVFNMIDSNGNEKNIYLSDVSNNSWHYITISVDRLKEQLLIFIDDNLVANESIKEILNIYSSNIISLLSENNPSYIEGLTILNKPTTSQEVLNNYFKVLNNSYIRDSNEERLEYNKTYQLYNYVFSDKPICEVKQNNNIYLTINNTNNLNLQPSKFKLLSINSNKQYVQKFDEVIISILGNMEKYIDISEDNRLQLIDNKNGAKKMIISNDMFISNCLTLSCGGKYICLSMKDENHNWMICNNDMSKYLYLWSFK
PROKKA_00001	tr|A7GBG2|A7GBG2_CLOBL Botulinum neurotoxin type F, nontoxic-nonhemagglutinin component, NTNH OS=Clostridium botulinum (strain Langeland / NCTC 10281 / Type F) GN=ntnH PE=4 SV=1 !!!ntnH	780	1163	781	730	93.47	49	2	1	779	MKSNVYGDGLKGTMDNFYAAYKIPYSIGDEYHINYSYLNNVNVEEINNIPPINDADIYPYRKNSDPFIPVYNITETKEINTTIPFSVNYLQAQVTNSNDISLSLDFSKVISSKDRSLVYSFLGNTIDYLDSIKYDEPINTDKKYYLWLKEIFRNYSFDMTETQEVNTSYGINKVVPWLGKALNILNTGNSFIEEFKSLGPISLINKKENITMPKIEIDEIPNSMLNLSFKDLSENLFNRFSKNNSYFEKIYYDFLDQWWTQYYSQYFDLICMAKKSILAQETLIKKIIQKKLSYLIGNSNISSDNLALMNLTTTNTLRDISNESQIAMNNVDSFLNNAAIYVFEGNIYPKFISFMEQCINNINKNTREFIQKCTNITENEKLQLINQNIFSSLDFDFLNIENLKSLFSSETALLIKEETSPYELVLYAFQEPDNNAIGDASAKNTSIEYSKDIDLVYGINSDALYLNGSNQSISFSNDFFENGLTNSFSIYFWLRNLGKDTIKSKLIGSKEDNCGWEIYFQDTGLVFNMIDSNGNEKNIYLSDVSNNSWHYITISVDRLKEQLLIFIDDNLVANESIKEILNIYSSNIISLLSENNPSYIEGLTILNKPTTSQEVLNNYFKVLNNSYIRDSNEERLEYNKTYQLYNYVFSDKPICEVKQNNNIYLTINNTNNLNLQPSKFKLLSINSNKQYVQKFDEVIISILGNMEKYIDISEDNRLQLIDNKNGAKKMIISNDMFISNCLTLSCGGKYICLSMKDENHNWMICNND--MSKYLYLWSFK
PROKKA_00001	tr|A5HZZ8|A5HZZ8_CLOBH Type A progenitor toxin nontoxic-nonha OS=Clostridium botulinum (strain Hall / ATCC 3502 / NCTC 13319 / Type A) GN=ntnH PE=4 SV=1 !!!ntnH	780	1193	782	659	84.27	118	5	1	779	MKSNVYGDGLKGTMDNFYAAYKIPYSIGDEYHINYS---YLNNVNVEEINNIPPINDADIYPYRKNSDPFIPVYNITETKEINTTIPFSVNYLQAQVTNSNDISLSLDFSKVISSKDRSLVYSFLGNTIDYLDSIKYDEPINTDKKYYLWLKEIFRNYSFDMTETQEVNTSYGINKVVPWLGKALNILNTGNSFIEEFKSLGPISLINKKENITMPKIEIDEIPNSMLNLSFKDLSENLFNRFSKNNSYFEKIYYDFLDQWWTQYYSQYFDLICMAKKSILAQETLIKKIIQKKLSYLIGNSNISSDNLALMNLTTTNTLRDISNESQIAMNNVDSFLNNAAIYVFEGNIYPKFISFMEQCINNINKNTREFIQKCTNITENEKLQLINQNIFSSLDFDFLNIENLKSLFSSETALLIKEETSPYELVLYAFQEPDNNAIGDASAKNTSIEYSKDIDLVYGINSDALYLNGSNQSISFSNDFFENGLTNSFSIYFWLRNLGKDTIKSKLIGSKEDNCGWEIYFQDTGLVFNMIDSNGNEKNIYLSDVSNNSWHYITISVDRLKEQLLIFIDDNLVANESIKEILNIYSSNIISLLSENNPSYIEGLTILNKPTTSQEVLNNYFKVLNNSYIRDSNEERLEYNKTYQLYNYVFSDKPICEVKQNNNIYLTINNTNNLNLQPSKFKLLSINSNKQYVQKFDEVIISILGNMEKYIDISEDNRLQLIDNKNGAKKMIISNDMFISNCLTLSCGGKYICLSMKDENHNWMICNNDMSKYLYLWSFK
PROKKA_00001	tr|C5UY14|C5UY14_CLOBO Botulinum neurotoxin type E1, nontoxic-nonhemagglutinin component, NTNH OS=Clostridium botulinum E1 str. 'BoNT E Beluga' GN=ntnH PE=4 SV=1 !!!ntnH	780	1163	782	562	71.87	216	4	1	779	MKSNVYGDGLKGTMDNFYAAYKIPYSIGDEYHINYSYLNNVNVEEINNIPPINDADIYPYRKNSDPFIPVYNITETKEINTTIPFSVNYLQAQVTNSNDISLSLDFSKVISSKDRSLVYSFLGNTIDYLDSIKYDEPINTDKKYYLWLKEIFRNYSFDMTETQEVNTSYGINKVVPWLGKALNILNTGNSFIEEFKSLGPISLINKKENITMPKIEIDEIPNSMLNLSFKDLSENLFNRFSKNNSYFEKIYYDFLDQWWTQYYSQYFDLICMAKKSILAQETLIKKIIQKKLSYLIGNSNISSDNLALMNLTTTNTLRDISNESQIAMNNVDSFLNNAAIYVFEGNIYPKFISFMEQCINNINKNTREFIQKCTNITENEKLQLINQNIFSSLDFDFLNIENLKSLFSSETALLIKEETSPYELVLYAFQEPDNNAIGDASAKNTSIEYSKDIDLVYGINSDALYLNGSNQSISFSNDFFENGLTNSFSIYFWLRNLGKDTIKSKLIGSKEDNCGWEIYFQDTGLVFNMIDSNGNEKNIYLSDVSNNSWHYITISVDRLKEQLLIFIDDNLVANESIKEILNIYSSNIISLLSENNPSYIEGLTILNKPTTSQEVLNNYFKVLNNSYIRDSNEERLEYNKTYQLYNYVFSDKPICEVKQNNNIYLTINNTNNLNLQPSKFKLLSINSNKQYVQKFDEVIISILGNMEKYIDIS-EDNRLQLIDNKNGAKKMIISNDMFISNCLTLSCGGKYICLSMKDENHNWMIC--NNDMSKYLYLWSFK
PROKKA_00001	tr|A0A0X1KH90|A0A0X1KH90_CLOBA Botulinum neurotoxin type E, nontoxic-nonhemagglutinin component, NTNH OS=Clostridium botulinum (strain Alaska E43 / Type E3) PE=1 SV=1 !!!ntnH	780	1163	782	561	71.74	217	4	1	779	MKSNVYGDGLKGTMDNFYAAYKIPYSIGDEYHINYSYLNNVNVEEINNIPPINDADIYPYRKNSDPFIPVYNITETKEINTTIPFSVNYLQAQVTNSNDISLSLDFSKVISSKDRSLVYSFLGNTIDYLDSIKYDEPINTDKKYYLWLKEIFRNYSFDMTETQEVNTSYGINKVVPWLGKALNILNTGNSFIEEFKSLGPISLINKKENITMPKIEIDEIPNSMLNLSFKDLSENLFNRFSKNNSYFEKIYYDFLDQWWTQYYSQYFDLICMAKKSILAQETLIKKIIQKKLSYLIGNSNISSDNLALMNLTTTNTLRDISNESQIAMNNVDSFLNNAAIYVFEGNIYPKFISFMEQCINNINKNTREFIQKCTNITENEKLQLINQNIFSSLDFDFLNIENLKSLFSSETALLIKEETSPYELVLYAFQEPDNNAIGDASAKNTSIEYSKDIDLVYGINSDALYLNGSNQSISFSNDFFENGLTNSFSIYFWLRNLGKDTIKSKLIGSKEDNCGWEIYFQDTGLVFNMIDSNGNEKNIYLSDVSNNSWHYITISVDRLKEQLLIFIDDNLVANESIKEILNIYSSNIISLLSENNPSYIEGLTILNKPTTSQEVLNNYFKVLNNSYIRDSNEERLEYNKTYQLYNYVFSDKPICEVKQNNNIYLTINNTNNLNLQPSKFKLLSINSNKQYVQKFDEVIISILGNMEKYIDIS-EDNRLQLIDNKNGAKKMIISNDMFISNCLTLSCGGKYICLSMKDENHNWMIC--NNDMSKYLYLWSFK
PROKKA_00001	tr|C4IHM0|C4IHM0_CLOBU Botulinum neurotoxin type E, nontoxic-nonhemagglutinin component, NTNH OS=Clostridium butyricum E4 str. BoNT E BL5262 GN=ntnH PE=4 SV=1 !!!ntnH	780	1163	782	560	71.61	218	4	1	779	MKSNVYGDGLKGTMDNFYAAYKIPYSIGDEYHINYSYLNNVNVEEINNIPPINDADIYPYRKNSDPFIPVYNITETKEINTTIPFSVNYLQAQVTNSNDISLSLDFSKVISSKDRSLVYSFLGNTIDYLDSIKYDEPINTDKKYYLWLKEIFRNYSFDMTETQEVNTSYGINKVVPWLGKALNILNTGNSFIEEFKSLGPISLINKKENITMPKIEIDEIPNSMLNLSFKDLSENLFNRFSKNNSYFEKIYYDFLDQWWTQYYSQYFDLICMAKKSILAQETLIKKIIQKKLSYLIGNSNISSDNLALMNLTTTNTLRDISNESQIAMNNVDSFLNNAAIYVFEGNIYPKFISFMEQCINNINKNTREFIQKCTNITENEKLQLINQNIFSSLDFDFLNIENLKSLFSSETALLIKEETSPYELVLYAFQEPDNNAIGDASAKNTSIEYSKDIDLVYGINSDALYLNGSNQSISFSNDFFENGLTNSFSIYFWLRNLGKDTIKSKLIGSKEDNCGWEIYFQDTGLVFNMIDSNGNEKNIYLSDVSNNSWHYITISVDRLKEQLLIFIDDNLVANESIKEILNIYSSNIISLLSENNPSYIEGLTILNKPTTSQEVLNNYFKVLNNSYIRDSNEERLEYNKTYQLYNYVFSDKPICEVKQNNNIYLTINNTNNLNLQPSKFKLLSINSNKQYVQKFDEVIISILGNMEKYIDISED-NRLQLIDNKNGAKKMIISNDMFISNCLTLSCGGKYICLSMKDENHNWMIC--NNDMSKYLYLWSFK
PROKKA_00001	tr|A0A060N6G5|A0A060N6G5_CLOBO Nontoxic-nonhemagglutinin component, NTNH OS=Clostridium botulinum B str. Osaka05 GN=CBO05P2_175 PE=4 SV=1 !!!ntnH	780	1197	785	505	64.33	271	9	1	779	MKSNVYGDGLKGTMDNFYAAYKIPYSIGDEYHINYS---YLNNVNVEEINNIPPINDADIYPYRKNSDPFIPVYNITETKEINTTIPFSVNYLQAQVTNSNDISLSLDFSKVISSKDRSLVYSFLGNTIDYLDSIKYDEPINTDKKYYLWLKEIFRNYSFDMTETQEVNTSYGINKVVPWLGKALNILNTGNSFIEEFKSLGPISLINKKENITMPKIEIDEIPNSMLNLSFKDLSENLFNRFSKNNSYFEKIYYDFLDQWWTQYYSQYFDLICMAKKSILAQETLIKKIIQKKLSYLIGNSNISSDNLALMNLTTTNTLRDISNESQIAMNNVDSFLNNAAIYVFEGNIYPKFISFMEQCINNINKNTREFIQKCTNITENEKLQLINQNIFSSLDFDFLNIENLKSLFSSETALLIKEETSPYELVLYAFQEPDNNAIGDASAKNTSIEYSKDIDLVYGINSDALYLNGSNQSISFSNDFFENGLTNSFSIYFWLRNLGKDTIKSKLIGSKEDNCGWEIYFQDTGLVFNMIDSNGNEKNIYLSDVSNNSWHYITISVDRLKEQLLIFIDDNLVANESIKEILNIYSSNIISLLSENNPSYIEGLTILNKPTTSQEVLNNYFKVLNNSYIRDSNEERLEYNKTYQLYNYVFSDKPICEVKQNNNIYLTINNTNNLNLQPSKFKLLSINSNKQYVQKFDEVIISILGNMEKYIDI-SEDNRLQLIDNKNGAKKMIISNDMFISNCLTLSCGGKYICLSMKDENHNWMICNN--DMSKYLYLWSFK
PROKKA_00001	tr|B1INP6|B1INP6_CLOBK Botulinum neurotoxin type B1, nontoxic-nonhemagglutinin component, NTNH OS=Clostridium botulinum (strain Okra / Type B1) GN=ntnH PE=4 SV=1 !!!ntnH	780	1197	785	496	63.18	280	9	1	779	MKSNVYGDGLKGTMDNFYAAYKIPYSIGDEYHINYS---YLNNVNVEEINNIPPINDADIYPYRKNSDPFIPVYNITETKEINTTIPFSVNYLQAQVTNSNDISLSLDFSKVISSKDRSLVYSFLGNTIDYLDSIKYDEPINTDKKYYLWLKEIFRNYSFDMTETQEVNTSYGINKVVPWLGKALNILNTGNSFIEEFKSLGPISLINKKENITMPKIEIDEIPNSMLNLSFKDLSENLFNRFSKNNSYFEKIYYDFLDQWWTQYYSQYFDLICMAKKSILAQETLIKKIIQKKLSYLIGNSNISSDNLALMNLTTTNTLRDISNESQIAMNNVDSFLNNAAIYVFEGNIYPKFISFMEQCINNINKNTREFIQKCTNITENEKLQLINQNIFSSLDFDFLNIENLKSLFSSETALLIKEETSPYELVLYAFQEPDNNAIGDASAKNTSIEYSKDIDLVYGINSDALYLNGSNQSISFSNDFFENGLTNSFSIYFWLRNLGKDTIKSKLIGSKEDNCGWEIYFQDTGLVFNMIDSNGNEKNIYLSDVSNNSWHYITISVDRLKEQLLIFIDDNLVANESIKEILNIYSSNIISLLSENNPSYIEGLTILNKPTTSQEVLNNYFKVLNNSYIRDSNEERLEYNKTYQLYNYVFSDKPICEVKQNNNIYLTINNTNNLNLQPSKFKLLSINSNKQYVQKFDEVIISILGNMEKYIDI-SEDNRLQLIDNKNGAKKMIISNDMFISNCLTLSCGGKYICLSMKDENHNWMICNN--DMSKYLYLWSFK
PROKKA_00001	tr|B2TSC3|B2TSC3_CLOBB Botulinum neurotoxin type B OS=Clostridium botulinum (strain Eklund 17B / Type B) GN=ntnH PE=4 SV=1 !!!ntnH	780	1197	785	491	62.55	285	9	1	779	MKSNVYGDGLKGTMDNFYAAYKIPYSIGDEYHINYS---YLNNVNVEEINNIPPINDADIYPYRKNSDPFIPVYNITETKEINTTIPFSVNYLQAQVTNSNDISLSLDFSKVISSKDRSLVYSFLGNTIDYLDSIKYDEPINTDKKYYLWLKEIFRNYSFDMTETQEVNTSYGINKVVPWLGKALNILNTGNSFIEEFKSLGPISLINKKENITMPKIEIDEIPNSMLNLSFKDLSENLFNRFSKNNSYFEKIYYDFLDQWWTQYYSQYFDLICMAKKSILAQETLIKKIIQKKLSYLIGNSNISSDNLALMNLTTTNTLRDISNESQIAMNNVDSFLNNAAIYVFEGNIYPKFISFMEQCINNINKNTREFIQKCTNITENEKLQLINQNIFSSLDFDFLNIENLKSLFSSETALLIKEETSPYELVLYAFQEPDNNAIGDASAKNTSIEYSKDIDLVYGINSDALYLNGSNQSISFSNDFFENGLTNSFSIYFWLRNLGKDTIKSKLIGSKEDNCGWEIYFQDTGLVFNMIDSNGNEKNIYLSDVSNNSWHYITISVDRLKEQLLIFIDDNLVANESIKEILNIYSSNIISLLSENNPSYIEGLTILNKPTTSQEVLNNYFKVLNNSYIRDSNEERLEYNKTYQLYNYVFSDKPICEVKQNNNIYLTINNTNNLNLQPSKFKLLSINSNKQYVQKFDEVIISILGNMEKYIDI-SEDNRLQLIDNKNGAKKMIISNDMFISNCLTLSCGGKYICLSMKDENHNWMICNN--DMSKYLYLWSFK
PROKKA_00001	tr|B1BE43|B1BE43_CLOBO Botulinum neurotoxin type C, nontoxic-nonhemagglutinin component NTNH OS=Clostridium botulinum C str. Eklund GN=CBC_A0166 PE=4 SV=1 !!!ntnH	780	1196	782	442	56.52	331	9	1	776	MKSNVYGDGLKGTMDNFYAAYKIPYSIGDEYHINYS---YLNNVNVEEINNIPPINDADIYPYRKNSDPFIPVYNITETKEINTTIPFSVNYLQAQVTNSNDISLSLDFSKVISSKDRSLVYSFLGNTIDYLDSIKYDEPINTDKKYYLWLKEIFRNYSFDMTETQEVNTSYGINKVVPWLGKALNILNTGNSFIEEFKSLGPISLINKKENITMPKIEIDEIPNSMLNLSFKDLSENLFNRFSKNNSYFEKIYYDFLDQWWTQYYSQYFDLICMAKKSILAQETLIKKIIQKKLSYLIGNSNISSDNLALMNLTTTNTLRDISNESQIAMNNVDSFLNNAAIYVFEGNIYPKFISFMEQCINNINKNTREFIQKCTNITENEKLQLINQNIFSSLDFDFLNIENLKSLFSSETALLIKEETSPYELVLYAFQEPDNNAIGDASAKNTSIEYSKDIDLVYGINSDALYLNGSNQSISFSNDFFENGLTNSFSIYFWLRNLGKDTIKSKLIGSKEDNCGWEIYFQDTGLVFNMIDSNGNEKNIYLSDVSNNSWHYITISVDRLKEQLLIFIDDNLVANESIKEILNIYSSNIISLLSENNPSYIEGLTILNKPTTSQEVLNNYFKVLNNSYIRDSNEERLEYNKTYQLYNYVFSDKPICEVKQNNNIYLTINNTNNLNLQPSKFKLLSINSNKQYVQKFDEVIISILGNMEKYIDIS-EDNRLQLIDNKNGAKKMIISNDMFISNCLTLSCGGKYICLSMKDENHNWMIC--NNDMSKYLYLW
PROKKA_00001	tr|C5VU80|C5VU80_CLOBO Botulinum neurotoxin type D, nontoxic-nonhemagglutinin component, NTNH OS=Clostridium botulinum D str. 1873 GN=ntnH PE=4 SV=1 !!!ntnH	780	1196	782	443	56.65	330	9	1	776	MKSNVYGDGLKGTMDNFYAAYKIPYSIGDEYHINYS---YLNNVNVEEINNIPPINDADIYPYRKNSDPFIPVYNITETKEINTTIPFSVNYLQAQVTNSNDISLSLDFSKVISSKDRSLVYSFLGNTIDYLDSIKYDEPINTDKKYYLWLKEIFRNYSFDMTETQEVNTSYGINKVVPWLGKALNILNTGNSFIEEFKSLGPISLINKKENITMPKIEIDEIPNSMLNLSFKDLSENLFNRFSKNNSYFEKIYYDFLDQWWTQYYSQYFDLICMAKKSILAQETLIKKIIQKKLSYLIGNSNISSDNLALMNLTTTNTLRDISNESQIAMNNVDSFLNNAAIYVFEGNIYPKFISFMEQCINNINKNTREFIQKCTNITENEKLQLINQNIFSSLDFDFLNIENLKSLFSSETALLIKEETSPYELVLYAFQEPDNNAIGDASAKNTSIEYSKDIDLVYGINSDALYLNGSNQSISFSNDFFENGLTNSFSIYFWLRNLGKDTIKSKLIGSKEDNCGWEIYFQDTGLVFNMIDSNGNEKNIYLSDVSNNSWHYITISVDRLKEQLLIFIDDNLVANESIKEILNIYSSNIISLLSENNPSYIEGLTILNKPTTSQEVLNNYFKVLNNSYIRDSNEERLEYNKTYQLYNYVFSDKPICEVKQNNNIYLTINNTNNLNLQPSKFKLLSINSNKQYVQKFDEVIISILGNMEKYIDIS-EDNRLQLIDNKNGAKKMIISNDMFISNCLTLSCGGKYICLSMKDENHNWMIC--NNDMSKYLYLW
PROKKA_00001	tr|A0A0D1BS75|A0A0D1BS75_CLOBO Hemagglutinin OS=Clostridium botulinum B2 450 GN=N495_19885 PE=4 SV=1 !!! 	780	146	23	11	47.83	12	0	456	478	VYGINSDALYLNGSNQSISFSND
PROKKA_00001	tr|A0A060N976|A0A060N976_CLOBO Hemagglutinin component HA17 OS=Clostridium botulinum B str. Osaka05 GN=CBO05P2_178 PE=4 SV=1 !!!ha17	780	146	23	11	47.83	12	0	456	478	VYGINSDALYLNGSNQSISFSND
PROKKA_00001	tr|A0A0E1L447|A0A0E1L447_CLOBO Hemagglutinin component HA-17 OS=Clostridium botulinum CDC_1436 GN=ha-17 PE=4 SV=1 !!!ha17	780	146	23	11	47.83	12	0	456	478	VYGINSDALYLNGSNQSISFSND
PROKKA_00001	tr|A0A0B4W498|A0A0B4W498_CLOBO Hemagglutinin component HA-17 OS=Clostridium botulinum Prevot_594 GN=ha-17 PE=4 SV=1 !!!ha17	780	146	23	11	47.83	12	0	456	478	VYGINSDALYLNGSNQSISFSND
PROKKA_00001	tr|A0A073CN83|A0A073CN83_CLOBO Hemagglutinin OS=Clostridium botulinum A2B3 87 GN=N496_19565 PE=4 SV=1 !!! 	780	146	23	11	47.83	12	0	456	478	VYGINSDALYLNGSNQSISFSND
PROKKA_00001	tr|A5HZZ5|A5HZZ5_CLOBH Hemagglutinin component of the neurotoxin complex OS=Clostridium botulinum (strain Hall / ATCC 3502 / NCTC 13319 / Type A) GN=ha17 PE=1 SV=1 !!!ha17	780	146	23	10	43.48	13	0	456	478	VYGINSDALYLNGSNQSISFSND
PROKKA_00001	tr|C1FUH5|C1FUH5_CLOBJ Toxin complex component ORF-X1 OS=Clostridium botulinum (strain Kyoto / Type A2) GN=CLM_0893 PE=4 SV=1 !!!ORF-X1	780	142	66	19	28.79	46	1	175	240	VPWLGKALNILNTGNSFIEEFKSLGPISLINKKENITMPKIEIDEIPNSMLNLSFKDLSENLFNRF
PROKKA_00001	tr|B1L2G1|B1L2G1_CLOBM Toxin complex component ORF-X1 OS=Clostridium botulinum (strain Loch Maree / Type A3) GN=CLK_A0072 PE=4 SV=1 !!!ORF-X1	780	142	67	20	29.85	44	3	175	240	VPWLGKALNILNTGNSFIEEFKSLGPISLIN-KKENITMPKIEIDEIPNSMLNLSFKDLSENLFNRF
PROKKA_00001	tr|A7GBF8|A7GBF8_CLOBL Toxin complex component ORF-X2 OS=Clostridium botulinum (strain Langeland / NCTC 10281 / Type F) GN=CLI_0846 PE=4 SV=1 !!!ORF-X2	780	750	15	8	53.33	7	0	346	360	NIYPKFISFMEQCIN
PROKKA_00001	tr|A0A059PYE4|A0A059PYE4_9CLOT Toxin OS=Clostridium baratii GN=UC77_04385 PE=4 SV=1 !!! 	780	140	41	14	34.15	26	1	175	214	VPWLGKALNILNTGNSFIEEFKSLGPISLIN-KKENITMPK
PROKKA_00001	tr|A0A0A7FVW8|A0A0A7FVW8_9CLOT Putative oRF-X1 OS=Clostridium baratii str. Sullivan GN=U729_698 PE=4 SV=1 !!!ORF-X1	780	140	41	14	34.15	26	1	175	214	VPWLGKALNILNTGNSFIEEFKSLGPISLIN-KKENITMPK
PROKKA_00002	tr|B1INP6|B1INP6_CLOBK Botulinum neurotoxin type B1, nontoxic-nonhemagglutinin component, NTNH OS=Clostridium botulinum (strain Okra / Type B1) GN=ntnH PE=4 SV=1 !!!ntnH	1297	1197	1222	262	21.44	733	227	4	1132	VNKQFNYKDPVNGVDIAYIKIPNAGQMQPVKAFKIHNKIWVIPERDTFTNPEEGDLNPPPEAKQVPVSYYDSTYLSTDNEKDNYLKGVTKLFERIYSTDLGRMLLTSIVRGIPFWG---------------GSTIDTELKVIDTNCINVIQPDGSYR------SEE------LNLVIIGPSADIIQFECKSFGHDVLNLTRNGYGSTQYIRFSPDFTFGFEESLEVDTNPLLGAGKFATDPAVTLAHELIHAEHRLYGIAINPNRVFKVNTNAYYEMSGLEVS---FEELRTFGGHDAKFIDS----LQENEFR--LYYYNKFKDVASTLNKAKSIIGTTASLQYMKNVFKEKYLLSEDTSGKFSVDKLKFDKLYKMLTEIYTEDNFVNFFKVINRKTYLNFDKAVFRINIVPDENYTIKDGFNLKGANLSTNFNGQNTEINSRNFTRLKNFTGLFEFYKLLCVRGIIPFKTKSLDEGYNKALNDLCIKVNNWDLFFSPSEDNFTNDLDKVEEITADTNIEAAEENISLDLIQQYYLTFDFDNEPENISIENLSSDIIGQLEPMPNIERFPNGKKYELDKYTMFHYLRAQ-----EFEHGDSRIILTNSAEEALLKPNVAYTFFSSKYVKKINKAVEAFMFLNWAEELVYDFTDETNEVTTMDKIADITIIVPYIGPALNIGNMLSKGEFVEAIIFTGVVAMLEFIPEYALPVFGTFAIVSYIANKVLTVQTINNALSKRNEK-----------WDEVYKYTVTNWLAKVNTQ-IDLIREKMKKALENQAEATKAIINYQYNQYTEEEKNNINFNIDDLSSK-----LNESINSAMININKFLDQCSVSYLMNSMIPYAVKRLKDFDASVRDVLLKYIYDNRGTLVLQVDRLKDEVNNTLSADIPFQLSKYVDNKKLLSTFTEYIK----NIVNTSILSIVYKKDDLID-------LSRYGAKINI-----GDRVYYDSIDKNQIKLINLESSTIEVILKNAIVYNSMYENFSTSFWIKIPKYFSKINLNNEYTIINCIEN---NSGWKVSLNYGEIIWTLQDNKQNIQRVVFKYSQMVNISDYINR-WIFVTITNNRL-TKSKIYINGRLIDQKPISNLGNIHASNKIMFKLDGCRDPRRYIMIKYFNLFDKELNEKEIKDLYDSQSNSGILKDFWGNYLQYDKPYYMLNLFDP-----------NKYV---DVNNIGIRG
PROKKA_00002	tr|B2TSC3|B2TSC3_CLOBB Botulinum neurotoxin type B OS=Clostridium botulinum (strain Eklund 17B / Type B) GN=ntnH PE=4 SV=1 !!!ntnH	1297	1197	1187	262	22.07	728	197	4	1119	VNKQFNYKDPVNGVDIAYIKIPNAGQMQPVKAFKIHNKIWVIPERDTFTNPEEGDLNPPPEAKQVPVSYYDSTYLSTDNEKDNYLKGVTKLFERIYSTDLGRMLLTSIVRGIPFWG---------------GSTIDTELKVIDTNCINVIQPDGSYR------SEE------LNLVIIGPSADIIQFECKSFGHDVLNLTRNGYGSTQYIRFSPDFTFGFEESLEVDTNPLLGAGKFATDPAVTLAHELIHAEHRLYGIAINPNRVFKVNTNAYYEMSGLEVS---FEELRTFGGHDAKFIDSLQENEFRLYYYNKFKDVASTLNKAKS-IIGTTASLQYMKNVFKEKYLLSEDTSGKFSVDKLKFDKLYKMLTEIYTEDNFVNFFKVINRKTYLNFDKAVFRINIVPDENYTIKDGFNLKGANLSTNFNGQNTEINSRNFTRLKN---FTGLFEFYKLLCVRGIIPFKTKSLDEGYNKALNDLCIKVNNWDLFFSPSEDNFTNDLDKVEEITADTNIEAAEENISLDLIQQYYLTFDFDNEPENISIENLSSDIIGQLEPMPNIERFPNGKKYELDKYTMFHYLRAQ-----EFEHGDSRIILTNSAEEALLK---PNVAYTFFSSKYVKKINKAVEAFMFLNWAEELVYDFTDETNEVTTMDKIADITIIVPYIGPALNIGNMLSKGEFVEAIIFTGVVAMLEFIPEYALPVFGTFAIVSYIANKVLTV--QTINNALSKRNEKWDEVYKYTVTNWLAKVNTQ-IDLIREKMKKALENQAEATKAIINYQYNQYTEEEKNNINFNIDDLSS-----KLNESINSAMININKFLDQCSVSYLMNSMIPYAVKRLKDFDASVRDVLLKYIYDNRGTLVLQVDRLKDEVNNTLSADIPFQLSKYVDNKKLLSTFTEYIK----NIVNTSILSIVYKKDDLID-------LSRYGAKINI-----GDRVYYDSIDKNQIKLINLESSTIEVILKNAIVYNSMYENFSTSFWIKIPKYFSKINLNNEYTIINCIEN---NSGWKVSLNYGEIIWTLQDNKQNIQRVVFKYSQMVNISDYINR-WIFVTITNNRL-TKSKIYINGRLIDQKPISNLGNIHASNKIMFKLDGCRDPRRYIMIKYFNLFDKELNEKEIKDLYDSQSNSGILKDFWGNYLQYDKPYYMLNLFDP
PROKKA_00002	tr|A0A0X1KH90|A0A0X1KH90_CLOBA Botulinum neurotoxin type E, nontoxic-nonhemagglutinin component, NTNH OS=Clostridium botulinum (strain Alaska E43 / Type E3) PE=1 SV=1 !!!ntnH	1297	1163	277	79	28.52	160	38	4	276	VNKQFNYKDPVNGVDIAYIKIPNAGQMQPVKAFKIHNKIWVIPERDTFTNPEEGDLNPPPEAKQVPVSYYDSTYLSTDNEKDNYLKGVTKLFERIYSTDLGRMLLTSIVRGIPF-WGGSTIDTELKVIDTNCINVIQPDGSYRSEELNLVIIGPSADIIQFECKSFGHDVLNLTRNGYGSTQYIRFSPDFTFGFEESLEVDTNPLLGAGKFATDPAVTLAHELIHAEHRLYGIAINPNRVFKVNTNAYYEMSGLEVSFEELRTF---GGHDAKFIDS
PROKKA_00002	tr|A0A0X1KH90|A0A0X1KH90_CLOBA Botulinum neurotoxin type E, nontoxic-nonhemagglutinin component, NTNH OS=Clostridium botulinum (strain Alaska E43 / Type E3) PE=1 SV=1 !!!ntnH	1297	1163	562	128	22.78	360	74	606	1136	WAEELVYDFTDETNEVTTMDKIADITIIVPYIGPALNIGNMLSKGEFVEAIIFTGVVAMLEFIPEYALPVFGTFAIVSYIAN---KVLTVQTINNALSKRNEKWDEVYKYTVTNWLAKVNTQ-IDLIREKMKKALENQAEATKAIINYQYNQYTEEEKN-------NINFNIDDLSSKLNESINSAMININKFLDQCSVSYLMNSMIP----YAVKRLKDFDASVRDVLLKYIYDN---RGTLVLQ------------VDRLKDEVNNTLSADIPFQLSKYVDNKKLLSTFTEYIKNIVNTSILSIVYKKDDLIDLSRYGAKINIGDRVYYDSIDKNQIKLINLESSTIEVILKNAIVYNSMYENFSTSFWIKIPKYFSKINLNNEYTIINCIENNSGWKVSLNYGEIIWTLQDNKQNIQRVVFKYSQMVNISDYINRWIFVTITNNRLT-KSKIYINGRLIDQKPISNLGNIHASNKIMFKLDGCRDPRRYIMIKYFNLFDKELNEKEIKDLYDSQSNSGILKDFWGNYLQYDKPYYMLNLFDPNKYVDVNNIGIRGYMYL
PROKKA_00002	tr|C5UY14|C5UY14_CLOBO Botulinum neurotoxin type E1, nontoxic-nonhemagglutinin component, NTNH OS=Clostridium botulinum E1 str. 'BoNT E Beluga' GN=ntnH PE=4 SV=1 !!!ntnH	1297	1163	277	79	28.52	160	38	4	276	VNKQFNYKDPVNGVDIAYIKIPNAGQMQPVKAFKIHNKIWVIPERDTFTNPEEGDLNPPPEAKQVPVSYYDSTYLSTDNEKDNYLKGVTKLFERIYSTDLGRMLLTSIVRGIPF-WGGSTIDTELKVIDTNCINVIQPDGSYRSEELNLVIIGPSADIIQFECKSFGHDVLNLTRNGYGSTQYIRFSPDFTFGFEESLEVDTNPLLGAGKFATDPAVTLAHELIHAEHRLYGIAINPNRVFKVNTNAYYEMSGLEVSFEELRTF---GGHDAKFIDS
PROKKA_00002	tr|C5UY14|C5UY14_CLOBO Botulinum neurotoxin type E1, nontoxic-nonhemagglutinin component, NTNH OS=Clostridium botulinum E1 str. 'BoNT E Beluga' GN=ntnH PE=4 SV=1 !!!ntnH	1297	1163	562	128	22.78	360	74	606	1136	WAEELVYDFTDETNEVTTMDKIADITIIVPYIGPALNIGNMLSKGEFVEAIIFTGVVAMLEFIPEYALPVFGTFAIVSYIAN---KVLTVQTINNALSKRNEKWDEVYKYTVTNWLAKVNTQ-IDLIREKMKKALENQAEATKAIINYQYNQYTEEEKN-------NINFNIDDLSSKLNESINSAMININKFLDQCSVSYLMNSMIP----YAVKRLKDFDASVRDVLLKYIYDN---RGTLVLQ------------VDRLKDEVNNTLSADIPFQLSKYVDNKKLLSTFTEYIKNIVNTSILSIVYKKDDLIDLSRYGAKINIGDRVYYDSIDKNQIKLINLESSTIEVILKNAIVYNSMYENFSTSFWIKIPKYFSKINLNNEYTIINCIENNSGWKVSLNYGEIIWTLQDNKQNIQRVVFKYSQMVNISDYINRWIFVTITNNRLT-KSKIYINGRLIDQKPISNLGNIHASNKIMFKLDGCRDPRRYIMIKYFNLFDKELNEKEIKDLYDSQSNSGILKDFWGNYLQYDKPYYMLNLFDPNKYVDVNNIGIRGYMYL
PROKKA_00002	tr|B1L2G4|B1L2G4_CLOBM Botulinum neurotoxin type A3, nontoxic-nonhemagglutinin component, NTNH OS=Clostridium botulinum (strain Loch Maree / Type A3) GN=ntnH PE=4 SV=1 !!!ntnH	1297	1159	276	77	27.90	163	36	4	276	VNKQFNYKDPVNGVDIAYIKIPNAGQMQPVKAFKIHNKIWVIPERDTFTNPEEGDLNPPPEAKQVPVSYYDSTYLSTDNEKDNYLKGVTKLFERIYSTDLGRMLLTSIVRGIPFWGGSTIDTELKVIDTNCINVIQPDGSYRSEELNLVIIGPSADIIQFECKSFGHDVLNLTRNGYGSTQYIRFSPDFTFGFEESLEVDTNPLLGAGKFATDPAVTLAHELIHAEHRLYGIAINPNRVFKVNTNAYYEMSGLEVSFEELRTF---GGHDAKFIDS
PROKKA_00002	tr|B1L2G4|B1L2G4_CLOBM Botulinum neurotoxin type A3, nontoxic-nonhemagglutinin component, NTNH OS=Clostridium botulinum (strain Loch Maree / Type A3) GN=ntnH PE=4 SV=1 !!!ntnH	1297	1159	553	117	21.16	340	96	606	1115	WAEELVYDFTDETNEVTTMDKIADITIIVPYIGPALNIGNMLSKGEFVEAIIFTGVVAMLEFIPEYALPVFGTFAIVSYIANKVLTV------QTINNALSKRNEKWDEVYKYTVTNWLAKVNTQ-IDLIREKMKKALENQAEATKAIINYQYNQYTEEEKNNINFNIDDLSSKLNESINS----------AMININKFLDQCSVSYLMNSMIPYAV-----------KRLKDFDASVRDVL----LKYIYDNRGTLV----LQVDRLKDEVNNTLSADIPFQLSKYVDNKKLLSTFTEYIKNIVNTSI---LSIVYKKDDLIDLSRYGAKINIGDRVYYDSIDKNQIKLINLESSTIEVILKNAIVYNSMYENFSTSFWIKIPKYFSKINLNNEYT---IINCIENNSGWKVSLNYGEIIWTLQDNKQNIQRVVFKYSQMVNISDYINRWIFVTITNNRLTKS-KIYINGRLIDQKPISNLGNIHASNKIMFKLDGCRDPRRYIMIKYFNLFDKELNEKEIKDLYDSQSNSGILKDFWGNYLQYDKPYYMLN
PROKKA_00002	tr|C4IHM0|C4IHM0_CLOBU Botulinum neurotoxin type E, nontoxic-nonhemagglutinin component, NTNH OS=Clostridium butyricum E4 str. BoNT E BL5262 GN=ntnH PE=4 SV=1 !!!ntnH	1297	1163	277	80	28.88	159	38	4	276	VNKQFNYKDPVNGVDIAYIKIPNAGQMQPVKAFKIHNKIWVIPERDTFTNPEEGDLNPPPEAKQVPVSYYDSTYLSTDNEKDNYLKGVTKLFERIYSTDLGRMLLTSIVRGIPF-WGGSTIDTELKVIDTNCINVIQPDGSYRSEELNLVIIGPSADIIQFECKSFGHDVLNLTRNGYGSTQYIRFSPDFTFGFEESLEVDTNPLLGAGKFATDPAVTLAHELIHAEHRLYGIAINPNRVFKVNTNAYYEMSGLEVSFEELRTF---GGHDAKFIDS
PROKKA_00002	tr|C4IHM0|C4IHM0_CLOBU Botulinum neurotoxin type E, nontoxic-nonhemagglutinin component, NTNH OS=Clostridium butyricum E4 str. BoNT E BL5262 GN=ntnH PE=4 SV=1 !!!ntnH	1297	1163	548	120	21.90	350	78	606	1119	WAEELVYDFTDETNEVTTMDKIADITIIVPYIGPALNIGNMLSKGEFVEAIIFTGVVAMLEFIPEYALPVFGTFAIVSYIAN---KVLTVQTINNALSKRNEKWDEVYKYTVTNWLAKVNTQ-IDLIREKMKKALENQAEATKAIINYQYNQYTEEEKN-------NINFNIDDLSSKLNESINSAMININKFLDQCSVSYLMNSMIP----YAVKRLKDFDASVRDVLLKYIYDNRGTLVLQVDRLKDEVNNTLSADIPFQLSKYVDNKKLLSTFTEYIKNIVNTSILSIVYKKDDLIDLSRYGAKINIGDRVYYDSIDKNQI---------------KLINLESSTIEVILKNAIVYNSMYENFSTSFWIKIPKYFSKINLNN---EYTIINCIENNSGWKVSLNYGEIIWTLQDNKQNIQRVVFKYSQMVNISDYINRWIFVTITNNRLT-KSKIYINGRLIDQKPISNLGNIHASNKIMFKLDGCRDPRRYIMIKYFNLFDKELNEKEIKDLYDSQSNSGILKDFWGNYLQYDKPYYMLNLFDP
PROKKA_00002	tr|A7GBG2|A7GBG2_CLOBL Botulinum neurotoxin type F, nontoxic-nonhemagglutinin component, NTNH OS=Clostridium botulinum (strain Langeland / NCTC 10281 / Type F) GN=ntnH PE=4 SV=1 !!!ntnH	1297	1163	278	76	27.34	162	40	4	276	VNKQFNYKDPVNGVDIAYIKIPNAGQMQPV--KAFKIHNKIWVIPERDTFTNPEEGDLNPPPEAKQVPVSYYDSTYLSTDNEKDNYLKGVTKLFERIYSTDLGRMLLTSIVRGIPFWGGSTIDTELKVIDTNCINVIQPDGSYRSEELNLVIIGPSADIIQFECKSFGHDVLNLTRNGYGSTQYIRFSPDFTFGFEESLEVDTNPLLGAGKFATDPAVTLAHELIHAEHRLYGIAINPNRVFKVNTNAYYEMSGLEVSFEELRTF---GGHDAKFIDS
PROKKA_00002	tr|A7GBG2|A7GBG2_CLOBL Botulinum neurotoxin type F, nontoxic-nonhemagglutinin component, NTNH OS=Clostridium botulinum (strain Langeland / NCTC 10281 / Type F) GN=ntnH PE=4 SV=1 !!!ntnH	1297	1163	611	129	21.11	383	99	552	1115	HYLRAQEFEHGDSRIILTNSAEEALLKPNVAYTFF--------SSKYVKKINKAVEAFMFLNWAEELVYDFTDETNEVTTMDKIADITIIVPYIGPALNIGNMLSKGEFVEAIIFTGVVAMLEFIPEYALPVFGTFAIVSYIANKVLTV------QTINNALSKRNEKWDEVYKYTVTNWLAKVNTQ-IDLIREKMKKALENQAEATKAI---INYQYNQYTEEEKNNINFNI---DDLSSKLNESINSAMININKFLDQCSVSYLMNSMIP----YAVKRLKDFDASVRDVLLKY---------------IYDNRGTLVLQVDRLKDEVNNTLSADIPFQLSKYVDNKKLLSTFTEYIKNIVNTSIL---SIVYKKDDLIDLSRYGAKINIGDRVYYDSIDKNQIKLINLESSTIEVILKNAIVYNSMYENFSTSFWIKIPKYFSKINLNNEYT---IINCIENNSGWKVSLNYGEIIWTLQDNKQNIQRVVFKYSQMVNISDYINRWIFVTITNNRLTKS-KIYINGRLIDQKPISNLGNIHASNKIMFKLDGCRDPRRYIMIKYFNLFDKELNEKEIKDLYDSQSNSGILKDFWGNYLQYDKPYYMLN
PROKKA_00002	tr|A5HZZ8|A5HZZ8_CLOBH Type A progenitor toxin nontoxic-nonha OS=Clostridium botulinum (strain Hall / ATCC 3502 / NCTC 13319 / Type A) GN=ntnH PE=4 SV=1 !!!ntnH	1297	1193	303	83	27.39	163	57	4	276	VNKQFNYKDPVNGVDIAYIKIPNAGQMQPVKAFKIHNKIWVIPERDTFTNPEEGDLNPPPEAKQVPVSYYDSTYLSTDNEKDNYLKGVTKLFERIYSTDLGRMLLTSIVRGIPFWG---------------GSTIDTELKVIDTNCINVIQPDGSYR------SEE------LNLVIIGPSADIIQFECKSFGHDVLNLTRNGYGSTQYIRFSPDFTFGFEESLEVDTNPLLGAGKFATDPAVTLAHELIHAEHRLYGIAINPNRVFKVNTNAYYEMSGLEVS---FEELRTFGGHDAKFIDS
PROKKA_00002	tr|C1FUH8|C1FUH8_CLOBJ Botulinum neurotoxin type A2, nontoxic-nonhemagglutinin component, NTNH OS=Clostridium botulinum (strain Kyoto / Type A2) GN=ntnH PE=4 SV=1 !!!ntnH	1297	1159	276	74	26.81	166	36	4	276	VNKQFNYKDPVNGVDIAYIKIPNAGQMQPVKAFKIHNKIWVIPERDTFTNPEEGDLNPPPEAKQVPVSYYDSTYLSTDNEKDNYLKGVTKLFERIYSTDLGRMLLTSIVRGIPFWGGSTIDTELKVIDTNCINVIQPDGSYRSEELNLVIIGPSADIIQFECKSFGHDVLNLTRNGYGSTQYIRFSPDFTFGFEESLEVDTNPLLGAGKFATDPAVTLAHELIHAEHRLYGIAINPNRVFKVNTNAYYEMSGLEVSFEELRTF---GGHDAKFIDS
PROKKA_00002	tr|C1FUH8|C1FUH8_CLOBJ Botulinum neurotoxin type A2, nontoxic-nonhemagglutinin component, NTNH OS=Clostridium botulinum (strain Kyoto / Type A2) GN=ntnH PE=4 SV=1 !!!ntnH	1297	1159	553	117	21.16	340	96	606	1115	WAEELVYDFTDETNEVTTMDKIADITIIVPYIGPALNIGNMLSKGEFVEAIIFTGVVAMLEFIPEYALPVFGTFAIVSYIANKVLTV------QTINNALSKRNEKWDEVYKYTVTNWLAKVNTQ-IDLIREKMKKALENQAEATKAIINYQYNQYTEEEKNNINFNIDDLSSKLNESINS----------AMININKFLDQCSVSY----LMNSMIPYAVKRLKDFDASVRDVLLKY---------------IYDNRGTLVLQVDRLKDEVNNTLSADIPFQLSKYVDNKKLLSTFTEYIKNIVNTSIL---SIVYKKDDLIDLSRYGAKINIGDRVYYDSIDKNQIKLINLESSTIEVILKNAIVYNSMYENFSTSFWIKIPKYFSKINLNNEYT---IINCIENNSGWKVSLNYGEIIWTLQDNKQNIQRVVFKYSQMVNISDYINRWIFVTITNNRLTKS-KIYINGRLIDQKPISNLGNIHASNKIMFKLDGCRDPRRYIMIKYFNLFDKELNEKEIKDLYDSQSNSGILKDFWGNYLQYDKPYYMLN
PROKKA_00002	tr|A0A060N6G5|A0A060N6G5_CLOBO Nontoxic-nonhemagglutinin component, NTNH OS=Clostridium botulinum B str. Osaka05 GN=CBO05P2_175 PE=4 SV=1 !!!ntnH	1297	1197	303	83	27.39	163	57	4	276	VNKQFNYKDPVNGVDIAYIKIPNAGQMQPVKAFKIHNKIWVIPERDTFTNPEEGDLNPPPEAKQVPVSYYDSTYLSTDNEKDNYLKGVTKLFERIYSTDLGRMLLTSIVRGIPFWG---------------GSTIDTELKVIDTNCINVIQPDGSYR------SEE------LNLVIIGPSADIIQFECKSFGHDVLNLTRNGYGSTQYIRFSPDFTFGFEESLEVDTNPLLGAGKFATDPAVTLAHELIHAEHRLYGIAINPNRVFKVNTNAYYEMSGLEVS---FEELRTFGGHDAKFIDS
PROKKA_00002	tr|C5VU80|C5VU80_CLOBO Botulinum neurotoxin type D, nontoxic-nonhemagglutinin component, NTNH OS=Clostridium botulinum D str. 1873 GN=ntnH PE=4 SV=1 !!!ntnH	1297	1196	301	78	25.91	170	53	4	276	VNKQFNYKDPVNGVDIAYIKIPNAGQMQPVKAFKIHNKIWVIPERDTFTNPEEGDLNPPPEAKQVPVSYYDSTYLSTDNEKDNYLKGVTKLFERIYSTDLGRMLLTSIVRGIPF-WG--------------GSTIDTELKVIDTNCINVIQPDGSYRSEEL------------NLVIIGPSADIIQFECKSFGHDVLNLTRNGYGSTQYIRFSPDFTFGFEESLEVDTNPLLGAGKFATDPAVTLAHELIHAEHRLYGIAINPNRVFKVNTNAYYEMSGL-EVSFEELRTFGGHDAKFIDS
PROKKA_00002	tr|C5VU80|C5VU80_CLOBO Botulinum neurotoxin type D, nontoxic-nonhemagglutinin component, NTNH OS=Clostridium botulinum D str. 1873 GN=ntnH PE=4 SV=1 !!!ntnH	1297	1196	573	116	20.24	372	85	606	1141	WAEELVYDFTDETNEVTTMDKIADITIIVPYIGPALNIGNMLSKGEFVEAIIFTGVVAMLEFIPEYALPVFGTFAIVSYIANKVLTVQTINNAL----SKRNEKWDEVYKYTVTNWLAKVNTQIDLIREKMKKALENQAEATKAIINYQYNQYTEEEKNNINFNIDDLSSKLNESI-----NSAMININK---FLDQCSVSYLMNSMIP----YAVKRLKDFDASVRDVLLKY--IYDNRGTLV-------------LQVDRLKDEVNNTLSADIPFQLSKYVDNKKLLSTFTEYIKNIVNTSILSIVYKKDDLIDLSR-----YGAKINIGDRVYYDSIDKNQIKLINLESSTIEVILKNAIVYNSMYENFSTSFWIKIPKYFSKINLNNEYTIINCIENNSGWKVSLNYGEIIWTLQDNKQNIQRVVFKYSQMVNISDYINRWIFVTITNNRLTKS-KIYINGRLIDQKPISNLGNIHASNKIMFKLDGCRDPRRYIMIKYFNLFDKELNEKEIKDLYDSQSNSGILKDFWGNYLQYDKPYYMLNLFDPNKYVDVNNIGIRGYMYLKGPRG
PROKKA_00002	tr|B1BE43|B1BE43_CLOBO Botulinum neurotoxin type C, nontoxic-nonhemagglutinin component NTNH OS=Clostridium botulinum C str. Eklund GN=CBC_A0166 PE=4 SV=1 !!!ntnH	1297	1196	301	75	24.92	173	53	4	276	VNKQFNYKDPVNGVDIAYIKIPNAGQMQPVKAFKIHNKIWVIPERDTFTNPEEGDLNPPPEAKQVPVSYYDSTYLSTDNEKDNYLKGVTKLFERIYSTDLGRMLLTSIVRGIPF-WG--------------GSTIDTELKVIDTNCINVIQPDGSYRSEEL------------NLVIIGPSADIIQFECKSFGHDVLNLTRNGYGSTQYIRFSPDFTFGFEESLEVDTNPLLGAGKFATDPAVTLAHELIHAEHRLYGIAINPNRVFKVNTNAYYEMSGL-EVSFEELRTFGGHDAKFIDS
PROKKA_00002	tr|B1BE43|B1BE43_CLOBO Botulinum neurotoxin type C, nontoxic-nonhemagglutinin component NTNH OS=Clostridium botulinum C str. Eklund GN=CBC_A0166 PE=4 SV=1 !!!ntnH	1297	1196	573	124	21.64	364	85	606	1141	WAEELVYDFTDETNEVTTMDKIADITIIVPYIGPALNIGNMLSKGEFVEAIIFTGVVAMLEFIPEYALPVFGTFAIVSYIANKVLTVQTINNAL----SKRNEKWDEVYKYTVTNWLAKVNTQIDLIREKMKKALENQAEATKAIINYQYNQYTEEEKNNINFNIDDLSSKLNESI-----NSAMININK---FLDQCSVSYLMNSMIP----YAVKRLKDFDASVRDVLLKY--IYDNRGTLV-------------LQVDRLKDEVNNTLSADIPFQLSKYVDNKKLLSTFTEYIKNIVNTSILSIVYKKDDLIDLSR-----YGAKINIGDRVYYDSIDKNQIKLINLESSTIEVILKNAIVYNSMYENFSTSFWIKIPKYFSKINLNNEYTIINCIENNSGWKVSLNYGEIIWTLQDNKQNIQRVVFKYSQMVNISDYINRWIFVTITNNRLTKSK-IYINGRLIDQKPISNLGNIHASNKIMFKLDGCRDPRRYIMIKYFNLFDKELNEKEIKDLYDSQSNSGILKDFWGNYLQYDKPYYMLNLFDPNKYVDVNNIGIRGYMYLKGPRG
PROKKA_00002	tr|A0A073CND8|A0A073CND8_CLOBO P-47 protein OS=Clostridium botulinum A2B3 87 GN=N496_18585 PE=4 SV=1 !!!P-47	1297	415	57	16	28.07	37	4	409	461	NSRNFTRLKNFTGLFEFYKLLCVRGIIPFKTKSLDE--GYNKALN--DLCIKVNNWD
PROKKA_00002	tr|B1INP9|B1INP9_CLOBK Hemagglutinin component HA17 OS=Clostridium botulinum (strain Okra / Type B1) GN=ha17 PE=4 SV=1 !!!ha17	1297	146	26	8	30.77	18	0	1104	1129	YLQYDKPYYMLNLFDPNKYVDVNNIG
PROKKA_00002	tr|B2TSB9|B2TSB9_CLOBB Heamagglutinin components HA-70 OS=Clostridium botulinum (strain Eklund 17B / Type B) GN=ha70 PE=4 SV=1 !!!ha70	1297	626	122	32	26.23	71	19	840	956	EVNNTLSADIPFQLSKYVDNKKLLSTFTEYIKNIVNTSILSIVYKKDDLIDLSRYGAKINIGDR-VYYDSIDKNQIKLIN----LESSTIEVILKNAIVYNSMYENFSTSFWIKIPKYFSKI
PROKKA_00002	tr|A5HZZ5|A5HZZ5_CLOBH Hemagglutinin component of the neurotoxin complex OS=Clostridium botulinum (strain Hall / ATCC 3502 / NCTC 13319 / Type A) GN=ha17 PE=1 SV=1 !!!ha17	1297	146	26	8	30.77	18	0	1104	1129	YLQYDKPYYMLNLFDPNKYVDVNNIG
PROKKA_00002	tr|A0A0B4W498|A0A0B4W498_CLOBO Hemagglutinin component HA-17 OS=Clostridium botulinum Prevot_594 GN=ha-17 PE=4 SV=1 !!!ha17	1297	146	26	8	30.77	18	0	1104	1129	YLQYDKPYYMLNLFDPNKYVDVNNIG
PROKKA_00002	tr|B2TSC0|B2TSC0_CLOBB Hemagglutinin component HA-17 OS=Clostridium botulinum (strain Eklund 17B / Type B) GN=ha17 PE=4 SV=1 !!!ha17	1297	146	26	8	30.77	18	0	1104	1129	YLQYDKPYYMLNLFDPNKYVDVNNIG
PROKKA_00002	tr|A0A0D1BS75|A0A0D1BS75_CLOBO Hemagglutinin OS=Clostridium botulinum B2 450 GN=N495_19885 PE=4 SV=1 !!! 	1297	146	26	8	30.77	18	0	1104	1129	YLQYDKPYYMLNLFDPNKYVDVNNIG
PROKKA_00002	tr|A0A060N976|A0A060N976_CLOBO Hemagglutinin component HA17 OS=Clostridium botulinum B str. Osaka05 GN=CBO05P2_178 PE=4 SV=1 !!!ha17	1297	146	26	8	30.77	18	0	1104	1129	YLQYDKPYYMLNLFDPNKYVDVNNIG
PROKKA_00002	tr|A0A0E1L447|A0A0E1L447_CLOBO Hemagglutinin component HA-17 OS=Clostridium botulinum CDC_1436 GN=ha-17 PE=4 SV=1 !!!ha17	1297	146	26	8	30.77	18	0	1104	1129	YLQYDKPYYMLNLFDPNKYVDVNNIG
PROKKA_00004	tr|B1BE46|B1BE46_CLOBO Non-toxin haemagglutinin HA-70 OS=Clostridium botulinum C str. Eklund GN=CBC_A0169 PE=4 SV=1 !!!ha70	76	623	40	13	32.50	25	2	14	53	ELINYIDGDWAEEIMHLVHNKETKKLEIWENRSFGEKYIE
PROKKA_00004	tr|B1BE46|B1BE46_CLOBO Non-toxin haemagglutinin HA-70 OS=Clostridium botulinum C str. Eklund GN=CBC_A0169 PE=4 SV=1 !!!ha70	76	623	50	13	26.00	35	2	11	58	QSKELINYIDGDWAEEIMHLVHNKETKKLEIWENRSFGEKYI--EITDVF
PROKKA_00004	tr|B2TSC2|B2TSC2_CLOBB Putative RNA polymerase sigma factor OS=Clostridium botulinum (strain Eklund 17B / Type B) GN=botR PE=4 SV=1 !!!BotR	76	179	31	12	38.71	16	3	43	70	ENRSFGE---KYIEITDVFDPKYNVYFNERD
PROKKA_00004	tr|B2TSC2|B2TSC2_CLOBB Putative RNA polymerase sigma factor OS=Clostridium botulinum (strain Eklund 17B / Type B) GN=botR PE=4 SV=1 !!!BotR	76	179	68	14	20.59	54	0	1	68	MRKIKFSKKEQSKELINYIDGDWAEEIMHLVHNKETKKLEIWENRSFGEKYIEITDVFDPKYNVYFNE
PROKKA_00004	tr|B1INP6|B1INP6_CLOBK Botulinum neurotoxin type B1, nontoxic-nonhemagglutinin component, NTNH OS=Clostridium botulinum (strain Okra / Type B1) GN=ntnH PE=4 SV=1 !!!ntnH	76	1197	57	17	29.82	37	3	18	74	YIDGDWAEEIMHLVHNKETKKLEIWENRSFGEKYIEITDVFDPKYNVYFNERDRGRN
PROKKA_00004	tr|A0A060N6G5|A0A060N6G5_CLOBO Nontoxic-nonhemagglutinin component, NTNH OS=Clostridium botulinum B str. Osaka05 GN=CBO05P2_175 PE=4 SV=1 !!!ntnH	76	1197	57	17	29.82	37	3	18	74	YIDGDWAEEIMHLVHNKETKKLEIWENRSFGEKYIEITDVFDPKYNVYFNERDRGRN
PROKKA_00004	tr|B1L2G2|B1L2G2_CLOBM Transcriptional regulator BotR, P-21 OS=Clostridium botulinum (strain Loch Maree / Type A3) GN=botR PE=4 SV=1 !!!BotR	76	184	31	10	32.26	18	3	43	70	ENRSFGEKYIE---ITDVFDPKYNVYFNERD
PROKKA_00004	tr|C4IHM0|C4IHM0_CLOBU Botulinum neurotoxin type E, nontoxic-nonhemagglutinin component, NTNH OS=Clostridium butyricum E4 str. BoNT E BL5262 GN=ntnH PE=4 SV=1 !!!ntnH	76	1163	38	11	28.95	27	0	18	55	YIDGDWAEEIMHLVHNKETKKLEIWENRSFGEKYIEIT
PROKKA_00006	tr|A5HZZ8|A5HZZ8_CLOBH Type A progenitor toxin nontoxic-nonha OS=Clostridium botulinum (strain Hall / ATCC 3502 / NCTC 13319 / Type A) GN=ntnH PE=4 SV=1 !!!ntnH	139	1193	19	8	42.11	11	0	102	120	DPTGKSDEEFINTAKIIED
PROKKA_00006	tr|B1INP6|B1INP6_CLOBK Botulinum neurotoxin type B1, nontoxic-nonhemagglutinin component, NTNH OS=Clostridium botulinum (strain Okra / Type B1) GN=ntnH PE=4 SV=1 !!!ntnH	139	1197	19	8	42.11	11	0	102	120	DPTGKSDEEFINTAKIIED
PROKKA_00006	tr|B1INP6|B1INP6_CLOBK Botulinum neurotoxin type B1, nontoxic-nonhemagglutinin component, NTNH OS=Clostridium botulinum (strain Okra / Type B1) GN=ntnH PE=4 SV=1 !!!ntnH	139	1197	43	12	27.91	30	1	25	66	LFASDIFESYSAGTETKPVINQD-AVRIIKKLYGVDMNECHTS
PROKKA_00006	tr|M1ZWZ6|M1ZWZ6_CLOBO Transcriptional regulator BotR, P-21 OS=Clostridium botulinum CFSAN001627 GN=CFSAN001627_10483 PE=4 SV=1 !!!BotR	139	178	16	8	50.00	8	0	67	82	KLLDDIPKIDIAIKMG
PROKKA_00006	tr|A7GBF8|A7GBF8_CLOBL Toxin complex component ORF-X2 OS=Clostridium botulinum (strain Langeland / NCTC 10281 / Type F) GN=CLI_0846 PE=4 SV=1 !!!ORF-X2	139	750	27	10	37.04	16	1	100	125	LEDPTGKSD-EEFINTAKIIEDKIKDL
PROKKA_00006	tr|A0A060N3U8|A0A060N3U8_CLOBO Transcriptional regulator botR OS=Clostridium botulinum B str. Osaka05 GN=CBO05P2_176 PE=4 SV=1 !!!BotR	139	178	16	8	50.00	8	0	67	82	KLLDDIPKIDIAIKMG
PROKKA_00006	tr|B2TSC2|B2TSC2_CLOBB Putative RNA polymerase sigma factor OS=Clostridium botulinum (strain Eklund 17B / Type B) GN=botR PE=4 SV=1 !!!BotR	139	179	16	8	50.00	8	0	67	82	KLLDDIPKIDIAIKMG
PROKKA_00006	tr|A0A0D1AER2|A0A0D1AER2_CLOBO Transcriptional regulator OS=Clostridium botulinum B2 450 GN=N495_19875 PE=4 SV=1 !!! 	139	178	16	8	50.00	8	0	67	82	KLLDDIPKIDIAIKMG
PROKKA_00006	tr|C1FUH8|C1FUH8_CLOBJ Botulinum neurotoxin type A2, nontoxic-nonhemagglutinin component, NTNH OS=Clostridium botulinum (strain Kyoto / Type A2) GN=ntnH PE=4 SV=1 !!!ntnH	139	1159	32	10	31.25	22	0	102	133	DPTGKSDEEFINTAKIIEDKIKDLANRIKNKQ
PROKKA_00006	tr|B1L2G4|B1L2G4_CLOBM Botulinum neurotoxin type A3, nontoxic-nonhemagglutinin component, NTNH OS=Clostridium botulinum (strain Loch Maree / Type A3) GN=ntnH PE=4 SV=1 !!!ntnH	139	1159	32	10	31.25	22	0	102	133	DPTGKSDEEFINTAKIIEDKIKDLANRIKNKQ
PROKKA_00006	tr|A0A073CP83|A0A073CP83_CLOBO Transcriptional regulator OS=Clostridium botulinum A2B3 87 GN=N496_19575 PE=4 SV=1 !!! 	139	178	16	8	50.00	8	0	67	82	KLLDDIPKIDIAIKMG
PROKKA_00006	tr|A5HZZ7|A5HZZ7_CLOBH RNA polymerase ECF-type sigma factor OS=Clostridium botulinum (strain Hall / ATCC 3502 / NCTC 13319 / Type A) GN=botR PE=4 SV=1 !!!BotR	139	178	16	8	50.00	8	0	67	82	KLLDDIPKIDIAIKMG
PROKKA_00006	tr|S8CEF4|S8CEF4_CLOBO Transcriptional regulator BotR, P-21 OS=Clostridium botulinum CFSAN002367 GN=CFSAN002367_15806 PE=4 SV=1 !!!BotR	139	178	16	8	50.00	8	0	67	82	KLLDDIPKIDIAIKMG
PROKKA_00006	tr|A0A0X1KH90|A0A0X1KH90_CLOBA Botulinum neurotoxin type E, nontoxic-nonhemagglutinin component, NTNH OS=Clostridium botulinum (strain Alaska E43 / Type E3) PE=1 SV=1 !!!ntnH	139	1163	30	11	36.67	19	0	102	131	DPTGKSDEEFINTAKIIEDKIKDLANRIKN
PROKKA_00006	tr|C4IHM0|C4IHM0_CLOBU Botulinum neurotoxin type E, nontoxic-nonhemagglutinin component, NTNH OS=Clostridium butyricum E4 str. BoNT E BL5262 GN=ntnH PE=4 SV=1 !!!ntnH	139	1163	30	11	36.67	19	0	102	131	DPTGKSDEEFINTAKIIEDKIKDLANRIKN
PROKKA_00006	tr|C5UY14|C5UY14_CLOBO Botulinum neurotoxin type E1, nontoxic-nonhemagglutinin component, NTNH OS=Clostridium botulinum E1 str. 'BoNT E Beluga' GN=ntnH PE=4 SV=1 !!!ntnH	139	1163	30	11	36.67	19	0	102	131	DPTGKSDEEFINTAKIIEDKIKDLANRIKN
PROKKA_00006	tr|B2TSC3|B2TSC3_CLOBB Botulinum neurotoxin type B OS=Clostridium botulinum (strain Eklund 17B / Type B) GN=ntnH PE=4 SV=1 !!!ntnH	139	1197	19	8	42.11	11	0	102	120	DPTGKSDEEFINTAKIIED
PROKKA_00007	tr|A7GBF8|A7GBF8_CLOBL Toxin complex component ORF-X2 OS=Clostridium botulinum (strain Langeland / NCTC 10281 / Type F) GN=CLI_0846 PE=4 SV=1 !!!ORF-X2	149	750	31	11	35.48	20	0	48	78	MASGFPVGIGGSGCTCGAITGGIMALGMVFG
PROKKA_00007	tr|C1FUH8|C1FUH8_CLOBJ Botulinum neurotoxin type A2, nontoxic-nonhemagglutinin component, NTNH OS=Clostridium botulinum (strain Kyoto / Type A2) GN=ntnH PE=4 SV=1 !!!ntnH	149	1159	42	12	28.57	24	6	1	42	MMNNVDFDKIREVAENYYRNGDFYCSEAVVKTIRDEFKIEVS
PROKKA_00007	tr|B1L2G4|B1L2G4_CLOBM Botulinum neurotoxin type A3, nontoxic-nonhemagglutinin component, NTNH OS=Clostridium botulinum (strain Loch Maree / Type A3) GN=ntnH PE=4 SV=1 !!!ntnH	149	1159	42	12	28.57	24	6	1	42	MMNNVDFDKIREVAENYYRNGDFYCSEAVVKTIRDEFKIEVS
PROKKA_00007	tr|A0A0X1KH90|A0A0X1KH90_CLOBA Botulinum neurotoxin type E, nontoxic-nonhemagglutinin component, NTNH OS=Clostridium botulinum (strain Alaska E43 / Type E3) PE=1 SV=1 !!!ntnH	149	1163	20	6	30.00	14	0	1	20	MMNNVDFDKIREVAENYYRN
PROKKA_00007	tr|C4IHM0|C4IHM0_CLOBU Botulinum neurotoxin type E, nontoxic-nonhemagglutinin component, NTNH OS=Clostridium butyricum E4 str. BoNT E BL5262 GN=ntnH PE=4 SV=1 !!!ntnH	149	1163	20	6	30.00	14	0	1	20	MMNNVDFDKIREVAENYYRN
PROKKA_00007	tr|C5UY14|C5UY14_CLOBO Botulinum neurotoxin type E1, nontoxic-nonhemagglutinin component, NTNH OS=Clostridium botulinum E1 str. 'BoNT E Beluga' GN=ntnH PE=4 SV=1 !!!ntnH	149	1163	20	6	30.00	14	0	1	20	MMNNVDFDKIREVAENYYRN
PROKKA_00008	tr|A7GBF7|A7GBF7_CLOBL Toxin complex component ORF-X3 OS=Clostridium botulinum (strain Langeland / NCTC 10281 / Type F) GN=CLI_0845 PE=4 SV=1 !!!ORF-X3	108	490	48	13	27.08	35	0	7	54	DNAKIIKALSDGSRLKIIDILSCGEKCACDILEHFGFTQPTLSHHMKV
PROKKA_00009	tr|C5VU80|C5VU80_CLOBO Botulinum neurotoxin type D, nontoxic-nonhemagglutinin component, NTNH OS=Clostridium botulinum D str. 1873 GN=ntnH PE=4 SV=1 !!!ntnH	124	1196	39	15	38.46	22	2	16	52	GVCGPSVDPELLRVATIINRL--KNNGILVERHNLTSNP
PROKKA_00009	tr|C1FUH5|C1FUH5_CLOBJ Toxin complex component ORF-X1 OS=Clostridium botulinum (strain Kyoto / Type A2) GN=CLM_0893 PE=4 SV=1 !!!ORF-X1	124	142	23	8	34.78	15	0	92	114	KEFCKLLDIPEDYLKITIKNPSK
PROKKA_00009	tr|B1L2G1|B1L2G1_CLOBM Toxin complex component ORF-X1 OS=Clostridium botulinum (strain Loch Maree / Type A3) GN=CLK_A0072 PE=4 SV=1 !!!ORF-X1	124	142	31	10	32.26	18	3	92	119	KEFCKLLDIPEDYLKITI---KNPSKGCNCK
PROKKA_00009	tr|B1L2G1|B1L2G1_CLOBM Toxin complex component ORF-X1 OS=Clostridium botulinum (strain Loch Maree / Type A3) GN=CLK_A0072 PE=4 SV=1 !!!ORF-X1	124	142	50	9	18.00	41	0	21	70	SVDPELLRVATIINRLKNNGILVERHNLTSNPQIFVDNKEINEILNKEGV
PROKKA_00009	tr|A7GBF9|A7GBF9_CLOBL Toxin complex component ORF-X1 OS=Clostridium botulinum (strain Langeland / NCTC 10281 / Type F) GN=CLI_0847 PE=4 SV=1 !!!ORF-X1	124	142	23	8	34.78	15	0	92	114	KEFCKLLDIPEDYLKITIKNPSK
PROKKA_00009	tr|B1INP6|B1INP6_CLOBK Botulinum neurotoxin type B1, nontoxic-nonhemagglutinin component, NTNH OS=Clostridium botulinum (strain Okra / Type B1) GN=ntnH PE=4 SV=1 !!!ntnH	124	1197	24	9	37.50	13	2	47	70	NLTSNPQIFVDNKEINEILNKEGV
PROKKA_00011	tr|A0A0X1KH90|A0A0X1KH90_CLOBA Botulinum neurotoxin type E, nontoxic-nonhemagglutinin component, NTNH OS=Clostridium botulinum (strain Alaska E43 / Type E3) PE=1 SV=1 !!!ntnH	138	1163	25	11	44.00	14	0	108	132	DEEFIKTAKAIEEKIKDLSERIKNN
PROKKA_00011	tr|C4IHM0|C4IHM0_CLOBU Botulinum neurotoxin type E, nontoxic-nonhemagglutinin component, NTNH OS=Clostridium butyricum E4 str. BoNT E BL5262 GN=ntnH PE=4 SV=1 !!!ntnH	138	1163	25	11	44.00	14	0	108	132	DEEFIKTAKAIEEKIKDLSERIKNN
PROKKA_00011	tr|C5UY14|C5UY14_CLOBO Botulinum neurotoxin type E1, nontoxic-nonhemagglutinin component, NTNH OS=Clostridium botulinum E1 str. 'BoNT E Beluga' GN=ntnH PE=4 SV=1 !!!ntnH	138	1163	25	11	44.00	14	0	108	132	DEEFIKTAKAIEEKIKDLSERIKNN
PROKKA_00011	tr|C1FUH8|C1FUH8_CLOBJ Botulinum neurotoxin type A2, nontoxic-nonhemagglutinin component, NTNH OS=Clostridium botulinum (strain Kyoto / Type A2) GN=ntnH PE=4 SV=1 !!!ntnH	138	1159	45	17	37.78	27	1	89	132	FLPSKHTEDWGLE-DPTGKSDEEFIKTAKAIEEKIKDLSERIKNN
PROKKA_00011	tr|B1L2G4|B1L2G4_CLOBM Botulinum neurotoxin type A3, nontoxic-nonhemagglutinin component, NTNH OS=Clostridium botulinum (strain Loch Maree / Type A3) GN=ntnH PE=4 SV=1 !!!ntnH	138	1159	45	17	37.78	27	1	89	132	FLPSKHTEDWGLE-DPTGKSDEEFIKTAKAIEEKIKDLSERIKNN
PROKKA_00011	tr|A7GBF8|A7GBF8_CLOBL Toxin complex component ORF-X2 OS=Clostridium botulinum (strain Langeland / NCTC 10281 / Type F) GN=CLI_0846 PE=4 SV=1 !!!ORF-X2	138	750	47	15	31.91	22	10	85	131	VVCPFLPSKHTEDWGLEDPTGKSDEEFIKTAKAIEEKIKDLSERIKN
PROKKA_00011	tr|A7GBG2|A7GBG2_CLOBL Botulinum neurotoxin type F, nontoxic-nonhemagglutinin component, NTNH OS=Clostridium botulinum (strain Langeland / NCTC 10281 / Type F) GN=ntnH PE=4 SV=1 !!!ntnH	138	1163	31	10	32.26	21	0	102	132	DPTGKSDEEFIKTAKAIEEKIKDLSERIKNN
PROKKA_00011	tr|A0A073CND8|A0A073CND8_CLOBO P-47 protein OS=Clostridium botulinum A2B3 87 GN=N496_18585 PE=4 SV=1 !!!P-47	138	415	32	11	34.38	21	0	92	123	SKHTEDWGLEDPTGKSDEEFIKTAKAIEEKIK
PROKKA_00011	tr|B1L2G3|B1L2G3_CLOBM P-47 protein OS=Clostridium botulinum (strain Loch Maree / Type A3) GN=p47 PE=4 SV=1 !!!P-47	138	416	32	10	31.25	22	0	92	123	SKHTEDWGLEDPTGKSDEEFIKTAKAIEEKIK
PROKKA_00013	tr|A0A059PY44|A0A059PY44_9CLOT Toxin complex component ORF-X3 OS=Clostridium baratii PE=4 SV=1 !!!ORF-X3	68	491	13	7	53.85	6	0	16	28	LGSPINLQNELNN
PROKKA_00013	tr|A0A0A7FV57|A0A0A7FV57_9CLOT Clostridium P-47 family protein OS=Clostridium baratii str. Sullivan GN=U729_696 PE=4 SV=1 !!!P-47	68	491	13	7	53.85	6	0	16	28	LGSPINLQNELNN
PROKKA_00013	tr|C5UY10|C5UY10_CLOBO Toxin complex component ORF-X3 OS=Clostridium botulinum E1 str. 'BoNT E Beluga' GN=CLO_2647 PE=4 SV=1 !!!ORF-X3	68	487	44	11	25.00	32	1	16	59	LGSPINLQNELNNYGEEGWELIGILKKPHEGVGWTVSPDEGSVI
PROKKA_00013	tr|C4IHM0|C4IHM0_CLOBU Botulinum neurotoxin type E, nontoxic-nonhemagglutinin component, NTNH OS=Clostridium butyricum E4 str. BoNT E BL5262 GN=ntnH PE=4 SV=1 !!!ntnH	68	1163	25	8	32.00	17	0	16	40	LGSPINLQNELNNYGEEGWELIGIL
PROKKA_00013	tr|A0A0X1KH90|A0A0X1KH90_CLOBA Botulinum neurotoxin type E, nontoxic-nonhemagglutinin component, NTNH OS=Clostridium botulinum (strain Alaska E43 / Type E3) PE=1 SV=1 !!!ntnH	68	1163	25	8	32.00	17	0	16	40	LGSPINLQNELNNYGEEGWELIGIL
PROKKA_00013	tr|C5UY14|C5UY14_CLOBO Botulinum neurotoxin type E1, nontoxic-nonhemagglutinin component, NTNH OS=Clostridium botulinum E1 str. 'BoNT E Beluga' GN=ntnH PE=4 SV=1 !!!ntnH	68	1163	25	8	32.00	17	0	16	40	LGSPINLQNELNNYGEEGWELIGIL
