PROKKA_00001	tr|A0A059PYB0|A0A059PYB0_9CLOT Toxin complex component ORF-X2 OS=Clostridium baratii PE=4 SV=1 !!!ORF-X2	751	748	751	568	75.63	179	4	1	750	MNNLKPFIYYDWGKTILKNTKENYSINEIVPKTFFKELNGGGIFKSTLNATWKSWDLTDEAEGPHPVLKCIIDNGYLELCTKDSSEKHSLKNVQIKVCMTIKPNSDGTYSICKDSSSLYIKDNSLNVSEDDLIIAHHLDKLILSWFKDNLKYPELFINKSRIQTRVEGDLSLLGWDIESSVSYKTMNEFIKKDNLYEKKFYQYMKVRRNEFTIDGTFGPWQMTTGADGQNIRFKCPIESANYTINEDIYTAGPDDSITIQVDLKYFDSKTTMTDPTGLNNGQQFNLKVKTETTDDLNAVIIVGSKITDINNEIYPEDSSMLELAFRKWFNVNIKKFEQIFAYILLNETANDPNYQWLKPTQISYGSSSVT-ISDGNKEIPDLDASTFAAMAMVENHKNARPNHAVDNRFLELANTQSAFALSMPEFLKHFLLTGLQATQTDNLDAFEIYTDNLMITNKEKMNFGKIKAGDRDVDALIEKNNFKLAIQNNRVVIEITDATWEQVKGVTGHFNYRQAYKLTLKEVNNEYKPILVEDGEPSLSYMVTEEAWKIQEDAVISGVVGLFAGVLLGAAFQVVGNKLFNFLKSKVKKGNKKVSINLNSSEAKYFWDNMGTDSVQLKNIRIKNSKEAWNEIDATMSVTGSTSSESLLLMKNTVKPMGERLKIFGIKLAAGIASSFGYILGATLPNMLKDIINANINNNFEVLPGIQEFSNQCVGAVQWPDNSELKVNFATLQGVYLLGGNLVKNNESNEK
PROKKA_00001	tr|C5UY11|C5UY11_CLOBO Toxin complex component ORF-X2 OS=Clostridium botulinum E1 str. 'BoNT E Beluga' GN=CLO_2648 PE=4 SV=1 !!!ORF-X2	751	748	751	509	67.78	236	6	1	748	MNNLKPFIYYDWGKTILKNTKENYSINEIVPKTFFKELNGGGIFKSTLNATWKSWDLTDEAEGPHPVLKCIIDNGYLELCTKDSSEKHSLKNVQIKVCMTIKPNSDGTYSICKDSSSLYIKDNSLNVSEDDLIIAHHLDKLILSWFKDNLKYPELFINKSRIQTRVEGDLSLLGWDIESSVSYKTMNEFIKKDNLYEKKFYQYMKVRRNEFTIDGTFGPWQMTTGADGQNIRFKCPIESANYTINEDIYTAGPDDSITIQVDLKYFDSKTTMTDPTGLNNGQQFNLKVKTETTDDLNAVIIVGSKITDINNEIYPEDSSMLELAFRKWFNVNIKKFEQIFAYILLNETANDPNYQWLKPTQISYGSSSVTISD---GNKEIPDLDASTFAAMAMVENHKNARPNHAVDNRFLELANTQSAFALSMPEFLKHFLLTGLQATQTDNLDAFEIYTDNLMITNKEKMNFGKIKAGDRDVDALIEKNNFKLAIQNNRVVIEITDATWEQVKGVTGHFNYRQAYKLTLKEVNNEYKPILVEDGEPSLSYMVTEEAWKIQEDAVISGVVGLFAGVLLGAAFQVVGNKLFNFLKSKVKKGNKKVSINLNSSEAKYFWDNMGTDSVQLKNIRIKNSKEAWNEIDATMSVTGSTSSESLLLMKNTVKPMGERLKIFGIKLAAGIASSFGYILGATLPNMLKDIINANINNNFEVLPGIQEFSNQCVGAVQWPDNSELKVNFATLQGVYLLGGNLVKNNESN
PROKKA_00001	tr|A7GBF8|A7GBF8_CLOBL Toxin complex component ORF-X2 OS=Clostridium botulinum (strain Langeland / NCTC 10281 / Type F) GN=CLI_0846 PE=4 SV=1 !!!ORF-X2	751	750	758	408	53.83	334	16	1	750	MNNLKPFIYYDWGKTILKNTKENYSINEIVPKTFFKELNGGGIFKSTLNATWKSWDLTDEAEGPHPVLKCIIDNGYLELCTKDSSEKHSLKNVQIKVCMTIKPNSDGTYSICKDSSSLYIKDNSLNVSEDDLIIAHHLDKLILSWFKDNLKYPELFINKSRIQTRVEGDLSLLGWDIESSVSYKTMNEFIKKDNLYEKKFYQYMKVRRNEFTIDGTFGPWQMTTGADGQNIRFKCPIESANYTINEDIYTAGPDDSITIQVDLKYFDSKTTMTDPTGLNNGQQFNLKVKTETTDDLNAVIIVGSKITDINNEIYPEDSSMLELAFRKWFNVNIKKFEQIFAYILLNETANDPNYQWLKPTQISYGSSSVTISDGNKEIPDLDASTFAAMAMVENHKNARPNHAVDNRFLELANTQSAFALSMPEFLKHFLLTGLQATQTDNLDAFEIYTDNLMITNKEKMNFGKIKAGD-RDVDALIEKNNFKLAIQNNRVVIEITDATWEQVKGVTGHFNYRQAYKLTLKEVNNEYKPILVEDGEPSLSYMVTEEAWKIQEDAVISGVVGLFAGVLLGAAFQVVGNKLF---NFLKSKVK--KGNKKVSINLNSSEAKYFWDNMGTDSVQLKNIRIKNSKEAWNEIDATMSVTGSTSSESLLLMKNTVKPMGERLKIFGIKLAAGIASSFGYI-LGATLPNMLKDIINANINNNFEVLPGIQEFSNQCVGAVQWPD-NSELKVNFATLQGVYLLGGNLVKNNESNEK
PROKKA_00001	tr|A7GBF7|A7GBF7_CLOBL Toxin complex component ORF-X3 OS=Clostridium botulinum (strain Langeland / NCTC 10281 / Type F) GN=CLI_0845 PE=4 SV=1 !!!ORF-X3	751	490	352	86	24.43	218	48	173	495	LGWDIESSVSYKTMNEFIKKDNLYEKKFYQYMKVRRNEFTIDGTFGPWQMTTGADGQNIRFKCPIES--ANYTINEDIYTAGPDDS--ITIQVDLKYFDSKTTMTDPTGLNNGQQF-NLKVKTETTDDLNAVIIVGSKITDINNEIYPEDSSMLELA-------------FRKWFNVNIKKFEQIFAYILLN-ETANDPNYQWLKPTQISYGSSSVTISDGNKEIPDLDASTFAAMAMVENHKNARPNHAVDNRFLELANTQSAFALSMPEFLKHFLLTGL-QATQTDNLDAFEI---------YTDNLMITNKEKMNFGKIKAGDRDVDALIEKNNFKLAIQNNRVVIEIT
PROKKA_00001	tr|A7GBF7|A7GBF7_CLOBL Toxin complex component ORF-X3 OS=Clostridium botulinum (strain Langeland / NCTC 10281 / Type F) GN=CLI_0845 PE=4 SV=1 !!!ORF-X3	751	490	84	23	27.38	60	1	663	745	FGIKLAAGIASSFGY-ILGATLPNMLKDIINANINNNFEVLPGIQEFSNQCVGAVQWPDNSELKVNFATLQGVYLLGGNLVKNN
PROKKA_00001	tr|A7GBF7|A7GBF7_CLOBL Toxin complex component ORF-X3 OS=Clostridium botulinum (strain Langeland / NCTC 10281 / Type F) GN=CLI_0845 PE=4 SV=1 !!!ORF-X3	751	490	29	11	37.93	18	0	124	152	SLNVSEDDLIIAHHLDKLILSWFKDNLKY
PROKKA_00001	tr|B1L2F9|B1L2F9_CLOBM Toxin complex component ORF-X3 OS=Clostridium botulinum (strain Loch Maree / Type A3) GN=CLK_A0070 PE=4 SV=1 !!!ORF-X3	751	490	353	85	24.08	218	50	173	495	LGWDIESSVSYKTMNEFIKKDNLYEKKFYQYMKVRRNEFTIDGTFGPWQMTTGADGQNIRFKCPIES--ANYTINEDIYTAGPDDS--ITIQVDLKYFDSKTTMTDPTGLNNGQQF-NLKVKTETTDDLNAVIIVGSKITDINNEIYPEDSSMLELA-------------FRKWFNVNIKKFEQIFAYILLN-ETANDPNYQWLKPTQISYGSSSVTISDGNKEIPDLDASTFAAMAMVENHKNAR-PNHAVDNRFLELANTQSAFALSMPEFLKHFLLTGL-QATQTDNLDAFEI---------YTDNLMITNKEKMNFGKIKAGDRDVDALIEKNNFKLAIQNNRVVIEIT
PROKKA_00001	tr|B1L2F9|B1L2F9_CLOBM Toxin complex component ORF-X3 OS=Clostridium botulinum (strain Loch Maree / Type A3) GN=CLK_A0070 PE=4 SV=1 !!!ORF-X3	751	490	84	24	28.57	59	1	663	745	FGIKLAAGIASSFGY-ILGATLPNMLKDIINANINNNFEVLPGIQEFSNQCVGAVQWPDNSELKVNFATLQGVYLLGGNLVKNN
PROKKA_00001	tr|B1L2F9|B1L2F9_CLOBM Toxin complex component ORF-X3 OS=Clostridium botulinum (strain Loch Maree / Type A3) GN=CLK_A0070 PE=4 SV=1 !!!ORF-X3	751	490	29	11	37.93	18	0	124	152	SLNVSEDDLIIAHHLDKLILSWFKDNLKY
PROKKA_00001	tr|C1FUH3|C1FUH3_CLOBJ Toxin complex component ORF-X3 OS=Clostridium botulinum (strain Kyoto / Type A2) GN=CLM_0891 PE=4 SV=1 !!!ORF-X3	751	490	352	83	23.58	221	48	173	495	LGWDIESSVSYKTMNEFIKKDNLYEKKFYQYMKVRRNEFTIDGTFGPWQMTTGADGQNIRFKCPIES--ANYTINEDIYTAGPDDS--ITIQVDLKYFDSKTTMTDPTGLNNGQQF-NLKVKTETTDDLNAVIIVGSKITDINNEIYPEDSSMLELA-------------FRKWFNVNIKKFEQIFAYILLN-ETANDPNYQWLKPTQISYGSSSVTISDGNKEIPDLDASTFAAMAMVENHKNARPNHAVDNRFLELANTQSAFALSMPEFLKHFLLTGL-QATQTDNLDAFEI---------YTDNLMITNKEKMNFGKIKAGDRDVDALIEKNNFKLAIQNNRVVIEIT
PROKKA_00001	tr|C1FUH3|C1FUH3_CLOBJ Toxin complex component ORF-X3 OS=Clostridium botulinum (strain Kyoto / Type A2) GN=CLM_0891 PE=4 SV=1 !!!ORF-X3	751	490	84	24	28.57	59	1	663	745	FGIKLAAGIASSFGY-ILGATLPNMLKDIINANINNNFEVLPGIQEFSNQCVGAVQWPDNSELKVNFATLQGVYLLGGNLVKNN
PROKKA_00001	tr|C1FUH3|C1FUH3_CLOBJ Toxin complex component ORF-X3 OS=Clostridium botulinum (strain Kyoto / Type A2) GN=CLM_0891 PE=4 SV=1 !!!ORF-X3	751	490	29	11	37.93	18	0	124	152	SLNVSEDDLIIAHHLDKLILSWFKDNLKY
PROKKA_00001	tr|C5UY10|C5UY10_CLOBO Toxin complex component ORF-X3 OS=Clostridium botulinum E1 str. 'BoNT E Beluga' GN=CLO_2647 PE=4 SV=1 !!!ORF-X3	751	487	274	67	24.45	176	31	173	431	LGWDIESSVSYKTMNEFIKKDNLYEKKFYQYMKVRRNEFTIDGTFGPWQMTTGADGQNIRFKCPIESANYTINEDIYTAGPD---DSITIQVDLKYFDSKTTMTDPTGLNNGQQF-NLKVKTETTDDLNAVIIVGSKITDINNEIYPEDSSMLE----------LAFRKWFNVNIKKFEQIFAYILLNETAND-PNYQWLKPTQISYGSSSVTISDGNKEIPDLDASTFAAMAMVENHKNARPNHAVDNRFLELANTQSAFALSMPEFLKHFLL
PROKKA_00001	tr|C5UY10|C5UY10_CLOBO Toxin complex component ORF-X3 OS=Clostridium botulinum E1 str. 'BoNT E Beluga' GN=CLO_2647 PE=4 SV=1 !!!ORF-X3	751	487	40	11	27.50	28	1	113	152	KDSSSLYIKDNSLNVSEDDLIIAHHLDKLILSWFKDNLKY
PROKKA_00001	tr|C5UY10|C5UY10_CLOBO Toxin complex component ORF-X3 OS=Clostridium botulinum E1 str. 'BoNT E Beluga' GN=CLO_2647 PE=4 SV=1 !!!ORF-X3	751	487	85	21	24.71	53	11	663	745	FGIKLAAGIASSFGYILG--ATLPNMLKDIINANINNNFEVLPGIQEFSNQCVGAVQWPDNSELKVNFATLQGVYLLGGNLVKNN
PROKKA_00001	tr|A0A059PY44|A0A059PY44_9CLOT Toxin complex component ORF-X3 OS=Clostridium baratii PE=4 SV=1 !!!ORF-X3	751	491	280	64	22.86	177	39	173	431	LGWDIESSVSYKTMNEFIKKDNLYEKKFYQYMKVRRNEF-TIDGTFGPWQMTTGADGQNIRFKCPIESANYTINEDIYTAGPDD----SITIQVDLKYFDSKTTMTDPTGLNNGQQF-NLKVKTETTDDLNAVIIVGSKITDINNEIYPEDSS-----------MLELAFR---KWFNVNIKKFEQIFAYILLN-ETANDPNYQWLKPTQISYGSSSVTISDGNKEIPDLDASTFAAMAMVENHKNARPNHAVDNRFLELANTQSAFALSMPEFLKHFLL
PROKKA_00001	tr|A0A059PY44|A0A059PY44_9CLOT Toxin complex component ORF-X3 OS=Clostridium baratii PE=4 SV=1 !!!ORF-X3	751	491	84	24	28.57	49	11	664	745	GIKLAAGIASSFGYILG--ATLPNMLKDIINANINNNFEVLPGIQEFSNQCVGAVQWPDNSELKVNFATLQGVYLLGGNLVKNN
PROKKA_00001	tr|A0A059PY44|A0A059PY44_9CLOT Toxin complex component ORF-X3 OS=Clostridium baratii PE=4 SV=1 !!!ORF-X3	751	491	29	11	37.93	18	0	124	152	SLNVSEDDLIIAHHLDKLILSWFKDNLKY
PROKKA_00001	tr|A0A0A7FV57|A0A0A7FV57_9CLOT Clostridium P-47 family protein OS=Clostridium baratii str. Sullivan GN=U729_696 PE=4 SV=1 !!!P-47	751	491	280	64	22.86	177	39	173	431	LGWDIESSVSYKTMNEFIKKDNLYEKKFYQYMKVRRNEF-TIDGTFGPWQMTTGADGQNIRFKCPIESANYTINEDIYTAGPDD----SITIQVDLKYFDSKTTMTDPTGLNNGQQF-NLKVKTETTDDLNAVIIVGSKITDINNEIYPEDSS-----------MLELAFR---KWFNVNIKKFEQIFAYILLN-ETANDPNYQWLKPTQISYGSSSVTISDGNKEIPDLDASTFAAMAMVENHKNARPNHAVDNRFLELANTQSAFALSMPEFLKHFLL
PROKKA_00001	tr|A0A0A7FV57|A0A0A7FV57_9CLOT Clostridium P-47 family protein OS=Clostridium baratii str. Sullivan GN=U729_696 PE=4 SV=1 !!!P-47	751	491	84	24	28.57	49	11	664	745	GIKLAAGIASSFGYILG--ATLPNMLKDIINANINNNFEVLPGIQEFSNQCVGAVQWPDNSELKVNFATLQGVYLLGGNLVKNN
PROKKA_00001	tr|A0A0A7FV57|A0A0A7FV57_9CLOT Clostridium P-47 family protein OS=Clostridium baratii str. Sullivan GN=U729_696 PE=4 SV=1 !!!P-47	751	491	29	11	37.93	18	0	124	152	SLNVSEDDLIIAHHLDKLILSWFKDNLKY
PROKKA_00001	tr|A7GBG1|A7GBG1_CLOBL P-47 protein OS=Clostridium botulinum (strain Langeland / NCTC 10281 / Type F) GN=p47 PE=4 SV=1 !!!P-47	751	416	301	67	22.26	197	37	174	468	GWDIESSVSYKTMNEFIKKDNLYEKKFYQYMKVRRNEFTIDGTFGPWQMTTGADGQNIRFKCPIESANYTI-NEDIYTAGPDDSITIQVDLKYFDSKTTMTDPTGLNNGQQFNLKVKTETTDDLNAVIIVGSKITDINNEIYPEDSSMLELAFRKWFNVNIKKFEQIFAYILLNETANDPNYQWLKPTQISYGSSSVTISDGNKEIPDLDASTFAAMAMVENHKNARPNHAVDNRFLELANTQSAFALSMPEFLKHFLLTGLQATQ-----TDNLDAFEIYTDNLMITNKEKMNFGKIKAG
PROKKA_00001	tr|C1FUH7|C1FUH7_CLOBJ P-47 protein OS=Clostridium botulinum (strain Kyoto / Type A2) GN=p47 PE=4 SV=1 !!!P-47	751	416	281	62	22.06	177	42	174	447	GWDIESSVSYKTMN----EFIKKDNLYEKKFYQYMKVRRNEFTIDGTFGPWQMTTGADGQNIRFKCPIESANYTI-NEDIYTAGPDDSITIQVDLKYFDSKTTMTDPTGLNNGQQFNLKVKTETTDDLNAVIIVGSKITDINNEIYPEDSSMLELAFRKWFNVNIKKFEQIFAYILLNETANDPNYQWLKPTQISYGSSSVTISDGNKEIPDLDASTFAAMAMVENHKNARPNHAVDNRFLELANTQSAFALSMPEFLKHFLLTGLQATQTDNLDA--FEI
PROKKA_00001	tr|A0A073CND8|A0A073CND8_CLOBO P-47 protein OS=Clostridium botulinum A2B3 87 GN=N496_18585 PE=4 SV=1 !!!P-47	751	415	272	59	21.69	181	32	174	444	GWDIESSVSYKTMNEFIKKDNLYEKKFYQYMKVRRNEFTIDGTFGPWQMTTGADGQNIRFKCPIESANYTI-NEDIYTAGPDDSITIQVDLKYFDSKTTMTDPTGLNNGQQFNLKVKTETTDDLNAVIIVGSKITDINNEIYPEDSSMLELAFRKWFNVNIKKFEQIFAYILLNETANDPNYQWLKPTQISYGSSSVTISDGNKEIPDLDASTFAAMAMVENHKNARPNHAVDNRFLELANTQSAFALSMPEFLKHFLLTGLQATQTDNLDA
PROKKA_00001	tr|B1L2G3|B1L2G3_CLOBM P-47 protein OS=Clostridium botulinum (strain Loch Maree / Type A3) GN=p47 PE=4 SV=1 !!!P-47	751	416	430	92	21.40	293	45	174	594	GWDIESSVSYKTMNEFIKKDNLYEKKFYQYMKVRRNEFTIDGTFGPWQMTTGADGQNIRFKCPIESANYTI-NEDIYTAGPDDSITIQVDLKYFDSKTTMTDPTGLNNGQQFNLKVKTETTDDLNAVIIVGSKITDINNEIYPEDSSMLELAFRKWFNVNIKKFEQIFAYILLNETANDPNYQWLKPTQISYGSSSVTISDGNKEIPDLDASTFAAMAMVENHKNARPNHAVDNRFLELANTQSAFALSMPEFLKHFLLTGLQATQTDNLDA--FEIYTDN---LMITNKEKMNFGKIKAGDRDVDALIEKNNFKLAI-QNNRVVIEITD-ATWEQVKGVTGHFNYRQAYKLTLKEVNNEYKPILVEDGEPSLSYMVTEEAWKIQEDAVISGVVGLFAGVLLGA-AFQVVGNKLFNFLKSKVKKGNKKVS
PROKKA_00001	tr|M1ZUL7|M1ZUL7_CLOBO P-47 protein OS=Clostridium botulinum CFSAN001627 GN=CFSAN001627_20700 PE=4 SV=1 !!!P-47	751	416	301	65	21.59	199	37	174	468	GWDIESSVSYKTMNEFIKKDNLYEKKFYQYMKVRRNEFTIDGTFGPWQMTTGADGQNIRFKCPIESANYTI-NEDIYTAGPDDSITIQVDLKYFDSKTTMTDPTGLNNGQQFNLKVKTETTDDLNAVIIVGSKITDINNEIYPEDSSMLELAFRKWFNVNIKKFEQIFAYILLNETANDPNYQWLKPTQISYGSSSVTISDGNKEIPDLDASTFAAMAMVENHKNARPNHAVDNRFLELANTQSAFALSMPEFLKHFLLTGLQATQ-----TDNLDAFEIYTDNLMITNKEKMNFGKIKAG
PROKKA_00001	tr|C5UY13|C5UY13_CLOBO P-47 protein OS=Clostridium botulinum E1 str. 'BoNT E Beluga' GN=p47 PE=4 SV=1 !!!P-47	751	416	301	64	21.26	200	37	174	468	GWDIESSVSYKTMNEFIKKDNLYEKKFYQYMKVRRNEFTIDGTFGPWQMTTGADGQNIRFKCPIESANYTI-NEDIYTAGPDDSITIQVDLKYFDSKTTMTDPTGLNNGQQFNLKVKTETTDDLNAVIIVGSKITDINNEIYPEDSSMLELAFRKWFNVNIKKFEQIFAYILLNETANDPNYQWLKPTQISYGSSSVTISDGNKEIPDLDASTFAAMAMVENHKNARPNHAVDNRFLELANTQSAFALSMPEFLKHFLLTGLQATQTDNLDAFEIYTDNL-----MITNKEKMNFGKIKAG
PROKKA_00001	tr|B1BE43|B1BE43_CLOBO Botulinum neurotoxin type C, nontoxic-nonhemagglutinin component NTNH OS=Clostridium botulinum C str. Eklund GN=CBC_A0166 PE=4 SV=1 !!!ntnH	751	1196	87	25	28.74	46	16	11	88	DWGKTILKNTKENYSINEIVPKTFFKELNGGGIFKSTLNATWKSWDLTDEAEGPHPVLKCI-ID--NGYLE------LCTKDSSEKH
PROKKA_00001	tr|B1BE43|B1BE43_CLOBO Botulinum neurotoxin type C, nontoxic-nonhemagglutinin component NTNH OS=Clostridium botulinum C str. Eklund GN=CBC_A0166 PE=4 SV=1 !!!ntnH	751	1196	101	24	23.76	49	28	221	321	QMTTGADGQNIRFKCPIESANYTINEDIYTAGPDDSITIQVDLKYFDSKTTMTDPTGLNNGQQFNLKVKTETTDDLNAVIIVGSKITDINNEIYPEDSSML
PROKKA_00001	tr|A5HZZ8|A5HZZ8_CLOBH Type A progenitor toxin nontoxic-nonha OS=Clostridium botulinum (strain Hall / ATCC 3502 / NCTC 13319 / Type A) GN=ntnH PE=4 SV=1 !!!ntnH	751	1193	71	19	26.76	44	8	559	628	VGLFAGVLLGAAFQVVGNKLFNFLKSKVKKGNKKVSINLNSSEAKYFW-DNMGTDSVQLKNIRIKNSKEAW
PROKKA_00001	tr|B1L2G4|B1L2G4_CLOBM Botulinum neurotoxin type A3, nontoxic-nonhemagglutinin component, NTNH OS=Clostridium botulinum (strain Loch Maree / Type A3) GN=ntnH PE=4 SV=1 !!!ntnH	751	1159	113	30	26.55	73	10	517	628	LTLKEVNNEYKPILVEDGEPSLSYMVTEEAWKIQEDAVISGVVGLFAGVLLGAAFQVVGNKLFNFLKSKVKKGNKKVSINLNSSEAKYFW-DNMGTDSVQLKNIRIKNSKEAW
PROKKA_00001	tr|C1FUH8|C1FUH8_CLOBJ Botulinum neurotoxin type A2, nontoxic-nonhemagglutinin component, NTNH OS=Clostridium botulinum (strain Kyoto / Type A2) GN=ntnH PE=4 SV=1 !!!ntnH	751	1159	33	12	36.36	20	1	597	628	LNSSEAKYFW-DNMGTDSVQLKNIRIKNSKEAW
PROKKA_00001	tr|A7GBG2|A7GBG2_CLOBL Botulinum neurotoxin type F, nontoxic-nonhemagglutinin component, NTNH OS=Clostridium botulinum (strain Langeland / NCTC 10281 / Type F) GN=ntnH PE=4 SV=1 !!!ntnH	751	1163	33	12	36.36	20	1	597	628	LNSSEAKYFW-DNMGTDSVQLKNIRIKNSKEAW
PROKKA_00002	tr|B1L2G1|B1L2G1_CLOBM Toxin complex component ORF-X1 OS=Clostridium botulinum (strain Loch Maree / Type A3) GN=CLK_A0072 PE=4 SV=1 !!!ORF-X1	143	142	142	138	97.18	4	0	1	142	MNQTFFFNFDDTLSNSSGLIHLEKINQNCSPNYQYFKIKFIGGYLNIKNKSGDILEKYDLKDLISLIALKKDYLKLSSPNNKKPNEFTNIKNKHLENRFNLYIINEDINKKITKNGFLEEIILNRLLLSILLGNEENLLQIA
PROKKA_00002	tr|C1FUH5|C1FUH5_CLOBJ Toxin complex component ORF-X1 OS=Clostridium botulinum (strain Kyoto / Type A2) GN=CLM_0893 PE=4 SV=1 !!!ORF-X1	143	142	142	136	95.77	6	0	1	142	MNQTFFFNFDDTLSNSSGLIHLEKINQNCSPNYQYFKIKFIGGYLNIKNKSGDILEKYDLKDLISLIALKKDYLKLSSPNNKKPNEFTNIKNKHLENRFNLYIINEDINKKITKNGFLEEIILNRLLLSILLGNEENLLQIA
PROKKA_00002	tr|A7GBF9|A7GBF9_CLOBL Toxin complex component ORF-X1 OS=Clostridium botulinum (strain Langeland / NCTC 10281 / Type F) GN=CLI_0847 PE=4 SV=1 !!!ORF-X1	143	142	142	133	93.66	9	0	1	142	MNQTFFFNFDDTLSNSSGLIHLEKINQNCSPNYQYFKIKFIGGYLNIKNKSGDILEKYDLKDLISLIALKKDYLKLSSPNNKKPNEFTNIKNKHLENRFNLYIINEDINKKITKNGFLEEIILNRLLLSILLGNEENLLQIA
PROKKA_00002	tr|C5UY12|C5UY12_CLOBO Toxin complex component ORF-X1 OS=Clostridium botulinum E1 str. 'BoNT E Beluga' GN=CLO_2649 PE=4 SV=1 !!!ORF-X1	143	144	142	103	72.54	39	0	1	142	MNQTFFFNFDDTLSNSSGLIHLEKINQNCSPNYQYFKIKFIGGYLNIKNKSGDILEKYDLKDLISLIALKKDYLKLSSPNNKKPNEFTNIKNKHLENRFNLYIINEDINKKITKNGFLEEIILNRLLLSILLGNEENLLQIA
PROKKA_00002	tr|C4IHL7|C4IHL7_CLOBU Toxin complex component ORF-X1 OS=Clostridium butyricum E4 str. BoNT E BL5262 GN=CLP_2748 PE=4 SV=1 !!!ORF-X1	143	144	142	103	72.54	39	0	1	142	MNQTFFFNFDDTLSNSSGLIHLEKINQNCSPNYQYFKIKFIGGYLNIKNKSGDILEKYDLKDLISLIALKKDYLKLSSPNNKKPNEFTNIKNKHLENRFNLYIINEDINKKITKNGFLEEIILNRLLLSILLGNEENLLQIA
PROKKA_00002	tr|A0A059PYE4|A0A059PYE4_9CLOT Toxin OS=Clostridium baratii GN=UC77_04385 PE=4 SV=1 !!! 	143	140	142	92	64.79	48	2	1	142	MNQTFFFNFDDTLSNSSGLIHLEKINQNCSPNYQYFKIKFIGGYLNIKNKSGDILEKYDLKDLISLIALKKDYLKLSSPNNKKPNEFTNIKNKHLENRFNLYIINEDINKKITKNGFLEEIILNRLLLSILLGNEENLLQIA
PROKKA_00002	tr|A0A0A7FVW8|A0A0A7FVW8_9CLOT Putative oRF-X1 OS=Clostridium baratii str. Sullivan GN=U729_698 PE=4 SV=1 !!!ORF-X1	143	140	142	92	64.79	48	2	1	142	MNQTFFFNFDDTLSNSSGLIHLEKINQNCSPNYQYFKIKFIGGYLNIKNKSGDILEKYDLKDLISLIALKKDYLKLSSPNNKKPNEFTNIKNKHLENRFNLYIINEDINKKITKNGFLEEIILNRLLLSILLGNEENLLQIA
PROKKA_00002	tr|A7GBG2|A7GBG2_CLOBL Botulinum neurotoxin type F, nontoxic-nonhemagglutinin component, NTNH OS=Clostridium botulinum (strain Langeland / NCTC 10281 / Type F) GN=ntnH PE=4 SV=1 !!!ntnH	143	1163	98	27	27.55	67	4	16	112	SSGLIHLEKINQNCSPNYQYFKIKFIGGYLNIKNKSGDILEKYDLKDLISLIALKKDYLKLSSPNNKKPNEFTNIKNKHL-ENRFNLYIINEDINKKI
PROKKA_00002	tr|B1BE43|B1BE43_CLOBO Botulinum neurotoxin type C, nontoxic-nonhemagglutinin component NTNH OS=Clostridium botulinum C str. Eklund GN=CBC_A0166 PE=4 SV=1 !!!ntnH	143	1196	43	19	44.19	21	3	38	80	IKFIGGYLNIKNKSGDILEKYDLKDLISLIALKKDYLKLSSPN
PROKKA_00002	tr|A5HZZ8|A5HZZ8_CLOBH Type A progenitor toxin nontoxic-nonha OS=Clostridium botulinum (strain Hall / ATCC 3502 / NCTC 13319 / Type A) GN=ntnH PE=4 SV=1 !!!ntnH	143	1193	109	35	32.11	63	11	16	120	SSGLIHLEKINQNCSPNYQYFKIKFIGGYLNIKNKSGDILEKYDLKDLISLIALKKDYLKLSSP---NNKKPNEFTNIKNKHL-ENRFNLYIINEDINKKITKNGFLEE
PROKKA_00002	tr|B1L2G4|B1L2G4_CLOBM Botulinum neurotoxin type A3, nontoxic-nonhemagglutinin component, NTNH OS=Clostridium botulinum (strain Loch Maree / Type A3) GN=ntnH PE=4 SV=1 !!!ntnH	143	1159	98	27	27.55	67	4	16	112	SSGLIHLEKINQNCSPNYQYFKIKFIGGYLNIKNKSGDILEKYDLKDLISLIALKKDYLKLSSPNNKKPNEFTNIKNKHL-ENRFNLYIINEDINKKI
PROKKA_00002	tr|C5VU80|C5VU80_CLOBO Botulinum neurotoxin type D, nontoxic-nonhemagglutinin component, NTNH OS=Clostridium botulinum D str. 1873 GN=ntnH PE=4 SV=1 !!!ntnH	143	1196	38	16	42.11	21	1	38	75	IKFIGGYLNIKNKSGDILEKYDLKDLISLIALKKDYLK
PROKKA_00002	tr|C5UY10|C5UY10_CLOBO Toxin complex component ORF-X3 OS=Clostridium botulinum E1 str. 'BoNT E Beluga' GN=CLO_2647 PE=4 SV=1 !!!ORF-X3	143	487	33	9	27.27	24	0	19	51	LIHLEKINQNCSPNYQYFKIKFIGGYLNIKNKS
PROKKA_00002	tr|A0A0X1KH90|A0A0X1KH90_CLOBA Botulinum neurotoxin type E, nontoxic-nonhemagglutinin component, NTNH OS=Clostridium botulinum (strain Alaska E43 / Type E3) PE=1 SV=1 !!!ntnH	143	1163	84	29	34.52	53	2	38	120	IKFIGGYLNIKNKSGDILEKYDLKDLISLIALKKDYLKLSSPNNKKPNEFTNIKNKHL-ENRFNLYIINEDINKKITKNGFLEE
PROKKA_00002	tr|C5UY14|C5UY14_CLOBO Botulinum neurotoxin type E1, nontoxic-nonhemagglutinin component, NTNH OS=Clostridium botulinum E1 str. 'BoNT E Beluga' GN=ntnH PE=4 SV=1 !!!ntnH	143	1163	84	29	34.52	53	2	38	120	IKFIGGYLNIKNKSGDILEKYDLKDLISLIALKKDYLKLSSPNNKKPNEFTNIKNKHL-ENRFNLYIINEDINKKITKNGFLEE
PROKKA_00002	tr|C4IHM0|C4IHM0_CLOBU Botulinum neurotoxin type E, nontoxic-nonhemagglutinin component, NTNH OS=Clostridium butyricum E4 str. BoNT E BL5262 GN=ntnH PE=4 SV=1 !!!ntnH	143	1163	84	29	34.52	53	2	38	120	IKFIGGYLNIKNKSGDILEKYDLKDLISLIALKKDYLKLSSPNNKKPNEFTNIKNKHL-ENRFNLYIINEDINKKITKNGFLEE
PROKKA_00002	tr|M1ZUL7|M1ZUL7_CLOBO P-47 protein OS=Clostridium botulinum CFSAN001627 GN=CFSAN001627_20700 PE=4 SV=1 !!!P-47	143	416	113	31	27.43	67	15	30	141	SPNYQYFKIKFIGGYLNIKNKSGDILEKYDLKDLISLIALKKDYL-KLSSPNNKKPNEFTNIKNKHLENRFNLYIINEDINKKITKNGFLEEIILNRLLLSILLGNEENLLQI
PROKKA_00002	tr|A7GBG1|A7GBG1_CLOBL P-47 protein OS=Clostridium botulinum (strain Langeland / NCTC 10281 / Type F) GN=p47 PE=4 SV=1 !!!P-47	143	416	113	31	27.43	67	15	30	141	SPNYQYFKIKFIGGYLNIKNKSGDILEKYDLKDLISLIALKKDYL-KLSSPNNKKPNEFTNIKNKHLENRFNLYIINEDINKKITKNGFLEEIILNRLLLSILLGNEENLLQI
PROKKA_00002	tr|C1FUH8|C1FUH8_CLOBJ Botulinum neurotoxin type A2, nontoxic-nonhemagglutinin component, NTNH OS=Clostridium botulinum (strain Kyoto / Type A2) GN=ntnH PE=4 SV=1 !!!ntnH	143	1159	98	27	27.55	67	4	16	112	SSGLIHLEKINQNCSPNYQYFKIKFIGGYLNIKNKSGDILEKYDLKDLISLIALKKDYLKLSSPNNKKPNEFTNIKNKHL-ENRFNLYIINEDINKKI
PROKKA_00002	tr|A7GBF7|A7GBF7_CLOBL Toxin complex component ORF-X3 OS=Clostridium botulinum (strain Langeland / NCTC 10281 / Type F) GN=CLI_0845 PE=4 SV=1 !!!ORF-X3	143	490	35	12	34.29	20	3	20	51	IHLEKINQ---NCSPNYQYFKIKFIGGYLNIKNKS
PROKKA_00002	tr|A0A060N6G5|A0A060N6G5_CLOBO Nontoxic-nonhemagglutinin component, NTNH OS=Clostridium botulinum B str. Osaka05 GN=CBO05P2_175 PE=4 SV=1 !!!ntnH	143	1197	64	21	32.81	37	6	16	79	SSGLIHLEKINQNCSPNYQYFKIKFIGGYLNIKNKSGDILEKYDLKDLISLIALKKDYLKLSSP
PROKKA_00002	tr|A0A060N6G5|A0A060N6G5_CLOBO Nontoxic-nonhemagglutinin component, NTNH OS=Clostridium botulinum B str. Osaka05 GN=CBO05P2_175 PE=4 SV=1 !!!ntnH	143	1197	53	20	37.74	24	9	47	97	IKNKSG-DILEKYDLKDLISLI-ALKKDYLKLSSPNNKKPNEFTNIKNKHLEN
PROKKA_00002	tr|A0A060N6G5|A0A060N6G5_CLOBO Nontoxic-nonhemagglutinin component, NTNH OS=Clostridium botulinum B str. Osaka05 GN=CBO05P2_175 PE=4 SV=1 !!!ntnH	143	1197	20	8	40.00	12	0	70	89	KKDYLKLSSPNNKKPNEFTN
PROKKA_00002	tr|C1FUH3|C1FUH3_CLOBJ Toxin complex component ORF-X3 OS=Clostridium botulinum (strain Kyoto / Type A2) GN=CLM_0891 PE=4 SV=1 !!!ORF-X3	143	490	35	11	31.43	21	3	20	51	IHLEKINQ---NCSPNYQYFKIKFIGGYLNIKNKS
PROKKA_00002	tr|B1L2F9|B1L2F9_CLOBM Toxin complex component ORF-X3 OS=Clostridium botulinum (strain Loch Maree / Type A3) GN=CLK_A0070 PE=4 SV=1 !!!ORF-X3	143	490	35	11	31.43	21	3	20	51	IHLEKINQ---NCSPNYQYFKIKFIGGYLNIKNKS
PROKKA_00002	tr|A0A059PY44|A0A059PY44_9CLOT Toxin complex component ORF-X3 OS=Clostridium baratii PE=4 SV=1 !!!ORF-X3	143	491	35	12	34.29	20	3	20	51	IHLEKINQN---CSPNYQYFKIKFIGGYLNIKNKS
PROKKA_00002	tr|A0A0A7FV57|A0A0A7FV57_9CLOT Clostridium P-47 family protein OS=Clostridium baratii str. Sullivan GN=U729_696 PE=4 SV=1 !!!P-47	143	491	35	12	34.29	20	3	20	51	IHLEKINQN---CSPNYQYFKIKFIGGYLNIKNKS
PROKKA_00002	tr|A0A073CND8|A0A073CND8_CLOBO P-47 protein OS=Clostridium botulinum A2B3 87 GN=N496_18585 PE=4 SV=1 !!!P-47	143	415	113	30	26.55	68	15	30	141	SPNYQYFKIKFIGGYLNIKNKSGDILEKYDLKDLISLIALKKDYL-KLSSPNNKKPNEFTNIKNKHLENRFNLYIINEDINKKITKNGFLEEIILNRLLLSILLGNEENLLQI
PROKKA_00002	tr|B1L2G3|B1L2G3_CLOBM P-47 protein OS=Clostridium botulinum (strain Loch Maree / Type A3) GN=p47 PE=4 SV=1 !!!P-47	143	416	113	30	26.55	68	15	30	141	SPNYQYFKIKFIGGYLNIKNKSGDILEKYDLKDLISLIALKKDYL-KLSSPNNKKPNEFTNIKNKHLENRFNLYIINEDINKKITKNGFLEEIILNRLLLSILLGNEENLLQI
PROKKA_00002	tr|C5UY13|C5UY13_CLOBO P-47 protein OS=Clostridium botulinum E1 str. 'BoNT E Beluga' GN=p47 PE=4 SV=1 !!!P-47	143	416	123	32	26.02	73	18	21	141	HLEKINQNCSPNYQYFKIKFIGGYLNIKNKSGDILEKYDLKDLISLIALKKDYL-KLSSPNNKKPN-EFTNIKNKHLENRFNLYIINEDINKKITKNGFLEEIILNRLLLSILLGNEENLLQI
PROKKA_00002	tr|B1INP6|B1INP6_CLOBK Botulinum neurotoxin type B1, nontoxic-nonhemagglutinin component, NTNH OS=Clostridium botulinum (strain Okra / Type B1) GN=ntnH PE=4 SV=1 !!!ntnH	143	1197	64	20	31.25	38	6	16	79	SSGLIHLEKINQNCSPNYQYFKIKFIGGYLNIKNKSGDILEKYDLKDLISLIALKKDYLKLSSP
PROKKA_00002	tr|B1INP6|B1INP6_CLOBK Botulinum neurotoxin type B1, nontoxic-nonhemagglutinin component, NTNH OS=Clostridium botulinum (strain Okra / Type B1) GN=ntnH PE=4 SV=1 !!!ntnH	143	1197	53	20	37.74	24	9	47	97	IKNKSG-DILEKYDLKDLISLI-ALKKDYLKLSSPNNKKPNEFTNIKNKHLEN
PROKKA_00002	tr|B1INP6|B1INP6_CLOBK Botulinum neurotoxin type B1, nontoxic-nonhemagglutinin component, NTNH OS=Clostridium botulinum (strain Okra / Type B1) GN=ntnH PE=4 SV=1 !!!ntnH	143	1197	20	8	40.00	12	0	70	89	KKDYLKLSSPNNKKPNEFTN
PROKKA_00002	tr|B2TSC3|B2TSC3_CLOBB Botulinum neurotoxin type B OS=Clostridium botulinum (strain Eklund 17B / Type B) GN=ntnH PE=4 SV=1 !!!ntnH	143	1197	43	13	30.23	27	3	16	58	SSGLIHLEKINQNCSPNYQYFKIKFIGGYLNIKNKSGDILEKY
PROKKA_00002	tr|B2TSC3|B2TSC3_CLOBB Botulinum neurotoxin type B OS=Clostridium botulinum (strain Eklund 17B / Type B) GN=ntnH PE=4 SV=1 !!!ntnH	143	1197	53	21	39.62	23	9	47	97	IKNKSG-DILEKYDLKDLISLI-ALKKDYLKLSSPNNKKPNEFTNIKNKHLEN
PROKKA_00002	tr|B2TSC3|B2TSC3_CLOBB Botulinum neurotoxin type B OS=Clostridium botulinum (strain Eklund 17B / Type B) GN=ntnH PE=4 SV=1 !!!ntnH	143	1197	20	8	40.00	12	0	70	89	KKDYLKLSSPNNKKPNEFTN
PROKKA_00002	tr|B1INP8|B1INP8_CLOBK Hemagglutinin component HA33 OS=Clostridium botulinum (strain Okra / Type B1) GN=ha33 PE=1 SV=1 !!!ha33	143	294	14	9	64.29	5	0	100	113	NLYIINEDINKKIT
PROKKA_00002	tr|C1FUH7|C1FUH7_CLOBJ P-47 protein OS=Clostridium botulinum (strain Kyoto / Type A2) GN=p47 PE=4 SV=1 !!!P-47	143	416	113	28	24.78	70	15	30	141	SPNYQYFKIKFIGGYLNIKNKSGDILEKYDLKDLISLIALKKDYL-KLSSPNNKKPNEFTNIKNKHLENRFNLYIINEDINKKITKNGFLEEIILNRLLLSILLGNEENLLQI
PROKKA_00002	tr|C5UY11|C5UY11_CLOBO Toxin complex component ORF-X2 OS=Clostridium botulinum E1 str. 'BoNT E Beluga' GN=CLO_2648 PE=4 SV=1 !!!ORF-X2	143	748	55	19	34.55	31	5	80	134	NNKKPNEFTNIKNKHLENRFNLYIINEDINKKITKNGFLEEIILNRLLLSILLGN
PROKKA_00003	tr|A5HZZ8|A5HZZ8_CLOBH Type A progenitor toxin nontoxic-nonha OS=Clostridium botulinum (strain Hall / ATCC 3502 / NCTC 13319 / Type A) GN=ntnH PE=4 SV=1 !!!ntnH	54	1193	40	16	40.00	22	2	12	49	YDEWHTDETIIFIN--IKRHYLWLVIDPESRLIISYHLSS
PROKKA_00003	tr|A5HZZ8|A5HZZ8_CLOBH Type A progenitor toxin nontoxic-nonha OS=Clostridium botulinum (strain Hall / ATCC 3502 / NCTC 13319 / Type A) GN=ntnH PE=4 SV=1 !!!ntnH	54	1193	7	5	71.43	2	0	27	33	KRHYLWL
PROKKA_00003	tr|B1INP6|B1INP6_CLOBK Botulinum neurotoxin type B1, nontoxic-nonhemagglutinin component, NTNH OS=Clostridium botulinum (strain Okra / Type B1) GN=ntnH PE=4 SV=1 !!!ntnH	54	1197	40	16	40.00	22	2	12	49	YDEWHTDETIIFIN--IKRHYLWLVIDPESRLIISYHLSS
PROKKA_00003	tr|B1INP6|B1INP6_CLOBK Botulinum neurotoxin type B1, nontoxic-nonhemagglutinin component, NTNH OS=Clostridium botulinum (strain Okra / Type B1) GN=ntnH PE=4 SV=1 !!!ntnH	54	1197	7	5	71.43	2	0	27	33	KRHYLWL
PROKKA_00003	tr|B1INP6|B1INP6_CLOBK Botulinum neurotoxin type B1, nontoxic-nonhemagglutinin component, NTNH OS=Clostridium botulinum (strain Okra / Type B1) GN=ntnH PE=4 SV=1 !!!ntnH	54	1197	20	5	25.00	15	0	28	47	RHYLWLVIDPESRLIISYHL
PROKKA_00003	tr|A0A059PYB0|A0A059PYB0_9CLOT Toxin complex component ORF-X2 OS=Clostridium baratii PE=4 SV=1 !!!ORF-X2	54	748	10	8	80.00	2	0	38	47	ESRLIISYHL
PROKKA_00003	tr|B1BE43|B1BE43_CLOBO Botulinum neurotoxin type C, nontoxic-nonhemagglutinin component NTNH OS=Clostridium botulinum C str. Eklund GN=CBC_A0166 PE=4 SV=1 !!!ntnH	54	1196	7	5	71.43	2	0	27	33	KRHYLWL
PROKKA_00003	tr|C5VU80|C5VU80_CLOBO Botulinum neurotoxin type D, nontoxic-nonhemagglutinin component, NTNH OS=Clostridium botulinum D str. 1873 GN=ntnH PE=4 SV=1 !!!ntnH	54	1196	7	5	71.43	2	0	27	33	KRHYLWL
PROKKA_00003	tr|B1L2G4|B1L2G4_CLOBM Botulinum neurotoxin type A3, nontoxic-nonhemagglutinin component, NTNH OS=Clostridium botulinum (strain Loch Maree / Type A3) GN=ntnH PE=4 SV=1 !!!ntnH	54	1159	7	5	71.43	2	0	27	33	KRHYLWL
PROKKA_00003	tr|C1FUH8|C1FUH8_CLOBJ Botulinum neurotoxin type A2, nontoxic-nonhemagglutinin component, NTNH OS=Clostridium botulinum (strain Kyoto / Type A2) GN=ntnH PE=4 SV=1 !!!ntnH	54	1159	7	5	71.43	2	0	27	33	KRHYLWL
PROKKA_00003	tr|A7GBG1|A7GBG1_CLOBL P-47 protein OS=Clostridium botulinum (strain Langeland / NCTC 10281 / Type F) GN=p47 PE=4 SV=1 !!!P-47	54	416	21	6	28.57	15	0	30	50	YLWLVIDPESRLIISYHLSSY
PROKKA_00003	tr|A7GBG2|A7GBG2_CLOBL Botulinum neurotoxin type F, nontoxic-nonhemagglutinin component, NTNH OS=Clostridium botulinum (strain Langeland / NCTC 10281 / Type F) GN=ntnH PE=4 SV=1 !!!ntnH	54	1163	7	5	71.43	2	0	27	33	KRHYLWL
PROKKA_00003	tr|A0A060N6G5|A0A060N6G5_CLOBO Nontoxic-nonhemagglutinin component, NTNH OS=Clostridium botulinum B str. Osaka05 GN=CBO05P2_175 PE=4 SV=1 !!!ntnH	54	1197	20	5	25.00	15	0	28	47	RHYLWLVIDPESRLIISYHL
PROKKA_00003	tr|A0A060N6G5|A0A060N6G5_CLOBO Nontoxic-nonhemagglutinin component, NTNH OS=Clostridium botulinum B str. Osaka05 GN=CBO05P2_175 PE=4 SV=1 !!!ntnH	54	1197	7	5	71.43	2	0	27	33	KRHYLWL
PROKKA_00003	tr|C1FUH7|C1FUH7_CLOBJ P-47 protein OS=Clostridium botulinum (strain Kyoto / Type A2) GN=p47 PE=4 SV=1 !!!P-47	54	416	21	6	28.57	15	0	30	50	YLWLVIDPESRLIISYHLSSY
PROKKA_00003	tr|M1ZUL7|M1ZUL7_CLOBO P-47 protein OS=Clostridium botulinum CFSAN001627 GN=CFSAN001627_20700 PE=4 SV=1 !!!P-47	54	416	21	6	28.57	15	0	30	50	YLWLVIDPESRLIISYHLSSY
PROKKA_00003	tr|A0A073CND8|A0A073CND8_CLOBO P-47 protein OS=Clostridium botulinum A2B3 87 GN=N496_18585 PE=4 SV=1 !!!P-47	54	415	21	6	28.57	15	0	30	50	YLWLVIDPESRLIISYHLSSY
PROKKA_00003	tr|B1L2G3|B1L2G3_CLOBM P-47 protein OS=Clostridium botulinum (strain Loch Maree / Type A3) GN=p47 PE=4 SV=1 !!!P-47	54	416	21	6	28.57	15	0	30	50	YLWLVIDPESRLIISYHLSSY
PROKKA_00003	tr|C5UY13|C5UY13_CLOBO P-47 protein OS=Clostridium botulinum E1 str. 'BoNT E Beluga' GN=p47 PE=4 SV=1 !!!P-47	54	416	21	6	28.57	15	0	30	50	YLWLVIDPESRLIISYHLSSY
PROKKA_00003	tr|B2TSC3|B2TSC3_CLOBB Botulinum neurotoxin type B OS=Clostridium botulinum (strain Eklund 17B / Type B) GN=ntnH PE=4 SV=1 !!!ntnH	54	1197	20	5	25.00	15	0	28	47	RHYLWLVIDPESRLIISYHL
PROKKA_00003	tr|B2TSC3|B2TSC3_CLOBB Botulinum neurotoxin type B OS=Clostridium botulinum (strain Eklund 17B / Type B) GN=ntnH PE=4 SV=1 !!!ntnH	54	1197	7	5	71.43	2	0	27	33	KRHYLWL
PROKKA_00004	tr|B1L2G2|B1L2G2_CLOBM Transcriptional regulator BotR, P-21 OS=Clostridium botulinum (strain Loch Maree / Type A3) GN=botR PE=4 SV=1 !!!BotR	185	184	184	180	97.83	4	0	1	184	MDEVKTIENLFFIIKILKDDNKKFEDIYMNYKDLIDIFIKKYNLSENYNDILNHFWIILIKADLNKFNTENDLNKYISKCLKRYCLSICMKKNRDKKIIYNSEITNINLNLIQDSCFNDIEFEFKDLISILPNTQQNIIYMKFFKDMKDIDIAKKLKISRQSVYKNKNLALEKLKPILKELINI
PROKKA_00004	tr|A7GBG0|A7GBG0_CLOBL Transcriptional regulator BotR, P-21 OS=Clostridium botulinum (strain Langeland / NCTC 10281 / Type F) GN=botR PE=4 SV=1 !!!BotR	185	178	178	170	95.51	8	0	7	184	IENLFFIIKILKDDNKKFEDIYMNYKDLIDIFIKKYNLSENYNDILNHFWIILIKADLNKFNTENDLNKYISKCLKRYCLSICMKKNRDKKIIYNSEITNINLNLIQDSCFNDIEFEFKDLISILPNTQQNIIYMKFFKDMKDIDIAKKLKISRQSVYKNKNLALEKLKPILKELINI
PROKKA_00004	tr|A0A073CMR9|A0A073CMR9_CLOBO Transcriptional regulator OS=Clostridium botulinum A2B3 87 GN=N496_18580 PE=4 SV=1 !!! 	185	178	178	161	90.45	17	0	7	184	IENLFFIIKILKDDNKKFEDIYMNYKDLIDIFIKKYNLSENYNDILNHFWIILIKADLNKFNTENDLNKYISKCLKRYCLSICMKKNRDKKIIYNSEITNINLNLIQDSCFNDIEFEFKDLISILPNTQQNIIYMKFFKDMKDIDIAKKLKISRQSVYKNKNLALEKLKPILKELINI
PROKKA_00004	tr|A0A0C1QVR0|A0A0C1QVR0_9CLOT Transcriptional regulator BotR, P-21 OS=Clostridium argentinense CDC 2741 GN=botR PE=4 SV=1 !!!BotR	185	178	178	107	60.11	71	0	7	184	IENLFFIIKILKDDNKKFEDIYMNYKDLIDIFIKKYNLSENYNDILNHFWIILIKADLNKFNTENDLNKYISKCLKRYCLSICMKKNRDKKIIYNSEITNINLNLIQDSCFNDIEFEFKDLISILPNTQQNIIYMKFFKDMKDIDIAKKLKISRQSVYKNKNLALEKLKPILKELINI
PROKKA_00004	tr|A0A073CP83|A0A073CP83_CLOBO Transcriptional regulator OS=Clostridium botulinum A2B3 87 GN=N496_19575 PE=4 SV=1 !!! 	185	178	175	109	62.29	66	0	10	184	LFFIIKILKDDNKKFEDIYMNYKDLIDIFIKKYNLSENYNDILNHFWIILIKADLNKFNTENDLNKYISKCLKRYCLSICMKKNRDKKIIYNSEITNINLNLIQDSCFNDIEFEFKDLISILPNTQQNIIYMKFFKDMKDIDIAKKLKISRQSVYKNKNLALEKLKPILKELINI
PROKKA_00004	tr|A5HZZ7|A5HZZ7_CLOBH RNA polymerase ECF-type sigma factor OS=Clostridium botulinum (strain Hall / ATCC 3502 / NCTC 13319 / Type A) GN=botR PE=4 SV=1 !!!BotR	185	178	175	108	61.71	67	0	10	184	LFFIIKILKDDNKKFEDIYMNYKDLIDIFIKKYNLSENYNDILNHFWIILIKADLNKFNTENDLNKYISKCLKRYCLSICMKKNRDKKIIYNSEITNINLNLIQDSCFNDIEFEFKDLISILPNTQQNIIYMKFFKDMKDIDIAKKLKISRQSVYKNKNLALEKLKPILKELINI
PROKKA_00004	tr|S8CEF4|S8CEF4_CLOBO Transcriptional regulator BotR, P-21 OS=Clostridium botulinum CFSAN002367 GN=CFSAN002367_15806 PE=4 SV=1 !!!BotR	185	178	175	108	61.71	67	0	10	184	LFFIIKILKDDNKKFEDIYMNYKDLIDIFIKKYNLSENYNDILNHFWIILIKADLNKFNTENDLNKYISKCLKRYCLSICMKKNRDKKIIYNSEITNINLNLIQDSCFNDIEFEFKDLISILPNTQQNIIYMKFFKDMKDIDIAKKLKISRQSVYKNKNLALEKLKPILKELINI
PROKKA_00004	tr|A0A0D1AER2|A0A0D1AER2_CLOBO Transcriptional regulator OS=Clostridium botulinum B2 450 GN=N495_19875 PE=4 SV=1 !!! 	185	178	175	108	61.71	67	0	10	184	LFFIIKILKDDNKKFEDIYMNYKDLIDIFIKKYNLSENYNDILNHFWIILIKADLNKFNTENDLNKYISKCLKRYCLSICMKKNRDKKIIYNSEITNINLNLIQDSCFNDIEFEFKDLISILPNTQQNIIYMKFFKDMKDIDIAKKLKISRQSVYKNKNLALEKLKPILKELINI
PROKKA_00004	tr|M1ZWZ6|M1ZWZ6_CLOBO Transcriptional regulator BotR, P-21 OS=Clostridium botulinum CFSAN001627 GN=CFSAN001627_10483 PE=4 SV=1 !!!BotR	185	178	175	108	61.71	67	0	10	184	LFFIIKILKDDNKKFEDIYMNYKDLIDIFIKKYNLSENYNDILNHFWIILIKADLNKFNTENDLNKYISKCLKRYCLSICMKKNRDKKIIYNSEITNINLNLIQDSCFNDIEFEFKDLISILPNTQQNIIYMKFFKDMKDIDIAKKLKISRQSVYKNKNLALEKLKPILKELINI
PROKKA_00004	tr|A0A060N3U8|A0A060N3U8_CLOBO Transcriptional regulator botR OS=Clostridium botulinum B str. Osaka05 GN=CBO05P2_176 PE=4 SV=1 !!!BotR	185	178	175	108	61.71	67	0	10	184	LFFIIKILKDDNKKFEDIYMNYKDLIDIFIKKYNLSENYNDILNHFWIILIKADLNKFNTENDLNKYISKCLKRYCLSICMKKNRDKKIIYNSEITNINLNLIQDSCFNDIEFEFKDLISILPNTQQNIIYMKFFKDMKDIDIAKKLKISRQSVYKNKNLALEKLKPILKELINI
PROKKA_00004	tr|B2TSC2|B2TSC2_CLOBB Putative RNA polymerase sigma factor OS=Clostridium botulinum (strain Eklund 17B / Type B) GN=botR PE=4 SV=1 !!!BotR	185	179	169	105	62.13	64	0	10	178	LFFIIKILKDDNKKFEDIYMNYKDLIDIFIKKYNLSENYNDILNHFWIILIKADLNKFNTENDLNKYISKCLKRYCLSICMKKNRDKKIIYNSEITNINLNLIQDSCFNDIEFEFKDLISILPNTQQNIIYMKFFKDMKDIDIAKKLKISRQSVYKNKNLALEKLKPIL
PROKKA_00004	tr|B1BE47|B1BE47_CLOBO Clostridium toxin-associated regulator BotR OS=Clostridium botulinum C str. Eklund GN=botR PE=4 SV=1 !!!BotR	185	179	185	86	46.49	82	17	9	184	NLFFIIKILKDDNKKFEDIYMNYKDLIDIFIKKY---------NLSENYNDILNHFWIILIKADLNKFNTENDLNKYISKCLKRYCLSICMKKNRDKKIIYNSEITNINLNLIQDSCFNDIEFEFKDLISILPNTQQNIIYMKFFKDMKDIDIAKKLKISRQSVYKNKNLALEKLKPILKELINI
PROKKA_00004	tr|A5HZZ8|A5HZZ8_CLOBH Type A progenitor toxin nontoxic-nonha OS=Clostridium botulinum (strain Hall / ATCC 3502 / NCTC 13319 / Type A) GN=ntnH PE=4 SV=1 !!!ntnH	185	1193	24	12	50.00	8	4	105	124	TNIN----LNLIQDSCFNDIEFEF
PROKKA_00004	tr|C4IHM0|C4IHM0_CLOBU Botulinum neurotoxin type E, nontoxic-nonhemagglutinin component, NTNH OS=Clostridium butyricum E4 str. BoNT E BL5262 GN=ntnH PE=4 SV=1 !!!ntnH	185	1163	13	6	46.15	7	0	44	56	LSENYNDILNHFW
PROKKA_00004	tr|C4IHM0|C4IHM0_CLOBU Botulinum neurotoxin type E, nontoxic-nonhemagglutinin component, NTNH OS=Clostridium butyricum E4 str. BoNT E BL5262 GN=ntnH PE=4 SV=1 !!!ntnH	185	1163	38	11	28.95	27	0	140	177	YMKFFKDMKDIDIAKKLKISRQSVYKNKNLALEKLKPI
PROKKA_00004	tr|C5UY14|C5UY14_CLOBO Botulinum neurotoxin type E1, nontoxic-nonhemagglutinin component, NTNH OS=Clostridium botulinum E1 str. 'BoNT E Beluga' GN=ntnH PE=4 SV=1 !!!ntnH	185	1163	13	6	46.15	7	0	44	56	LSENYNDILNHFW
PROKKA_00004	tr|C5UY14|C5UY14_CLOBO Botulinum neurotoxin type E1, nontoxic-nonhemagglutinin component, NTNH OS=Clostridium botulinum E1 str. 'BoNT E Beluga' GN=ntnH PE=4 SV=1 !!!ntnH	185	1163	38	11	28.95	27	0	140	177	YMKFFKDMKDIDIAKKLKISRQSVYKNKNLALEKLKPI
PROKKA_00004	tr|A0A0X1KH90|A0A0X1KH90_CLOBA Botulinum neurotoxin type E, nontoxic-nonhemagglutinin component, NTNH OS=Clostridium botulinum (strain Alaska E43 / Type E3) PE=1 SV=1 !!!ntnH	185	1163	13	6	46.15	7	0	44	56	LSENYNDILNHFW
PROKKA_00004	tr|A0A0X1KH90|A0A0X1KH90_CLOBA Botulinum neurotoxin type E, nontoxic-nonhemagglutinin component, NTNH OS=Clostridium botulinum (strain Alaska E43 / Type E3) PE=1 SV=1 !!!ntnH	185	1163	38	11	28.95	27	0	140	177	YMKFFKDMKDIDIAKKLKISRQSVYKNKNLALEKLKPI
PROKKA_00005	tr|B1L2G3|B1L2G3_CLOBM P-47 protein OS=Clostridium botulinum (strain Loch Maree / Type A3) GN=p47 PE=4 SV=1 !!!P-47	417	416	416	408	98.08	8	0	1	416	MNTYGWDIVYGCSKRVVNKHLEEYITKNKVEFLYSNTAKKQEIKMFFDNWEIINGGSSNFLRIKTPIKEGYFKVKNTTIDLSGVNPILEIKLDFFNDTSNPNIKELKFNFGSESNDDIKIIVSDLNGKLQEEDEFYFNKLLINAFIQNEKQISYIFASLNVTSDIEWMNPKQFKFVYYSPTDNSDGYLFILSVVTNRDISKLSANVDGNILGNNSEVGLLISEKLFLQNLALPKLSSNMGSNINKNNFEVISTSDTTGRIVNNSTLNWYGLKVAALYYYPKINNFSMQLFEGNKLKISLRGLVRLTGLEAVYSDFEIQSINKFVYNSTNKKAYFEVDKNPTSSYKYHLFPGDLISLAVLSSVTHWSIKSIEGALGFELINNFVDLINNTIKWNNLKISQVTNVTLNVGFCIQGNEN
PROKKA_00005	tr|C1FUH7|C1FUH7_CLOBJ P-47 protein OS=Clostridium botulinum (strain Kyoto / Type A2) GN=p47 PE=4 SV=1 !!!P-47	417	416	416	398	95.67	18	0	1	416	MNTYGWDIVYGCSKRVVNKHLEEYITKNKVEFLYSNTAKKQEIKMFFDNWEIINGGSSNFLRIKTPIKEGYFKVKNTTIDLSGVNPILEIKLDFFNDTSNPNIKELKFNFGSESNDDIKIIVSDLNGKLQEEDEFYFNKLLINAFIQNEKQISYIFASLNVTSDIEWMNPKQFKFVYYSPTDNSDGYLFILSVVTNRDISKLSANVDGNILGNNSEVGLLISEKLFLQNLALPKLSSNMGSNINKNNFEVISTSDTTGRIVNNSTLNWYGLKVAALYYYPKINNFSMQLFEGNKLKISLRGLVRLTGLEAVYSDFEIQSINKFVYNSTNKKAYFEVDKNPTSSYKYHLFPGDLISLAVLSSVTHWSIKSIEGALGFELINNFVDLINNTIKWNNLKISQVTNVTLNVGFCIQGNEN
PROKKA_00005	tr|A0A073CND8|A0A073CND8_CLOBO P-47 protein OS=Clostridium botulinum A2B3 87 GN=N496_18585 PE=4 SV=1 !!!P-47	417	415	417	362	86.81	52	3	1	416	MNTYGWDIVYGCSKRVVNKHLEEYITKNKVEFLYSNTAKKQEIKMFFDNWEIINGGSSNFLRIKTPIKEGYFKVKNTTIDLSGVNPILEIKLDFFNDTSNPNIKELKFNFGSESNDDIKIIVSDLNGKLQEEDEFYFNKLLINAFIQNEKQISYIFASLNVTSDIEWMNPKQFKFVYYSPTDNSDGYLFILSVVTNRDISKLSANVDGNILGNNSEVGLLISEKLFLQNLALPKLSSNMGSNINKNNFEVISTSDTTGRIVNNSTLNWYGLKVAALYYYPKINNFSMQLFEGNKLKISLRGLVRLTGLEAVYSDFEIQSINKFVYNSTNKKAYFEVDKNPTSSYK-YHLFPGDLISLAVLSSVTHWSIKSIEGALGFELINNFVDLINNTIKWNNLKISQVTNVTLNVGFCIQGNEN
PROKKA_00005	tr|M1ZUL7|M1ZUL7_CLOBO P-47 protein OS=Clostridium botulinum CFSAN001627 GN=CFSAN001627_20700 PE=4 SV=1 !!!P-47	417	416	416	336	80.77	80	0	1	416	MNTYGWDIVYGCSKRVVNKHLEEYITKNKVEFLYSNTAKKQEIKMFFDNWEIINGGSSNFLRIKTPIKEGYFKVKNTTIDLSGVNPILEIKLDFFNDTSNPNIKELKFNFGSESNDDIKIIVSDLNGKLQEEDEFYFNKLLINAFIQNEKQISYIFASLNVTSDIEWMNPKQFKFVYYSPTDNSDGYLFILSVVTNRDISKLSANVDGNILGNNSEVGLLISEKLFLQNLALPKLSSNMGSNINKNNFEVISTSDTTGRIVNNSTLNWYGLKVAALYYYPKINNFSMQLFEGNKLKISLRGLVRLTGLEAVYSDFEIQSINKFVYNSTNKKAYFEVDKNPTSSYKYHLFPGDLISLAVLSSVTHWSIKSIEGALGFELINNFVDLINNTIKWNNLKISQVTNVTLNVGFCIQGNEN
PROKKA_00005	tr|A7GBG1|A7GBG1_CLOBL P-47 protein OS=Clostridium botulinum (strain Langeland / NCTC 10281 / Type F) GN=p47 PE=4 SV=1 !!!P-47	417	416	416	333	80.05	83	0	1	416	MNTYGWDIVYGCSKRVVNKHLEEYITKNKVEFLYSNTAKKQEIKMFFDNWEIINGGSSNFLRIKTPIKEGYFKVKNTTIDLSGVNPILEIKLDFFNDTSNPNIKELKFNFGSESNDDIKIIVSDLNGKLQEEDEFYFNKLLINAFIQNEKQISYIFASLNVTSDIEWMNPKQFKFVYYSPTDNSDGYLFILSVVTNRDISKLSANVDGNILGNNSEVGLLISEKLFLQNLALPKLSSNMGSNINKNNFEVISTSDTTGRIVNNSTLNWYGLKVAALYYYPKINNFSMQLFEGNKLKISLRGLVRLTGLEAVYSDFEIQSINKFVYNSTNKKAYFEVDKNPTSSYKYHLFPGDLISLAVLSSVTHWSIKSIEGALGFELINNFVDLINNTIKWNNLKISQVTNVTLNVGFCIQGNEN
PROKKA_00005	tr|C5UY13|C5UY13_CLOBO P-47 protein OS=Clostridium botulinum E1 str. 'BoNT E Beluga' GN=p47 PE=4 SV=1 !!!P-47	417	416	416	303	72.84	113	0	1	416	MNTYGWDIVYGCSKRVVNKHLEEYITKNKVEFLYSNTAKKQEIKMFFDNWEIINGGSSNFLRIKTPIKEGYFKVKNTTIDLSGVNPILEIKLDFFNDTSNPNIKELKFNFGSESNDDIKIIVSDLNGKLQEEDEFYFNKLLINAFIQNEKQISYIFASLNVTSDIEWMNPKQFKFVYYSPTDNSDGYLFILSVVTNRDISKLSANVDGNILGNNSEVGLLISEKLFLQNLALPKLSSNMGSNINKNNFEVISTSDTTGRIVNNSTLNWYGLKVAALYYYPKINNFSMQLFEGNKLKISLRGLVRLTGLEAVYSDFEIQSINKFVYNSTNKKAYFEVDKNPTSSYKYHLFPGDLISLAVLSSVTHWSIKSIEGALGFELINNFVDLINNTIKWNNLKISQVTNVTLNVGFCIQGNEN
PROKKA_00005	tr|A7GBF7|A7GBF7_CLOBL Toxin complex component ORF-X3 OS=Clostridium botulinum (strain Langeland / NCTC 10281 / Type F) GN=CLI_0845 PE=4 SV=1 !!!ORF-X3	417	490	294	80	27.21	171	43	3	259	TYGWDIVYGCSKRVVNKHLE-EYITKNKVEFLYSNTAKKQEIKMFFDNWEIINGGSSNFLRIKTPIKEGYFKVKNTTIDLSG------VNPILEIKLDF---FNDTSNPNIK--ELKFNFGSESNDDIKIIV----SDLNG----------KLQEEDEF---YFNKLLINAFIQNEKQISYIFASLNVTSDI------EWMNPKQFKFVYYS-PTDNSDGYLFILSVVTNRDISKLSAN-VDGNILGNNSEVGLLISEKLFLQNLALPKLSSNMGSNINKNNFEVISTSDTTGR
PROKKA_00005	tr|C5UY10|C5UY10_CLOBO Toxin complex component ORF-X3 OS=Clostridium botulinum E1 str. 'BoNT E Beluga' GN=CLO_2647 PE=4 SV=1 !!!ORF-X3	417	487	293	84	28.67	163	46	3	258	TYGWDIVYGCSKRVVNKHLE-EYITKNKVEFL---YSNTAKKQEIKMFFDNWEIINGGSSNFLRIKTPIKEGYFKVKNTTIDLSG------VNPILEIKLDF---FNDTSNPNIK--ELKFNFGSESNDDIKIIV----SDLNG-------KLQEEDEF---YFNKLLINAFIQNEKQISYIFASLNVTSDI------EWMNPKQFKFVYYS-PTDNSDGYLFILSVVTNRDISK-LSANVDGNILGNNSEVGLLISEKLFLQNLALPKLSSNMGSNINKNNFEVISTSDTTG
PROKKA_00005	tr|B1L2F9|B1L2F9_CLOBM Toxin complex component ORF-X3 OS=Clostridium botulinum (strain Loch Maree / Type A3) GN=CLK_A0070 PE=4 SV=1 !!!ORF-X3	417	490	293	80	27.30	170	43	3	258	TYGWDIVYGCSKRVVNKHLE-EYITKNKVEFLYSNTAKKQEIKMFFDNWEIINGGSSNFLRIKTPIKEGYFKVKNTTIDLSG------VNPILEIKLDF---FNDTSNPN--IKELKFNFGSESNDDIKIIV----SDLNG----------KLQEEDEF---YFNKLLINAFIQNEKQISYIFASLNVTSDI------EWMNPKQFKFVYYS-PTDNSDGYLFILSVVTNRDISK-LSANVDGNILGNNSEVGLLISEKLFLQNLALPKLSSNMGSNINKNNFEVISTSDTTG
PROKKA_00005	tr|C1FUH3|C1FUH3_CLOBJ Toxin complex component ORF-X3 OS=Clostridium botulinum (strain Kyoto / Type A2) GN=CLM_0891 PE=4 SV=1 !!!ORF-X3	417	490	293	80	27.30	170	43	3	258	TYGWDIVYGCSKRVVNKHLE-EYITKNKVEFLYSNTAKKQEIKMFFDNWEIINGGSSNFLRIKTPIKEGYFKVKNTTIDLSG------VNPILEIKLDF---FNDTSNPN--IKELKFNFGSESNDDIKIIV----SDLNG----------KLQEEDEF---YFNKLLINAFIQNEKQISYIFASLNVTSDI------EWMNPKQFKFVYYS-PTDNSDGYLFILSVVTNRDISK-LSANVDGNILGNNSEVGLLISEKLFLQNLALPKLSSNMGSNINKNNFEVISTSDTTG
PROKKA_00005	tr|A0A059PY44|A0A059PY44_9CLOT Toxin complex component ORF-X3 OS=Clostridium baratii PE=4 SV=1 !!!ORF-X3	417	491	294	77	26.19	173	44	3	258	TYGWDIVYGCSKRVVNKHLE-EYITKNKVEFLYSNTAKKQEIKMFFDNWEIINGGSSNFLRIKTPIKEGYFKVKNTTIDLSGVNPI------LEIKLDFF-----NDTSNPNIKELKFNFGSESNDDIKIIV---------------SDLNGKLQEEDEF---YFNKLLINAFIQNEKQISYIFASLNVTSDI------EWMNPKQFKFVYYS-PTDNSDGYLFILSVVTNR-DISKLSANVDGNILGNNSEVGLLISEKLFLQNLALPKLSSNMGSNINKNNFEVISTSDTTG
PROKKA_00005	tr|A0A059PY44|A0A059PY44_9CLOT Toxin complex component ORF-X3 OS=Clostridium baratii PE=4 SV=1 !!!ORF-X3	417	491	12	7	58.33	5	0	332	343	AYFEVDKNPTSS
PROKKA_00005	tr|A0A0A7FV57|A0A0A7FV57_9CLOT Clostridium P-47 family protein OS=Clostridium baratii str. Sullivan GN=U729_696 PE=4 SV=1 !!!P-47	417	491	294	77	26.19	173	44	3	258	TYGWDIVYGCSKRVVNKHLE-EYITKNKVEFLYSNTAKKQEIKMFFDNWEIINGGSSNFLRIKTPIKEGYFKVKNTTIDLSGVNPI------LEIKLDFF-----NDTSNPNIKELKFNFGSESNDDIKIIV---------------SDLNGKLQEEDEF---YFNKLLINAFIQNEKQISYIFASLNVTSDI------EWMNPKQFKFVYYS-PTDNSDGYLFILSVVTNR-DISKLSANVDGNILGNNSEVGLLISEKLFLQNLALPKLSSNMGSNINKNNFEVISTSDTTG
PROKKA_00005	tr|A0A0A7FV57|A0A0A7FV57_9CLOT Clostridium P-47 family protein OS=Clostridium baratii str. Sullivan GN=U729_696 PE=4 SV=1 !!!P-47	417	491	12	7	58.33	5	0	332	343	AYFEVDKNPTSS
PROKKA_00005	tr|A7GBF8|A7GBF8_CLOBL Toxin complex component ORF-X2 OS=Clostridium botulinum (strain Langeland / NCTC 10281 / Type F) GN=CLI_0846 PE=4 SV=1 !!!ORF-X2	417	750	257	67	26.07	154	36	5	230	GWDIVYGCSKRVVNKHLEEYITKNKV-----EFLYSNTAKKQEIKMFFDNWEIINGGSSNFLRIKTPIKEGYFKVKNTTIDLSGVNPIL-EIKLDFF------NDTSNPNIKELKFNFGSESNDD----IKII---VSDLNGKLQEEDEFYFNKLLINAFIQNEKQISYIFAS--LNVTSDI---EWMNPKQFKFVYYS-PTDNS----DGYLF-ILSVVTNRDISKLSANVDGNILG-NNSEVGLLISEKLFLQNL
PROKKA_00005	tr|A0A059PYB0|A0A059PYB0_9CLOT Toxin complex component ORF-X2 OS=Clostridium baratii PE=4 SV=1 !!!ORF-X2	417	748	293	72	24.57	156	65	5	250	GWDIVYGCSKRVVN----------KHLEEYITKNKVEFLYSNTAKKQEIKMFFDNWEIINGGSSNFLRIKTPIKEGYFKVKNTTIDLSGVNP----ILEIKLDFFNDTSNPNIKELKFNFGSESNDDIK---------IIVS-----DLNGKLQEED----EFYFNKLLINAFIQNEKQISYIFASLNVTS---DIEWMNPKQFKFVYYSPTDNSD----------GYLFILSVVTNRDISKLSANVDGNILGN-NSEVGLLISEKLFLQNLALPKLSSNMGSNINK-NNFEV
PROKKA_00005	tr|C5UY11|C5UY11_CLOBO Toxin complex component ORF-X2 OS=Clostridium botulinum E1 str. 'BoNT E Beluga' GN=CLO_2648 PE=4 SV=1 !!!ORF-X2	417	748	294	72	24.49	169	53	1	252	MNTYGWDIVYGCSKRVVNKHLEEYITKNKV---EFLYSNTAKKQE--IKMFFDNWEIINGGSSNFLRIKTPIKEGYFKVKNTTIDLSGVNP----ILEIKLDFFNDTS---NP----NIKELKFNFGSESNDDIKII------VSDLNGKLQEEDEFYFN---KLLINAFIQNEKQI-SYIFASLNVTSDI---EWMNPKQFKFVYYSPT-----------DNSDGYLF-ILSVVTNRDISKLSANVDGNILG-NNSEVGLLISEKLFLQNLALPKLSSNMGSNINKNNFEVIS
PROKKA_00005	tr|A0A059PYE4|A0A059PYE4_9CLOT Toxin OS=Clostridium baratii GN=UC77_04385 PE=4 SV=1 !!! 	417	140	112	29	25.89	68	15	57	155	SSNFLRIKTPIKEGYFKVKNTT------IDLSGVNPILEIKLDFFNDTSNPNIKELKFN----FGSESNDDIKIIVSDLNGKLQEE---DEFYFNKLLINAFIQNEKQISYI
PROKKA_00005	tr|A0A0A7FVW8|A0A0A7FVW8_9CLOT Putative oRF-X1 OS=Clostridium baratii str. Sullivan GN=U729_698 PE=4 SV=1 !!!ORF-X1	417	140	112	29	25.89	68	15	57	155	SSNFLRIKTPIKEGYFKVKNTT------IDLSGVNPILEIKLDFFNDTSNPNIKELKFN----FGSESNDDIKIIVSDLNGKLQEE---DEFYFNKLLINAFIQNEKQISYI
PROKKA_00005	tr|A7GBF9|A7GBF9_CLOBL Toxin complex component ORF-X1 OS=Clostridium botulinum (strain Langeland / NCTC 10281 / Type F) GN=CLI_0847 PE=4 SV=1 !!!ORF-X1	417	142	83	24	28.92	49	10	57	129	SSNFLRIKTPIKEGYFKVKNTT------IDLSGVNPILEIKLDFFNDTSNPNIKELKF----NFGSESNDDIKIIVSDLNGKL
PROKKA_00005	tr|B2TSB9|B2TSB9_CLOBB Heamagglutinin components HA-70 OS=Clostridium botulinum (strain Eklund 17B / Type B) GN=ha70 PE=4 SV=1 !!!ha70	417	626	39	11	28.21	25	3	103	141	IKELKFNFGSESNDDIKIIVSDLNGKLQEEDEFYFNKLL
PROKKA_00005	tr|M1ZPH7|M1ZPH7_CLOBO Hemagglutinin component HA70 OS=Clostridium botulinum CFSAN001627 GN=CFSAN001627_19663 PE=4 SV=1 !!!ha70	417	626	142	37	26.06	91	14	174	309	KFVYYSPTDNSDGYLFILSVVT-NRDISKLSANVDGNILGNNSE---VGLL-ISEKLFLQNLALPK-LSSNMGSNINKNNFEVISTSDTTGRIVNNSTLNWYGLKVAALYYYPKINNFSMQLFEGNKLKISLRGLVRLTGLE
PROKKA_00005	tr|A5HZZ4|A5HZZ4_CLOBH Hemagglutinin component of the neurotoxin complex OS=Clostridium botulinum (strain Hall / ATCC 3502 / NCTC 13319 / Type A) GN=ha70 PE=1 SV=1 !!!ha70	417	626	143	36	25.17	93	14	174	310	KFVYYSPTDNSDGYLFILSVVT-NRDISKLSANVDGNILGNNSE---VGLL-ISEKLFLQNLALPK-LSSNMGSNINKNNFEVISTSDTTGRIVNNSTLNWYGLKVAALYYYPKINNFSMQLFEGNKLKISLRGLVRLTGLEA
PROKKA_00005	tr|B1INQ0|B1INQ0_CLOBK Hemagglutinin component HA70 OS=Clostridium botulinum (strain Okra / Type B1) GN=ha70 PE=4 SV=1 !!!ha70	417	626	73	18	24.66	50	5	238	310	NMGSNINKNNFEVISTSDTTGRIVNNSTLNWYGLKVAALYYYPKINNFSMQLFEGNKLKISLRGLVRLTGLEA
PROKKA_00005	tr|S8BA68|S8BA68_CLOBO Hemagglutinin component HA70 OS=Clostridium botulinum CFSAN002367 GN=CFSAN002367_15786 PE=4 SV=1 !!!ha70	417	508	73	18	24.66	50	5	238	310	NMGSNINKNNFEVISTSDTTGRIVNNSTLNWYGLKVAALYYYPKINNFSMQLFEGNKLKISLRGLVRLTGLEA
PROKKA_00005	tr|A0A0E1L2H2|A0A0E1L2H2_CLOBO Hemagglutinin components HA-22/23/53 OS=Clostridium botulinum CDC_1436 GN=ha-70 PE=4 SV=1 !!!ha70	417	626	73	18	24.66	50	5	238	310	NMGSNINKNNFEVISTSDTTGRIVNNSTLNWYGLKVAALYYYPKINNFSMQLFEGNKLKISLRGLVRLTGLEA
PROKKA_00006	tr|B1L2G4|B1L2G4_CLOBM Botulinum neurotoxin type A3, nontoxic-nonhemagglutinin component, NTNH OS=Clostridium botulinum (strain Loch Maree / Type A3) GN=ntnH PE=4 SV=1 !!!ntnH	1164	1159	1161	1107	95.35	52	2	1	1161	MKINNNFNINSLVDNKDVAIVRGRKTDTFFKVFQVAPNIWVAPERYYGESLNINEDQKSDGGIYDSNFLLTNDEKDEFLEATVKILQRINNNVVGAKLLSLISTAIPFPYEYKPGDYRQTNYLVSKDNQHYYTANLVIFGPGTNIVENNAVYYKKEDSENGMGTISEIWFQPFLTYKYDQFYVDPALELIKCLIKSLYYLYGIKPSDDLSIPCRLRSEFNSLEYSELDMVDFLISGGTEYKLLDTNPYWFTDNYFIDAPKNFEKYKNDYETKIKNNNDIANSIKLYLEQKFKINAQDIWELNLSYFSTEFGIMMPEIFNNALNHYYRKEYYVIDYFKNYNINGFINGQIKTILPLSKYNKNIINKPELVVNLINEDNAVLMKSNVYGDGLKGTMDNFYAAYKIPYSIGDEYHINYSYLNNVNVEEINNIPPINDADIYPYRKNSDPFIPVYNITETKEINTTIPFSVNYLQAQVTNSNDISLSLDFSKVISSKDRSLVYSFLGNTIDYLDSIKYDEPINTDKKYYLWLKEIFRNYSFDMTETQEVNTSYGINKVVPWLGKALNILNTGNSFIEEFKSLGPISLINKKENITMPKIAIDEIPNSMLNLSFKDLSENLFNRFSKNNSYFEKIYYDFLDQWWTQYYSQYFDLICMAKKSILAQETLIKKIIQKKLSYLIGNSNISSDNLALMNLTTTNTLRDISNESQIAMNNVDSFLNNAAIYVFEGNIYPKFISFMEQCINNINKNTREFIQKCTNIAENEKLQLINQNIFSSLNFDFLNMENLKSLFSSETALLIEEETSPYELVLYAFQEPGNNAIGDASGKNTSIEYSKDIGLVYGINSDALYLNGSNQSISFSNNFFENGLTNSFSIYFWLRNLGQDTTKSKLIGSKEDNCGWEIYFQDTGLVFNMIDSNGDEKNIYLSDVSNNSWHYITISVDRLKEQLLIFIDDNLVVNESIKEILNIYSSNIISLLSDNNASYIEGLTILNEPTTGEEVLSNYFKNLNNSYIRDSNEERLEYNKTYQLYNYVFSDKPICEVKQNNNIYLTINNTNNLNLQASKFKLLSINPNKQYVQKFDEVIISILDNMEKYIDISEDNRLQLIDNKNSAKKMIISNDIFISNCLTLSYGGKYVCLSMKDENYNWMICNNESNIPKKAYLWILK
PROKKA_00006	tr|C1FUH8|C1FUH8_CLOBJ Botulinum neurotoxin type A2, nontoxic-nonhemagglutinin component, NTNH OS=Clostridium botulinum (strain Kyoto / Type A2) GN=ntnH PE=4 SV=1 !!!ntnH	1164	1159	1161	1095	94.32	64	2	1	1161	MKINNNFNINSLVDNKDVAIVRGRKTDTFFKVFQVAPNIWVAPERYYGESLNINEDQKSDGGIYDSNFLLTNDEKDEFLEATVKILQRINNNVVGAKLLSLISTAIPFPYEYKPGDYRQTNYLVSKDNQHYYTANLVIFGPGTNIVENNAVYYKKEDSENGMGTISEIWFQPFLTYKYDQFYVDPALELIKCLIKSLYYLYGIKPSDDLSIPCRLRSEFNSLEYSELDMVDFLISGGTEYKLLDTNPYWFTDNYFIDAPKNFEKYKNDYETKIKNNNDIANSIKLYLEQKFKINAQDIWELNLSYFSTEFGIMMPEIFNNALNHYYRKEYYVIDYFKNYNINGFINGQIKTILPLSKYNKNIINKPELVVNLINEDNAVLMKSNVYGDGLKGTMDNFYAAYKIPYSIGDEYHINYSYLNNVNVEEINNIPPINDADIYPYRKNSDPFIPVYNITETKEINTTIPFSVNYLQAQVTNSNDISLSLDFSKVISSKDRSLVYSFLGNTIDYLDSIKYDEPINTDKKYYLWLKEIFRNYSFDMTETQEVNTSYGINKVVPWLGKALNILNTGNSFIEEFKSLGPISLINKKENITMPKIAIDEIPNSMLNLSFKDLSENLFNRFSKNNSYFEKIYYDFLDQWWTQYYSQYFDLICMAKKSILAQETLIKKIIQKKLSYLIGNSNISSDNLALMNLTTTNTLRDISNESQIAMNNVDSFLNNAAIYVFEGNIYPKFISFMEQCINNINKNTREFIQKCTNIAENEKLQLINQNIFSSLNFDFLNMENLKSLFSSETALLIEEETSPYELVLYAFQEPGNNAIGDASGKNTSIEYSKDIGLVYGINSDALYLNGSNQSISFSNNFFENGLTNSFSIYFWLRNLGQDTTKSKLIGSKEDNCGWEIYFQDTGLVFNMIDSNGDEKNIYLSDVSNNSWHYITISVDRLKEQLLIFIDDNLVVNESIKEILNIYSSNIISLLSDNNASYIEGLTILNEPTTGEEVLSNYFKNLNNSYIRDSNEERLEYNKTYQLYNYVFSDKPICEVKQNNNIYLTINNTNNLNLQASKFKLLSINPNKQYVQKFDEVIISILDNMEKYIDISEDNRLQLIDNKNSAKKMIISNDIFISNCLTLSYGGKYVCLSMKDENYNWMICNNESNIPKKAYLWILK
PROKKA_00006	tr|A7GBG2|A7GBG2_CLOBL Botulinum neurotoxin type F, nontoxic-nonhemagglutinin component, NTNH OS=Clostridium botulinum (strain Langeland / NCTC 10281 / Type F) GN=ntnH PE=4 SV=1 !!!ntnH	1164	1163	1163	1091	93.81	72	0	1	1163	MKINNNFNINSLVDNKDVAIVRGRKTDTFFKVFQVAPNIWVAPERYYGESLNINEDQKSDGGIYDSNFLLTNDEKDEFLEATVKILQRINNNVVGAKLLSLISTAIPFPYEYKPGDYRQTNYLVSKDNQHYYTANLVIFGPGTNIVENNAVYYKKEDSENGMGTISEIWFQPFLTYKYDQFYVDPALELIKCLIKSLYYLYGIKPSDDLSIPCRLRSEFNSLEYSELDMVDFLISGGTEYKLLDTNPYWFTDNYFIDAPKNFEKYKNDYETKIKNNNDIANSIKLYLEQKFKINAQDIWELNLSYFSTEFGIMMPEIFNNALNHYYRKEYYVIDYFKNYNINGFINGQIKTILPLSKYNKNIINKPELVVNLINEDNAVLMKSNVYGDGLKGTMDNFYAAYKIPYSIGDEYHINYSYLNNVNVEEINNIPPINDADIYPYRKNSDPFIPVYNITETKEINTTIPFSVNYLQAQVTNSNDISLSLDFSKVISSKDRSLVYSFLGNTIDYLDSIKYDEPINTDKKYYLWLKEIFRNYSFDMTETQEVNTSYGINKVVPWLGKALNILNTGNSFIEEFKSLGPISLINKKENITMPKIAIDEIPNSMLNLSFKDLSENLFNRFSKNNSYFEKIYYDFLDQWWTQYYSQYFDLICMAKKSILAQETLIKKIIQKKLSYLIGNSNISSDNLALMNLTTTNTLRDISNESQIAMNNVDSFLNNAAIYVFEGNIYPKFISFMEQCINNINKNTREFIQKCTNIAENEKLQLINQNIFSSLNFDFLNMENLKSLFSSETALLIEEETSPYELVLYAFQEPGNNAIGDASGKNTSIEYSKDIGLVYGINSDALYLNGSNQSISFSNNFFENGLTNSFSIYFWLRNLGQDTTKSKLIGSKEDNCGWEIYFQDTGLVFNMIDSNGDEKNIYLSDVSNNSWHYITISVDRLKEQLLIFIDDNLVVNESIKEILNIYSSNIISLLSDNNASYIEGLTILNEPTTGEEVLSNYFKNLNNSYIRDSNEERLEYNKTYQLYNYVFSDKPICEVKQNNNIYLTINNTNNLNLQASKFKLLSINPNKQYVQKFDEVIISILDNMEKYIDISEDNRLQLIDNKNSAKKMIISNDIFISNCLTLSYGGKYVCLSMKDENYNWMICNNESNIPKKAYLWILKEV
PROKKA_00006	tr|A5HZZ8|A5HZZ8_CLOBH Type A progenitor toxin nontoxic-nonha OS=Clostridium botulinum (strain Hall / ATCC 3502 / NCTC 13319 / Type A) GN=ntnH PE=4 SV=1 !!!ntnH	1164	1193	1197	900	75.19	257	40	1	1161	MKINNNFNINSLVDNKDVAIVRGRKTDTFFKVFQVAPNIWVAPERYYGESLNINEDQKSDGGIYDSNFLLTNDEKDEFLEATVKILQRINNNVVGAKLLSLISTAIPFPY---------------------------------EYKPGDYRQTNYLVSKDNQHYYTANLVIFGPGTNIVENNAVYYKKEDSENGMGTISEIWFQPFLTYKYDQFYVDPALELIKCLIKSLYYLYGIKPSDDLSIPCRLRSEFNSLEYSELDMVDFLISGGTEYKLLDTNPYWFTDNYFIDAPKNFEKYKNDYETKIKNNNDIANSIKLYLEQKFKINAQDIWELNLSYFSTEFGIMMPEIFNNALNHYYRKEYYVIDYFKNYNINGFINGQIKTILPLSKYNKNIINKPELVVNLINEDNAVLMKSNVYGDGLKGTMDNFYAAYKIPYSIGDEYHINYS---YLNNVNVEEINNIPPINDADIYPYRKNSDPFIPVYNITETKEINTTIPFSVNYLQAQVTNSNDISLSLDFSKVISSKDRSLVYSFLGNTIDYLDSIKYDEPINTDKKYYLWLKEIFRNYSFDMTETQEVNTSYGINKVVPWLGKALNILNTGNSFIEEFKSLGPISLINKKENITMPKIAIDEIPNSMLNLSFKDLSENLFNRFSKNNSYFEKIYYDFLDQWWTQYYSQYFDLICMAKKSILAQETLIKKIIQKKLSYLIGNSNISSDNLALMNLTTTNTLRDISNESQIAMNNVDSFLNNAAIYVFEGNIYPKFISFMEQCINNINKNTREFIQKCTNIAENEKLQLINQNIFSSLNFDFLNMENLKSLFSSETALLIEEETSPYELVLYAFQEPGNNAIGDASGKNTSIEYSKDIGLVYGINSDALYLNGSNQSISFSNNFFENGLTNSFSIYFWLRNLGQDTTKSKLIGSKEDNCGWEIYFQDTGLVFNMIDSNGDEKNIYLSDVSNNSWHYITISVDRLKEQLLIFIDDNLVVNESIKEILNIYSSNIISLLSDNNASYIEGLTILNEPTTGEEVLSNYFKNLNNSYIRDSNEERLEYNKTYQLYNYVFSDKPICEVKQNNNIYLTINNTNNLNLQASKFKLLSINPNKQYVQKFDEVIISILDNMEKYIDISEDNRLQLIDNKNSAKKMIISNDIFISNCLTLSYGGKYVCLSMKDENYNWMICNNESNIPKKAYLWILK
PROKKA_00006	tr|A0A0X1KH90|A0A0X1KH90_CLOBA Botulinum neurotoxin type E, nontoxic-nonhemagglutinin component, NTNH OS=Clostridium botulinum (strain Alaska E43 / Type E3) PE=1 SV=1 !!!ntnH	1164	1163	1164	877	75.34	285	2	1	1163	MKINNNFNINSLVDNKDVAIVRGRKTDTFFKVFQVAPNIWVAPERYYGESLNINEDQKSDGGIYDSNFLLTNDEKDEFLEATVKILQRINNNVVGAKLLSLISTAIPFPYEYKPGDYRQTNYLVSKDNQHYYTANLVIFGPGTNIVENNAVYYKKEDSENGMGTISEIWFQPFLTYKYDQFYVDPALELIKCLIKSLYYLYGIKPSDDLSIPCRLRSEFNSLEYSELDMVDFLISGGTEYKLLDTNPYWFTDNYFIDAPKNFEKYKNDYETKIKNNNDIANSIKLYLEQKFKINAQDIWELNLSYFSTEFGIMMPEIFNNALNHYYRKEYYVIDYFKNYNINGFINGQIKTILPLSKYNKNIINKPELVVNLINEDNAVLMKSNVYGDGLKGTMDNFYAAYKIPYSIGDEYHINYSYLNNVNVEEINNIPPINDADIYPYRKNSDPFIPVYNITETKEINTTIPFSVNYLQAQVTNSNDISLSLDFSKVISSKDRSLVYSFLGNTIDYLDSIKYDEPINTDKKYYLWLKEIFRNYSFDMTETQEVNTSYGINKVVPWLGKALNILNTGNSFIEEFKSLGPISLINKKENITMPKIAIDEIPNSMLNLSFKDLSENLFNRFSKNNSYFEKIYYDFLDQWWTQYYSQYFDLICMAKKSILAQETLIKKIIQKKLSYLIGNSNISSDNLALMNLTTTNTLRDISNESQIAMNNVDSFLNNAAIYVFEGNIYPKFISFMEQCINNINKNTREFIQKCTNIAENEKLQLINQNIFSSLNFDFLNMENLKSLFSSETALLIEEETSPYELVLYAFQEPGNNAIGDASGKNTSIEYSKDIGLVYGINSDALYLNGSNQSISFSNNFFENGLTNSFSIYFWLRNLGQDTTKSKLIGSKEDNCGWEIYFQDTGLVFNMIDSNGDEKNIYLSDVSNNSWHYITISVDRLKEQLLIFIDDNLVVNESIKEILNIYSSNIISLLSDNNASYIEGLTILNEPTTGEEVLSNYFKNLNNSYIRDSNEERLEYNKTYQLYNYVFSDKPICEVKQNNNIYLTINNTNNLNLQASKFKLLSINPNKQYVQKFDEVIISILDNMEKYIDIS-EDNRLQLIDNKNSAKKMIISNDIFISNCLTLSYGGKYVCLSMKDENYNWMICNNESNIPKKAYLWILKEV
PROKKA_00006	tr|C5UY14|C5UY14_CLOBO Botulinum neurotoxin type E1, nontoxic-nonhemagglutinin component, NTNH OS=Clostridium botulinum E1 str. 'BoNT E Beluga' GN=ntnH PE=4 SV=1 !!!ntnH	1164	1163	1164	876	75.26	286	2	1	1163	MKINNNFNINSLVDNKDVAIVRGRKTDTFFKVFQVAPNIWVAPERYYGESLNINEDQKSDGGIYDSNFLLTNDEKDEFLEATVKILQRINNNVVGAKLLSLISTAIPFPYEYKPGDYRQTNYLVSKDNQHYYTANLVIFGPGTNIVENNAVYYKKEDSENGMGTISEIWFQPFLTYKYDQFYVDPALELIKCLIKSLYYLYGIKPSDDLSIPCRLRSEFNSLEYSELDMVDFLISGGTEYKLLDTNPYWFTDNYFIDAPKNFEKYKNDYETKIKNNNDIANSIKLYLEQKFKINAQDIWELNLSYFSTEFGIMMPEIFNNALNHYYRKEYYVIDYFKNYNINGFINGQIKTILPLSKYNKNIINKPELVVNLINEDNAVLMKSNVYGDGLKGTMDNFYAAYKIPYSIGDEYHINYSYLNNVNVEEINNIPPINDADIYPYRKNSDPFIPVYNITETKEINTTIPFSVNYLQAQVTNSNDISLSLDFSKVISSKDRSLVYSFLGNTIDYLDSIKYDEPINTDKKYYLWLKEIFRNYSFDMTETQEVNTSYGINKVVPWLGKALNILNTGNSFIEEFKSLGPISLINKKENITMPKIAIDEIPNSMLNLSFKDLSENLFNRFSKNNSYFEKIYYDFLDQWWTQYYSQYFDLICMAKKSILAQETLIKKIIQKKLSYLIGNSNISSDNLALMNLTTTNTLRDISNESQIAMNNVDSFLNNAAIYVFEGNIYPKFISFMEQCINNINKNTREFIQKCTNIAENEKLQLINQNIFSSLNFDFLNMENLKSLFSSETALLIEEETSPYELVLYAFQEPGNNAIGDASGKNTSIEYSKDIGLVYGINSDALYLNGSNQSISFSNNFFENGLTNSFSIYFWLRNLGQDTTKSKLIGSKEDNCGWEIYFQDTGLVFNMIDSNGDEKNIYLSDVSNNSWHYITISVDRLKEQLLIFIDDNLVVNESIKEILNIYSSNIISLLSDNNASYIEGLTILNEPTTGEEVLSNYFKNLNNSYIRDSNEERLEYNKTYQLYNYVFSDKPICEVKQNNNIYLTINNTNNLNLQASKFKLLSINPNKQYVQKFDEVIISILDNMEKYIDIS-EDNRLQLIDNKNSAKKMIISNDIFISNCLTLSYGGKYVCLSMKDENYNWMICNNESNIPKKAYLWILKEV
PROKKA_00006	tr|C4IHM0|C4IHM0_CLOBU Botulinum neurotoxin type E, nontoxic-nonhemagglutinin component, NTNH OS=Clostridium butyricum E4 str. BoNT E BL5262 GN=ntnH PE=4 SV=1 !!!ntnH	1164	1163	1164	880	75.60	282	2	1	1163	MKINNNFNINSLVDNKDVAIVRGRKTDTFFKVFQVAPNIWVAPERYYGESLNINEDQKSDGGIYDSNFLLTNDEKDEFLEATVKILQRINNNVVGAKLLSLISTAIPFPYEYKPGDYRQTNYLVSKDNQHYYTANLVIFGPGTNIVENNAVYYKKEDSENGMGTISEIWFQPFLTYKYDQFYVDPALELIKCLIKSLYYLYGIKPSDDLSIPCRLRSEFNSLEYSELDMVDFLISGGTEYKLLDTNPYWFTDNYFIDAPKNFEKYKNDYETKIKNNNDIANSIKLYLEQKFKINAQDIWELNLSYFSTEFGIMMPEIFNNALNHYYRKEYYVIDYFKNYNINGFINGQIKTILPLSKYNKNIINKPELVVNLINEDNAVLMKSNVYGDGLKGTMDNFYAAYKIPYSIGDEYHINYSYLNNVNVEEINNIPPINDADIYPYRKNSDPFIPVYNITETKEINTTIPFSVNYLQAQVTNSNDISLSLDFSKVISSKDRSLVYSFLGNTIDYLDSIKYDEPINTDKKYYLWLKEIFRNYSFDMTETQEVNTSYGINKVVPWLGKALNILNTGNSFIEEFKSLGPISLINKKENITMPKIAIDEIPNSMLNLSFKDLSENLFNRFSKNNSYFEKIYYDFLDQWWTQYYSQYFDLICMAKKSILAQETLIKKIIQKKLSYLIGNSNISSDNLALMNLTTTNTLRDISNESQIAMNNVDSFLNNAAIYVFEGNIYPKFISFMEQCINNINKNTREFIQKCTNIAENEKLQLINQNIFSSLNFDFLNMENLKSLFSSETALLIEEETSPYELVLYAFQEPGNNAIGDASGKNTSIEYSKDIGLVYGINSDALYLNGSNQSISFSNNFFENGLTNSFSIYFWLRNLGQDTTKSKLIGSKEDNCGWEIYFQDTGLVFNMIDSNGDEKNIYLSDVSNNSWHYITISVDRLKEQLLIFIDDNLVVNESIKEILNIYSSNIISLLSDNNASYIEGLTILNEPTTGEEVLSNYFKNLNNSYIRDSNEERLEYNKTYQLYNYVFSDKPICEVKQNNNIYLTINNTNNLNLQASKFKLLSINPNKQYVQKFDEVIISILDNMEKYIDISED-NRLQLIDNKNSAKKMIISNDIFISNCLTLSYGGKYVCLSMKDENYNWMICNNESNIPKKAYLWILKEV
PROKKA_00006	tr|B1INP6|B1INP6_CLOBK Botulinum neurotoxin type B1, nontoxic-nonhemagglutinin component, NTNH OS=Clostridium botulinum (strain Okra / Type B1) GN=ntnH PE=4 SV=1 !!!ntnH	1164	1197	1200	751	62.58	409	40	1	1163	MKINNNFNINSLVDNKDVAIVRGRKTDTFFKVFQVAPNIWVAPERYYGESLNINEDQKSDGGIYDSNFLLTNDEKDEFLEATVKILQRINNNVVGAKLLSLISTAIPFPY---------------------------------EYKPGDYRQTNYLVSKDNQHYYTANLVIFGPGTNIVENNAVYYKKEDSENGMGTISEIWFQPFLTYKYDQFYVDPALELIKCLIKSLYYLYGIKPSDDLSIPCRLRSEFNSLEYSELDMVDFLISGGTEYKLLDTNPYWFTDNYFIDAPKNFEKYKNDYETKIKNNNDIANSIKLYLEQKFKINAQDIWELNLSYFSTEFGIMMPEIFNNALNHYYRKEYYVIDYFKNYNINGFINGQIKTILPLSKYNKNIINKPELVVNLINEDNAVLMKSNVYGDGLKGTMDNFYAAYKIPYSIGDEYHINYS---YLNNVNVEEINNIPPINDADIYPYRKNSDPFIPVYNITETKEINTTIPFSVNYLQAQVTNSNDISLSLDFSKVISSKDRSLVYSFLGNTIDYLDSIKYDEPINTDKKYYLWLKEIFRNYSFDMTETQEVNTSYGINKVVPWLGKALNILNTGNSFIEEFKSLGPISLINKKENITMPKIAIDEIPNSMLNLSFKDLSENLFNRFSKNNSYFEKIYYDFLDQWWTQYYSQYFDLICMAKKSILAQETLIKKIIQKKLSYLIGNSNISSDNLALMNLTTTNTLRDISNESQIAMNNVDSFLNNAAIYVFEGNIYPKFISFMEQCINNINKNTREFIQKCTNIAENEKLQLINQNIFSSLNFDFLNMENLKSLFSSETALLIEEETSPYELVLYAFQEPGNNAIGDASGKNTSIEYSKDIGLVYGINSDALYLNGSNQSISFSNNFFENGLTNSFSIYFWLRNLGQDTTKSKLIGSKEDNCGWEIYFQDTGLVFNMIDSNGDEKNIYLSDVSNNSWHYITISVDRLKEQLLIFIDDNLVVNESIKEILNIYSSNIISLLSDNNASYIEGLTILNEPTTGEEVLSNYFKNLNNSYIRDSNEERLEYNKTYQLYNYVFSDKPICEVKQNNNIYLTINNTNNLNLQASKFKLLSINPNKQYVQKFDEVIISILDNMEKYIDI-SEDNRLQLIDNKNSAKKMIISNDIFISNCLTLSYGGKYVCLSMKDENYNWMICNNESNIPKKAYLWILKEV
PROKKA_00006	tr|A0A060N6G5|A0A060N6G5_CLOBO Nontoxic-nonhemagglutinin component, NTNH OS=Clostridium botulinum B str. Osaka05 GN=CBO05P2_175 PE=4 SV=1 !!!ntnH	1164	1197	1200	760	63.33	400	40	1	1163	MKINNNFNINSLVDNKDVAIVRGRKTDTFFKVFQVAPNIWVAPERYYGESLNINEDQKSDGGIYDSNFLLTNDEKDEFLEATVKILQRINNNVVGAKLLSLISTAIPFPY---------------------------------EYKPGDYRQTNYLVSKDNQHYYTANLVIFGPGTNIVENNAVYYKKEDSENGMGTISEIWFQPFLTYKYDQFYVDPALELIKCLIKSLYYLYGIKPSDDLSIPCRLRSEFNSLEYSELDMVDFLISGGTEYKLLDTNPYWFTDNYFIDAPKNFEKYKNDYETKIKNNNDIANSIKLYLEQKFKINAQDIWELNLSYFSTEFGIMMPEIFNNALNHYYRKEYYVIDYFKNYNINGFINGQIKTILPLSKYNKNIINKPELVVNLINEDNAVLMKSNVYGDGLKGTMDNFYAAYKIPYSIGDEYHINYS---YLNNVNVEEINNIPPINDADIYPYRKNSDPFIPVYNITETKEINTTIPFSVNYLQAQVTNSNDISLSLDFSKVISSKDRSLVYSFLGNTIDYLDSIKYDEPINTDKKYYLWLKEIFRNYSFDMTETQEVNTSYGINKVVPWLGKALNILNTGNSFIEEFKSLGPISLINKKENITMPKIAIDEIPNSMLNLSFKDLSENLFNRFSKNNSYFEKIYYDFLDQWWTQYYSQYFDLICMAKKSILAQETLIKKIIQKKLSYLIGNSNISSDNLALMNLTTTNTLRDISNESQIAMNNVDSFLNNAAIYVFEGNIYPKFISFMEQCINNINKNTREFIQKCTNIAENEKLQLINQNIFSSLNFDFLNMENLKSLFSSETALLIEEETSPYELVLYAFQEPGNNAIGDASGKNTSIEYSKDIGLVYGINSDALYLNGSNQSISFSNNFFENGLTNSFSIYFWLRNLGQDTTKSKLIGSKEDNCGWEIYFQDTGLVFNMIDSNGDEKNIYLSDVSNNSWHYITISVDRLKEQLLIFIDDNLVVNESIKEILNIYSSNIISLLSDNNASYIEGLTILNEPTTGEEVLSNYFKNLNNSYIRDSNEERLEYNKTYQLYNYVFSDKPICEVKQNNNIYLTINNTNNLNLQASKFKLLSINPNKQYVQKFDEVIISILDNMEKYIDI-SEDNRLQLIDNKNSAKKMIISNDIFISNCLTLSYGGKYVCLSMKDENYNWMICNNESNIPKKAYLWILKEV
PROKKA_00006	tr|B2TSC3|B2TSC3_CLOBB Botulinum neurotoxin type B OS=Clostridium botulinum (strain Eklund 17B / Type B) GN=ntnH PE=4 SV=1 !!!ntnH	1164	1197	1200	741	61.75	419	40	1	1163	MKINNNFNINSLVDNKDVAIVRGRKTDTFFKVFQVAPNIWVAPERYYGESLNINEDQKSDGGIYDSNFLLTNDEKDEFLEATVKILQRINNNVVGAKLLSLISTAIPFPY---------------------------------EYKPGDYRQTNYLVSKDNQHYYTANLVIFGPGTNIVENNAVYYKKEDSENGMGTISEIWFQPFLTYKYDQFYVDPALELIKCLIKSLYYLYGIKPSDDLSIPCRLRSEFNSLEYSELDMVDFLISGGTEYKLLDTNPYWFTDNYFIDAPKNFEKYKNDYETKIKNNNDIANSIKLYLEQKFKINAQDIWELNLSYFSTEFGIMMPEIFNNALNHYYRKEYYVIDYFKNYNINGFINGQIKTILPLSKYNKNIINKPELVVNLINEDNAVLMKSNVYGDGLKGTMDNFYAAYKIPYSIGDEYHINY---SYLNNVNVEEINNIPPINDADIYPYRKNSDPFIPVYNITETKEINTTIPFSVNYLQAQVTNSNDISLSLDFSKVISSKDRSLVYSFLGNTIDYLDSIKYDEPINTDKKYYLWLKEIFRNYSFDMTETQEVNTSYGINKVVPWLGKALNILNTGNSFIEEFKSLGPISLINKKENITMPKIAIDEIPNSMLNLSFKDLSENLFNRFSKNNSYFEKIYYDFLDQWWTQYYSQYFDLICMAKKSILAQETLIKKIIQKKLSYLIGNSNISSDNLALMNLTTTNTLRDISNESQIAMNNVDSFLNNAAIYVFEGNIYPKFISFMEQCINNINKNTREFIQKCTNIAENEKLQLINQNIFSSLNFDFLNMENLKSLFSSETALLIEEETSPYELVLYAFQEPGNNAIGDASGKNTSIEYSKDIGLVYGINSDALYLNGSNQSISFSNNFFENGLTNSFSIYFWLRNLGQDTTKSKLIGSKEDNCGWEIYFQDTGLVFNMIDSNGDEKNIYLSDVSNNSWHYITISVDRLKEQLLIFIDDNLVVNESIKEILNIYSSNIISLLSDNNASYIEGLTILNEPTTGEEVLSNYFKNLNNSYIRDSNEERLEYNKTYQLYNYVFSDKPICEVKQNNNIYLTINNTNNLNLQASKFKLLSINPNKQYVQKFDEVIISILDNMEKYIDI-SEDNRLQLIDNKNSAKKMIISNDIFISNCLTLSYGGKYVCLSMKDENYNWMICNNESNIPKKAYLWILKEV
PROKKA_00006	tr|C5VU80|C5VU80_CLOBO Botulinum neurotoxin type D, nontoxic-nonhemagglutinin component, NTNH OS=Clostridium botulinum D str. 1873 GN=ntnH PE=4 SV=1 !!!ntnH	1164	1196	1198	686	57.26	472	40	1	1161	MKINNNFNINSLVDNKDVAIVRGRKTDTFFKVFQVAPNIWVAPERYYGESLNINEDQKSDGGIYDSNFLLTNDEKDEFLEATVKILQRINNNVVGAKLLSLISTAIPFPYEY------KP---------------------------GDYRQTNYLVSKDNQHYYTANLVIFGPGTNIVENNAVYYKKEDSENGMGTISEIWFQPFLTYKYDQFYVDPALELIKCLIKSLYYLYGIKPSDDLSIPCRLRSEFNSLEYSELDMVDFLISGGTEYKLLDTNPYWFTDNYFIDAPKNFEKYKNDYETKIKNNNDIANSIKLYLEQKFKINAQDIWELNLSYFSTEFGIMMPEIFNNALNHYYRKEYYVIDYFKNYNINGFINGQIKTILPLSKYNKNIINKPELVVNLINEDNAVLMKSNVYGDGLKGTMDNFYAAYKIPYSIGDEYHINYS---YLNNVNVEEINNIPPINDADIYPYRKNSDPFIPVYNITETKEINTTIPFSVNYLQAQVTNSNDISLSLDFSKVISSKDRSLVYSFLGNTIDYLDSIKYDEPINTDKKYYLWLKEIFRNYSFDMTETQEVNTSYGINKVVPWLGKALNILNTGNSFIEEFKSLGPISLINKKENITMPKIAIDEIPNSMLNLSFKDLSENLFNRFSKNNSYFEKIYYDFLDQWWTQYYSQYFDLICMAKKSILAQETLIKKIIQKKLSYLIGNSNISSDNLALMNLTTTNTLRDISNESQIAMNNVDSFLNNAAIYVFEGNIYPKFISFMEQCINNINKNTREFIQKCTNIAENEKLQLINQNIFSSLNFDFLNMENLKSLFSSETALLIEEETSPYELVLYAFQEPGNNAIGDASGKNTSIEYSKDIGLVYGINSDALYLNGSNQSISFSNNFFENGLTNSFSIYFWLRNLGQDTTKSKLIGSKEDNCGWEIYFQDTGLVFNMIDSNGDEKNIYLSDVSNNSWHYITISVDRLKEQLLIFIDDNLVVNESIKEILNIYSSNIISLLSDNNASYIEGLTILNEPTTGEEVLSNYFKNLNNSYIRDSNEERLEYNKTYQLYNYVFSDKPICEVKQNNNIYLTINNTNNLNLQASKFKLLSINPNKQYVQKFDEVIISILDNMEKYIDIS-EDNRLQLIDNKNSAKKMIISNDIFISNCLTLSYGGKYVCLSMKDENYNWMICNNESNIPKKAYLWILK
PROKKA_00006	tr|B1BE43|B1BE43_CLOBO Botulinum neurotoxin type C, nontoxic-nonhemagglutinin component NTNH OS=Clostridium botulinum C str. Eklund GN=CBC_A0166 PE=4 SV=1 !!!ntnH	1164	1196	1198	682	56.93	476	40	1	1161	MKINNNFNINSLVDNKDVAIVRGRKTDTFFKVFQVAPNIWVAPERYYGESLNINEDQKSDGGIYDSNFLLTNDEKDEFLEATVKILQRINNNVVGAKLLSLISTAIPFPYEY------KP---------------------------GDYRQTNYLVSKDNQHYYTANLVIFGPGTNIVENNAVYYKKEDSENGMGTISEIWFQPFLTYKYDQFYVDPALELIKCLIKSLYYLYGIKPSDDLSIPCRLRSEFNSLEYSELDMVDFLISGGTEYKLLDTNPYWFTDNYFIDAPKNFEKYKNDYETKIKNNNDIANSIKLYLEQKFKINAQDIWELNLSYFSTEFGIMMPEIFNNALNHYYRKEYYVIDYFKNYNINGFINGQIKTILPLSKYNKNIINKPELVVNLINEDNAVLMKSNVYGDGLKGTMDNFYAAYKIPYSIGDEYHINYS---YLNNVNVEEINNIPPINDADIYPYRKNSDPFIPVYNITETKEINTTIPFSVNYLQAQVTNSNDISLSLDFSKVISSKDRSLVYSFLGNTIDYLDSIKYDEPINTDKKYYLWLKEIFRNYSFDMTETQEVNTSYGINKVVPWLGKALNILNTGNSFIEEFKSLGPISLINKKENITMPKIAIDEIPNSMLNLSFKDLSENLFNRFSKNNSYFEKIYYDFLDQWWTQYYSQYFDLICMAKKSILAQETLIKKIIQKKLSYLIGNSNISSDNLALMNLTTTNTLRDISNESQIAMNNVDSFLNNAAIYVFEGNIYPKFISFMEQCINNINKNTREFIQKCTNIAENEKLQLINQNIFSSLNFDFLNMENLKSLFSSETALLIEEETSPYELVLYAFQEPGNNAIGDASGKNTSIEYSKDIGLVYGINSDALYLNGSNQSISFSNNFFENGLTNSFSIYFWLRNLGQDTTKSKLIGSKEDNCGWEIYFQDTGLVFNMIDSNGDEKNIYLSDVSNNSWHYITISVDRLKEQLLIFIDDNLVVNESIKEILNIYSSNIISLLSDNNASYIEGLTILNEPTTGEEVLSNYFKNLNNSYIRDSNEERLEYNKTYQLYNYVFSDKPICEVKQNNNIYLTINNTNNLNLQASKFKLLSINPNKQYVQKFDEVIISILDNMEKYIDIS-EDNRLQLIDNKNSAKKMIISNDIFISNCLTLSYGGKYVCLSMKDENYNWMICNNESNIPKKAYLWILK
PROKKA_00006	tr|A0A0D1BS75|A0A0D1BS75_CLOBO Hemagglutinin OS=Clostridium botulinum B2 450 GN=N495_19885 PE=4 SV=1 !!! 	1164	146	22	11	50.00	11	0	836	857	VYGINSDALYLNGSNQSISFSN
PROKKA_00006	tr|A0A060N976|A0A060N976_CLOBO Hemagglutinin component HA17 OS=Clostridium botulinum B str. Osaka05 GN=CBO05P2_178 PE=4 SV=1 !!!ha17	1164	146	22	11	50.00	11	0	836	857	VYGINSDALYLNGSNQSISFSN
PROKKA_00006	tr|A0A0E1L447|A0A0E1L447_CLOBO Hemagglutinin component HA-17 OS=Clostridium botulinum CDC_1436 GN=ha-17 PE=4 SV=1 !!!ha17	1164	146	22	11	50.00	11	0	836	857	VYGINSDALYLNGSNQSISFSN
PROKKA_00006	tr|A0A0B4W498|A0A0B4W498_CLOBO Hemagglutinin component HA-17 OS=Clostridium botulinum Prevot_594 GN=ha-17 PE=4 SV=1 !!!ha17	1164	146	22	11	50.00	11	0	836	857	VYGINSDALYLNGSNQSISFSN
PROKKA_00006	tr|A0A073CN83|A0A073CN83_CLOBO Hemagglutinin OS=Clostridium botulinum A2B3 87 GN=N496_19565 PE=4 SV=1 !!! 	1164	146	22	11	50.00	11	0	836	857	VYGINSDALYLNGSNQSISFSN
PROKKA_00006	tr|C1FUH5|C1FUH5_CLOBJ Toxin complex component ORF-X1 OS=Clostridium botulinum (strain Kyoto / Type A2) GN=CLM_0893 PE=4 SV=1 !!!ORF-X1	1164	142	66	19	28.79	46	1	555	620	VPWLGKALNILNTGNSFIEEFKSLGPISLINKKENITMPKIAIDEIPNSMLNLSFKDLSENLFNRF
PROKKA_00006	tr|B1L2G1|B1L2G1_CLOBM Toxin complex component ORF-X1 OS=Clostridium botulinum (strain Loch Maree / Type A3) GN=CLK_A0072 PE=4 SV=1 !!!ORF-X1	1164	142	66	19	28.79	46	1	555	620	VPWLGKALNILNTGNSFIEEFKSLGPISLINKKENITMPKIAIDEIPNSMLNLSFKDLSENLFNRF
PROKKA_00006	tr|A7GBF8|A7GBF8_CLOBL Toxin complex component ORF-X2 OS=Clostridium botulinum (strain Langeland / NCTC 10281 / Type F) GN=CLI_0846 PE=4 SV=1 !!!ORF-X2	1164	750	15	8	53.33	7	0	726	740	NIYPKFISFMEQCIN
PROKKA_00006	tr|A5HZZ5|A5HZZ5_CLOBH Hemagglutinin component of the neurotoxin complex OS=Clostridium botulinum (strain Hall / ATCC 3502 / NCTC 13319 / Type A) GN=ha17 PE=1 SV=1 !!!ha17	1164	146	22	10	45.45	12	0	836	857	VYGINSDALYLNGSNQSISFSN
PROKKA_00006	tr|A0A059PY44|A0A059PY44_9CLOT Toxin complex component ORF-X3 OS=Clostridium baratii PE=4 SV=1 !!!ORF-X3	1164	491	31	11	35.48	19	1	336	365	FKNYNI-NGFINGQIKTILPLSKYNKNIINK
PROKKA_00006	tr|A0A0A7FV57|A0A0A7FV57_9CLOT Clostridium P-47 family protein OS=Clostridium baratii str. Sullivan GN=U729_696 PE=4 SV=1 !!!P-47	1164	491	31	11	35.48	19	1	336	365	FKNYNI-NGFINGQIKTILPLSKYNKNIINK
PROKKA_00007	tr|B1L2G4|B1L2G4_CLOBM Botulinum neurotoxin type A3, nontoxic-nonhemagglutinin component, NTNH OS=Clostridium botulinum (strain Loch Maree / Type A3) GN=ntnH PE=4 SV=1 !!!ntnH	1289	1159	1223	279	22.81	761	183	17	1194	NSFNYDDPVNDDTILYMQIPYEEKSKKYYKAFEIMRNVWIMPER---NTIGTNPSDFDPPASLKNGSSAYYDPNYLTTDAEKDRYLKTTIKLFKRINSNPAGEVLLQEISYAKPYLGNDHTPINEFHPVTRTTSVNIKSSTNVESSIILNLLVLGAGPNIFENSSYPVRKLMNSGEVYDPSNDGFGSINIVTFSPEYEYTFNDISGGHNSSTESFIADPAISLAHELIHALHGLYGAR---GVTYKETIKVKQAPLMIAEKPIRLEEFLTFGGQDLNIITS---AMKEKIYNDLLANYEKIA----TRLSEVNSAPPEYDINEYKNYFQWKYGLDKNADGSYTVNENKFNEIYKKLYSFTEIDLANKFKVKCRNTYFIKYGF--LKVPNLLDDDIYTVSEGFNIGNLAVNNRGQNINLNPKIIDSIPDKGLVEKIVKLCKSIIPRKGTKAPPRLCIRVNNRELFFVASESSYNENDINTPKEIDDTTNLNNNYRNN--LDEVILDYNSETIPQISSQTLNTLVQD-DSYVPRYDSNGTSEIEEHNVVDLNAFFYLHAQKVPEGETNISLTSSIDTALS--EESKVYTFFSS--EFINNI--NKPVHA-ALFIGWISQVIRDFTTESTQKSTVDKIADISLIVPYVGLALNIGNDARKGNFKEAFELLGAAILLEVVPELLIPVILVFTIK------SFIDSSKNEDKIIKAINNSLIEREAKWKEVYSWIVSNWLTRINTQFNKRKEQMYQALQNQVDAIKTVIEYKYNSYTSDEKNRLESEYNINNIE-----EELNKKVSLAMKNIERFIAESSISYLMKLINEAKVSELREYDEGVKEYLLDYILKNGSILGDHVQELNDLVTSTLNSSIPFELSSYTNDKILIIYFNKLYKKIKDNCILDMRY-----ENNKFIDISGYGSNISINGEL-YIYTTNRNQFTIYSGKLSEVNIAQNNDIIYNSRYQNFSISFWVRIPRYSNIVNLNNEYTIINCMGN--NNSGWKISLNYNKIIWTLQDTAGNNEKLVFNYTQMISISDYINKWIFVTITNNRLGNS-RIYINGNLIDQKSISNLGDIHVSDNILFKIVGCNDTRYVGIRYFKVFDTELDKTEIETLYSDEPDPSILKDFWGNYLLYNKRYYLLNLLRKDNAITQSSTFLSISRARGVDRKANIFSNKRLYKGVEVIIRKNEPIDISNTDNFVRKGDLAYINVVDRDVEY
PROKKA_00007	tr|B2TSC3|B2TSC3_CLOBB Botulinum neurotoxin type B OS=Clostridium botulinum (strain Eklund 17B / Type B) GN=ntnH PE=4 SV=1 !!!ntnH	1289	1197	673	169	25.11	416	88	552	1178	YLHAQKVPEGETNISLTSSIDTALSEESK--VYTFFSSE--FINNI--NKPVHA-ALFIGWISQVIRDFTTESTQKSTVDKIADISLIVPYVGLALNIGNDARKGNFKEAFELLGAAILLEVVPELLIPVILVFTIKSFIDSSKNEDKIIKAINNSLIEREAKWKEVYSWIVSNWLTRINTQFNKRKEQMYQALQNQVDAIKTVIEYKYNSYTSDEKNRLESEYNINNIEE-----ELNKKVSLAMKNIERFIAESSISYLMKLINEAKVSELREYDEGVKEYLLDYILKNGSILGDHVQELNDLVTSTLNSSIPFELSSYTNDKILIIYFNKLYKKIKDN----CILDMRYENNKFI-DISG------YGSNIS----INGELYIYTTNRNQFTIYSGKLSEVNIAQNNDIIYNSRYQNFSISFWVRIPRYSNIVNLNNEYTIINCMGN--NNSGWKISLNYNKIIWTLQDTAGNNEKLVFNYTQMISISDYINK-WIFVTITNNRLGNS-RIYINGNLIDQKSISNLGDIHVSDNILFKIVGCNDTRYVGIRYFKVFDTELDKTEIETLYSDEPDPSILKDFWGNYLLYNKRYYLLNLLRKDNAITQ----SSTFLSISRARGVDRKA------NIFSNKRLYK----GVEVIIRKNEP-IDISNTDNFVR
PROKKA_00007	tr|B2TSC3|B2TSC3_CLOBB Botulinum neurotoxin type B OS=Clostridium botulinum (strain Eklund 17B / Type B) GN=ntnH PE=4 SV=1 !!!ntnH	1289	1197	253	70	27.67	131	52	24	251	PVNDDTILYMQIPYEEKSKKYYKAFEIMRNVWIMPERNTIGTNPSDFDPPASLKNGSSAYYDPNYLTTDAEKDRYLKTTIKLFKRINSNPAGEVLLQEISYAKPY----------------LGNDHTPINEFHPVTRTT---------SVNIKSSTNVESSIILNLLVLGAGPNIFENSSYPVRKLMNSGEVYDPSNDGFGSINIVTFSPEYEYTFNDISGGHNSSTESFIADPAISLAHELIHALHGLYGAR
PROKKA_00007	tr|A7GBG2|A7GBG2_CLOBL Botulinum neurotoxin type F, nontoxic-nonhemagglutinin component, NTNH OS=Clostridium botulinum (strain Langeland / NCTC 10281 / Type F) GN=ntnH PE=4 SV=1 !!!ntnH	1289	1163	302	81	26.82	168	53	17	307	NSFNYDDPVNDDTILYMQIPYEEKSKKYYKAFEIMRNVWIMPER---NTIGTNPSDFDPPASLKNGSSAYYDPNYLTTDAEKDRYLKTTIKLFKRINSNPAGEVLLQEISYAKPYLGNDHTPINEFHPVTRTTSVNIKSSTNVESSIILNLLVLGAGPNIFENSSYPVRKLMNSGEVYDPSNDGFGSINIVTFSPEYEYTFNDISGGHNSSTESFIADPAISLAHELIHALHGLYGAR-----GVTYKETIKVKQAPLMIAEKPIRLEEFLTFGGQDLNIITS---AMKEKIYNDLLANYEK
PROKKA_00007	tr|C4IHM0|C4IHM0_CLOBU Botulinum neurotoxin type E, nontoxic-nonhemagglutinin component, NTNH OS=Clostridium butyricum E4 str. BoNT E BL5262 GN=ntnH PE=4 SV=1 !!!ntnH	1289	1163	649	153	23.57	429	67	508	1129	ETIPQISSQTLNTLVQD-DSYVPRYDSNGTSEIEEHNVVDLNAFFYLHAQKVPEGETNISLTSSIDTALSEESKVYTFFSS-----EFINNINKPVHA-ALFIGWISQVIRDFTTESTQKSTVDKIADISLIVPYVGLALNIGNDARKGNFKEAFELLGAAILLEVVPELLIPVILVFTIK------SFIDSSKNEDKIIKAINNSLIEREAKWKEVYSWIVSNWLTRINTQFNKRKEQMYQALQNQVDAIKTVIE----YKYNSYTSDEKNRLESEYNINNIEEELNKKVSLAMKNIERFIAESSISYLMKLINEAKVSELREYDEGVKEYLLDYILKNGSILGDHVQELNDLVTSTLNSSIPFELSSYTNDKILIIYFNKLYKKIKDNCILDMRY-----ENNKFIDISGYGSNISINGEL-YIYTTNRNQFTIYSGKLSEVNIAQNNDIIYNSRYQNFSISFWVRIPRYSNIVNLNNEYTIINCMGN--NNSGWKISLNYNKIIWTLQDTAGNNEKLVFNYTQMISISDYINK-WIFVTITNNRLGNS-RIYINGNLIDQKSISNLGDIHVSDNILFKIVGCNDTRYVGIRYFKVFDTELDKTEIETLYSDEPDPSILKDFWGNYLLYNKRYYLLNLLRKDNAITQ
PROKKA_00007	tr|A0A060N6G5|A0A060N6G5_CLOBO Nontoxic-nonhemagglutinin component, NTNH OS=Clostridium botulinum B str. Osaka05 GN=CBO05P2_175 PE=4 SV=1 !!!ntnH	1289	1197	253	71	28.06	130	52	24	251	PVNDDTILYMQIPYEEKSKKYYKAFEIMRNVWIMPERNTIGTNPSDFDPPASLKNGSSAYYDPNYLTTDAEKDRYLKTTIKLFKRINSNPAGEVLLQEISYAKPY----------------LGNDHTPINEFHPVTRTT---------SVNIKSSTNVESSIILNLLVLGAGPNIFENSSYPVRKLMNSGEVYDPSNDGFGSINIVTFSPEYEYTFNDISGGHNSSTESFIADPAISLAHELIHALHGLYGAR
PROKKA_00007	tr|C1FUH8|C1FUH8_CLOBJ Botulinum neurotoxin type A2, nontoxic-nonhemagglutinin component, NTNH OS=Clostridium botulinum (strain Kyoto / Type A2) GN=ntnH PE=4 SV=1 !!!ntnH	1289	1159	238	68	28.57	129	41	17	251	NSFNYDDPVNDDTILYMQIPYEEKSKKYYKAFEIMRNVWIMPER---NTIGTNPSDFDPPASLKNGSSAYYDPNYLTTDAEKDRYLKTTIKLFKRINSNPAGEVLLQEISYAKPYLGNDHTPINEFHPVTRTTSVNIKSSTNVESSIILNLLVLGAGPNIFENSSYPVRKLMNSGEVYDPSNDGFGSINIVTFSPEYEYTFNDISGGHNSSTESFIADPAISLAHELIHALHGLYGAR
PROKKA_00007	tr|C5UY14|C5UY14_CLOBO Botulinum neurotoxin type E1, nontoxic-nonhemagglutinin component, NTNH OS=Clostridium botulinum E1 str. 'BoNT E Beluga' GN=ntnH PE=4 SV=1 !!!ntnH	1289	1163	668	156	23.35	443	69	508	1145	ETIPQISSQTLNTLVQD-DSYVPRYDSNGTSEIEEHNVVDLNAFFYLHAQKVPEGETNISLTSSIDTALSEESKVYTFFSS-----EFINNINKPVHA-ALFIGWISQVIRDFTTESTQKSTVDKIADISLIVPYVGLALNIGNDARKGNFKEAFELLGAAILLEVVPELLIPVILVFTIK------SFIDSSKNEDKIIKAINNSLIEREAKWKEVYSWIVSNWLTRINTQFNKRKEQMYQALQNQVDAIKTVIE----YKYNSYTSDEKNRLESEYNINNIEEELNKKVSLAMKNIERFIAESSISYLMKLINEAKVSELREYDEGVKEYLLDYILKNGSILGDHVQELNDLVTSTLNSSIPFELSSYTNDKILIIYFNKLYKKIKDNCILDMRY-----ENNKFIDISGYGSNISINGEL-YIYTTNRNQFTIYSGKLSEVNIAQNNDIIYNSRYQNFSISFWVRIPRYSNIVNLNNEYTIINCMGN--NNSGWKISLNYNKIIWTLQDTAGNNEKLVFNYTQMISISDYINKWIFVTITNNRLGNS-RIYINGNLIDQKSISNLGDIHVSDNILFKIVGCNDTRYVGIRYFKVFDTELDKTEIETLYSDEPDPSILKDFWGNYLLYNKRYYLLNLLRKDNAITQ----SSTFLSISRARGVDRK
PROKKA_00007	tr|A0A0X1KH90|A0A0X1KH90_CLOBA Botulinum neurotoxin type E, nontoxic-nonhemagglutinin component, NTNH OS=Clostridium botulinum (strain Alaska E43 / Type E3) PE=1 SV=1 !!!ntnH	1289	1163	668	156	23.35	443	69	508	1145	ETIPQISSQTLNTLVQD-DSYVPRYDSNGTSEIEEHNVVDLNAFFYLHAQKVPEGETNISLTSSIDTALSEESKVYTFFSS-----EFINNINKPVHA-ALFIGWISQVIRDFTTESTQKSTVDKIADISLIVPYVGLALNIGNDARKGNFKEAFELLGAAILLEVVPELLIPVILVFTIK------SFIDSSKNEDKIIKAINNSLIEREAKWKEVYSWIVSNWLTRINTQFNKRKEQMYQALQNQVDAIKTVIE----YKYNSYTSDEKNRLESEYNINNIEEELNKKVSLAMKNIERFIAESSISYLMKLINEAKVSELREYDEGVKEYLLDYILKNGSILGDHVQELNDLVTSTLNSSIPFELSSYTNDKILIIYFNKLYKKIKDNCILDMRY-----ENNKFIDISGYGSNISINGEL-YIYTTNRNQFTIYSGKLSEVNIAQNNDIIYNSRYQNFSISFWVRIPRYSNIVNLNNEYTIINCMGN--NNSGWKISLNYNKIIWTLQDTAGNNEKLVFNYTQMISISDYINKWIFVTITNNRLGNS-RIYINGNLIDQKSISNLGDIHVSDNILFKIVGCNDTRYVGIRYFKVFDTELDKTEIETLYSDEPDPSILKDFWGNYLLYNKRYYLLNLLRKDNAITQ----SSTFLSISRARGVDRK
PROKKA_00007	tr|C5VU80|C5VU80_CLOBO Botulinum neurotoxin type D, nontoxic-nonhemagglutinin component, NTNH OS=Clostridium botulinum D str. 1873 GN=ntnH PE=4 SV=1 !!!ntnH	1289	1196	259	73	28.19	132	54	19	251	FNYDDPVNDDTILYMQIPYEEKSKKYYKAFEIMRNVWIMPERNTIGTNPSDFDPPASLKNGSSAYYDPNYLTTDAEKDRYLKTTIKLFKRINSNPAGEVLLQEISYAKP----YLGNDHTPINEFHPVTRTTSVNIKSSTNVESSIIL----------------------NLLVLGAGPNIFENSSYPVRKLMNSGEVYDPSNDGFGSINIVTFSPEYEYTFNDISGGHNSSTESFIADPAISLAHELIHALHGLYGAR
PROKKA_00007	tr|B1BE43|B1BE43_CLOBO Botulinum neurotoxin type C, nontoxic-nonhemagglutinin component NTNH OS=Clostridium botulinum C str. Eklund GN=CBC_A0166 PE=4 SV=1 !!!ntnH	1289	1196	259	72	27.80	133	54	19	251	FNYDDPVNDDTILYMQIPYEEKSKKYYKAFEIMRNVWIMPERNTIGTNPSDFDPPASLKNGSSAYYDPNYLTTDAEKDRYLKTTIKLFKRINSNPAGEVLLQEISYAKP----YLGNDHTPINEFHPVTRTTSVNIKSSTNVESSIIL----------------------NLLVLGAGPNIFENSSYPVRKLMNSGEVYDPSNDGFGSINIVTFSPEYEYTFNDISGGHNSSTESFIADPAISLAHELIHALHGLYGAR
PROKKA_00007	tr|B1INP6|B1INP6_CLOBK Botulinum neurotoxin type B1, nontoxic-nonhemagglutinin component, NTNH OS=Clostridium botulinum (strain Okra / Type B1) GN=ntnH PE=4 SV=1 !!!ntnH	1289	1197	253	71	28.06	130	52	24	251	PVNDDTILYMQIPYEEKSKKYYKAFEIMRNVWIMPERNTIGTNPSDFDPPASLKNGSSAYYDPNYLTTDAEKDRYLKTTIKLFKRINSNPAGEVLLQEISYAKPY----------------LGNDHTPINEFHPVTRTT---------SVNIKSSTNVESSIILNLLVLGAGPNIFENSSYPVRKLMNSGEVYDPSNDGFGSINIVTFSPEYEYTFNDISGGHNSSTESFIADPAISLAHELIHALHGLYGAR
PROKKA_00007	tr|A5HZZ8|A5HZZ8_CLOBH Type A progenitor toxin nontoxic-nonha OS=Clostridium botulinum (strain Hall / ATCC 3502 / NCTC 13319 / Type A) GN=ntnH PE=4 SV=1 !!!ntnH	1289	1193	253	71	28.06	130	52	24	251	PVNDDTILYMQIPYEEKSKKYYKAFEIMRNVWIMPERNTIGTNPSDFDPPASLKNGSSAYYDPNYLTTDAEKDRYLKTTIKLFKRINSNPAGEVLLQEISYAKPY----------------LGNDHTPINEFHPVTRTT---------SVNIKSSTNVESSIILNLLVLGAGPNIFENSSYPVRKLMNSGEVYDPSNDGFGSINIVTFSPEYEYTFNDISGGHNSSTESFIADPAISLAHELIHALHGLYGAR
PROKKA_00007	tr|A5HZZ8|A5HZZ8_CLOBH Type A progenitor toxin nontoxic-nonha OS=Clostridium botulinum (strain Hall / ATCC 3502 / NCTC 13319 / Type A) GN=ntnH PE=4 SV=1 !!!ntnH	1289	1193	704	161	22.87	471	72	552	1234	YLHAQKVPEGETNISLTSSIDTALSEESK--VYTFFSSE--FINNI--NKPVHA-ALFIGWISQVIRDFTTESTQKSTVDKIADISLIVPYVGLALNIGNDARKGNFKEAFELLGAAILLEVVPELLIPVILVFTIKSFIDSSKNEDKIIKAINNSLIEREAKWKEVYSWIVSNWLTRINTQFNKRKEQMYQALQNQVDAIKTVIEYKY-----NSYTSDEKNRLESEYNINNIEEELNKKVSLAMKNIERFIAESSISYLMKLINEAKVSELREYDEGVKEYLLDYILKNGSILGDHVQELNDLVTSTLNSSIPFELSSYTNDKILIIYFNKLYKKIKD---NCILDMRYE--NNKFIDISGYGSNISINGEL-YIYTTNRNQFTIYSGKLSEVNIAQNNDIIYNSRYQNFSISFWVRIPRYSNIVNLNNEYTIINCMGN--NNSGWKISLNYNKIIWTLQDTAGNNEKLVFNYTQMISISDYINKWIFVTITNNRLGNS-RIYINGNLIDQKSISNLGDIHVSDNILFKIVGCNDTRYVGIRYFKVFDTELDKTEIETLYSDEPDPSILKDFWGNYLLYNKRYYLLNLLRKDNAITQSSTFLSISRARGVDRKANIFSNKRLYKGVEVIIRKNEPIDISNTDNFVRKGDLAYINVVDRDVEYRLYANTSNAQPEKTIKLIRTSNSNDSLDQIIVMDSIGNNC
PROKKA_00007	tr|A0A0C1QVX2|A0A0C1QVX2_9CLOT Hemagglutinin component HA-17 OS=Clostridium argentinense CDC 2741 GN=ha-17 PE=4 SV=1 !!!ha17	1289	147	46	12	26.09	34	0	967	1012	TIINCMGNNNSGWKISLNYNKIIWTLQDTAGNNEKLVFNYTQMISI
PROKKA_00007	tr|B1L2G1|B1L2G1_CLOBM Toxin complex component ORF-X1 OS=Clostridium botulinum (strain Loch Maree / Type A3) GN=CLK_A0072 PE=4 SV=1 !!!ORF-X1	1289	142	46	13	28.26	33	0	737	782	ALQNQVDAIKTVIEYKYNSYTSDEKNRLESEYNINNIEEELNKKVS
PROKKA_00007	tr|A0A059PYB0|A0A059PYB0_9CLOT Toxin complex component ORF-X2 OS=Clostridium baratii PE=4 SV=1 !!!ORF-X2	1289	748	30	11	36.67	19	0	330	359	YFQWKYGLDKNADGSYTVNENKFNEIYKKL
PROKKA_00008	tr|A0A0E1L2H2|A0A0E1L2H2_CLOBO Hemagglutinin components HA-22/23/53 OS=Clostridium botulinum CDC_1436 GN=ha-70 PE=4 SV=1 !!!ha70	123	626	27	11	40.74	10	6	69	89	FVEHFPSDK------HRGYRRYHDLDY
PROKKA_00008	tr|M1ZPH7|M1ZPH7_CLOBO Hemagglutinin component HA70 OS=Clostridium botulinum CFSAN001627 GN=CFSAN001627_19663 PE=4 SV=1 !!!ha70	123	626	27	11	40.74	10	6	69	89	FVEHFPSDK------HRGYRRYHDLDY
PROKKA_00008	tr|S8BA68|S8BA68_CLOBO Hemagglutinin component HA70 OS=Clostridium botulinum CFSAN002367 GN=CFSAN002367_15786 PE=4 SV=1 !!!ha70	123	508	27	11	40.74	10	6	69	89	FVEHFPSDK------HRGYRRYHDLDY
PROKKA_00008	tr|A5HZZ4|A5HZZ4_CLOBH Hemagglutinin component of the neurotoxin complex OS=Clostridium botulinum (strain Hall / ATCC 3502 / NCTC 13319 / Type A) GN=ha70 PE=1 SV=1 !!!ha70	123	626	27	11	40.74	10	6	69	89	FVEHFPSDK------HRGYRRYHDLDY
PROKKA_00008	tr|B1BE43|B1BE43_CLOBO Botulinum neurotoxin type C, nontoxic-nonhemagglutinin component NTNH OS=Clostridium botulinum C str. Eklund GN=CBC_A0166 PE=4 SV=1 !!!ntnH	123	1196	31	10	32.26	20	1	60	89	YFKAEYNTNFVEHFPSDKHRGYRR-YHDLDY
PROKKA_00008	tr|C4IHM0|C4IHM0_CLOBU Botulinum neurotoxin type E, nontoxic-nonhemagglutinin component, NTNH OS=Clostridium butyricum E4 str. BoNT E BL5262 GN=ntnH PE=4 SV=1 !!!ntnH	123	1163	28	7	25.00	21	0	81	108	YRRYHDLDYNYIVVELDMEFDHSPYLQL
PROKKA_00008	tr|A0A0X1KH90|A0A0X1KH90_CLOBA Botulinum neurotoxin type E, nontoxic-nonhemagglutinin component, NTNH OS=Clostridium botulinum (strain Alaska E43 / Type E3) PE=1 SV=1 !!!ntnH	123	1163	28	7	25.00	21	0	81	108	YRRYHDLDYNYIVVELDMEFDHSPYLQL
PROKKA_00008	tr|A0A0X1KH90|A0A0X1KH90_CLOBA Botulinum neurotoxin type E, nontoxic-nonhemagglutinin component, NTNH OS=Clostridium botulinum (strain Alaska E43 / Type E3) PE=1 SV=1 !!!ntnH	123	1163	94	21	22.34	58	15	35	116	HPKDVMSTLPEKNQII---------NIAEAAISTYFKAEYNTNFVEHFPSDKHRGYRRYHDLDYNYIVVEL---DMEFDHSPYLQLYSDENRLD
PROKKA_00008	tr|C5UY14|C5UY14_CLOBO Botulinum neurotoxin type E1, nontoxic-nonhemagglutinin component, NTNH OS=Clostridium botulinum E1 str. 'BoNT E Beluga' GN=ntnH PE=4 SV=1 !!!ntnH	123	1163	28	7	25.00	21	0	81	108	YRRYHDLDYNYIVVELDMEFDHSPYLQL
PROKKA_00008	tr|C5UY14|C5UY14_CLOBO Botulinum neurotoxin type E1, nontoxic-nonhemagglutinin component, NTNH OS=Clostridium botulinum E1 str. 'BoNT E Beluga' GN=ntnH PE=4 SV=1 !!!ntnH	123	1163	94	21	22.34	58	15	35	116	HPKDVMSTLPEKNQII---------NIAEAAISTYFKAEYNTNFVEHFPSDKHRGYRRYHDLDYNYIVVEL---DMEFDHSPYLQLYSDENRLD
PROKKA_00008	tr|A0A060NA10|A0A060NA10_CLOBO Haemagglutinin component HA70 OS=Clostridium botulinum B str. Osaka05 GN=CBO05P2_179 PE=4 SV=1 !!!ha70	123	626	27	10	37.04	11	6	69	89	FVEHFPSDK------HRGYRRYHDLDY
PROKKA_00008	tr|A0A0B4W4X0|A0A0B4W4X0_CLOBO Hemagglutinin components HA-22/23/53 OS=Clostridium botulinum Prevot_594 GN=ha-70 PE=4 SV=1 !!!ha70	123	626	27	10	37.04	11	6	69	89	FVEHFPSDK------HRGYRRYHDLDY
PROKKA_00008	tr|B1INQ0|B1INQ0_CLOBK Hemagglutinin component HA70 OS=Clostridium botulinum (strain Okra / Type B1) GN=ha70 PE=4 SV=1 !!!ha70	123	626	27	10	37.04	11	6	69	89	FVEHFPSDK------HRGYRRYHDLDY
PROKKA_00008	tr|B2TSB9|B2TSB9_CLOBB Heamagglutinin components HA-70 OS=Clostridium botulinum (strain Eklund 17B / Type B) GN=ha70 PE=4 SV=1 !!!ha70	123	626	27	10	37.04	11	6	69	89	FVEHFPSDK------HRGYRRYHDLDY
PROKKA_00008	tr|A7GBF7|A7GBF7_CLOBL Toxin complex component ORF-X3 OS=Clostridium botulinum (strain Langeland / NCTC 10281 / Type F) GN=CLI_0845 PE=4 SV=1 !!!ORF-X3	123	490	22	9	40.91	11	2	25	46	FMISEQESLKHPKDVMSTLPEK
PROKKA_00008	tr|A0A060N6G5|A0A060N6G5_CLOBO Nontoxic-nonhemagglutinin component, NTNH OS=Clostridium botulinum B str. Osaka05 GN=CBO05P2_175 PE=4 SV=1 !!!ntnH	123	1197	31	10	32.26	20	1	60	89	YFKAEYNTNFVEHFPSDKHRGYRR-YHDLDY
PROKKA_00008	tr|A0A0A7FV57|A0A0A7FV57_9CLOT Clostridium P-47 family protein OS=Clostridium baratii str. Sullivan GN=U729_696 PE=4 SV=1 !!!P-47	123	491	22	9	40.91	11	2	25	46	FMISEQESLKHPKDVMSTLPEK
PROKKA_00008	tr|A0A059PY44|A0A059PY44_9CLOT Toxin complex component ORF-X3 OS=Clostridium baratii PE=4 SV=1 !!!ORF-X3	123	491	22	9	40.91	11	2	25	46	FMISEQESLKHPKDVMSTLPEK
PROKKA_00008	tr|C5UY13|C5UY13_CLOBO P-47 protein OS=Clostridium botulinum E1 str. 'BoNT E Beluga' GN=p47 PE=4 SV=1 !!!P-47	123	416	35	10	28.57	25	0	69	103	FVEHFPSDKHRGYRRYHDLDYNYIVVELDMEFDHS
PROKKA_00008	tr|M1ZUL7|M1ZUL7_CLOBO P-47 protein OS=Clostridium botulinum CFSAN001627 GN=CFSAN001627_20700 PE=4 SV=1 !!!P-47	123	416	35	10	28.57	25	0	69	103	FVEHFPSDKHRGYRRYHDLDYNYIVVELDMEFDHS
PROKKA_00008	tr|A7GBG1|A7GBG1_CLOBL P-47 protein OS=Clostridium botulinum (strain Langeland / NCTC 10281 / Type F) GN=p47 PE=4 SV=1 !!!P-47	123	416	35	10	28.57	25	0	69	103	FVEHFPSDKHRGYRRYHDLDYNYIVVELDMEFDHS
PROKKA_00009	tr|A7GBF8|A7GBF8_CLOBL Toxin complex component ORF-X2 OS=Clostridium botulinum (strain Langeland / NCTC 10281 / Type F) GN=CLI_0846 PE=4 SV=1 !!!ORF-X2	237	750	48	15	31.25	31	2	185	230	EYINIDKEKKDLIKNIVKNNNEEIF--LENSLKENVNKALIQGRTSFS
PROKKA_00009	tr|A0A0E1L2H2|A0A0E1L2H2_CLOBO Hemagglutinin components HA-22/23/53 OS=Clostridium botulinum CDC_1436 GN=ha-70 PE=4 SV=1 !!!ha70	237	626	25	11	44.00	12	2	39	63	TIDGINQVNVDYKRELTFLKGLKSI
PROKKA_00009	tr|B1INQ0|B1INQ0_CLOBK Hemagglutinin component HA70 OS=Clostridium botulinum (strain Okra / Type B1) GN=ha70 PE=4 SV=1 !!!ha70	237	626	25	11	44.00	12	2	39	63	TIDGINQVNVDYKRELTFLKGLKSI
PROKKA_00009	tr|A0A060NA10|A0A060NA10_CLOBO Haemagglutinin component HA70 OS=Clostridium botulinum B str. Osaka05 GN=CBO05P2_179 PE=4 SV=1 !!!ha70	237	626	25	11	44.00	12	2	39	63	TIDGINQVNVDYKRELTFLKGLKSI
PROKKA_00009	tr|A0A0B4W4X0|A0A0B4W4X0_CLOBO Hemagglutinin components HA-22/23/53 OS=Clostridium botulinum Prevot_594 GN=ha-70 PE=4 SV=1 !!!ha70	237	626	25	10	40.00	13	2	39	63	TIDGINQVNVDYKRELTFLKGLKSI
PROKKA_00010	tr|A0A0C1TZQ5|A0A0C1TZQ5_9CLOT Hemagglutinin components HA-22/23/53 OS=Clostridium argentinense CDC 2741 GN=ha-70 PE=4 SV=1 !!!ha70	397	629	38	13	34.21	19	6	37	74	YFLLNITNKNIFKIRSEKITLKDCSILCNKLYMLMASG
PROKKA_00010	tr|C4IHM0|C4IHM0_CLOBU Botulinum neurotoxin type E, nontoxic-nonhemagglutinin component, NTNH OS=Clostridium butyricum E4 str. BoNT E BL5262 GN=ntnH PE=4 SV=1 !!!ntnH	397	1163	24	8	33.33	16	0	300	323	IKNLNKNIKDGKSISTSLNKCGFS
PROKKA_00010	tr|A0A0C1QVR0|A0A0C1QVR0_9CLOT Transcriptional regulator BotR, P-21 OS=Clostridium argentinense CDC 2741 GN=botR PE=4 SV=1 !!!BotR	397	178	27	10	37.04	13	4	91	117	VHVKNSLYTIRNNILRGDSIYNSFKGF
PROKKA_00010	tr|B1L2F9|B1L2F9_CLOBM Toxin complex component ORF-X3 OS=Clostridium botulinum (strain Loch Maree / Type A3) GN=CLK_A0070 PE=4 SV=1 !!!ORF-X3	397	490	17	7	41.18	10	0	212	228	VFNVILGILFISISFVL
PROKKA_00010	tr|B1INP6|B1INP6_CLOBK Botulinum neurotoxin type B1, nontoxic-nonhemagglutinin component, NTNH OS=Clostridium botulinum (strain Okra / Type B1) GN=ntnH PE=4 SV=1 !!!ntnH	397	1197	39	15	38.46	20	4	82	120	NIVYEDFNNVHVKNSLYTIRNNILRGDSIYNSFKGFSNI
PROKKA_00010	tr|A0A060N6G5|A0A060N6G5_CLOBO Nontoxic-nonhemagglutinin component, NTNH OS=Clostridium botulinum B str. Osaka05 GN=CBO05P2_175 PE=4 SV=1 !!!ntnH	397	1197	39	15	38.46	20	4	82	120	NIVYEDFNNVHVKNSLYTIRNNILRGDSIYNSFKGFSNI
PROKKA_00011	tr|A5HZZ4|A5HZZ4_CLOBH Hemagglutinin component of the neurotoxin complex OS=Clostridium botulinum (strain Hall / ATCC 3502 / NCTC 13319 / Type A) GN=ha70 PE=1 SV=1 !!!ha70	135	626	25	9	36.00	16	0	110	134	NYIVQIDLEGNNYTVKKNSKTIFPK
PROKKA_00011	tr|B1INP6|B1INP6_CLOBK Botulinum neurotoxin type B1, nontoxic-nonhemagglutinin component, NTNH OS=Clostridium botulinum (strain Okra / Type B1) GN=ntnH PE=4 SV=1 !!!ntnH	135	1197	83	25	30.12	45	13	28	107	VLASFLVPKLTAYKDKAKDTKAINTGKQIQVAAINSYNENSETFNSNNLKEDIETFTGITVDSASESKV---GKAVDIAYTSD
PROKKA_00011	tr|M1ZPH7|M1ZPH7_CLOBO Hemagglutinin component HA70 OS=Clostridium botulinum CFSAN001627 GN=CFSAN001627_19663 PE=4 SV=1 !!!ha70	135	626	25	9	36.00	16	0	110	134	NYIVQIDLEGNNYTVKKNSKTIFPK
PROKKA_00011	tr|A0A060N6G5|A0A060N6G5_CLOBO Nontoxic-nonhemagglutinin component, NTNH OS=Clostridium botulinum B str. Osaka05 GN=CBO05P2_175 PE=4 SV=1 !!!ntnH	135	1197	83	22	26.51	47	14	29	107	LASFLVPKLTAYKDKAKDTKAINTGKQIQVAAINSYNENSETFNSNNLK----EDIETFTGITVDSASESKVGKAVDIAYTSD
PROKKA_00011	tr|A0A060N6G5|A0A060N6G5_CLOBO Nontoxic-nonhemagglutinin component, NTNH OS=Clostridium botulinum B str. Osaka05 GN=CBO05P2_175 PE=4 SV=1 !!!ntnH	135	1197	26	10	38.46	16	0	46	71	DTKAINTGKQIQVAAINSYNENSETF
PROKKA_00011	tr|B1BE43|B1BE43_CLOBO Botulinum neurotoxin type C, nontoxic-nonhemagglutinin component NTNH OS=Clostridium botulinum C str. Eklund GN=CBC_A0166 PE=4 SV=1 !!!ntnH	135	1196	52	16	30.77	36	0	26	77	ILVLASFLVPKLTAYKDKAKDTKAINTGKQIQVAAINSYNENSETFNSNNLK
PROKKA_00011	tr|C5VU80|C5VU80_CLOBO Botulinum neurotoxin type D, nontoxic-nonhemagglutinin component, NTNH OS=Clostridium botulinum D str. 1873 GN=ntnH PE=4 SV=1 !!!ntnH	135	1196	52	16	30.77	36	0	26	77	ILVLASFLVPKLTAYKDKAKDTKAINTGKQIQVAAINSYNENSETFNSNNLK
PROKKA_00011	tr|B1L2F9|B1L2F9_CLOBM Toxin complex component ORF-X3 OS=Clostridium botulinum (strain Loch Maree / Type A3) GN=CLK_A0070 PE=4 SV=1 !!!ORF-X3	135	490	22	7	31.82	15	0	12	33	KGFTLIELMVVISIILVLASFL
PROKKA_00011	tr|B2TSC3|B2TSC3_CLOBB Botulinum neurotoxin type B OS=Clostridium botulinum (strain Eklund 17B / Type B) GN=ntnH PE=4 SV=1 !!!ntnH	135	1197	84	24	28.57	45	15	28	107	VLASFLVPKLTAYKDKAKDTKAINTGKQIQVAAINSYNENSETFNSNNLK----EDIETFTGITVDSASESKVGKAVDIAYTSD
PROKKA_00012	tr|A0A059PYB0|A0A059PYB0_9CLOT Toxin complex component ORF-X2 OS=Clostridium baratii PE=4 SV=1 !!!ORF-X2	154	748	38	12	31.58	26	0	58	95	FINNSRERCREEKRQGYIYFNIKENKMGFNIAYICKED
PROKKA_00012	tr|A0A0C1TY77|A0A0C1TY77_9CLOT Main hemagglutinin component OS=Clostridium argentinense CDC 2741 GN=ha-33 PE=4 SV=1 !!!ha33	154	285	117	30	25.64	67	20	48	144	VDEMGVSLVNFINNSRERCR---EEKRQGYIYFNIKEN-------KMGFNIAYICKEDFYFPEGIIIESVN----------SPGGKIAIDNRGFTSDACTLKFKDNGGKTHKVTICV
PROKKA_00012	tr|B2TSC0|B2TSC0_CLOBB Hemagglutinin component HA-17 OS=Clostridium botulinum (strain Eklund 17B / Type B) GN=ha17 PE=4 SV=1 !!!ha17	154	146	42	12	28.57	25	5	82	123	NKMGFNIAYICKEDFYFPEGIIIESVNSPGGKIAIDNRGFTS
PROKKA_00012	tr|S8BA68|S8BA68_CLOBO Hemagglutinin component HA70 OS=Clostridium botulinum CFSAN002367 GN=CFSAN002367_15786 PE=4 SV=1 !!!ha70	154	508	34	12	35.29	21	1	96	128	FYFPEGIIIESVN-SPGGKIAIDNRGFTSDACTL
PROKKA_00012	tr|A0A0B4W4X0|A0A0B4W4X0_CLOBO Hemagglutinin components HA-22/23/53 OS=Clostridium botulinum Prevot_594 GN=ha-70 PE=4 SV=1 !!!ha70	154	626	34	12	35.29	21	1	96	128	FYFPEGIIIESVN-SPGGKIAIDNRGFTSDACTL
PROKKA_00012	tr|B1INQ0|B1INQ0_CLOBK Hemagglutinin component HA70 OS=Clostridium botulinum (strain Okra / Type B1) GN=ha70 PE=4 SV=1 !!!ha70	154	626	34	12	35.29	21	1	96	128	FYFPEGIIIESVN-SPGGKIAIDNRGFTSDACTL
PROKKA_00012	tr|A5HZZ4|A5HZZ4_CLOBH Hemagglutinin component of the neurotoxin complex OS=Clostridium botulinum (strain Hall / ATCC 3502 / NCTC 13319 / Type A) GN=ha70 PE=1 SV=1 !!!ha70	154	626	34	12	35.29	21	1	96	128	FYFPEGIIIESVN-SPGGKIAIDNRGFTSDACTL
PROKKA_00012	tr|A0A0E1L2H2|A0A0E1L2H2_CLOBO Hemagglutinin components HA-22/23/53 OS=Clostridium botulinum CDC_1436 GN=ha-70 PE=4 SV=1 !!!ha70	154	626	34	12	35.29	21	1	96	128	FYFPEGIIIESVN-SPGGKIAIDNRGFTSDACTL
PROKKA_00012	tr|M1ZPH7|M1ZPH7_CLOBO Hemagglutinin component HA70 OS=Clostridium botulinum CFSAN001627 GN=CFSAN001627_19663 PE=4 SV=1 !!!ha70	154	626	34	12	35.29	21	1	96	128	FYFPEGIIIESVN-SPGGKIAIDNRGFTSDACTL
PROKKA_00012	tr|A0A060NA10|A0A060NA10_CLOBO Haemagglutinin component HA70 OS=Clostridium botulinum B str. Osaka05 GN=CBO05P2_179 PE=4 SV=1 !!!ha70	154	626	34	12	35.29	21	1	96	128	FYFPEGIIIESVN-SPGGKIAIDNRGFTSDACTL
PROKKA_00012	tr|A5HZZ5|A5HZZ5_CLOBH Hemagglutinin component of the neurotoxin complex OS=Clostridium botulinum (strain Hall / ATCC 3502 / NCTC 13319 / Type A) GN=ha17 PE=1 SV=1 !!!ha17	154	146	20	8	40.00	12	0	104	123	IESVNSPGGKIAIDNRGFTS
PROKKA_00012	tr|A0A0D1BS75|A0A0D1BS75_CLOBO Hemagglutinin OS=Clostridium botulinum B2 450 GN=N495_19885 PE=4 SV=1 !!! 	154	146	20	8	40.00	12	0	104	123	IESVNSPGGKIAIDNRGFTS
PROKKA_00012	tr|A0A060N976|A0A060N976_CLOBO Hemagglutinin component HA17 OS=Clostridium botulinum B str. Osaka05 GN=CBO05P2_178 PE=4 SV=1 !!!ha17	154	146	20	8	40.00	12	0	104	123	IESVNSPGGKIAIDNRGFTS
PROKKA_00012	tr|A0A0E1L447|A0A0E1L447_CLOBO Hemagglutinin component HA-17 OS=Clostridium botulinum CDC_1436 GN=ha-17 PE=4 SV=1 !!!ha17	154	146	20	8	40.00	12	0	104	123	IESVNSPGGKIAIDNRGFTS
PROKKA_00012	tr|A0A0B4W498|A0A0B4W498_CLOBO Hemagglutinin component HA-17 OS=Clostridium botulinum Prevot_594 GN=ha-17 PE=4 SV=1 !!!ha17	154	146	20	8	40.00	12	0	104	123	IESVNSPGGKIAIDNRGFTS
PROKKA_00012	tr|B1BE43|B1BE43_CLOBO Botulinum neurotoxin type C, nontoxic-nonhemagglutinin component NTNH OS=Clostridium botulinum C str. Eklund GN=CBC_A0166 PE=4 SV=1 !!!ntnH	154	1196	24	11	45.83	13	0	34	57	TKVSGYNKIKNNIAVDEMGVSLVN
PROKKA_00012	tr|B1INP9|B1INP9_CLOBK Hemagglutinin component HA17 OS=Clostridium botulinum (strain Okra / Type B1) GN=ha17 PE=4 SV=1 !!!ha17	154	146	20	8	40.00	12	0	104	123	IESVNSPGGKIAIDNRGFTS
PROKKA_00013	tr|C4IHM0|C4IHM0_CLOBU Botulinum neurotoxin type E, nontoxic-nonhemagglutinin component, NTNH OS=Clostridium butyricum E4 str. BoNT E BL5262 GN=ntnH PE=4 SV=1 !!!ntnH	149	1163	45	14	31.11	31	0	63	107	NFTYEDLNKLKEENKLYIHKDKMDWNFHQNKDTRILFTNIAPQKE
PROKKA_00013	tr|B1INP6|B1INP6_CLOBK Botulinum neurotoxin type B1, nontoxic-nonhemagglutinin component, NTNH OS=Clostridium botulinum (strain Okra / Type B1) GN=ntnH PE=4 SV=1 !!!ntnH	149	1197	32	14	43.75	16	2	48	79	KYIEFLQGVKNEVMYNFTYEDLNKLKEENKLY
PROKKA_00013	tr|A0A0X1KH90|A0A0X1KH90_CLOBA Botulinum neurotoxin type E, nontoxic-nonhemagglutinin component, NTNH OS=Clostridium botulinum (strain Alaska E43 / Type E3) PE=1 SV=1 !!!ntnH	149	1163	45	14	31.11	31	0	63	107	NFTYEDLNKLKEENKLYIHKDKMDWNFHQNKDTRILFTNIAPQKE
PROKKA_00013	tr|C5UY14|C5UY14_CLOBO Botulinum neurotoxin type E1, nontoxic-nonhemagglutinin component, NTNH OS=Clostridium botulinum E1 str. 'BoNT E Beluga' GN=ntnH PE=4 SV=1 !!!ntnH	149	1163	45	14	31.11	31	0	63	107	NFTYEDLNKLKEENKLYIHKDKMDWNFHQNKDTRILFTNIAPQKE
PROKKA_00013	tr|A0A060N6G5|A0A060N6G5_CLOBO Nontoxic-nonhemagglutinin component, NTNH OS=Clostridium botulinum B str. Osaka05 GN=CBO05P2_175 PE=4 SV=1 !!!ntnH	149	1197	32	14	43.75	16	2	48	79	KYIEFLQGVKNEVMYNFTYEDLNKLKEENKLY
PROKKA_00014	tr|B1L2G4|B1L2G4_CLOBM Botulinum neurotoxin type A3, nontoxic-nonhemagglutinin component, NTNH OS=Clostridium botulinum (strain Loch Maree / Type A3) GN=ntnH PE=4 SV=1 !!!ntnH	147	1159	40	14	35.00	26	0	99	138	YGAKYSPTTNNICRGVSEFNVKEKGDVIHLKIVGKKGKEY
PROKKA_00014	tr|B1INQ0|B1INQ0_CLOBK Hemagglutinin component HA70 OS=Clostridium botulinum (strain Okra / Type B1) GN=ha70 PE=4 SV=1 !!!ha70	147	626	43	13	30.23	22	8	6	40	GFSIIEILIGLSIMAIV--------SLYIIKVTVRYTSNYKIK
PROKKA_00014	tr|A0A060NA10|A0A060NA10_CLOBO Haemagglutinin component HA70 OS=Clostridium botulinum B str. Osaka05 GN=CBO05P2_179 PE=4 SV=1 !!!ha70	147	626	43	12	27.91	23	8	6	40	GFSIIEILIGLSIMAIV--------SLYIIKVTVRYTSNYKIK
PROKKA_00014	tr|A0A0B4W4X0|A0A0B4W4X0_CLOBO Hemagglutinin components HA-22/23/53 OS=Clostridium botulinum Prevot_594 GN=ha-70 PE=4 SV=1 !!!ha70	147	626	43	12	27.91	23	8	6	40	GFSIIEILIGLSIMAIV--------SLYIIKVTVRYTSNYKIK
PROKKA_00014	tr|A0A0E1L2H2|A0A0E1L2H2_CLOBO Hemagglutinin components HA-22/23/53 OS=Clostridium botulinum CDC_1436 GN=ha-70 PE=4 SV=1 !!!ha70	147	626	43	12	27.91	23	8	6	40	GFSIIEILIGLSIMAIV--------SLYIIKVTVRYTSNYKIK
PROKKA_00014	tr|B2TSB9|B2TSB9_CLOBB Heamagglutinin components HA-70 OS=Clostridium botulinum (strain Eklund 17B / Type B) GN=ha70 PE=4 SV=1 !!!ha70	147	626	43	12	27.91	23	8	6	40	GFSIIEILIGLSIMAIV--------SLYIIKVTVRYTSNYKIK
PROKKA_00014	tr|S8BA68|S8BA68_CLOBO Hemagglutinin component HA70 OS=Clostridium botulinum CFSAN002367 GN=CFSAN002367_15786 PE=4 SV=1 !!!ha70	147	508	43	12	27.91	23	8	6	40	GFSIIEILIGLSIMAIV--------SLYIIKVTVRYTSNYKIK
PROKKA_00014	tr|A5HZZ4|A5HZZ4_CLOBH Hemagglutinin component of the neurotoxin complex OS=Clostridium botulinum (strain Hall / ATCC 3502 / NCTC 13319 / Type A) GN=ha70 PE=1 SV=1 !!!ha70	147	626	43	12	27.91	23	8	6	40	GFSIIEILIGLSIMAIV--------SLYIIKVTVRYTSNYKIK
PROKKA_00014	tr|M1ZPH7|M1ZPH7_CLOBO Hemagglutinin component HA70 OS=Clostridium botulinum CFSAN001627 GN=CFSAN001627_19663 PE=4 SV=1 !!!ha70	147	626	18	8	44.44	10	0	23	40	SLYIIKVTVRYTSNYKIK
PROKKA_00014	tr|C5UY10|C5UY10_CLOBO Toxin complex component ORF-X3 OS=Clostridium botulinum E1 str. 'BoNT E Beluga' GN=CLO_2647 PE=4 SV=1 !!!ORF-X3	147	487	47	12	25.53	35	0	49	95	YMEEAFNSIKYILDKEAASTVIGDVIKVERTDDKGYDYIRKDGAGNL
PROKKA_00014	tr|B1BE46|B1BE46_CLOBO Non-toxin haemagglutinin HA-70 OS=Clostridium botulinum C str. Eklund GN=CBC_A0169 PE=4 SV=1 !!!ha70	147	623	18	7	38.89	11	0	23	40	SLYIIKVTVRYTSNYKIK
PROKKA_00015	tr|C5UY12|C5UY12_CLOBO Toxin complex component ORF-X1 OS=Clostridium botulinum E1 str. 'BoNT E Beluga' GN=CLO_2649 PE=4 SV=1 !!!ORF-X1	149	144	30	12	40.00	18	0	112	141	YYKNKLFYKQEKYKISTKDSNIAYKREYVS
PROKKA_00015	tr|C4IHL7|C4IHL7_CLOBU Toxin complex component ORF-X1 OS=Clostridium butyricum E4 str. BoNT E BL5262 GN=CLP_2748 PE=4 SV=1 !!!ORF-X1	149	144	30	12	40.00	18	0	112	141	YYKNKLFYKQEKYKISTKDSNIAYKREYVS
PROKKA_00015	tr|B1BE46|B1BE46_CLOBO Non-toxin haemagglutinin HA-70 OS=Clostridium botulinum C str. Eklund GN=CBC_A0169 PE=4 SV=1 !!!ha70	149	623	19	11	57.89	7	1	122	139	EKYK-ISTKDSNIAYKREY
PROKKA_00016	tr|A5HZZ8|A5HZZ8_CLOBH Type A progenitor toxin nontoxic-nonha OS=Clostridium botulinum (strain Hall / ATCC 3502 / NCTC 13319 / Type A) GN=ntnH PE=4 SV=1 !!!ntnH	230	1193	86	21	24.42	57	8	34	112	KRKLYLILEGERVYAKFITLPRINSRNKINELIRNELIYEFNNIDNIL-------YSYDILRKNKTSMEGIIFCINIGNNKILKKC
PROKKA_00016	tr|A0A0C1TZQ5|A0A0C1TZQ5_9CLOT Hemagglutinin components HA-22/23/53 OS=Clostridium argentinense CDC 2741 GN=ha-70 PE=4 SV=1 !!!ha70	230	629	25	8	32.00	17	0	201	225	DNDSIKDKLKEYNFVSLQKFREKDY
PROKKA_00017	tr|B2TSC0|B2TSC0_CLOBB Hemagglutinin component HA-17 OS=Clostridium botulinum (strain Eklund 17B / Type B) GN=ha17 PE=4 SV=1 !!!ha17	149	146	27	9	33.33	18	0	120	146	LEKNKKINIKNLDTPEKEEDFYKFKFI
PROKKA_00018	tr|A0A059PYB0|A0A059PYB0_9CLOT Toxin complex component ORF-X2 OS=Clostridium baratii PE=4 SV=1 !!!ORF-X2	165	748	43	13	30.23	30	0	87	129	NYYGNKEELKKFLSSVNSSKNFKSIKNLSMNTKKIENNNNGNH
PROKKA_00018	tr|A0A059PYB0|A0A059PYB0_9CLOT Toxin complex component ORF-X2 OS=Clostridium baratii PE=4 SV=1 !!!ORF-X2	165	748	23	11	47.83	11	1	38	59	ERNKLQLSFQNSN-SIKSIDCTY
PROKKA_00018	tr|A0A059PYB0|A0A059PYB0_9CLOT Toxin complex component ORF-X2 OS=Clostridium baratii PE=4 SV=1 !!!ORF-X2	165	748	39	9	23.08	30	0	43	81	QLSFQNSNSIKSIDCTYILEKLSENPYVSVKKIENEKNN
PROKKA_00018	tr|A7GBG1|A7GBG1_CLOBL P-47 protein OS=Clostridium botulinum (strain Langeland / NCTC 10281 / Type F) GN=p47 PE=4 SV=1 !!!P-47	165	416	19	8	42.11	11	0	85	103	TLNYYGNKEELKKFLSSVN
PROKKA_00018	tr|A0A073CND8|A0A073CND8_CLOBO P-47 protein OS=Clostridium botulinum A2B3 87 GN=N496_18585 PE=4 SV=1 !!!P-47	165	415	19	8	42.11	11	0	85	103	TLNYYGNKEELKKFLSSVN
PROKKA_00018	tr|M1ZUL7|M1ZUL7_CLOBO P-47 protein OS=Clostridium botulinum CFSAN001627 GN=CFSAN001627_20700 PE=4 SV=1 !!!P-47	165	416	19	8	42.11	11	0	85	103	TLNYYGNKEELKKFLSSVN
PROKKA_00019	tr|A0A0C1QVR0|A0A0C1QVR0_9CLOT Transcriptional regulator BotR, P-21 OS=Clostridium argentinense CDC 2741 GN=botR PE=4 SV=1 !!!BotR	175	178	15	10	66.67	4	1	126	140	LKNNDTKFLEEMYKN
PROKKA_00019	tr|A0A0E1L2H2|A0A0E1L2H2_CLOBO Hemagglutinin components HA-22/23/53 OS=Clostridium botulinum CDC_1436 GN=ha-70 PE=4 SV=1 !!!ha70	175	626	22	10	45.45	11	1	122	142	TRPLLK-NNDTKFLEEMYKNRI
PROKKA_00019	tr|S8BA68|S8BA68_CLOBO Hemagglutinin component HA70 OS=Clostridium botulinum CFSAN002367 GN=CFSAN002367_15786 PE=4 SV=1 !!!ha70	175	508	22	10	45.45	11	1	122	142	TRPLLK-NNDTKFLEEMYKNRI
PROKKA_00019	tr|A5HZZ4|A5HZZ4_CLOBH Hemagglutinin component of the neurotoxin complex OS=Clostridium botulinum (strain Hall / ATCC 3502 / NCTC 13319 / Type A) GN=ha70 PE=1 SV=1 !!!ha70	175	626	22	10	45.45	11	1	122	142	TRPLLK-NNDTKFLEEMYKNRI
PROKKA_00019	tr|M1ZPH7|M1ZPH7_CLOBO Hemagglutinin component HA70 OS=Clostridium botulinum CFSAN001627 GN=CFSAN001627_19663 PE=4 SV=1 !!!ha70	175	626	22	10	45.45	11	1	122	142	TRPLLK-NNDTKFLEEMYKNRI
PROKKA_00019	tr|C4IHM0|C4IHM0_CLOBU Botulinum neurotoxin type E, nontoxic-nonhemagglutinin component, NTNH OS=Clostridium butyricum E4 str. BoNT E BL5262 GN=ntnH PE=4 SV=1 !!!ntnH	175	1163	60	22	36.67	25	13	33	92	LIDTDTLIEEMEDKSIKEIFKIYGEDYFREKELKIINKLKKESNKVISTGGGLPIYNKNI
PROKKA_00019	tr|A0A0X1KH90|A0A0X1KH90_CLOBA Botulinum neurotoxin type E, nontoxic-nonhemagglutinin component, NTNH OS=Clostridium botulinum (strain Alaska E43 / Type E3) PE=1 SV=1 !!!ntnH	175	1163	60	22	36.67	25	13	33	92	LIDTDTLIEEMEDKSIKEIFKIYGEDYFREKELKIINKLKKESNKVISTGGGLPIYNKNI
PROKKA_00019	tr|C5UY14|C5UY14_CLOBO Botulinum neurotoxin type E1, nontoxic-nonhemagglutinin component, NTNH OS=Clostridium botulinum E1 str. 'BoNT E Beluga' GN=ntnH PE=4 SV=1 !!!ntnH	175	1163	60	22	36.67	25	13	33	92	LIDTDTLIEEMEDKSIKEIFKIYGEDYFREKELKIINKLKKESNKVISTGGGLPIYNKNI
PROKKA_00019	tr|B1INQ0|B1INQ0_CLOBK Hemagglutinin component HA70 OS=Clostridium botulinum (strain Okra / Type B1) GN=ha70 PE=4 SV=1 !!!ha70	175	626	22	9	40.91	12	1	122	142	TRPLLK-NNDTKFLEEMYKNRI
PROKKA_00019	tr|A0A0B4W4X0|A0A0B4W4X0_CLOBO Hemagglutinin components HA-22/23/53 OS=Clostridium botulinum Prevot_594 GN=ha-70 PE=4 SV=1 !!!ha70	175	626	22	9	40.91	12	1	122	142	TRPLLK-NNDTKFLEEMYKNRI
PROKKA_00019	tr|A0A060NA10|A0A060NA10_CLOBO Haemagglutinin component HA70 OS=Clostridium botulinum B str. Osaka05 GN=CBO05P2_179 PE=4 SV=1 !!!ha70	175	626	22	9	40.91	12	1	122	142	TRPLLK-NNDTKFLEEMYKNRI
PROKKA_00019	tr|B2TSC2|B2TSC2_CLOBB Putative RNA polymerase sigma factor OS=Clostridium botulinum (strain Eklund 17B / Type B) GN=botR PE=4 SV=1 !!!BotR	175	179	31	10	32.26	18	3	129	156	NDTKFLEEMYKN---RIEIYEKAHTIICNTN
PROKKA_00019	tr|B2TSB9|B2TSB9_CLOBB Heamagglutinin components HA-70 OS=Clostridium botulinum (strain Eklund 17B / Type B) GN=ha70 PE=4 SV=1 !!!ha70	175	626	30	13	43.33	17	0	6	35	ENIVLIGMPLSGKSTLGRELSKILKYDLID
PROKKA_00019	tr|C5VU80|C5VU80_CLOBO Botulinum neurotoxin type D, nontoxic-nonhemagglutinin component, NTNH OS=Clostridium botulinum D str. 1873 GN=ntnH PE=4 SV=1 !!!ntnH	175	1196	15	9	60.00	6	0	87	101	IYNKNIYELKKIGFT
