PROKKA_00001	tr|A5HZZ8|A5HZZ8_CLOBH Type A progenitor toxin nontoxic-nonha OS=Clostridium botulinum (strain Hall / ATCC 3502 / NCTC 13319 / Type A) GN=ntnH PE=4 SV=1 !!!ntnH	165	1193	164	155	94.51	9	0	1	164	LSNYFKVLNNSYIRDSSEERLEYNKTYQLYNYVFSENPIYEIKQNNNIYLTINNTNNLNLQVSKFKLLSINPNKQYVQKLDEVIISVLDNMEKYIDISEDNRLQLIDNKNNAKKMIISNDIFISNCLIISYNGKYICLSMKDENHNWMICNNDMSKYLYLWSFK
PROKKA_00001	tr|A5HZZ8|A5HZZ8_CLOBH Type A progenitor toxin nontoxic-nonha OS=Clostridium botulinum (strain Hall / ATCC 3502 / NCTC 13319 / Type A) GN=ntnH PE=4 SV=1 !!!ntnH	165	1193	18	9	50.00	9	0	80	97	LDEVIISVLDNMEKYIDI
PROKKA_00001	tr|A5HZZ8|A5HZZ8_CLOBH Type A progenitor toxin nontoxic-nonha OS=Clostridium botulinum (strain Hall / ATCC 3502 / NCTC 13319 / Type A) GN=ntnH PE=4 SV=1 !!!ntnH	165	1193	16	8	50.00	8	0	91	106	MEKYIDISEDNRLQLI
PROKKA_00001	tr|B1L2G4|B1L2G4_CLOBM Botulinum neurotoxin type A3, nontoxic-nonhemagglutinin component, NTNH OS=Clostridium botulinum (strain Loch Maree / Type A3) GN=ntnH PE=4 SV=1 !!!ntnH	165	1159	164	149	90.85	15	0	1	164	LSNYFKVLNNSYIRDSSEERLEYNKTYQLYNYVFSENPIYEIKQNNNIYLTINNTNNLNLQVSKFKLLSINPNKQYVQKLDEVIISVLDNMEKYIDISEDNRLQLIDNKNNAKKMIISNDIFISNCLIISYNGKYICLSMKDENHNWMICNNDMSKYLYLWSFK
PROKKA_00001	tr|C1FUH8|C1FUH8_CLOBJ Botulinum neurotoxin type A2, nontoxic-nonhemagglutinin component, NTNH OS=Clostridium botulinum (strain Kyoto / Type A2) GN=ntnH PE=4 SV=1 !!!ntnH	165	1159	164	147	89.63	17	0	1	164	LSNYFKVLNNSYIRDSSEERLEYNKTYQLYNYVFSENPIYEIKQNNNIYLTINNTNNLNLQVSKFKLLSINPNKQYVQKLDEVIISVLDNMEKYIDISEDNRLQLIDNKNNAKKMIISNDIFISNCLIISYNGKYICLSMKDENHNWMICNNDMSKYLYLWSFK
PROKKA_00001	tr|A7GBG2|A7GBG2_CLOBL Botulinum neurotoxin type F, nontoxic-nonhemagglutinin component, NTNH OS=Clostridium botulinum (strain Langeland / NCTC 10281 / Type F) GN=ntnH PE=4 SV=1 !!!ntnH	165	1163	166	144	86.75	20	2	1	164	LSNYFKVLNNSYIRDSSEERLEYNKTYQLYNYVFSENPIYEIKQNNNIYLTINNTNNLNLQVSKFKLLSINPNKQYVQKLDEVIISVLDNMEKYIDISEDNRLQLIDNKNNAKKMIISNDIFISNCLIISYNGKYICLSMKDENHNWMICNND--MSKYLYLWSFK
PROKKA_00001	tr|A7GBG2|A7GBG2_CLOBL Botulinum neurotoxin type F, nontoxic-nonhemagglutinin component, NTNH OS=Clostridium botulinum (strain Langeland / NCTC 10281 / Type F) GN=ntnH PE=4 SV=1 !!!ntnH	165	1163	70	18	25.71	33	19	38	96	PIYEIKQNNNIYLT-----------INNTNNLNLQVSKFKLLSINPNKQYVQKLDEVIISVLDNMEKYID
PROKKA_00001	tr|B1INP6|B1INP6_CLOBK Botulinum neurotoxin type B1, nontoxic-nonhemagglutinin component, NTNH OS=Clostridium botulinum (strain Okra / Type B1) GN=ntnH PE=4 SV=1 !!!ntnH	165	1197	167	100	59.88	64	3	1	164	LSNYFKVLNNSYIRDSSEERLEYNKTYQLYNYVFSENPIYEIKQNNNIYLTINNTNNLNLQVSKFKLLSINPNKQYVQKLDEVIISVLDNMEKYIDI-SEDNRLQLIDNKNNAKKMIISNDIFISNCLIISYNGKYICLSMKDENHNWMICNN--DMSKYLYLWSFK
PROKKA_00001	tr|B1INP6|B1INP6_CLOBK Botulinum neurotoxin type B1, nontoxic-nonhemagglutinin component, NTNH OS=Clostridium botulinum (strain Okra / Type B1) GN=ntnH PE=4 SV=1 !!!ntnH	165	1197	61	19	31.15	37	5	50	106	LTINNTNNLNLQVSKFKLLSINPNKQYVQKLDEVIISVLDNMEKYI----DISEDNRLQLI
PROKKA_00001	tr|B1INP6|B1INP6_CLOBK Botulinum neurotoxin type B1, nontoxic-nonhemagglutinin component, NTNH OS=Clostridium botulinum (strain Okra / Type B1) GN=ntnH PE=4 SV=1 !!!ntnH	165	1197	18	9	50.00	9	0	80	97	LDEVIISVLDNMEKYIDI
PROKKA_00001	tr|A0A060N6G5|A0A060N6G5_CLOBO Nontoxic-nonhemagglutinin component, NTNH OS=Clostridium botulinum B str. Osaka05 GN=CBO05P2_175 PE=4 SV=1 !!!ntnH	165	1197	167	100	59.88	64	3	1	164	LSNYFKVLNNSYIRDSSEERLEYNKTYQLYNYVFSENPIYEIKQNNNIYLTINNTNNLNLQVSKFKLLSINPNKQYVQKLDEVIISVLDNMEKYIDI-SEDNRLQLIDNKNNAKKMIISNDIFISNCLIISYNGKYICLSMKDENHNWMICNN--DMSKYLYLWSFK
PROKKA_00001	tr|A0A060N6G5|A0A060N6G5_CLOBO Nontoxic-nonhemagglutinin component, NTNH OS=Clostridium botulinum B str. Osaka05 GN=CBO05P2_175 PE=4 SV=1 !!!ntnH	165	1197	61	19	31.15	37	5	50	106	LTINNTNNLNLQVSKFKLLSINPNKQYVQKLDEVIISVLDNMEKYI----DISEDNRLQLI
PROKKA_00001	tr|A0A060N6G5|A0A060N6G5_CLOBO Nontoxic-nonhemagglutinin component, NTNH OS=Clostridium botulinum B str. Osaka05 GN=CBO05P2_175 PE=4 SV=1 !!!ntnH	165	1197	18	8	44.44	10	0	80	97	LDEVIISVLDNMEKYIDI
PROKKA_00001	tr|B2TSC3|B2TSC3_CLOBB Botulinum neurotoxin type B OS=Clostridium botulinum (strain Eklund 17B / Type B) GN=ntnH PE=4 SV=1 !!!ntnH	165	1197	167	97	58.08	67	3	1	164	LSNYFKVLNNSYIRDSSEERLEYNKTYQLYNYVFSENPIYEIKQNNNIYLTINNTNNLNLQVSKFKLLSINPNKQYVQKLDEVIISVLDNMEKYIDI-SEDNRLQLIDNKNNAKKMIISNDIFISNCLIISYNGKYICLSMKDENHNWMICNN--DMSKYLYLWSFK
PROKKA_00001	tr|B2TSC3|B2TSC3_CLOBB Botulinum neurotoxin type B OS=Clostridium botulinum (strain Eklund 17B / Type B) GN=ntnH PE=4 SV=1 !!!ntnH	165	1197	61	18	29.51	38	5	50	106	LTINNTNNLNLQVSKFKLLSINPNKQYVQKLDEVIISVLDNMEKYI----DISEDNRLQLI
PROKKA_00001	tr|B2TSC3|B2TSC3_CLOBB Botulinum neurotoxin type B OS=Clostridium botulinum (strain Eklund 17B / Type B) GN=ntnH PE=4 SV=1 !!!ntnH	165	1197	18	8	44.44	10	0	80	97	LDEVIISVLDNMEKYIDI
PROKKA_00001	tr|C5UY14|C5UY14_CLOBO Botulinum neurotoxin type E1, nontoxic-nonhemagglutinin component, NTNH OS=Clostridium botulinum E1 str. 'BoNT E Beluga' GN=ntnH PE=4 SV=1 !!!ntnH	165	1163	167	105	62.87	59	3	1	164	LSNYFKVLNNSYIRDSSEERLEYNKTYQLYNYVFSENPIYEIKQNNNIYLTINNTNNLNLQVSKFKLLSINPNKQYVQKLDEVIISVLDNMEKYIDIS-EDNRLQLIDNKNNAKKMIISNDIFISNCLIISYNGKYICLSMKDENHNWMIC--NNDMSKYLYLWSFK
PROKKA_00001	tr|A0A0X1KH90|A0A0X1KH90_CLOBA Botulinum neurotoxin type E, nontoxic-nonhemagglutinin component, NTNH OS=Clostridium botulinum (strain Alaska E43 / Type E3) PE=1 SV=1 !!!ntnH	165	1163	167	104	62.28	60	3	1	164	LSNYFKVLNNSYIRDSSEERLEYNKTYQLYNYVFSENPIYEIKQNNNIYLTINNTNNLNLQVSKFKLLSINPNKQYVQKLDEVIISVLDNMEKYIDIS-EDNRLQLIDNKNNAKKMIISNDIFISNCLIISYNGKYICLSMKDENHNWMIC--NNDMSKYLYLWSFK
PROKKA_00001	tr|C5VU80|C5VU80_CLOBO Botulinum neurotoxin type D, nontoxic-nonhemagglutinin component, NTNH OS=Clostridium botulinum D str. 1873 GN=ntnH PE=4 SV=1 !!!ntnH	165	1196	164	89	54.27	72	3	1	161	LSNYFKVLNNSYIRDSSEERLEYNKTYQLYNYVFSENPIYEIKQNNNIYLTINNTNNLNLQVSKFKLLSINPNKQYVQKLDEVIISVLDNMEKYIDIS-EDNRLQLIDNKNNAKKMIISNDIFISNCLIISYNGKYICLSMKDENHNWMIC--NNDMSKYLYLW
PROKKA_00001	tr|B1BE43|B1BE43_CLOBO Botulinum neurotoxin type C, nontoxic-nonhemagglutinin component NTNH OS=Clostridium botulinum C str. Eklund GN=CBC_A0166 PE=4 SV=1 !!!ntnH	165	1196	164	87	53.05	74	3	1	161	LSNYFKVLNNSYIRDSSEERLEYNKTYQLYNYVFSENPIYEIKQNNNIYLTINNTNNLNLQVSKFKLLSINPNKQYVQKLDEVIISVLDNMEKYIDIS-EDNRLQLIDNKNNAKKMIISNDIFISNCLIISYNGKYICLSMKDENHNWMIC--NNDMSKYLYLW
PROKKA_00001	tr|C4IHM0|C4IHM0_CLOBU Botulinum neurotoxin type E, nontoxic-nonhemagglutinin component, NTNH OS=Clostridium butyricum E4 str. BoNT E BL5262 GN=ntnH PE=4 SV=1 !!!ntnH	165	1163	167	104	62.28	60	3	1	164	LSNYFKVLNNSYIRDSSEERLEYNKTYQLYNYVFSENPIYEIKQNNNIYLTINNTNNLNLQVSKFKLLSINPNKQYVQKLDEVIISVLDNMEKYIDISED-NRLQLIDNKNNAKKMIISNDIFISNCLIISYNGKYICLSMKDENHNWMIC--NNDMSKYLYLWSFK
PROKKA_00002	tr|B1L2G4|B1L2G4_CLOBM Botulinum neurotoxin type A3, nontoxic-nonhemagglutinin component, NTNH OS=Clostridium botulinum (strain Loch Maree / Type A3) GN=ntnH PE=4 SV=1 !!!ntnH	1297	1159	276	78	28.26	162	36	4	276	VNKQFNYKDPVNGVDIAYIKIPNVGQMQPVKAFKIHNKIWVIPERDTFTNPEEGDLNPPPEAKQVPVSYYDSTYLSTDNEKDNYLKGVTKLFERIYSTDLGRMLLTSIVRGIPFWGGSTIDTELKVIDTNCINVIQPDGSYRSEELNLVIIGPSADIIQFECKSFGHEVLNLTRNGYGSTQYIRFSPDFTFGFEESLEVDTNPLLGAGKFATDPAVTLAHELIHAGHRLYGIAINPNRVFKVNTNAYYEMSGLEVSFEELRTF---GGHDAKFIDS
PROKKA_00002	tr|B1L2G4|B1L2G4_CLOBM Botulinum neurotoxin type A3, nontoxic-nonhemagglutinin component, NTNH OS=Clostridium botulinum (strain Loch Maree / Type A3) GN=ntnH PE=4 SV=1 !!!ntnH	1297	1159	615	130	21.14	378	107	552	1115	HYLRAQEFEHGKSRIALTNSVNEALLNPSR--VYTFFSS--DYVKKVNKA----TEAAMFLGWVEQLVYDFTDETSEVSTTDKIADITIIIPYIGPALNIGNMLYKDDFVGALIFSGAVILLEFIPEIAIPVLGTFALVSYIANKVLTVQTID------NALSKRNEKWDEVYKYIVTNWLAKVNTQ-IDLIRKKMKEALENQAEATKAIINYQYNQYTEEEKNNINFNIDDLS-------SKLNESINK---AMININKFLNQCSVSYLMNSMIPYGVKRLE----DFDASLKDALLKYI---YDNRGTLIGQ------------VDRLKDKVNNTLSTDIPFQLSKYVDNQRLLSTFTEYIKNII------NTSILNLRYESNHLIDLSRYASKINIGSKVNFDPIDKNQIQLFNLESSKIEVILKNAIVYNSMYENFSTSFWIRIPKYFNSISLNNEYTIINCMENNSGWKVSLNYGEIIWTLQDTQEIKQRVVFKYSQMINISDYINRWIFVTITNNRLNNS-KIYINGRLIDQKPISNLGNIHASNNIMFKLDGCRDTHRYIWIKYFNLFDKELNEKEIKDLYDNQSNSGILKDFWGDYLQYDKPYYMLN
PROKKA_00002	tr|A0A0X1KH90|A0A0X1KH90_CLOBA Botulinum neurotoxin type E, nontoxic-nonhemagglutinin component, NTNH OS=Clostridium botulinum (strain Alaska E43 / Type E3) PE=1 SV=1 !!!ntnH	1297	1163	277	80	28.88	159	38	4	276	VNKQFNYKDPVNGVDIAYIKIPNVGQMQPVKAFKIHNKIWVIPERDTFTNPEEGDLNPPPEAKQVPVSYYDSTYLSTDNEKDNYLKGVTKLFERIYSTDLGRMLLTSIVRGIPF-WGGSTIDTELKVIDTNCINVIQPDGSYRSEELNLVIIGPSADIIQFECKSFGHEVLNLTRNGYGSTQYIRFSPDFTFGFEESLEVDTNPLLGAGKFATDPAVTLAHELIHAGHRLYGIAINPNRVFKVNTNAYYEMSGLEVSFEELRTF---GGHDAKFIDS
PROKKA_00002	tr|A0A0X1KH90|A0A0X1KH90_CLOBA Botulinum neurotoxin type E, nontoxic-nonhemagglutinin component, NTNH OS=Clostridium botulinum (strain Alaska E43 / Type E3) PE=1 SV=1 !!!ntnH	1297	1163	571	132	23.12	372	67	580	1119	SRVYTFFSS--DYVK--KVNKATEA-AMFLGWVEQLVYDFTDETSEVSTTDKIADITIIIPYIGPALNIGNMLYKDDFVGALIFSGAVILLEFIPEIAIPVLGTFALVSYIAN---KVLTVQTIDNALSKRNEKWDEVYKYIVTNWLAKVNTQ-IDLIRKKMKEALENQAEATKAIINYQYNQYTEEEKN--NINFNIDDLSS--KLNESINKAMI---NINKFLNQCSVSYLMNSMIPYGVKRLEDFDASLKDALLKYIYDNRGTLIGQVDRLKDKVNNTLSTDIPFQLSKYVDNQRLLSTFTEYIKNIINT-------SILNLRYESNHLI-------DLSRYASKINIGSKVNFDPIDKNQIQLFNLESSKIEVILKNAIVYNSMYENFSTSFWIRIPKYFNSISLNNEYTIINCMENNSGWKVSLNYGEIIWTLQDTQEIKQRVVFKYSQMINISDYINRWIFVTITNNRLNNS-KIYINGRLIDQKPISNLGNIHASNNIMFKLDGCRDTHRYIWIKYFNLFDKELNEKEIKDLYDNQSNSGILKDFWGDYLQYDKPYYMLNLYDP
PROKKA_00002	tr|C5UY14|C5UY14_CLOBO Botulinum neurotoxin type E1, nontoxic-nonhemagglutinin component, NTNH OS=Clostridium botulinum E1 str. 'BoNT E Beluga' GN=ntnH PE=4 SV=1 !!!ntnH	1297	1163	277	80	28.88	159	38	4	276	VNKQFNYKDPVNGVDIAYIKIPNVGQMQPVKAFKIHNKIWVIPERDTFTNPEEGDLNPPPEAKQVPVSYYDSTYLSTDNEKDNYLKGVTKLFERIYSTDLGRMLLTSIVRGIPF-WGGSTIDTELKVIDTNCINVIQPDGSYRSEELNLVIIGPSADIIQFECKSFGHEVLNLTRNGYGSTQYIRFSPDFTFGFEESLEVDTNPLLGAGKFATDPAVTLAHELIHAGHRLYGIAINPNRVFKVNTNAYYEMSGLEVSFEELRTF---GGHDAKFIDS
PROKKA_00002	tr|C5UY14|C5UY14_CLOBO Botulinum neurotoxin type E1, nontoxic-nonhemagglutinin component, NTNH OS=Clostridium botulinum E1 str. 'BoNT E Beluga' GN=ntnH PE=4 SV=1 !!!ntnH	1297	1163	571	132	23.12	372	67	580	1119	SRVYTFFSS--DYVK--KVNKATEA-AMFLGWVEQLVYDFTDETSEVSTTDKIADITIIIPYIGPALNIGNMLYKDDFVGALIFSGAVILLEFIPEIAIPVLGTFALVSYIAN---KVLTVQTIDNALSKRNEKWDEVYKYIVTNWLAKVNTQ-IDLIRKKMKEALENQAEATKAIINYQYNQYTEEEKN--NINFNIDDLSS--KLNESINKAMI---NINKFLNQCSVSYLMNSMIPYGVKRLEDFDASLKDALLKYIYDNRGTLIGQVDRLKDKVNNTLSTDIPFQLSKYVDNQRLLSTFTEYIKNIINT-------SILNLRYESNHLI-------DLSRYASKINIGSKVNFDPIDKNQIQLFNLESSKIEVILKNAIVYNSMYENFSTSFWIRIPKYFNSISLNNEYTIINCMENNSGWKVSLNYGEIIWTLQDTQEIKQRVVFKYSQMINISDYINRWIFVTITNNRLNNS-KIYINGRLIDQKPISNLGNIHASNNIMFKLDGCRDTHRYIWIKYFNLFDKELNEKEIKDLYDNQSNSGILKDFWGDYLQYDKPYYMLNLYDP
PROKKA_00002	tr|C4IHM0|C4IHM0_CLOBU Botulinum neurotoxin type E, nontoxic-nonhemagglutinin component, NTNH OS=Clostridium butyricum E4 str. BoNT E BL5262 GN=ntnH PE=4 SV=1 !!!ntnH	1297	1163	277	81	29.24	158	38	4	276	VNKQFNYKDPVNGVDIAYIKIPNVGQMQPVKAFKIHNKIWVIPERDTFTNPEEGDLNPPPEAKQVPVSYYDSTYLSTDNEKDNYLKGVTKLFERIYSTDLGRMLLTSIVRGIPF-WGGSTIDTELKVIDTNCINVIQPDGSYRSEELNLVIIGPSADIIQFECKSFGHEVLNLTRNGYGSTQYIRFSPDFTFGFEESLEVDTNPLLGAGKFATDPAVTLAHELIHAGHRLYGIAINPNRVFKVNTNAYYEMSGLEVSFEELRTF---GGHDAKFIDS
PROKKA_00002	tr|C4IHM0|C4IHM0_CLOBU Botulinum neurotoxin type E, nontoxic-nonhemagglutinin component, NTNH OS=Clostridium butyricum E4 str. BoNT E BL5262 GN=ntnH PE=4 SV=1 !!!ntnH	1297	1163	571	128	22.42	376	67	580	1119	SRVYTFFSS--DYVK--KVNKATEA-AMFLGWVEQLVYDFTDETSEVSTTDKIADITIIIPYIGPALNIGNMLYKDDFVGALIFSGAVILLEFIPEIAIPVLGTFALVSYIAN---KVLTVQTIDNALSKRNEKWDEVYKYIVTNWLAKVNTQ-IDLIRKKMKEALENQAEATKAIINYQYNQYTEEEKN--NINFNIDDLSS--KLNESINKAMI---NINKFLNQCSVSYLMNSMIPYGVKRLEDFDASLKDALLKYIYDNRGTLIGQVDRLKDKVNNTLSTDIPFQLSKYVDNQRLLSTFTEYI----KNIINTSILNLRYESNHLI-------DLSRYASKINIGSKVNFDPIDKNQIQLFNLESSKIEVILKNAIVYNSMYENFSTSFWIRIPKYFNSISLNN---EYTIINCMENNSGWKVSLNYGEIIWTLQDTQEIKQRVVFKYSQMINISDYINRWIFVTITNNRLNNS-KIYINGRLIDQKPISNLGNIHASNNIMFKLDGCRDTHRYIWIKYFNLFDKELNEKEIKDLYDNQSNSGILKDFWGDYLQYDKPYYMLNLYDP
PROKKA_00002	tr|A7GBG2|A7GBG2_CLOBL Botulinum neurotoxin type F, nontoxic-nonhemagglutinin component, NTNH OS=Clostridium botulinum (strain Langeland / NCTC 10281 / Type F) GN=ntnH PE=4 SV=1 !!!ntnH	1297	1163	278	77	27.70	161	40	4	276	VNKQFNYKDPVNGVDIAYIKIPNVGQMQPV--KAFKIHNKIWVIPERDTFTNPEEGDLNPPPEAKQVPVSYYDSTYLSTDNEKDNYLKGVTKLFERIYSTDLGRMLLTSIVRGIPFWGGSTIDTELKVIDTNCINVIQPDGSYRSEELNLVIIGPSADIIQFECKSFGHEVLNLTRNGYGSTQYIRFSPDFTFGFEESLEVDTNPLLGAGKFATDPAVTLAHELIHAGHRLYGIAINPNRVFKVNTNAYYEMSGLEVSFEELRTF---GGHDAKFIDS
PROKKA_00002	tr|A7GBG2|A7GBG2_CLOBL Botulinum neurotoxin type F, nontoxic-nonhemagglutinin component, NTNH OS=Clostridium botulinum (strain Langeland / NCTC 10281 / Type F) GN=ntnH PE=4 SV=1 !!!ntnH	1297	1163	598	124	20.74	401	73	552	1115	HYLRAQEFEHGKSRIALTNSVNEALLNPSRVYTFFSS--DYVKKVNKA----TEAAMFLGWVEQLVYDFTDETSEVSTTDKIADITIIIPYIGPALNIGNMLYKDDFVGALIFSGAVILLEFIPEIAIPVLGTFALVSYIANKVLTVQTID------NALSKRNEKWDEVYKYIVTNWLAKVNTQ-IDLIRKKMKEALENQAEATKAI---INYQYNQYTEEEKNNINFNI---DDLSSKLNESINKAMININKFLNQCSVSYLMNSMIPYGVKRLEDFDASLKDALLKYIYDNRGTLIGQVDRLKDKVNNTLSTDIPFQLSKYVDNQRLLSTFTEYIKNII--NTSILNL------RYESNHLIDLS------RYASKINIGSKVNFDPIDKNQIQLFNLESSKIEVILKNAIVYNSMYENFSTSFWIRIPKYFNSISLNNEYTIINCMENNSGWKVSLNYGEIIWTLQDTQEIKQRVVFKYSQMINISDYINRWIFVTITNNRLNNS-KIYINGRLIDQKPISNLGNIHASNNIMFKLDGCRDTHRYIWIKYFNLFDKELNEKEIKDLYDNQSNSGILKDFWGDYLQYDKPYYMLN
PROKKA_00002	tr|A5HZZ8|A5HZZ8_CLOBH Type A progenitor toxin nontoxic-nonha OS=Clostridium botulinum (strain Hall / ATCC 3502 / NCTC 13319 / Type A) GN=ntnH PE=4 SV=1 !!!ntnH	1297	1193	303	84	27.72	162	57	4	276	VNKQFNYKDPVNGVDIAYIKIPNVGQMQPVKAFKIHNKIWVIPERDTFTNPEEGDLNPPPEAKQVPVSYYDSTYLSTDNEKDNYLKGVTKLFERIYSTDLGRMLLTSIVRGIPFWG---------------GSTIDTELKVIDTNCINVIQPDGSYR------SEE------LNLVIIGPSADIIQFECKSFGHEVLNLTRNGYGSTQYIRFSPDFTFGFEESLEVDTNPLLGAGKFATDPAVTLAHELIHAGHRLYGIAINPNRVFKVNTNAYYEMSGLEVS---FEELRTFGGHDAKFIDS
PROKKA_00002	tr|B1INP6|B1INP6_CLOBK Botulinum neurotoxin type B1, nontoxic-nonhemagglutinin component, NTNH OS=Clostridium botulinum (strain Okra / Type B1) GN=ntnH PE=4 SV=1 !!!ntnH	1297	1197	303	84	27.72	162	57	4	276	VNKQFNYKDPVNGVDIAYIKIPNVGQMQPVKAFKIHNKIWVIPERDTFTNPEEGDLNPPPEAKQVPVSYYDSTYLSTDNEKDNYLKGVTKLFERIYSTDLGRMLLTSIVRGIPFWG---------------GSTIDTELKVIDTNCINVIQPDGSYR------SEE------LNLVIIGPSADIIQFECKSFGHEVLNLTRNGYGSTQYIRFSPDFTFGFEESLEVDTNPLLGAGKFATDPAVTLAHELIHAGHRLYGIAINPNRVFKVNTNAYYEMSGLEVS---FEELRTFGGHDAKFIDS
PROKKA_00002	tr|C1FUH8|C1FUH8_CLOBJ Botulinum neurotoxin type A2, nontoxic-nonhemagglutinin component, NTNH OS=Clostridium botulinum (strain Kyoto / Type A2) GN=ntnH PE=4 SV=1 !!!ntnH	1297	1159	276	75	27.17	165	36	4	276	VNKQFNYKDPVNGVDIAYIKIPNVGQMQPVKAFKIHNKIWVIPERDTFTNPEEGDLNPPPEAKQVPVSYYDSTYLSTDNEKDNYLKGVTKLFERIYSTDLGRMLLTSIVRGIPFWGGSTIDTELKVIDTNCINVIQPDGSYRSEELNLVIIGPSADIIQFECKSFGHEVLNLTRNGYGSTQYIRFSPDFTFGFEESLEVDTNPLLGAGKFATDPAVTLAHELIHAGHRLYGIAINPNRVFKVNTNAYYEMSGLEVSFEELRTF---GGHDAKFIDS
PROKKA_00002	tr|C1FUH8|C1FUH8_CLOBJ Botulinum neurotoxin type A2, nontoxic-nonhemagglutinin component, NTNH OS=Clostridium botulinum (strain Kyoto / Type A2) GN=ntnH PE=4 SV=1 !!!ntnH	1297	1159	600	124	20.67	399	77	552	1115	HYLRAQEFEHGKSRIALTNSVNEALLNPSR--VYTFFSS--DYVKKVNKA----TEAAMFLGWVEQLVYDFTDETSEVSTTDKIADITIIIPYIGPALNIGNMLYKDDFVGALIFSGAVILLEFIPEIAIPVLGTFALVSYIANKVLTVQTID------NALSKRNEKWDEVYKYIVTNWLAKVNTQ-IDLIRKKMKEALENQAEATKAI---INYQYNQYTEEEKNNINFNI---DDLSSKLNESINKAMININKFLNQCSVSYLMNSMIPYGVKRLEDFDASLKDALLKYIYDNRGTLIGQVDRLKDKVNNTLSTDIPFQLSKYVDNQRLLSTFTEYIKNII--NTSILNL------RYESNHLIDLS------RYASKINIGSKVNFDPIDKNQIQLFNLESSKIEVILKNAIVYNSMYENFSTSFWIRIPKYFNSISLNNEYTIINCMENNSGWKVSLNYGEIIWTLQDTQEIKQRVVFKYSQMINISDYINRWIFVTITNNRLNNS-KIYINGRLIDQKPISNLGNIHASNNIMFKLDGCRDTHRYIWIKYFNLFDKELNEKEIKDLYDNQSNSGILKDFWGDYLQYDKPYYMLN
PROKKA_00002	tr|A0A060N6G5|A0A060N6G5_CLOBO Nontoxic-nonhemagglutinin component, NTNH OS=Clostridium botulinum B str. Osaka05 GN=CBO05P2_175 PE=4 SV=1 !!!ntnH	1297	1197	303	84	27.72	162	57	4	276	VNKQFNYKDPVNGVDIAYIKIPNVGQMQPVKAFKIHNKIWVIPERDTFTNPEEGDLNPPPEAKQVPVSYYDSTYLSTDNEKDNYLKGVTKLFERIYSTDLGRMLLTSIVRGIPFWG---------------GSTIDTELKVIDTNCINVIQPDGSYR------SEE------LNLVIIGPSADIIQFECKSFGHEVLNLTRNGYGSTQYIRFSPDFTFGFEESLEVDTNPLLGAGKFATDPAVTLAHELIHAGHRLYGIAINPNRVFKVNTNAYYEMSGLEVS---FEELRTFGGHDAKFIDS
PROKKA_00002	tr|B2TSC3|B2TSC3_CLOBB Botulinum neurotoxin type B OS=Clostridium botulinum (strain Eklund 17B / Type B) GN=ntnH PE=4 SV=1 !!!ntnH	1297	1197	303	83	27.39	163	57	4	276	VNKQFNYKDPVNGVDIAYIKIPNVGQMQPVKAFKIHNKIWVIPERDTFTNPEEGDLNPPPEAKQVPVSYYDSTYLSTDNEKDNYLKGVTKLFERIYSTDLGRMLLTSIVRGIPFWG---------------GSTIDTELKVIDTNCINVIQPDGSYR------SEE------LNLVIIGPSADIIQFECKSFGHEVLNLTRNGYGSTQYIRFSPDFTFGFEESLEVDTNPLLGAGKFATDPAVTLAHELIHAGHRLYGIAINPNRVFKVNTNAYYEMSGLEVS---FEELRTFGGHDAKFIDS
PROKKA_00002	tr|C5VU80|C5VU80_CLOBO Botulinum neurotoxin type D, nontoxic-nonhemagglutinin component, NTNH OS=Clostridium botulinum D str. 1873 GN=ntnH PE=4 SV=1 !!!ntnH	1297	1196	301	78	25.91	170	53	4	276	VNKQFNYKDPVNGVDIAYIKIPNVGQMQPVKAFKIHNKIWVIPERDTFTNPEEGDLNPPPEAKQVPVSYYDSTYLSTDNEKDNYLKGVTKLFERIYSTDLGRMLLTSIVRGIPF-WG--------------GSTIDTELKVIDTNCINVIQPDGSYRSEEL------------NLVIIGPSADIIQFECKSFGHEVLNLTRNGYGSTQYIRFSPDFTFGFEESLEVDTNPLLGAGKFATDPAVTLAHELIHAGHRLYGIAINPNRVFKVNTNAYYEMSGL-EVSFEELRTFGGHDAKFIDS
PROKKA_00002	tr|C5VU80|C5VU80_CLOBO Botulinum neurotoxin type D, nontoxic-nonhemagglutinin component, NTNH OS=Clostridium botulinum D str. 1873 GN=ntnH PE=4 SV=1 !!!ntnH	1297	1196	565	114	20.18	382	69	606	1141	WVEQLVYDFTDETSEVSTTDKIADITIIIPYIGPALNIGNMLYKDDFVGALIFSGAVILLEFIPEIAIPVLGTFALVSYIANKVLTVQTIDNAL----SKRNEKWDEVYKYIVTNWLAKVNTQIDLIRKKMKEALENQAEATKAIINYQYNQYTEEEKNNINFNIDDLSSKLNESI-----NKAMININK---FLNQCSVSYLMNSMIPYGVKRLEDFDASLKDALLKYIYDNRGTLIGQVDRLKDKVNNTLSTDIPFQLSKYVDNQRLLSTFTEYIKNIINTSILNLRYESNHLIDLSRYASKINIGSKVNFDPIDKNQIQLFN---------------LESSKIEVILKNAIVYNSMYENFSTSFWIRIPKYFNSISLNNEYT-IINCMENNSGWKVSLNYGEIIWTLQDTQEIKQRVVFKYSQMINISDYINRWIFVTITNNRLNNS-KIYINGRLIDQKPISNLGNIHASNNIMFKLDGCRDTHRYIWIKYFNLFDKELNEKEIKDLYDNQSNSGILKDFWGDYLQYDKPYYMLNLYDPNKYVDVNNVGIRGYMYLKGPRG
PROKKA_00002	tr|B1BE43|B1BE43_CLOBO Botulinum neurotoxin type C, nontoxic-nonhemagglutinin component NTNH OS=Clostridium botulinum C str. Eklund GN=CBC_A0166 PE=4 SV=1 !!!ntnH	1297	1196	301	75	24.92	173	53	4	276	VNKQFNYKDPVNGVDIAYIKIPNVGQMQPVKAFKIHNKIWVIPERDTFTNPEEGDLNPPPEAKQVPVSYYDSTYLSTDNEKDNYLKGVTKLFERIYSTDLGRMLLTSIVRGIPF-WG--------------GSTIDTELKVIDTNCINVIQPDGSYRSEEL------------NLVIIGPSADIIQFECKSFGHEVLNLTRNGYGSTQYIRFSPDFTFGFEESLEVDTNPLLGAGKFATDPAVTLAHELIHAGHRLYGIAINPNRVFKVNTNAYYEMSGL-EVSFEELRTFGGHDAKFIDS
PROKKA_00002	tr|B1BE43|B1BE43_CLOBO Botulinum neurotoxin type C, nontoxic-nonhemagglutinin component NTNH OS=Clostridium botulinum C str. Eklund GN=CBC_A0166 PE=4 SV=1 !!!ntnH	1297	1196	564	112	19.86	385	67	606	1141	WVEQLVYDFTDETSEVSTTDKIADITIIIPYIGPALNIGNMLYKDDFVGALIFSGAVILLEFIPEIAIPVLGTFALVSYIANKVLTVQTIDNAL----SKRNEKWDEVYKYIVTNWLAKVNTQIDLIRKKMKEALENQAEATKAIINYQYNQYTEEEKNNINFNIDDLSSKLNESI-----NKAMININK---FLNQCSVSYLMNSMIPYGVKRLEDFDASLKDALLKYIYDNRGTLIGQVDRLKDKVNNTLSTDIPFQLSKYVDNQRLLSTFTEYIKNIINTSI-------LNLRYESNHLID-------LSRYASKINIGSKVNFDPIDKNQIQLFNLESSKIEVILKNAIVYNSMYENFSTSFWIRIPKYFNSISLNNEYT-IINCMENNSGWKVSLNYGEIIWTLQDTQEIKQRVVFKYSQMINISDYINRWIFVTITNNRLNNSK-IYINGRLIDQKPISNLGNIHASNNIMFKLDGCRDTHRYIWIKYFNLFDKELNEKEIKDLYDNQSNSGILKDFWGDYLQYDKPYYMLNLYDPNKYVDVNNVGIRGYMYLKGPRG
PROKKA_00002	tr|B1INP9|B1INP9_CLOBK Hemagglutinin component HA17 OS=Clostridium botulinum (strain Okra / Type B1) GN=ha17 PE=4 SV=1 !!!ha17	1297	146	27	8	29.63	19	0	1103	1129	DYLQYDKPYYMLNLYDPNKYVDVNNVG
PROKKA_00002	tr|A0A0B4W498|A0A0B4W498_CLOBO Hemagglutinin component HA-17 OS=Clostridium botulinum Prevot_594 GN=ha-17 PE=4 SV=1 !!!ha17	1297	146	27	8	29.63	19	0	1103	1129	DYLQYDKPYYMLNLYDPNKYVDVNNVG
PROKKA_00002	tr|A5HZZ5|A5HZZ5_CLOBH Hemagglutinin component of the neurotoxin complex OS=Clostridium botulinum (strain Hall / ATCC 3502 / NCTC 13319 / Type A) GN=ha17 PE=1 SV=1 !!!ha17	1297	146	27	8	29.63	19	0	1103	1129	DYLQYDKPYYMLNLYDPNKYVDVNNVG
PROKKA_00002	tr|A0A0D1BS75|A0A0D1BS75_CLOBO Hemagglutinin OS=Clostridium botulinum B2 450 GN=N495_19885 PE=4 SV=1 !!! 	1297	146	27	8	29.63	19	0	1103	1129	DYLQYDKPYYMLNLYDPNKYVDVNNVG
PROKKA_00002	tr|A0A060N976|A0A060N976_CLOBO Hemagglutinin component HA17 OS=Clostridium botulinum B str. Osaka05 GN=CBO05P2_178 PE=4 SV=1 !!!ha17	1297	146	27	8	29.63	19	0	1103	1129	DYLQYDKPYYMLNLYDPNKYVDVNNVG
PROKKA_00002	tr|A0A0E1L447|A0A0E1L447_CLOBO Hemagglutinin component HA-17 OS=Clostridium botulinum CDC_1436 GN=ha-17 PE=4 SV=1 !!!ha17	1297	146	27	8	29.63	19	0	1103	1129	DYLQYDKPYYMLNLYDPNKYVDVNNVG
PROKKA_00002	tr|B2TSC0|B2TSC0_CLOBB Hemagglutinin component HA-17 OS=Clostridium botulinum (strain Eklund 17B / Type B) GN=ha17 PE=4 SV=1 !!!ha17	1297	146	27	8	29.63	19	0	1103	1129	DYLQYDKPYYMLNLYDPNKYVDVNNVG
PROKKA_00005	tr|A0A060N6G5|A0A060N6G5_CLOBO Nontoxic-nonhemagglutinin component, NTNH OS=Clostridium botulinum B str. Osaka05 GN=CBO05P2_175 PE=4 SV=1 !!!ntnH	32	1197	19	8	42.11	11	0	11	29	GINEGYFHENENKNRIQIV
PROKKA_00005	tr|B1INP6|B1INP6_CLOBK Botulinum neurotoxin type B1, nontoxic-nonhemagglutinin component, NTNH OS=Clostridium botulinum (strain Okra / Type B1) GN=ntnH PE=4 SV=1 !!!ntnH	32	1197	19	8	42.11	11	0	11	29	GINEGYFHENENKNRIQIV
PROKKA_00005	tr|B2TSC3|B2TSC3_CLOBB Botulinum neurotoxin type B OS=Clostridium botulinum (strain Eklund 17B / Type B) GN=ntnH PE=4 SV=1 !!!ntnH	32	1197	19	8	42.11	11	0	11	29	GINEGYFHENENKNRIQIV
PROKKA_00005	tr|B1BE43|B1BE43_CLOBO Botulinum neurotoxin type C, nontoxic-nonhemagglutinin component NTNH OS=Clostridium botulinum C str. Eklund GN=CBC_A0166 PE=4 SV=1 !!!ntnH	32	1196	16	7	43.75	9	0	14	29	EGYFHENENKNRIQIV
PROKKA_00005	tr|C5VU80|C5VU80_CLOBO Botulinum neurotoxin type D, nontoxic-nonhemagglutinin component, NTNH OS=Clostridium botulinum D str. 1873 GN=ntnH PE=4 SV=1 !!!ntnH	32	1196	16	7	43.75	9	0	14	29	EGYFHENENKNRIQIV
PROKKA_00005	tr|A0A0X1KH90|A0A0X1KH90_CLOBA Botulinum neurotoxin type E, nontoxic-nonhemagglutinin component, NTNH OS=Clostridium botulinum (strain Alaska E43 / Type E3) PE=1 SV=1 !!!ntnH	32	1163	24	9	37.50	14	1	6	29	FKIVAGINEGYFHENENKNRIQIV
PROKKA_00005	tr|C5UY14|C5UY14_CLOBO Botulinum neurotoxin type E1, nontoxic-nonhemagglutinin component, NTNH OS=Clostridium botulinum E1 str. 'BoNT E Beluga' GN=ntnH PE=4 SV=1 !!!ntnH	32	1163	24	9	37.50	14	1	6	29	FKIVAGINEGYFHENENKNRIQIV
PROKKA_00005	tr|A0A073CND8|A0A073CND8_CLOBO P-47 protein OS=Clostridium botulinum A2B3 87 GN=N496_18585 PE=4 SV=1 !!!P-47	32	415	12	6	50.00	6	0	6	17	FKIVAGINEGYF
PROKKA_00005	tr|C4IHM0|C4IHM0_CLOBU Botulinum neurotoxin type E, nontoxic-nonhemagglutinin component, NTNH OS=Clostridium butyricum E4 str. BoNT E BL5262 GN=ntnH PE=4 SV=1 !!!ntnH	32	1163	24	9	37.50	14	1	6	29	FKIVAGINEGYFHENENKNRIQIV
PROKKA_00005	tr|A7GBG1|A7GBG1_CLOBL P-47 protein OS=Clostridium botulinum (strain Langeland / NCTC 10281 / Type F) GN=p47 PE=4 SV=1 !!!P-47	32	416	12	6	50.00	6	0	6	17	FKIVAGINEGYF
PROKKA_00005	tr|M1ZUL7|M1ZUL7_CLOBO P-47 protein OS=Clostridium botulinum CFSAN001627 GN=CFSAN001627_20700 PE=4 SV=1 !!!P-47	32	416	12	6	50.00	6	0	6	17	FKIVAGINEGYF
PROKKA_00005	tr|B1L2G3|B1L2G3_CLOBM P-47 protein OS=Clostridium botulinum (strain Loch Maree / Type A3) GN=p47 PE=4 SV=1 !!!P-47	32	416	12	6	50.00	6	0	6	17	FKIVAGINEGYF
PROKKA_00006	tr|A5HZZ8|A5HZZ8_CLOBH Type A progenitor toxin nontoxic-nonha OS=Clostridium botulinum (strain Hall / ATCC 3502 / NCTC 13319 / Type A) GN=ntnH PE=4 SV=1 !!!ntnH	154	1193	11	7	63.64	4	0	133	143	NEEKEYLQKLD
PROKKA_00006	tr|B2TSC0|B2TSC0_CLOBB Hemagglutinin component HA-17 OS=Clostridium botulinum (strain Eklund 17B / Type B) GN=ha17 PE=4 SV=1 !!!ha17	154	146	22	4	18.18	18	0	45	66	DNAHKREAWGANFMSPDQCTKL
PROKKA_00006	tr|A0A073CN83|A0A073CN83_CLOBO Hemagglutinin OS=Clostridium botulinum A2B3 87 GN=N496_19565 PE=4 SV=1 !!! 	154	146	22	4	18.18	18	0	45	66	DNAHKREAWGANFMSPDQCTKL
PROKKA_00006	tr|A0A0B4W498|A0A0B4W498_CLOBO Hemagglutinin component HA-17 OS=Clostridium botulinum Prevot_594 GN=ha-17 PE=4 SV=1 !!!ha17	154	146	22	4	18.18	18	0	45	66	DNAHKREAWGANFMSPDQCTKL
PROKKA_00006	tr|A5HZZ5|A5HZZ5_CLOBH Hemagglutinin component of the neurotoxin complex OS=Clostridium botulinum (strain Hall / ATCC 3502 / NCTC 13319 / Type A) GN=ha17 PE=1 SV=1 !!!ha17	154	146	22	4	18.18	18	0	45	66	DNAHKREAWGANFMSPDQCTKL
PROKKA_00006	tr|A0A0D1BS75|A0A0D1BS75_CLOBO Hemagglutinin OS=Clostridium botulinum B2 450 GN=N495_19885 PE=4 SV=1 !!! 	154	146	22	4	18.18	18	0	45	66	DNAHKREAWGANFMSPDQCTKL
PROKKA_00006	tr|A0A060N976|A0A060N976_CLOBO Hemagglutinin component HA17 OS=Clostridium botulinum B str. Osaka05 GN=CBO05P2_178 PE=4 SV=1 !!!ha17	154	146	22	4	18.18	18	0	45	66	DNAHKREAWGANFMSPDQCTKL
PROKKA_00006	tr|A0A0E1L447|A0A0E1L447_CLOBO Hemagglutinin component HA-17 OS=Clostridium botulinum CDC_1436 GN=ha-17 PE=4 SV=1 !!!ha17	154	146	22	4	18.18	18	0	45	66	DNAHKREAWGANFMSPDQCTKL
PROKKA_00006	tr|A7GBF8|A7GBF8_CLOBL Toxin complex component ORF-X2 OS=Clostridium botulinum (strain Langeland / NCTC 10281 / Type F) GN=CLI_0846 PE=4 SV=1 !!!ORF-X2	154	750	21	7	33.33	14	0	35	55	LFLEEKGWKVDNAHKREAWGA
PROKKA_00006	tr|B1INP9|B1INP9_CLOBK Hemagglutinin component HA17 OS=Clostridium botulinum (strain Okra / Type B1) GN=ha17 PE=4 SV=1 !!!ha17	154	146	22	4	18.18	18	0	45	66	DNAHKREAWGANFMSPDQCTKL
PROKKA_00008	tr|A5HZZ8|A5HZZ8_CLOBH Type A progenitor toxin nontoxic-nonha OS=Clostridium botulinum (strain Hall / ATCC 3502 / NCTC 13319 / Type A) GN=ntnH PE=4 SV=1 !!!ntnH	263	1193	17	10	58.82	7	0	39	55	YIFENLKSNESIKKILD
PROKKA_00008	tr|C1FUH8|C1FUH8_CLOBJ Botulinum neurotoxin type A2, nontoxic-nonhemagglutinin component, NTNH OS=Clostridium botulinum (strain Kyoto / Type A2) GN=ntnH PE=4 SV=1 !!!ntnH	263	1159	17	10	58.82	7	0	39	55	YIFENLKSNESIKKILD
PROKKA_00008	tr|A0A0C1TY77|A0A0C1TY77_9CLOT Main hemagglutinin component OS=Clostridium argentinense CDC 2741 GN=ha-33 PE=4 SV=1 !!!ha33	263	285	21	8	38.10	13	0	198	218	EDYYWPIDFYINNLEAVGFEN
PROKKA_00008	tr|S8BA68|S8BA68_CLOBO Hemagglutinin component HA70 OS=Clostridium botulinum CFSAN002367 GN=CFSAN002367_15786 PE=4 SV=1 !!!ha70	263	508	42	13	30.95	23	6	221	260	IVEPT--IEKINKPDLNAIEKTYDIECWGSEKNKPPFIIFDV
PROKKA_00008	tr|A5HZZ4|A5HZZ4_CLOBH Hemagglutinin component of the neurotoxin complex OS=Clostridium botulinum (strain Hall / ATCC 3502 / NCTC 13319 / Type A) GN=ha70 PE=1 SV=1 !!!ha70	263	626	42	13	30.95	23	6	221	260	IVEPT--IEKINKPDLNAIEKTYDIECWGSEKNKPPFIIFDV
PROKKA_00008	tr|A0A0B4W4X0|A0A0B4W4X0_CLOBO Hemagglutinin components HA-22/23/53 OS=Clostridium botulinum Prevot_594 GN=ha-70 PE=4 SV=1 !!!ha70	263	626	42	13	30.95	23	6	221	260	IVEPT--IEKINKPDLNAIEKTYDIECWGSEKNKPPFIIFDV
PROKKA_00008	tr|B1INQ0|B1INQ0_CLOBK Hemagglutinin component HA70 OS=Clostridium botulinum (strain Okra / Type B1) GN=ha70 PE=4 SV=1 !!!ha70	263	626	42	13	30.95	23	6	221	260	IVEPT--IEKINKPDLNAIEKTYDIECWGSEKNKPPFIIFDV
PROKKA_00008	tr|A0A060NA10|A0A060NA10_CLOBO Haemagglutinin component HA70 OS=Clostridium botulinum B str. Osaka05 GN=CBO05P2_179 PE=4 SV=1 !!!ha70	263	626	42	13	30.95	23	6	221	260	IVEPT--IEKINKPDLNAIEKTYDIECWGSEKNKPPFIIFDV
PROKKA_00008	tr|B1L2G4|B1L2G4_CLOBM Botulinum neurotoxin type A3, nontoxic-nonhemagglutinin component, NTNH OS=Clostridium botulinum (strain Loch Maree / Type A3) GN=ntnH PE=4 SV=1 !!!ntnH	263	1159	17	10	58.82	7	0	39	55	YIFENLKSNESIKKILD
PROKKA_00008	tr|M1ZPH7|M1ZPH7_CLOBO Hemagglutinin component HA70 OS=Clostridium botulinum CFSAN001627 GN=CFSAN001627_19663 PE=4 SV=1 !!!ha70	263	626	42	13	30.95	23	6	221	260	IVEPT--IEKINKPDLNAIEKTYDIECWGSEKNKPPFIIFDV
PROKKA_00008	tr|A7GBG2|A7GBG2_CLOBL Botulinum neurotoxin type F, nontoxic-nonhemagglutinin component, NTNH OS=Clostridium botulinum (strain Langeland / NCTC 10281 / Type F) GN=ntnH PE=4 SV=1 !!!ntnH	263	1163	17	10	58.82	7	0	39	55	YIFENLKSNESIKKILD
PROKKA_00009	tr|B2TSC2|B2TSC2_CLOBB Putative RNA polymerase sigma factor OS=Clostridium botulinum (strain Eklund 17B / Type B) GN=botR PE=4 SV=1 !!!BotR	405	179	29	9	31.03	20	0	353	381	RSVYHNLENKYPIYGKLYKIADNSNNKLF
PROKKA_00009	tr|A5HZZ8|A5HZZ8_CLOBH Type A progenitor toxin nontoxic-nonha OS=Clostridium botulinum (strain Hall / ATCC 3502 / NCTC 13319 / Type A) GN=ntnH PE=4 SV=1 !!!ntnH	405	1193	38	14	36.84	22	2	219	254	LNELNKDAIESLVLLQ--SMAGKSQANYWPENNDSYIR
PROKKA_00009	tr|B1L2G4|B1L2G4_CLOBM Botulinum neurotoxin type A3, nontoxic-nonhemagglutinin component, NTNH OS=Clostridium botulinum (strain Loch Maree / Type A3) GN=ntnH PE=4 SV=1 !!!ntnH	405	1159	38	13	34.21	23	2	219	254	LNELNKDAIESLVLLQ--SMAGKSQANYWPENNDSYIR
PROKKA_00009	tr|A7GBG2|A7GBG2_CLOBL Botulinum neurotoxin type F, nontoxic-nonhemagglutinin component, NTNH OS=Clostridium botulinum (strain Langeland / NCTC 10281 / Type F) GN=ntnH PE=4 SV=1 !!!ntnH	405	1163	34	12	35.29	20	2	223	254	NKDAIESLVLLQ--SMAGKSQANYWPENNDSYIR
PROKKA_00010	tr|B2TSC3|B2TSC3_CLOBB Botulinum neurotoxin type B OS=Clostridium botulinum (strain Eklund 17B / Type B) GN=ntnH PE=4 SV=1 !!!ntnH	276	1197	73	19	26.03	43	11	124	192	IQSIIYHADILTP--NIPEAERISGYKIKTLEDMEKAAGIIEGMGCKSVLIKGGHYIGDAVDVLY--DGNKFY
PROKKA_00011	tr|B1L2G3|B1L2G3_CLOBM P-47 protein OS=Clostridium botulinum (strain Loch Maree / Type A3) GN=p47 PE=4 SV=1 !!!P-47	77	416	49	17	34.69	31	1	26	73	LMTYEKLEEKVSKIVEANKDSIYKNGVIN-TKLANVLGDLRIDVINKIV
PROKKA_00011	tr|C1FUH7|C1FUH7_CLOBJ P-47 protein OS=Clostridium botulinum (strain Kyoto / Type A2) GN=p47 PE=4 SV=1 !!!P-47	77	416	49	17	34.69	31	1	26	73	LMTYEKLEEKVSKIVEANKDSIYKNGVIN-TKLANVLGDLRIDVINKIV
PROKKA_00011	tr|A0A073CND8|A0A073CND8_CLOBO P-47 protein OS=Clostridium botulinum A2B3 87 GN=N496_18585 PE=4 SV=1 !!!P-47	77	415	49	15	30.61	33	1	26	73	LMTYEKLEEKVSKIVEANKDSIYKNGVIN-TKLANVLGDLRIDVINKIV
PROKKA_00011	tr|A0A073CND8|A0A073CND8_CLOBO P-47 protein OS=Clostridium botulinum A2B3 87 GN=N496_18585 PE=4 SV=1 !!!P-47	77	415	20	8	40.00	12	0	14	33	CLKDLVDLYFEDLMTYEKLE
PROKKA_00011	tr|A0A073CND8|A0A073CND8_CLOBO P-47 protein OS=Clostridium botulinum A2B3 87 GN=N496_18585 PE=4 SV=1 !!!P-47	77	415	20	8	40.00	12	0	51	70	GVINTKLANVLGDLRIDVIN
PROKKA_00011	tr|B2TSB9|B2TSB9_CLOBB Heamagglutinin components HA-70 OS=Clostridium botulinum (strain Eklund 17B / Type B) GN=ha70 PE=4 SV=1 !!!ha70	77	626	67	13	19.40	49	5	1	67	MRKVYKNPKELATCLKDLVDLYFEDLMTYEKLEEKVSKIVEANKDSIYKNGVINTKLANVLGDLRID
PROKKA_00011	tr|B1INQ0|B1INQ0_CLOBK Hemagglutinin component HA70 OS=Clostridium botulinum (strain Okra / Type B1) GN=ha70 PE=4 SV=1 !!!ha70	77	626	67	13	19.40	49	5	1	67	MRKVYKNPKELATCLKDLVDLYFEDLMTYEKLEEKVSKIVEANKDSIYKNGVINTKLANVLGDLRID
PROKKA_00011	tr|A0A060NA10|A0A060NA10_CLOBO Haemagglutinin component HA70 OS=Clostridium botulinum B str. Osaka05 GN=CBO05P2_179 PE=4 SV=1 !!!ha70	77	626	67	13	19.40	49	5	1	67	MRKVYKNPKELATCLKDLVDLYFEDLMTYEKLEEKVSKIVEANKDSIYKNGVINTKLANVLGDLRID
PROKKA_00011	tr|A0A0B4W4X0|A0A0B4W4X0_CLOBO Hemagglutinin components HA-22/23/53 OS=Clostridium botulinum Prevot_594 GN=ha-70 PE=4 SV=1 !!!ha70	77	626	67	13	19.40	49	5	1	67	MRKVYKNPKELATCLKDLVDLYFEDLMTYEKLEEKVSKIVEANKDSIYKNGVINTKLANVLGDLRID
PROKKA_00011	tr|M1ZPH7|M1ZPH7_CLOBO Hemagglutinin component HA70 OS=Clostridium botulinum CFSAN001627 GN=CFSAN001627_19663 PE=4 SV=1 !!!ha70	77	626	67	13	19.40	49	5	1	67	MRKVYKNPKELATCLKDLVDLYFEDLMTYEKLEEKVSKIVEANKDSIYKNGVINTKLANVLGDLRID
PROKKA_00011	tr|A5HZZ4|A5HZZ4_CLOBH Hemagglutinin component of the neurotoxin complex OS=Clostridium botulinum (strain Hall / ATCC 3502 / NCTC 13319 / Type A) GN=ha70 PE=1 SV=1 !!!ha70	77	626	67	13	19.40	49	5	1	67	MRKVYKNPKELATCLKDLVDLYFEDLMTYEKLEEKVSKIVEANKDSIYKNGVINTKLANVLGDLRID
PROKKA_00011	tr|M1ZUL7|M1ZUL7_CLOBO P-47 protein OS=Clostridium botulinum CFSAN001627 GN=CFSAN001627_20700 PE=4 SV=1 !!!P-47	77	416	20	8	40.00	12	0	14	33	CLKDLVDLYFEDLMTYEKLE
PROKKA_00011	tr|C5UY11|C5UY11_CLOBO Toxin complex component ORF-X2 OS=Clostridium botulinum E1 str. 'BoNT E Beluga' GN=CLO_2648 PE=4 SV=1 !!!ORF-X2	77	748	29	10	34.48	19	0	11	39	LATCLKDLVDLYFEDLMTYEKLEEKVSKI
PROKKA_00011	tr|B1BE43|B1BE43_CLOBO Botulinum neurotoxin type C, nontoxic-nonhemagglutinin component NTNH OS=Clostridium botulinum C str. Eklund GN=CBC_A0166 PE=4 SV=1 !!!ntnH	77	1196	36	11	30.56	18	7	20	54	DLYFED-LMTYEKLEEKVSKIVEANKDSIYKNGVIN
PROKKA_00011	tr|A0A0E1L2H2|A0A0E1L2H2_CLOBO Hemagglutinin components HA-22/23/53 OS=Clostridium botulinum CDC_1436 GN=ha-70 PE=4 SV=1 !!!ha70	77	626	67	12	17.91	50	5	1	67	MRKVYKNPKELATCLKDLVDLYFEDLMTYEKLEEKVSKIVEANKDSIYKNGVINTKLANVLGDLRID
PROKKA_00011	tr|C4IHM0|C4IHM0_CLOBU Botulinum neurotoxin type E, nontoxic-nonhemagglutinin component, NTNH OS=Clostridium butyricum E4 str. BoNT E BL5262 GN=ntnH PE=4 SV=1 !!!ntnH	77	1163	24	11	45.83	11	2	48	71	YKNGVINTKLANVLGDLRIDVINK
PROKKA_00011	tr|A0A0X1KH90|A0A0X1KH90_CLOBA Botulinum neurotoxin type E, nontoxic-nonhemagglutinin component, NTNH OS=Clostridium botulinum (strain Alaska E43 / Type E3) PE=1 SV=1 !!!ntnH	77	1163	24	11	45.83	11	2	48	71	YKNGVINTKLANVLGDLRIDVINK
PROKKA_00011	tr|C5UY14|C5UY14_CLOBO Botulinum neurotoxin type E1, nontoxic-nonhemagglutinin component, NTNH OS=Clostridium botulinum E1 str. 'BoNT E Beluga' GN=ntnH PE=4 SV=1 !!!ntnH	77	1163	24	11	45.83	11	2	48	71	YKNGVINTKLANVLGDLRIDVINK
PROKKA_00011	tr|C5VU80|C5VU80_CLOBO Botulinum neurotoxin type D, nontoxic-nonhemagglutinin component, NTNH OS=Clostridium botulinum D str. 1873 GN=ntnH PE=4 SV=1 !!!ntnH	77	1196	36	10	27.78	19	7	20	54	DLYFED-LMTYEKLEEKVSKIVEANKDSIYKNGVIN
PROKKA_00012	tr|C1FUH3|C1FUH3_CLOBJ Toxin complex component ORF-X3 OS=Clostridium botulinum (strain Kyoto / Type A2) GN=CLM_0891 PE=4 SV=1 !!!ORF-X3	155	490	55	18	32.73	25	12	78	120	GEKAGKKLQEKTGK------KGLFWGLLIFVAIPAPGTGAWT------GTLAASL
PROKKA_00012	tr|A7GBF7|A7GBF7_CLOBL Toxin complex component ORF-X3 OS=Clostridium botulinum (strain Langeland / NCTC 10281 / Type F) GN=CLI_0845 PE=4 SV=1 !!!ORF-X3	155	490	55	18	32.73	25	12	78	120	GEKAGKKLQEKTGK------KGLFWGLLIFVAIPAPGTGAWT------GTLAASL
PROKKA_00013	tr|A0A060N6G5|A0A060N6G5_CLOBO Nontoxic-nonhemagglutinin component, NTNH OS=Clostridium botulinum B str. Osaka05 GN=CBO05P2_175 PE=4 SV=1 !!!ntnH	263	1197	36	10	27.78	26	0	163	198	LDESLSGLDANSVLVFKEVLSKLASEGKTIFYSSHI
PROKKA_00013	tr|B1INP6|B1INP6_CLOBK Botulinum neurotoxin type B1, nontoxic-nonhemagglutinin component, NTNH OS=Clostridium botulinum (strain Okra / Type B1) GN=ntnH PE=4 SV=1 !!!ntnH	263	1197	35	10	28.57	25	0	163	197	LDESLSGLDANSVLVFKEVLSKLASEGKTIFYSSH
PROKKA_00013	tr|B2TSC3|B2TSC3_CLOBB Botulinum neurotoxin type B OS=Clostridium botulinum (strain Eklund 17B / Type B) GN=ntnH PE=4 SV=1 !!!ntnH	263	1197	36	10	27.78	26	0	163	198	LDESLSGLDANSVLVFKEVLSKLASEGKTIFYSSHI
PROKKA_00014	tr|A5HZZ8|A5HZZ8_CLOBH Type A progenitor toxin nontoxic-nonha OS=Clostridium botulinum (strain Hall / ATCC 3502 / NCTC 13319 / Type A) GN=ntnH PE=4 SV=1 !!!ntnH	75	1193	13	6	46.15	7	0	36	48	NSDFLKVFFLFSF
PROKKA_00014	tr|C1FUH8|C1FUH8_CLOBJ Botulinum neurotoxin type A2, nontoxic-nonhemagglutinin component, NTNH OS=Clostridium botulinum (strain Kyoto / Type A2) GN=ntnH PE=4 SV=1 !!!ntnH	75	1159	13	6	46.15	7	0	36	48	NSDFLKVFFLFSF
PROKKA_00014	tr|B1L2G4|B1L2G4_CLOBM Botulinum neurotoxin type A3, nontoxic-nonhemagglutinin component, NTNH OS=Clostridium botulinum (strain Loch Maree / Type A3) GN=ntnH PE=4 SV=1 !!!ntnH	75	1159	13	6	46.15	7	0	36	48	NSDFLKVFFLFSF
