PROKKA_00001	tr|A7GBF8|A7GBF8_CLOBL Toxin complex component ORF-X2 OS=Clostridium botulinum (strain Langeland / NCTC 10281 / Type F) GN=CLI_0846 PE=4 SV=1 !!!ORF-X2	751	750	750	750	100.00	0	0	1	750	MNNLKPFIYYDWQKTILKNTKENYSINEIIPKTFFMELHGTKITNSTLNGTWKAWNLTDEGEGSHPVLKCIIDDGYLDMNFGASSEKISLKNVWIKLCMKINPNSDGTYSIPEKSSSFYIKDNSLKISKDNLILDKYLNKLMLSYFKNNIKNIEMFINKSRIQTKVVGDLSLLGWNTENSVSFRTMNEFIKKDNLYPKDFKAVYSYRKMTFTATGTFDSWKMTTGADGRNIRFKCPIKSATYDLDGDVFNSSTENFLLIQVDLTYFDSKTTINDPTGENDGKQFNLKIKTNDDKLKNVLIVDYNLTDTDGSMISEDKDFLSLAFRNWFNENIQQFEQIFAYILLDETAKIPEYQWLKPTQISYGSTSVETANDEPDLDASIFSAMSMVENNTNSTPSHAVDNRMLQLTKTQAAFGISFPLFIEHFLKQALLSSQFISVDDIVADINTLTITNNKQIIFGKVENSDGKNVDSSLKPGKLKLSLQNNLIVLELFDLTWEQGRGVTGHFDFRQEYELALESKSGKQIPILKVHDEPEIEYYVEEAQWKTNENMIVSAVVGTVFSMILGAGIKLAGSALSKAGKLIRSKATTIKGRKKIYINRSNVRQLRKDSGVTEIELQRINRRNSSIAAEDARLISNNGTTSIQTLGDMKKKPMSTGQRIAIGAKKIAGTALMFGAVSLGMNFGEMLINYINAMENNDYNAIPGINSFMQQCIGAMQWPDKDSELKVTFGKLQGIYLLGGTLEKNNKPNSK
PROKKA_00001	tr|C5UY11|C5UY11_CLOBO Toxin complex component ORF-X2 OS=Clostridium botulinum E1 str. 'BoNT E Beluga' GN=CLO_2648 PE=4 SV=1 !!!ORF-X2	751	748	752	384	51.06	350	18	1	743	MNNLKPFIYYDWQKTILKNTKENYSINEIIPKTFFMELHGTKITNSTLNGTWKAWNLTDEGEGSHPVLKCIIDDGYLDMNFGASSEKISLKNVWIKLCMKINPNSDGTYSIPEKSSSFYIKDNSLKISKDNLILDKYLNKLMLSYFKNNIKNIEMFINKSRIQTKVVGDLSLLGWNTENSVSFRTMNEFIKKDNLYPKDFKAVYSYRKMTFTATGTFDSWKMTTGADGRNIRFKCPIKSATYDLDGDVFNSSTENFLLIQVDLTYFDSKTTINDPTGENDGKQFNLKIKTND-DKLKNVLIVDYNLTDTDGSMISEDKDFLSLAFRNWFNENIQQFEQIFAYILLDETAKIPEYQWLKPTQISYGSTSVETAN------DEPDLDASIFSAMSMVENNTNSTPSHAVDNRMLQLTKTQAAFGISFPLFIEHFLKQALLSSQFISVDDIVADINTLTITNNKQIIFGKVENSDGKNVDSSLKPGKLKLSLQNNLIVLELFDLTWEQGRGVTGHFDFRQEYELALESKSGKQIPILKVHDEPEIEYYVEEAQWKTNENMIVSAVVGTVFSMILGAGIKLAGSALS-KAGKLIRSKATTIKGRKKIYINRSNVRQLRKDSGVTEIELQRINRRNSSIAAEDARLISNNGTTSIQTLGDMKKKPMSTGQRIAI-GAKKIAGTALMFGAVSLGMNFGEMLINYINAMENNDYNAIPGINSFMQQCIGAMQWPDKDSELKVTFGKLQGIYLLGGTLEK
PROKKA_00001	tr|A0A059PYB0|A0A059PYB0_9CLOT Toxin complex component ORF-X2 OS=Clostridium baratii PE=4 SV=1 !!!ORF-X2	751	748	756	385	50.93	357	14	1	750	MNNLKPFIYYDWQKTILKNTKENYSINEIIPKTFFMELHGTKITNSTLNGTWKAWNLTDEGEGSHPVLKCIIDDGYLDMNFGASSEKISLKNVWIKLCMKINPNSDGTYSIPEKSSSFYIKDNSLKISKDNLILDKYLNKLMLSYFKNNIKNIEMFINKSRIQTKVVGDLSLLGWNTENSVSFRTMNEFIKKDNLYPKDFKAVYSYRKMTFTATGTFDSWKMTTGADGRNIRFKCPIKSATYDLDGDVFNSSTENFLLIQVDLTYFDSKTTINDPTGENDGKQFNLKIKT-NDDKLKNVLIVDYNLTDTDGSMISEDKDFLSLAFRNWFNENIQQFEQIFAYILLDETAKIPEYQWLKPTQISYGSTSVETANDE----PDLDASIFSAMSMVENNTNSTPSHAVDNRMLQLTKTQAAFGISFPLFIEHFLKQALLSSQFISVDDIVADINTLTITNNKQIIFGKVENSDGKNVDSSLKPGKLKLSLQNNLIVLELFDLTWEQGRGVTGHFDFRQEYELALESKSGKQIPILKVHDEPEIEYYVEEAQWKTNENMIVSAVVGTVFSMILGAGIKLAGSALSKAGKLIRSKATTIKGRKKIYINRSNVRQLRKDSGVTEIELQRINRRNSSIAAEDARLISNNGTTSIQTLGDMKKKPMSTGQRIAI-GAKKIAGTALMFGAVSLGMNFGEMLINYINAMENNDYNAIPGINSFMQQCIGAMQWPDKDSELKVTFGKLQGIYLLGGTLEKNNKPNSK
PROKKA_00001	tr|C5UY10|C5UY10_CLOBO Toxin complex component ORF-X3 OS=Clostridium botulinum E1 str. 'BoNT E Beluga' GN=CLO_2647 PE=4 SV=1 !!!ORF-X3	751	487	282	73	25.89	166	43	173	433	LGWNTENSVSFRTMNEFIKKDNLYPKDFKAVYSYRKMTFTATGTFDSWKMTTGADGRNIRFKCPIKSATYDLDGDVFNSSTENF----LLIQVDLTYFDSKTTINDPTGEN-DGKQFNLKIKTNDDKLKNVLIV---------------DYNLTDTDGSMISEDKDFLSLAFRNWFNENIQQFEQIFAYILLDETAKIPE-YQWLKPTQISYGSTSVETANDEPDLDASIFSAMSMVENNTNSTPSHAVDNRMLQLTKTQAAFGISFPLFIEHFLKQALLSS
PROKKA_00001	tr|C5UY10|C5UY10_CLOBO Toxin complex component ORF-X3 OS=Clostridium botulinum E1 str. 'BoNT E Beluga' GN=CLO_2647 PE=4 SV=1 !!!ORF-X3	751	487	44	15	34.09	25	4	31	74	PKTFFMELHGTKITNSTLNGTWKAWNLTDEGEGSHPVLKCIIDD
PROKKA_00001	tr|A0A0A7FV57|A0A0A7FV57_9CLOT Clostridium P-47 family protein OS=Clostridium baratii str. Sullivan GN=U729_696 PE=4 SV=1 !!!P-47	751	491	282	67	23.76	176	39	173	433	LGWNTENSVSFRTMNEFIKKDNLYPKDFKAVYSYRKMTFTATGTFDSWKMTTGADGRNIRFKCPIKSATYDLDGDVFNSSTENF----LLIQVDLTYFDSKTTINDPTGENDGKQF-NLKIKTNDDKLKN---VLIVDYNLTD--------TDGSMISEDKDFLSLAF----RNWFNENIQQFEQIFAYILLD-ETAKIPEYQWLKPTQISYGSTSVETANDEPDLDASIFSAMSMVENNTNSTPSHAVDNRMLQLTKTQAAFGISFPLFIEHFLKQALLSS
PROKKA_00001	tr|A0A0A7FV57|A0A0A7FV57_9CLOT Clostridium P-47 family protein OS=Clostridium baratii str. Sullivan GN=U729_696 PE=4 SV=1 !!!P-47	751	491	83	24	28.92	48	11	667	745	AGTALMFGAVSLGMNFGEMLINYINAM----ENNDYNAIPGINSFMQQCIGAMQWPDKDSELKVTFGKLQGIYLLGGTLEKNN
PROKKA_00001	tr|A7GBF7|A7GBF7_CLOBL Toxin complex component ORF-X3 OS=Clostridium botulinum (strain Langeland / NCTC 10281 / Type F) GN=CLI_0845 PE=4 SV=1 !!!ORF-X3	751	490	448	105	23.44	284	59	173	584	LGWNTENSVSFRTMNEFIKKDNLYPKDFKAVYSYRKMTFTATGTFDSWKMTTGADGRNIRFKCPIKSATYDLDGDVFNSSTENF----LLIQVDLTYFDSKTTINDPTGENDGKQF-NLKIKTNDDKLKNVLIVD----------YNLTDTDGSMISEDKDFLSLAF----RNWFNENIQQFEQIFAYILLD-ETAKIPEYQWLKPTQISYGSTSVETANDEPDLDASIFSAMSMVENNTNSTPSHAVDNRMLQLTKTQAAFGISFPLFIEHFLKQALLSSQFISVDDIVADIN----------TLTITNNKQIIFGKVENSDGKNVDSSLKPGKLKLSLQNNLIVLE---LFDLTWEQGRGVTGHFDFRQEYELALE-SKSGKQIPILKVHDEPEIEYYVEEAQWKTNENM--IVSAVVGTVFSMILGAGIKLAGSALSKAGKLIRS
PROKKA_00001	tr|A7GBF7|A7GBF7_CLOBL Toxin complex component ORF-X3 OS=Clostridium botulinum (strain Langeland / NCTC 10281 / Type F) GN=CLI_0845 PE=4 SV=1 !!!ORF-X3	751	490	104	28	26.92	61	15	642	745	IQTLGDMKKKPMSTGQRIAIGAKKIAGTALMFGAVSLGMNFGEMLINYINAMENNDYNAIPGINSFMQQCIGAMQWPDKDSELKVTFGKLQGIYLLGGTLEKNN
PROKKA_00001	tr|A0A059PY44|A0A059PY44_9CLOT Toxin complex component ORF-X3 OS=Clostridium baratii PE=4 SV=1 !!!ORF-X3	751	491	282	67	23.76	176	39	173	433	LGWNTENSVSFRTMNEFIKKDNLYPKDFKAVYSYRKMTFTATGTFDSWKMTTGADGRNIRFKCPIKSATYDLDGDVFNSSTENF----LLIQVDLTYFDSKTTINDPTGENDGKQF-NLKIKTNDDKLKN---VLIVDYNLTD--------TDGSMISEDKDFLSLAF----RNWFNENIQQFEQIFAYILLD-ETAKIPEYQWLKPTQISYGSTSVETANDEPDLDASIFSAMSMVENNTNSTPSHAVDNRMLQLTKTQAAFGISFPLFIEHFLKQALLSS
PROKKA_00001	tr|A0A059PY44|A0A059PY44_9CLOT Toxin complex component ORF-X3 OS=Clostridium baratii PE=4 SV=1 !!!ORF-X3	751	491	83	24	28.92	48	11	667	745	AGTALMFGAVSLGMNFGEMLINYINAM----ENNDYNAIPGINSFMQQCIGAMQWPDKDSELKVTFGKLQGIYLLGGTLEKNN
PROKKA_00001	tr|C1FUH3|C1FUH3_CLOBJ Toxin complex component ORF-X3 OS=Clostridium botulinum (strain Kyoto / Type A2) GN=CLM_0891 PE=4 SV=1 !!!ORF-X3	751	490	479	111	23.17	307	61	173	614	LGWNTENSVSFRTMNEFIKKDNLYPKDFKAVYSYRKMTFTATGTFDSWKMTTGADGRNIRFKCPIKSATYDLDGDVFNSSTENF----LLIQVDLTYFDSKTTINDPTGENDGKQF-NLKIKTNDDKLKNVLIVD----------YNLTDTDGSMISEDKDFLSLAF----RNWFNENIQQFEQIFAYILLD-ETAKIPEYQWLKPTQISYGSTSVETANDEPDLDASIFSAMSMVENNTNS-TPSHAVDNRMLQLTKTQAAFGISFPLFIEHFLKQALLSSQFISVDDIVADIN----------TLTITNNKQIIFGKVENSDGKNVDSSLKPGKLKLSLQNNLIVLE---LFDLTWEQGRGVTGHFDFRQEYELALE-SKSGKQIPILKVHDEPEIEYYVEEAQWKTNENM--IVSAVVGTVFSMILGAGIKLAGSALSKAGKLIRSKATTIKGRKKIYINRSNVRQLRKDSGVTEI
PROKKA_00001	tr|C1FUH3|C1FUH3_CLOBJ Toxin complex component ORF-X3 OS=Clostridium botulinum (strain Kyoto / Type A2) GN=CLM_0891 PE=4 SV=1 !!!ORF-X3	751	490	104	29	27.88	60	15	642	745	IQTLGDMKKKPMSTGQRIAIGAKKIAGTALMFGAVSLGMNFGEMLINYINAMENNDYNAIPGINSFMQQCIGAMQWPDKDSELKVTFGKLQGIYLLGGTLEKNN
PROKKA_00001	tr|B1L2F9|B1L2F9_CLOBM Toxin complex component ORF-X3 OS=Clostridium botulinum (strain Loch Maree / Type A3) GN=CLK_A0070 PE=4 SV=1 !!!ORF-X3	751	490	242	61	25.21	147	34	173	394	LGWNTENSVSFRTMNEFIKKDNLYPKDFKAVYSYRKMTFTATGTFDSWKMTTGADGRNIRFKCPIKSATYDLDGDVFNSSTENF----LLIQVDLTYFDSKTTINDPTGENDGKQF-NLKIKTNDDKLKNVLIVD----------YNLTDTDGSMISEDKDFLSLAF----RNWFNENIQQFEQIFAYILLD-ETAKIPEYQWLKPTQISYGSTSVETANDEPDLDASIFSAMSMVENNTNS
PROKKA_00001	tr|B1L2F9|B1L2F9_CLOBM Toxin complex component ORF-X3 OS=Clostridium botulinum (strain Loch Maree / Type A3) GN=CLK_A0070 PE=4 SV=1 !!!ORF-X3	751	490	104	29	27.88	60	15	642	745	IQTLGDMKKKPMSTGQRIAIGAKKIAGTALMFGAVSLGMNFGEMLINYINAMENNDYNAIPGINSFMQQCIGAMQWPDKDSELKVTFGKLQGIYLLGGTLEKNN
PROKKA_00001	tr|A7GBG1|A7GBG1_CLOBL P-47 protein OS=Clostridium botulinum (strain Langeland / NCTC 10281 / Type F) GN=p47 PE=4 SV=1 !!!P-47	751	416	260	67	25.77	167	26	174	433	GWNTENSVSFRTMNEFIKKDNLYPKDFKAVYSYRKMTFTATGTFDSWKMTTGADGRNIRFKCPIKSATYDLDGDVFNSSTENFLLIQVDLTYFDSKTTINDPTGENDGKQFNLKIKTNDDKLKNVLIVDYNLTDTDGSMISEDKDFLSLAFRNWFNENIQQFEQIFAYILLDETAKIPEYQWLKPTQISYGSTSVETANDEPDLDASIFSAMSMVENNTNSTPSHAVDNRMLQLTKTQAAFGISFPLFIEHFLKQALLSS
PROKKA_00001	tr|M1ZUL7|M1ZUL7_CLOBO P-47 protein OS=Clostridium botulinum CFSAN001627 GN=CFSAN001627_20700 PE=4 SV=1 !!!P-47	751	416	261	67	25.67	166	28	174	433	GWNTENSVSFRTMNEFIKKDNLYPKDFKAVYSYRKMTFTATGTFDSWKMTTGADGRNIRFKCPIKSATYDLDGDVFNSSTENFLLIQVDLTYFDSKTTINDPTGENDGK-QFNLKIKTNDDKLKNVLIVDYNLTDTDGSMISEDKDFLSLAFRNWFNENIQQFEQIFAYILLDETAKIPEYQWLKPTQISYGSTSVETANDEPDLDASIFSAMSMVENNTNSTPSHAVDNRMLQLTKTQAAFGISFPLFIEHFLKQALLSS
PROKKA_00001	tr|C1FUH7|C1FUH7_CLOBJ P-47 protein OS=Clostridium botulinum (strain Kyoto / Type A2) GN=p47 PE=4 SV=1 !!!P-47	751	416	265	69	26.04	160	36	174	433	GWNTENSVSFRTMN----EFIKKDNLYPKDFKAVYSYRKMTFTATGTFDSWKMTTGADGRNIRFKCPIKSATYDLDGDVFNSSTENFLLIQVDLTYFDSKTTINDPTGENDGK-QFNLKIKTNDDKLKNVLIVDYNLTDTDGSMISEDKDFLSLAFRNWFNENIQQFEQIFAYILLDETAKIPEYQWLKPTQISYGSTSVETANDEPDLDASIFSAMSMVENNTNSTPSHAVDNRMLQLTKTQAAFGISFPLFIEHFLKQALLSS
PROKKA_00001	tr|A0A073CND8|A0A073CND8_CLOBO P-47 protein OS=Clostridium botulinum A2B3 87 GN=N496_18585 PE=4 SV=1 !!!P-47	751	415	261	65	24.90	168	28	174	433	GWNTENSVSFRTMNEFIKKDNLYPKDFKAVYSYRKMTFTATGTFDSWKMTTGADGRNIRFKCPIKSATYDLDGDVFNSSTENFLLIQVDLTYFDSKTTINDPTGENDGK-QFNLKIKTNDDKLKNVLIVDYNLTDTDGSMISEDKDFLSLAFRNWFNENIQQFEQIFAYILLDETAKIPEYQWLKPTQISYGSTSVETANDEPDLDASIFSAMSMVENNTNSTPSHAVDNRMLQLTKTQAAFGISFPLFIEHFLKQALLSS
PROKKA_00001	tr|B1L2G3|B1L2G3_CLOBM P-47 protein OS=Clostridium botulinum (strain Loch Maree / Type A3) GN=p47 PE=4 SV=1 !!!P-47	751	416	257	67	26.07	154	36	174	425	GWNTENSVSFRTMN----EFIKKDNLYPKDFKAVYSYRKMTFTATGTFDSWKMTTGADGRNIRFKCPIKSATYDLDGDVFNSSTENFLLIQVDLTYFDSKTTINDPTGENDGK-QFNLKIKTNDDKLKNVLIVDYNLTDTDGSMISEDKDFLSLAFRNWFNENIQQFEQIFAYILLDETAKIPEYQWLKPTQISYGSTSVETANDEPDLDASIFSAMSMVENNTNSTPSHAVDNRMLQLTKTQAAFGISFPLFIEHF
PROKKA_00001	tr|C5UY13|C5UY13_CLOBO P-47 protein OS=Clostridium botulinum E1 str. 'BoNT E Beluga' GN=p47 PE=4 SV=1 !!!P-47	751	416	269	65	24.16	162	42	174	434	GWNTENSVSFRTMNEFIKKDNLYPKDFKAVYSYRKMTFTATGTFDSWKMTTGADGRNIRFKCPIK-------SATYDLDGDVFNSSTENFLLIQVDLTYFDSKTTINDPTGENDGK-QFNLKIKTNDDKLKNVLIVDYNLTDTDGSMISEDKDFLSLAFRNWFNENIQQFEQIFAYILLDETAKIPEYQWLKPTQISYGSTSVETANDEPDLDASIFSAMSMVENNTNSTPSHAVDNRMLQLTKTQAAFGISFPLFIEHFLKQALLSSQ
PROKKA_00001	tr|C5UY13|C5UY13_CLOBO P-47 protein OS=Clostridium botulinum E1 str. 'BoNT E Beluga' GN=p47 PE=4 SV=1 !!!P-47	751	416	31	10	32.26	21	0	137	167	YLNKLMLSYFKNNIKNIEMFINKSRIQTKVV
PROKKA_00001	tr|C4IHM0|C4IHM0_CLOBU Botulinum neurotoxin type E, nontoxic-nonhemagglutinin component, NTNH OS=Clostridium butyricum E4 str. BoNT E BL5262 GN=ntnH PE=4 SV=1 !!!ntnH	751	1163	36	15	41.67	18	3	692	727	AMENNDYNAIPGINSFMQQCIGAMQWPDKDSELKVT
PROKKA_00001	tr|A0A0X1KH90|A0A0X1KH90_CLOBA Botulinum neurotoxin type E, nontoxic-nonhemagglutinin component, NTNH OS=Clostridium botulinum (strain Alaska E43 / Type E3) PE=1 SV=1 !!!ntnH	751	1163	36	15	41.67	18	3	692	727	AMENNDYNAIPGINSFMQQCIGAMQWPDKDSELKVT
PROKKA_00001	tr|C5UY14|C5UY14_CLOBO Botulinum neurotoxin type E1, nontoxic-nonhemagglutinin component, NTNH OS=Clostridium botulinum E1 str. 'BoNT E Beluga' GN=ntnH PE=4 SV=1 !!!ntnH	751	1163	36	15	41.67	18	3	692	727	AMENNDYNAIPGINSFMQQCIGAMQWPDKDSELKVT
PROKKA_00001	tr|B2TSC3|B2TSC3_CLOBB Botulinum neurotoxin type B OS=Clostridium botulinum (strain Eklund 17B / Type B) GN=ntnH PE=4 SV=1 !!!ntnH	751	1197	19	9	47.37	10	0	697	715	DYNAIPGINSFMQQCIGAM
PROKKA_00001	tr|A0A060N6G5|A0A060N6G5_CLOBO Nontoxic-nonhemagglutinin component, NTNH OS=Clostridium botulinum B str. Osaka05 GN=CBO05P2_175 PE=4 SV=1 !!!ntnH	751	1197	19	9	47.37	10	0	697	715	DYNAIPGINSFMQQCIGAM
PROKKA_00001	tr|B1INP6|B1INP6_CLOBK Botulinum neurotoxin type B1, nontoxic-nonhemagglutinin component, NTNH OS=Clostridium botulinum (strain Okra / Type B1) GN=ntnH PE=4 SV=1 !!!ntnH	751	1197	19	9	47.37	10	0	697	715	DYNAIPGINSFMQQCIGAM
PROKKA_00001	tr|A5HZZ8|A5HZZ8_CLOBH Type A progenitor toxin nontoxic-nonha OS=Clostridium botulinum (strain Hall / ATCC 3502 / NCTC 13319 / Type A) GN=ntnH PE=4 SV=1 !!!ntnH	751	1193	29	11	37.93	18	0	699	727	NAIPGINSFMQQCIGAMQWPDKDSELKVT
PROKKA_00001	tr|A0A059PYE4|A0A059PYE4_9CLOT Toxin OS=Clostridium baratii GN=UC77_04385 PE=4 SV=1 !!! 	751	140	45	13	28.89	30	2	586	630	ATTIKGRKKIYINRSNVRQLRKDSGVTEIELQRINRRNSSIAAED
PROKKA_00001	tr|A0A0A7FVW8|A0A0A7FVW8_9CLOT Putative oRF-X1 OS=Clostridium baratii str. Sullivan GN=U729_698 PE=4 SV=1 !!!ORF-X1	751	140	45	13	28.89	30	2	586	630	ATTIKGRKKIYINRSNVRQLRKDSGVTEIELQRINRRNSSIAAED
PROKKA_00001	tr|B1L2G4|B1L2G4_CLOBM Botulinum neurotoxin type A3, nontoxic-nonhemagglutinin component, NTNH OS=Clostridium botulinum (strain Loch Maree / Type A3) GN=ntnH PE=4 SV=1 !!!ntnH	751	1159	15	8	53.33	7	0	699	713	NAIPGINSFMQQCIG
PROKKA_00002	tr|A7GBF9|A7GBF9_CLOBL Toxin complex component ORF-X1 OS=Clostridium botulinum (strain Langeland / NCTC 10281 / Type F) GN=CLI_0847 PE=4 SV=1 !!!ORF-X1	143	142	142	142	100.00	0	0	1	142	MKQTFSFNFDDTLSNSSGLIHLEKVNQNCSPNYQYFKIKFIEGYLHIKNKSGDILEKYDLKDLISLIALKKDYLKLSSPNNKKPKDFTNIKNKHLENKFNLYIINEDINGKITKNGFLEEIILNRLLLSILLGNEENLLQIA
PROKKA_00002	tr|C1FUH5|C1FUH5_CLOBJ Toxin complex component ORF-X1 OS=Clostridium botulinum (strain Kyoto / Type A2) GN=CLM_0893 PE=4 SV=1 !!!ORF-X1	143	142	142	133	93.66	9	0	1	142	MKQTFSFNFDDTLSNSSGLIHLEKVNQNCSPNYQYFKIKFIEGYLHIKNKSGDILEKYDLKDLISLIALKKDYLKLSSPNNKKPKDFTNIKNKHLENKFNLYIINEDINGKITKNGFLEEIILNRLLLSILLGNEENLLQIA
PROKKA_00002	tr|B1L2G1|B1L2G1_CLOBM Toxin complex component ORF-X1 OS=Clostridium botulinum (strain Loch Maree / Type A3) GN=CLK_A0072 PE=4 SV=1 !!!ORF-X1	143	142	142	133	93.66	9	0	1	142	MKQTFSFNFDDTLSNSSGLIHLEKVNQNCSPNYQYFKIKFIEGYLHIKNKSGDILEKYDLKDLISLIALKKDYLKLSSPNNKKPKDFTNIKNKHLENKFNLYIINEDINGKITKNGFLEEIILNRLLLSILLGNEENLLQIA
PROKKA_00002	tr|C5UY12|C5UY12_CLOBO Toxin complex component ORF-X1 OS=Clostridium botulinum E1 str. 'BoNT E Beluga' GN=CLO_2649 PE=4 SV=1 !!!ORF-X1	143	144	142	106	74.65	36	0	1	142	MKQTFSFNFDDTLSNSSGLIHLEKVNQNCSPNYQYFKIKFIEGYLHIKNKSGDILEKYDLKDLISLIALKKDYLKLSSPNNKKPKDFTNIKNKHLENKFNLYIINEDINGKITKNGFLEEIILNRLLLSILLGNEENLLQIA
PROKKA_00002	tr|C4IHL7|C4IHL7_CLOBU Toxin complex component ORF-X1 OS=Clostridium butyricum E4 str. BoNT E BL5262 GN=CLP_2748 PE=4 SV=1 !!!ORF-X1	143	144	142	106	74.65	36	0	1	142	MKQTFSFNFDDTLSNSSGLIHLEKVNQNCSPNYQYFKIKFIEGYLHIKNKSGDILEKYDLKDLISLIALKKDYLKLSSPNNKKPKDFTNIKNKHLENKFNLYIINEDINGKITKNGFLEEIILNRLLLSILLGNEENLLQIA
PROKKA_00002	tr|A0A059PYE4|A0A059PYE4_9CLOT Toxin OS=Clostridium baratii GN=UC77_04385 PE=4 SV=1 !!! 	143	140	142	90	63.38	50	2	1	142	MKQTFSFNFDDTLSNSSGLIHLEKVNQNCSPNYQYFKIKFIEGYLHIKNKSGDILEKYDLKDLISLIALKKDYLKLSSPNNKKPKDFTNIKNKHLENKFNLYIINEDINGKITKNGFLEEIILNRLLLSILLGNEENLLQIA
PROKKA_00002	tr|A0A0A7FVW8|A0A0A7FVW8_9CLOT Putative oRF-X1 OS=Clostridium baratii str. Sullivan GN=U729_698 PE=4 SV=1 !!!ORF-X1	143	140	142	90	63.38	50	2	1	142	MKQTFSFNFDDTLSNSSGLIHLEKVNQNCSPNYQYFKIKFIEGYLHIKNKSGDILEKYDLKDLISLIALKKDYLKLSSPNNKKPKDFTNIKNKHLENKFNLYIINEDINGKITKNGFLEEIILNRLLLSILLGNEENLLQIA
PROKKA_00002	tr|M1ZUL7|M1ZUL7_CLOBO P-47 protein OS=Clostridium botulinum CFSAN001627 GN=CFSAN001627_20700 PE=4 SV=1 !!!P-47	143	416	113	33	29.20	65	15	30	141	SPNYQYFKIKFIEGYLHIKNKSGDILEKYDLKDLISLIALKKDYL-KLSSPNNKKPKDFTNIKNKHLENKFNLYIINEDINGKITKNGFLEEIILNRLLLSILLGNEENLLQI
PROKKA_00002	tr|A7GBG1|A7GBG1_CLOBL P-47 protein OS=Clostridium botulinum (strain Langeland / NCTC 10281 / Type F) GN=p47 PE=4 SV=1 !!!P-47	143	416	113	33	29.20	65	15	30	141	SPNYQYFKIKFIEGYLHIKNKSGDILEKYDLKDLISLIALKKDYL-KLSSPNNKKPKDFTNIKNKHLENKFNLYIINEDINGKITKNGFLEEIILNRLLLSILLGNEENLLQI
PROKKA_00002	tr|A0A073CND8|A0A073CND8_CLOBO P-47 protein OS=Clostridium botulinum A2B3 87 GN=N496_18585 PE=4 SV=1 !!!P-47	143	415	113	32	28.32	66	15	30	141	SPNYQYFKIKFIEGYLHIKNKSGDILEKYDLKDLISLIALKKDYLK-LSSPNNKKPKDFTNIKNKHLENKFNLYIINEDINGKITKNGFLEEIILNRLLLSILLGNEENLLQI
PROKKA_00002	tr|B1L2G3|B1L2G3_CLOBM P-47 protein OS=Clostridium botulinum (strain Loch Maree / Type A3) GN=p47 PE=4 SV=1 !!!P-47	143	416	114	32	28.07	65	17	30	141	SPNYQYFKIKFIEGYLHIKNKSGDILEKYDLKDLISLIALKKDYLK-LSSPNNKKPK-DFTNIKNKHLENKFNLYIINEDINGKITKNGFLEEIILNRLLLSILLGNEENLLQI
PROKKA_00002	tr|C5UY13|C5UY13_CLOBO P-47 protein OS=Clostridium botulinum E1 str. 'BoNT E Beluga' GN=p47 PE=4 SV=1 !!!P-47	143	416	114	31	27.19	66	17	30	141	SPNYQYFKIKFIEGYLHIKNKSGDILEKYDLKDLISLIALKKDYL-KLSSPNNKKPK-DFTNIKNKHLENKFNLYIINEDINGKITKNGFLEEIILNRLLLSILLGNEENLLQI
PROKKA_00002	tr|C1FUH7|C1FUH7_CLOBJ P-47 protein OS=Clostridium botulinum (strain Kyoto / Type A2) GN=p47 PE=4 SV=1 !!!P-47	143	416	114	30	26.32	67	17	30	141	SPNYQYFKIKFIEGYLHIKNKSGDILEKYDLKDLISLIALKKDYLK-LSSPNNKKPK-DFTNIKNKHLENKFNLYIINEDINGKITKNGFLEEIILNRLLLSILLGNEENLLQI
PROKKA_00002	tr|B1BE43|B1BE43_CLOBO Botulinum neurotoxin type C, nontoxic-nonhemagglutinin component NTNH OS=Clostridium botulinum C str. Eklund GN=CBC_A0166 PE=4 SV=1 !!!ntnH	143	1196	36	17	47.22	16	3	45	80	LHIKNKSGDILEKYDLKDLISLIALKKDYLKLSSPN
PROKKA_00002	tr|C5UY10|C5UY10_CLOBO Toxin complex component ORF-X3 OS=Clostridium botulinum E1 str. 'BoNT E Beluga' GN=CLO_2647 PE=4 SV=1 !!!ORF-X3	143	487	33	9	27.27	24	0	19	51	LIHLEKVNQNCSPNYQYFKIKFIEGYLHIKNKS
PROKKA_00002	tr|C5VU80|C5VU80_CLOBO Botulinum neurotoxin type D, nontoxic-nonhemagglutinin component, NTNH OS=Clostridium botulinum D str. 1873 GN=ntnH PE=4 SV=1 !!!ntnH	143	1196	31	14	45.16	16	1	45	75	LHIKNKSGDILEKYDLKDLISLIALKKDYLK
PROKKA_00002	tr|A0A059PYB0|A0A059PYB0_9CLOT Toxin complex component ORF-X2 OS=Clostridium baratii PE=4 SV=1 !!!ORF-X2	143	748	22	11	50.00	9	2	42	63	EGYLHIKNKSGDILEKYDLKDL
PROKKA_00002	tr|A7GBF7|A7GBF7_CLOBL Toxin complex component ORF-X3 OS=Clostridium botulinum (strain Langeland / NCTC 10281 / Type F) GN=CLI_0845 PE=4 SV=1 !!!ORF-X3	143	490	35	10	28.57	22	3	20	51	IHLEKVNQ---NCSPNYQYFKIKFIEGYLHIKNKS
PROKKA_00002	tr|C1FUH3|C1FUH3_CLOBJ Toxin complex component ORF-X3 OS=Clostridium botulinum (strain Kyoto / Type A2) GN=CLM_0891 PE=4 SV=1 !!!ORF-X3	143	490	35	9	25.71	23	3	20	51	IHLEKVNQ---NCSPNYQYFKIKFIEGYLHIKNKS
PROKKA_00002	tr|B1L2F9|B1L2F9_CLOBM Toxin complex component ORF-X3 OS=Clostridium botulinum (strain Loch Maree / Type A3) GN=CLK_A0070 PE=4 SV=1 !!!ORF-X3	143	490	35	9	25.71	23	3	20	51	IHLEKVNQ---NCSPNYQYFKIKFIEGYLHIKNKS
PROKKA_00002	tr|B1INP8|B1INP8_CLOBK Hemagglutinin component HA33 OS=Clostridium botulinum (strain Okra / Type B1) GN=ha33 PE=1 SV=1 !!!ha33	143	294	14	9	64.29	5	0	100	113	NLYIINEDINGKIT
PROKKA_00002	tr|A0A0A7FV57|A0A0A7FV57_9CLOT Clostridium P-47 family protein OS=Clostridium baratii str. Sullivan GN=U729_696 PE=4 SV=1 !!!P-47	143	491	33	8	24.24	25	0	19	51	LIHLEKVNQNCSPNYQYFKIKFIEGYLHIKNKS
PROKKA_00002	tr|A0A059PY44|A0A059PY44_9CLOT Toxin complex component ORF-X3 OS=Clostridium baratii PE=4 SV=1 !!!ORF-X3	143	491	33	8	24.24	25	0	19	51	LIHLEKVNQNCSPNYQYFKIKFIEGYLHIKNKS
PROKKA_00002	tr|A0A060NA10|A0A060NA10_CLOBO Haemagglutinin component HA70 OS=Clostridium botulinum B str. Osaka05 GN=CBO05P2_179 PE=4 SV=1 !!!ha70	143	626	30	11	36.67	18	1	16	45	SSGLIHLEKVNQNCSPNYQYFKIKFIEGYL
PROKKA_00002	tr|M1ZPH7|M1ZPH7_CLOBO Hemagglutinin component HA70 OS=Clostridium botulinum CFSAN001627 GN=CFSAN001627_19663 PE=4 SV=1 !!!ha70	143	626	30	11	36.67	18	1	16	45	SSGLIHLEKVNQNCSPNYQYFKIKFIEGYL
PROKKA_00002	tr|A5HZZ4|A5HZZ4_CLOBH Hemagglutinin component of the neurotoxin complex OS=Clostridium botulinum (strain Hall / ATCC 3502 / NCTC 13319 / Type A) GN=ha70 PE=1 SV=1 !!!ha70	143	626	30	11	36.67	18	1	16	45	SSGLIHLEKVNQNCSPNYQYFKIKFIEGYL
PROKKA_00002	tr|A0A0B4W4X0|A0A0B4W4X0_CLOBO Hemagglutinin components HA-22/23/53 OS=Clostridium botulinum Prevot_594 GN=ha-70 PE=4 SV=1 !!!ha70	143	626	30	11	36.67	18	1	16	45	SSGLIHLEKVNQNCSPNYQYFKIKFIEGYL
PROKKA_00002	tr|B1INQ0|B1INQ0_CLOBK Hemagglutinin component HA70 OS=Clostridium botulinum (strain Okra / Type B1) GN=ha70 PE=4 SV=1 !!!ha70	143	626	30	11	36.67	18	1	16	45	SSGLIHLEKVNQNCSPNYQYFKIKFIEGYL
PROKKA_00002	tr|B2TSB9|B2TSB9_CLOBB Heamagglutinin components HA-70 OS=Clostridium botulinum (strain Eklund 17B / Type B) GN=ha70 PE=4 SV=1 !!!ha70	143	626	30	11	36.67	18	1	16	45	SSGLIHLEKVNQNCSPNYQYFKIKFIEGYL
PROKKA_00002	tr|A0A0E1L2H2|A0A0E1L2H2_CLOBO Hemagglutinin components HA-22/23/53 OS=Clostridium botulinum CDC_1436 GN=ha-70 PE=4 SV=1 !!!ha70	143	626	30	11	36.67	18	1	16	45	SSGLIHLEKVNQNCSPNYQYFKIKFIEGYL
PROKKA_00002	tr|A5HZZ8|A5HZZ8_CLOBH Type A progenitor toxin nontoxic-nonha OS=Clostridium botulinum (strain Hall / ATCC 3502 / NCTC 13319 / Type A) GN=ntnH PE=4 SV=1 !!!ntnH	143	1193	64	18	28.12	40	6	16	79	SSGLIHLEKVNQNCSPNYQYFKIKFIEGYLHIKNKSGDILEKYDLKDLISLIALKKDYLKLSSP
PROKKA_00003	tr|A7GBG0|A7GBG0_CLOBL Transcriptional regulator BotR, P-21 OS=Clostridium botulinum (strain Langeland / NCTC 10281 / Type F) GN=botR PE=4 SV=1 !!!BotR	179	178	178	178	100.00	0	0	1	178	MEDLFFIIKILKDDNKKFEDIYTNYKNLIDIFIKKYNLSENYNDILNHFWIILKKADLNKFNTENDLNKYISKCLKRYCLSICMKKNRDKKIIYNSEITNINLNLIQDNCFNDIEFEFKDLISILPNTQKNIIYMKFFKDMKDIQIAKKLKISRQSVYKNKNLALEKLKPILKELINI
PROKKA_00003	tr|B1L2G2|B1L2G2_CLOBM Transcriptional regulator BotR, P-21 OS=Clostridium botulinum (strain Loch Maree / Type A3) GN=botR PE=4 SV=1 !!!BotR	179	184	178	170	95.51	8	0	1	178	MEDLFFIIKILKDDNKKFEDIYTNYKNLIDIFIKKYNLSENYNDILNHFWIILKKADLNKFNTENDLNKYISKCLKRYCLSICMKKNRDKKIIYNSEITNINLNLIQDNCFNDIEFEFKDLISILPNTQKNIIYMKFFKDMKDIQIAKKLKISRQSVYKNKNLALEKLKPILKELINI
PROKKA_00003	tr|A0A073CMR9|A0A073CMR9_CLOBO Transcriptional regulator OS=Clostridium botulinum A2B3 87 GN=N496_18580 PE=4 SV=1 !!! 	179	178	178	162	91.01	16	0	1	178	MEDLFFIIKILKDDNKKFEDIYTNYKNLIDIFIKKYNLSENYNDILNHFWIILKKADLNKFNTENDLNKYISKCLKRYCLSICMKKNRDKKIIYNSEITNINLNLIQDNCFNDIEFEFKDLISILPNTQKNIIYMKFFKDMKDIQIAKKLKISRQSVYKNKNLALEKLKPILKELINI
PROKKA_00003	tr|A0A0C1QVR0|A0A0C1QVR0_9CLOT Transcriptional regulator BotR, P-21 OS=Clostridium argentinense CDC 2741 GN=botR PE=4 SV=1 !!!BotR	179	178	178	109	61.24	69	0	1	178	MEDLFFIIKILKDDNKKFEDIYTNYKNLIDIFIKKYNLSENYNDILNHFWIILKKADLNKFNTENDLNKYISKCLKRYCLSICMKKNRDKKIIYNSEITNINLNLIQDNCFNDIEFEFKDLISILPNTQKNIIYMKFFKDMKDIQIAKKLKISRQSVYKNKNLALEKLKPILKELINI
PROKKA_00003	tr|A0A073CP83|A0A073CP83_CLOBO Transcriptional regulator OS=Clostridium botulinum A2B3 87 GN=N496_19575 PE=4 SV=1 !!! 	179	178	178	110	61.80	68	0	1	178	MEDLFFIIKILKDDNKKFEDIYTNYKNLIDIFIKKYNLSENYNDILNHFWIILKKADLNKFNTENDLNKYISKCLKRYCLSICMKKNRDKKIIYNSEITNINLNLIQDNCFNDIEFEFKDLISILPNTQKNIIYMKFFKDMKDIQIAKKLKISRQSVYKNKNLALEKLKPILKELINI
PROKKA_00003	tr|A5HZZ7|A5HZZ7_CLOBH RNA polymerase ECF-type sigma factor OS=Clostridium botulinum (strain Hall / ATCC 3502 / NCTC 13319 / Type A) GN=botR PE=4 SV=1 !!!BotR	179	178	178	109	61.24	69	0	1	178	MEDLFFIIKILKDDNKKFEDIYTNYKNLIDIFIKKYNLSENYNDILNHFWIILKKADLNKFNTENDLNKYISKCLKRYCLSICMKKNRDKKIIYNSEITNINLNLIQDNCFNDIEFEFKDLISILPNTQKNIIYMKFFKDMKDIQIAKKLKISRQSVYKNKNLALEKLKPILKELINI
PROKKA_00003	tr|S8CEF4|S8CEF4_CLOBO Transcriptional regulator BotR, P-21 OS=Clostridium botulinum CFSAN002367 GN=CFSAN002367_15806 PE=4 SV=1 !!!BotR	179	178	178	109	61.24	69	0	1	178	MEDLFFIIKILKDDNKKFEDIYTNYKNLIDIFIKKYNLSENYNDILNHFWIILKKADLNKFNTENDLNKYISKCLKRYCLSICMKKNRDKKIIYNSEITNINLNLIQDNCFNDIEFEFKDLISILPNTQKNIIYMKFFKDMKDIQIAKKLKISRQSVYKNKNLALEKLKPILKELINI
PROKKA_00003	tr|A0A0D1AER2|A0A0D1AER2_CLOBO Transcriptional regulator OS=Clostridium botulinum B2 450 GN=N495_19875 PE=4 SV=1 !!! 	179	178	178	109	61.24	69	0	1	178	MEDLFFIIKILKDDNKKFEDIYTNYKNLIDIFIKKYNLSENYNDILNHFWIILKKADLNKFNTENDLNKYISKCLKRYCLSICMKKNRDKKIIYNSEITNINLNLIQDNCFNDIEFEFKDLISILPNTQKNIIYMKFFKDMKDIQIAKKLKISRQSVYKNKNLALEKLKPILKELINI
PROKKA_00003	tr|M1ZWZ6|M1ZWZ6_CLOBO Transcriptional regulator BotR, P-21 OS=Clostridium botulinum CFSAN001627 GN=CFSAN001627_10483 PE=4 SV=1 !!!BotR	179	178	178	109	61.24	69	0	1	178	MEDLFFIIKILKDDNKKFEDIYTNYKNLIDIFIKKYNLSENYNDILNHFWIILKKADLNKFNTENDLNKYISKCLKRYCLSICMKKNRDKKIIYNSEITNINLNLIQDNCFNDIEFEFKDLISILPNTQKNIIYMKFFKDMKDIQIAKKLKISRQSVYKNKNLALEKLKPILKELINI
PROKKA_00003	tr|A0A060N3U8|A0A060N3U8_CLOBO Transcriptional regulator botR OS=Clostridium botulinum B str. Osaka05 GN=CBO05P2_176 PE=4 SV=1 !!!BotR	179	178	178	109	61.24	69	0	1	178	MEDLFFIIKILKDDNKKFEDIYTNYKNLIDIFIKKYNLSENYNDILNHFWIILKKADLNKFNTENDLNKYISKCLKRYCLSICMKKNRDKKIIYNSEITNINLNLIQDNCFNDIEFEFKDLISILPNTQKNIIYMKFFKDMKDIQIAKKLKISRQSVYKNKNLALEKLKPILKELINI
PROKKA_00003	tr|B2TSC2|B2TSC2_CLOBB Putative RNA polymerase sigma factor OS=Clostridium botulinum (strain Eklund 17B / Type B) GN=botR PE=4 SV=1 !!!BotR	179	179	172	106	61.63	66	0	1	172	MEDLFFIIKILKDDNKKFEDIYTNYKNLIDIFIKKYNLSENYNDILNHFWIILKKADLNKFNTENDLNKYISKCLKRYCLSICMKKNRDKKIIYNSEITNINLNLIQDNCFNDIEFEFKDLISILPNTQKNIIYMKFFKDMKDIQIAKKLKISRQSVYKNKNLALEKLKPIL
PROKKA_00003	tr|B1BE47|B1BE47_CLOBO Clostridium toxin-associated regulator BotR OS=Clostridium botulinum C str. Eklund GN=botR PE=4 SV=1 !!!BotR	179	179	187	87	46.52	83	17	1	178	MEDLFFIIKILKDDNKKFEDIYTNYKNLIDIFIKKY---------NLSENYNDILNHFWIILKKADLNKFNTENDLNKYISKCLKRYCLSICMKKNRDKKIIYNSEITNINLNLIQDNCFNDIEFEFKDLISILPNTQKNIIYMKFFKDMKDIQIAKKLKISRQSVYKNKNLALEKLKPILKELINI
PROKKA_00003	tr|A5HZZ8|A5HZZ8_CLOBH Type A progenitor toxin nontoxic-nonha OS=Clostridium botulinum (strain Hall / ATCC 3502 / NCTC 13319 / Type A) GN=ntnH PE=4 SV=1 !!!ntnH	179	1193	24	13	54.17	7	4	99	118	TNIN----LNLIQDNCFNDIEFEF
PROKKA_00003	tr|B1INP6|B1INP6_CLOBK Botulinum neurotoxin type B1, nontoxic-nonhemagglutinin component, NTNH OS=Clostridium botulinum (strain Okra / Type B1) GN=ntnH PE=4 SV=1 !!!ntnH	179	1197	22	12	54.55	10	0	103	124	LNLIQDNCFNDIEFEFKDLISI
PROKKA_00003	tr|A0A060N6G5|A0A060N6G5_CLOBO Nontoxic-nonhemagglutinin component, NTNH OS=Clostridium botulinum B str. Osaka05 GN=CBO05P2_175 PE=4 SV=1 !!!ntnH	179	1197	22	12	54.55	10	0	103	124	LNLIQDNCFNDIEFEFKDLISI
PROKKA_00003	tr|B2TSC3|B2TSC3_CLOBB Botulinum neurotoxin type B OS=Clostridium botulinum (strain Eklund 17B / Type B) GN=ntnH PE=4 SV=1 !!!ntnH	179	1197	22	11	50.00	11	0	103	124	LNLIQDNCFNDIEFEFKDLISI
PROKKA_00003	tr|C4IHM0|C4IHM0_CLOBU Botulinum neurotoxin type E, nontoxic-nonhemagglutinin component, NTNH OS=Clostridium butyricum E4 str. BoNT E BL5262 GN=ntnH PE=4 SV=1 !!!ntnH	179	1163	27	11	40.74	12	4	99	121	TNIN----LNLIQDNCFNDIEFEFKDL
PROKKA_00003	tr|C4IHM0|C4IHM0_CLOBU Botulinum neurotoxin type E, nontoxic-nonhemagglutinin component, NTNH OS=Clostridium butyricum E4 str. BoNT E BL5262 GN=ntnH PE=4 SV=1 !!!ntnH	179	1163	13	6	46.15	7	0	38	50	LSENYNDILNHFW
PROKKA_00003	tr|C5UY14|C5UY14_CLOBO Botulinum neurotoxin type E1, nontoxic-nonhemagglutinin component, NTNH OS=Clostridium botulinum E1 str. 'BoNT E Beluga' GN=ntnH PE=4 SV=1 !!!ntnH	179	1163	27	11	40.74	12	4	99	121	TNIN----LNLIQDNCFNDIEFEFKDL
PROKKA_00003	tr|C5UY14|C5UY14_CLOBO Botulinum neurotoxin type E1, nontoxic-nonhemagglutinin component, NTNH OS=Clostridium botulinum E1 str. 'BoNT E Beluga' GN=ntnH PE=4 SV=1 !!!ntnH	179	1163	13	6	46.15	7	0	38	50	LSENYNDILNHFW
PROKKA_00003	tr|A0A0X1KH90|A0A0X1KH90_CLOBA Botulinum neurotoxin type E, nontoxic-nonhemagglutinin component, NTNH OS=Clostridium botulinum (strain Alaska E43 / Type E3) PE=1 SV=1 !!!ntnH	179	1163	27	11	40.74	12	4	99	121	TNIN----LNLIQDNCFNDIEFEFKDL
PROKKA_00003	tr|A0A0X1KH90|A0A0X1KH90_CLOBA Botulinum neurotoxin type E, nontoxic-nonhemagglutinin component, NTNH OS=Clostridium botulinum (strain Alaska E43 / Type E3) PE=1 SV=1 !!!ntnH	179	1163	13	6	46.15	7	0	38	50	LSENYNDILNHFW
PROKKA_00003	tr|B1L2G4|B1L2G4_CLOBM Botulinum neurotoxin type A3, nontoxic-nonhemagglutinin component, NTNH OS=Clostridium botulinum (strain Loch Maree / Type A3) GN=ntnH PE=4 SV=1 !!!ntnH	179	1159	16	7	43.75	9	0	103	118	LNLIQDNCFNDIEFEF
PROKKA_00003	tr|A7GBG1|A7GBG1_CLOBL P-47 protein OS=Clostridium botulinum (strain Langeland / NCTC 10281 / Type F) GN=p47 PE=4 SV=1 !!!P-47	179	416	18	9	50.00	6	3	96	110	SEITNINLNL---IQDNC
PROKKA_00003	tr|M1ZUL7|M1ZUL7_CLOBO P-47 protein OS=Clostridium botulinum CFSAN001627 GN=CFSAN001627_20700 PE=4 SV=1 !!!P-47	179	416	18	9	50.00	6	3	96	110	SEITNINLNL---IQDNC
PROKKA_00004	tr|A7GBG1|A7GBG1_CLOBL P-47 protein OS=Clostridium botulinum (strain Langeland / NCTC 10281 / Type F) GN=p47 PE=4 SV=1 !!!P-47	417	416	416	416	100.00	0	0	1	416	MNTYGWDIVYGCSKRVVNKHLKDYITKNKVEFLYSNTDKKQEIKMVFDNWEIINGGSSNFLRIKTPIKEGYFKVKNTTIDLSGVNPVLEIKLDFFNDISDPNIKKLKFNFGSESNDDIKIIVSDLNGKLQEEDEFYFNKLLINAFIQNEKQISYIFASLNVTSDIEWMNPKQFKFVYYSPTDNSDGYLFILSVVTNRDISELSVNVDGNILGNNSEVGLLISEKLFLKNLVLPKLSSNMGSDITSNNFKVISTSDTTGRIANNSTLNWYGIKVGLIWYYPKINNFSMELFEGNKLKTKLSGIVRLTGYERIYSELNLECTTKFIYDPKNKKTSFEYYKTSIMSCRPIFGLLDGVPALVAKSVGDWSLKSFRNSLAFGLTNNFTDIINGIVRWNNLKISEVTNVTLNVGFCIQGNAN
PROKKA_00004	tr|M1ZUL7|M1ZUL7_CLOBO P-47 protein OS=Clostridium botulinum CFSAN001627 GN=CFSAN001627_20700 PE=4 SV=1 !!!P-47	417	416	416	413	99.28	3	0	1	416	MNTYGWDIVYGCSKRVVNKHLKDYITKNKVEFLYSNTDKKQEIKMVFDNWEIINGGSSNFLRIKTPIKEGYFKVKNTTIDLSGVNPVLEIKLDFFNDISDPNIKKLKFNFGSESNDDIKIIVSDLNGKLQEEDEFYFNKLLINAFIQNEKQISYIFASLNVTSDIEWMNPKQFKFVYYSPTDNSDGYLFILSVVTNRDISELSVNVDGNILGNNSEVGLLISEKLFLKNLVLPKLSSNMGSDITSNNFKVISTSDTTGRIANNSTLNWYGIKVGLIWYYPKINNFSMELFEGNKLKTKLSGIVRLTGYERIYSELNLECTTKFIYDPKNKKTSFEYYKTSIMSCRPIFGLLDGVPALVAKSVGDWSLKSFRNSLAFGLTNNFTDIINGIVRWNNLKISEVTNVTLNVGFCIQGNAN
PROKKA_00004	tr|A0A073CND8|A0A073CND8_CLOBO P-47 protein OS=Clostridium botulinum A2B3 87 GN=N496_18585 PE=4 SV=1 !!!P-47	417	415	416	352	84.62	63	1	1	416	MNTYGWDIVYGCSKRVVNKHLKDYITKNKVEFLYSNTDKKQEIKMVFDNWEIINGGSSNFLRIKTPIKEGYFKVKNTTIDLSGVNPVLEIKLDFFNDISDPNIKKLKFNFGSESNDDIKIIVSDLNGKLQEEDEFYFNKLLINAFIQNEKQISYIFASLNVTSDIEWMNPKQFKFVYYSPTDNSDGYLFILSVVTNRDISELSVNVDGNILGNNSEVGLLISEKLFLKNLVLPKLSSNMGSDITSNNFKVISTSDTTGRIANNSTLNWYGIKVGLIWYYPKINNFSMELFEGNKLKTKLSGIVRLTGYERIYSELNLECTTKFIYDPKNKKTSFEYYKTSIMSCRPIFGLLDGVPALVAKSVGDWSLKSFRNSLAFGLTNNFTDIINGIVRWNNLKISEVTNVTLNVGFCIQGNAN
PROKKA_00004	tr|C5UY13|C5UY13_CLOBO P-47 protein OS=Clostridium botulinum E1 str. 'BoNT E Beluga' GN=p47 PE=4 SV=1 !!!P-47	417	416	416	337	81.01	79	0	1	416	MNTYGWDIVYGCSKRVVNKHLKDYITKNKVEFLYSNTDKKQEIKMVFDNWEIINGGSSNFLRIKTPIKEGYFKVKNTTIDLSGVNPVLEIKLDFFNDISDPNIKKLKFNFGSESNDDIKIIVSDLNGKLQEEDEFYFNKLLINAFIQNEKQISYIFASLNVTSDIEWMNPKQFKFVYYSPTDNSDGYLFILSVVTNRDISELSVNVDGNILGNNSEVGLLISEKLFLKNLVLPKLSSNMGSDITSNNFKVISTSDTTGRIANNSTLNWYGIKVGLIWYYPKINNFSMELFEGNKLKTKLSGIVRLTGYERIYSELNLECTTKFIYDPKNKKTSFEYYKTSIMSCRPIFGLLDGVPALVAKSVGDWSLKSFRNSLAFGLTNNFTDIINGIVRWNNLKISEVTNVTLNVGFCIQGNAN
PROKKA_00004	tr|B1L2G3|B1L2G3_CLOBM P-47 protein OS=Clostridium botulinum (strain Loch Maree / Type A3) GN=p47 PE=4 SV=1 !!!P-47	417	416	416	331	79.57	85	0	1	416	MNTYGWDIVYGCSKRVVNKHLKDYITKNKVEFLYSNTDKKQEIKMVFDNWEIINGGSSNFLRIKTPIKEGYFKVKNTTIDLSGVNPVLEIKLDFFNDISDPNIKKLKFNFGSESNDDIKIIVSDLNGKLQEEDEFYFNKLLINAFIQNEKQISYIFASLNVTSDIEWMNPKQFKFVYYSPTDNSDGYLFILSVVTNRDISELSVNVDGNILGNNSEVGLLISEKLFLKNLVLPKLSSNMGSDITSNNFKVISTSDTTGRIANNSTLNWYGIKVGLIWYYPKINNFSMELFEGNKLKTKLSGIVRLTGYERIYSELNLECTTKFIYDPKNKKTSFEYYKTSIMSCRPIFGLLDGVPALVAKSVGDWSLKSFRNSLAFGLTNNFTDIINGIVRWNNLKISEVTNVTLNVGFCIQGNAN
PROKKA_00004	tr|C1FUH7|C1FUH7_CLOBJ P-47 protein OS=Clostridium botulinum (strain Kyoto / Type A2) GN=p47 PE=4 SV=1 !!!P-47	417	416	416	329	79.09	87	0	1	416	MNTYGWDIVYGCSKRVVNKHLKDYITKNKVEFLYSNTDKKQEIKMVFDNWEIINGGSSNFLRIKTPIKEGYFKVKNTTIDLSGVNPVLEIKLDFFNDISDPNIKKLKFNFGSESNDDIKIIVSDLNGKLQEEDEFYFNKLLINAFIQNEKQISYIFASLNVTSDIEWMNPKQFKFVYYSPTDNSDGYLFILSVVTNRDISELSVNVDGNILGNNSEVGLLISEKLFLKNLVLPKLSSNMGSDITSNNFKVISTSDTTGRIANNSTLNWYGIKVGLIWYYPKINNFSMELFEGNKLKTKLSGIVRLTGYERIYSELNLECTTKFIYDPKNKKTSFEYYKTSIMSCRPIFGLLDGVPALVAKSVGDWSLKSFRNSLAFGLTNNFTDIINGIVRWNNLKISEVTNVTLNVGFCIQGNAN
PROKKA_00004	tr|A7GBF7|A7GBF7_CLOBL Toxin complex component ORF-X3 OS=Clostridium botulinum (strain Langeland / NCTC 10281 / Type F) GN=CLI_0845 PE=4 SV=1 !!!ORF-X3	417	490	294	78	26.53	173	43	3	259	TYGWDIVYGCSKRVVNKHLK-DYITKNKVEFLYSNTDKKQEIKMVFDNWEIINGGSSNFLRIKTPIKEGYFKVKNTTIDLSG------VNPVLEIKLDFFNDISDPNIK-----KLKFNFGSESNDDIKIIV----SDLNG----------KLQEEDEF---YFNKLLINAFIQNEKQISYIFASLNVTSDI------EWMNPKQFKFVYYS-PTDNSDGYLFILSVVTNRDISELSVN-VDGNILGNNSEVGLLISEKLFLKNLVLPKLSSNMGSDITSNNFKVISTSDTTGR
PROKKA_00004	tr|C5UY10|C5UY10_CLOBO Toxin complex component ORF-X3 OS=Clostridium botulinum E1 str. 'BoNT E Beluga' GN=CLO_2647 PE=4 SV=1 !!!ORF-X3	417	487	290	80	27.59	170	40	3	258	TYGWDIVYGCSKRVVNKHLK-DYITKNKVEFLYSNTDKKQEIKMVFDNWEIINGGSSNFLRIKTPIKEGYFKVKNTTIDLSG------VNPVLEIKLDFFNDIS-----DPNIKKLKFNFGSESNDDIKIIV----SDLNG-------KLQEEDEF---YFNKLLINAFIQNEKQISYIFASLNVTSDI------EWMNPKQFKFVYYS-PTDNSDGYLFILSVVTNRDISE-LSVNVDGNILGNNSEVGLLISEKLFLKNLVLPKLSSNMGSDITSNNFKVISTSDTTG
PROKKA_00004	tr|A0A0A7FV57|A0A0A7FV57_9CLOT Clostridium P-47 family protein OS=Clostridium baratii str. Sullivan GN=U729_696 PE=4 SV=1 !!!P-47	417	491	294	77	26.19	173	44	3	258	TYGWDIVYGCSKRVVNKHLK-DYITKNKVEFLYSNTDKKQEIKMVFDNWEIINGGSSNFLRIKTPIKEGYFKVKNTTIDLSGVNPV------LEIKLDFF-----NDISDPNIKKLKFNFGSESNDDIKIIV---------------SDLNGKLQEEDEF---YFNKLLINAFIQNEKQISYIFASLNVTSDI------EWMNPKQFKFVYYS-PTDNSDGYLFILSVVTNRDISE-LSVNVDGNILGNNSEVGLLISEKLFLKNLVLPKLSSNMGSDITSNNFKVISTSDTTG
PROKKA_00004	tr|A0A059PY44|A0A059PY44_9CLOT Toxin complex component ORF-X3 OS=Clostridium baratii PE=4 SV=1 !!!ORF-X3	417	491	294	77	26.19	173	44	3	258	TYGWDIVYGCSKRVVNKHLK-DYITKNKVEFLYSNTDKKQEIKMVFDNWEIINGGSSNFLRIKTPIKEGYFKVKNTTIDLSGVNPV------LEIKLDFF-----NDISDPNIKKLKFNFGSESNDDIKIIV---------------SDLNGKLQEEDEF---YFNKLLINAFIQNEKQISYIFASLNVTSDI------EWMNPKQFKFVYYS-PTDNSDGYLFILSVVTNRDISE-LSVNVDGNILGNNSEVGLLISEKLFLKNLVLPKLSSNMGSDITSNNFKVISTSDTTG
PROKKA_00004	tr|C1FUH3|C1FUH3_CLOBJ Toxin complex component ORF-X3 OS=Clostridium botulinum (strain Kyoto / Type A2) GN=CLM_0891 PE=4 SV=1 !!!ORF-X3	417	490	293	77	26.28	173	43	3	258	TYGWDIVYGCSKRVVNKHLK-DYITKNKVEFLYSNTDKKQEIKMVFDNWEIINGGSSNFLRIKTPIKEGYFKVKNTTIDLSG------VNPVLEIKLDFFNDIS-----DPNIKKLKFNFGSESNDDIKIIV----SDLNG----------KLQEEDEF---YFNKLLINAFIQNEKQISYIFASLNVTSDI------EWMNPKQFKFVYYS-PTDNSDGYLFILSVVTNRDISE-LSVNVDGNILGNNSEVGLLISEKLFLKNLVLPKLSSNMGSDITSNNFKVISTSDTTG
PROKKA_00004	tr|B1L2F9|B1L2F9_CLOBM Toxin complex component ORF-X3 OS=Clostridium botulinum (strain Loch Maree / Type A3) GN=CLK_A0070 PE=4 SV=1 !!!ORF-X3	417	490	293	78	26.62	172	43	3	258	TYGWDIVYGCSKRVVNKHLK-DYITKNKVEFLYSNTDKKQEIKMVFDNWEIINGGSSNFLRIKTPIKEGYFKVKNTTIDLSG------VNPVLEIKLDFFNDISDPNIK-----KLKFNFGSESNDDIKIIV----SDLNG----------KLQEEDEF---YFNKLLINAFIQNEKQISYIFASLNVTSDI------EWMNPKQFKFVYYS-PTDNSDGYLFILSVVTNRDISE-LSVNVDGNILGNNSEVGLLISEKLFLKNLVLPKLSSNMGSDITSNNFKVISTSDTTG
PROKKA_00004	tr|A7GBF8|A7GBF8_CLOBL Toxin complex component ORF-X2 OS=Clostridium botulinum (strain Langeland / NCTC 10281 / Type F) GN=CLI_0846 PE=4 SV=1 !!!ORF-X2	417	750	260	67	25.77	167	26	5	238	GWDIVYGCSKRVVNKHLK-DYITKNKVEFLYSNTDKKQEIKMVFDNWEIINGGSSNFLRIKTPIKEGYFKVKNTTIDLSGVNPVL-EIKLDFFND---ISDPNIKK--LKFNFGSESNDD-------IKIIVSDLNGKLQEEDEFYFNKLLINAFIQNEKQISYIFAS--LNVTSDI---EWMNPKQFKFVYYS-PTDNS----DGYLF-ILSVVTNRDISELSVNVDGNILG-NNSEVGLLISEKLFLKNLVLPKLSSN
PROKKA_00004	tr|C5UY11|C5UY11_CLOBO Toxin complex component ORF-X2 OS=Clostridium botulinum E1 str. 'BoNT E Beluga' GN=CLO_2648 PE=4 SV=1 !!!ORF-X2	417	748	275	67	24.36	165	43	1	237	MNTYGWDIVYGCSKRVVNKHLK-DYITKNKVEFLYSNTDKKQEIKMVFDNWEIINGGSSNFLRIKTPIKEGYFKVKNTTIDLSGVNP----VLEIKLDFFND---ISDP----NIKKLKFNFGSESNDDIKII------VSDLNGKLQEEDEFYFN---KLLINAFIQNEKQI-SYIFASLNVTSDI---EWMNPKQFKFVYYSPT-----------DNSDGYLF-ILSVVTNRDISELSVNVDGNILG-NNSEVGLLISEKLFLKNLVLPKLSS
PROKKA_00004	tr|A0A059PYB0|A0A059PYB0_9CLOT Toxin complex component ORF-X2 OS=Clostridium baratii PE=4 SV=1 !!!ORF-X2	417	748	278	62	22.30	157	59	5	237	GWDIVYGCSKRVVN----------KHLKDYITKNKVEFLYSNTDKKQEIKMVFDNWEIINGGSSNFLRIKTPIKEGYFKVKNTTIDLSGVNP----VLEIKLDFFND---ISDP----NIKKLKFNFGSESNDDIKII------VSDLNGKLQEED----EFYFNKLLINAFIQNEKQISYIFASLNVTS---DIEWMNPKQFKFVYYSPTDNSD----------GYLFILSVVTNRDISELSVNVDGNILGN-NSEVGLLISEKLFLKNLVLPKLSS
PROKKA_00004	tr|A0A059PYE4|A0A059PYE4_9CLOT Toxin OS=Clostridium baratii GN=UC77_04385 PE=4 SV=1 !!! 	417	140	113	30	26.55	66	17	57	155	SSNFLRIKTPIKEGYFKVKNTT------IDLSGVNPVLEIKLDFFNDISDPNIKKLK-FN----FGSESNDDIKIIVSDLNGKLQEE---DEFYFNKLLINAFIQNEKQISYI
PROKKA_00004	tr|A0A0A7FVW8|A0A0A7FVW8_9CLOT Putative oRF-X1 OS=Clostridium baratii str. Sullivan GN=U729_698 PE=4 SV=1 !!!ORF-X1	417	140	113	30	26.55	66	17	57	155	SSNFLRIKTPIKEGYFKVKNTT------IDLSGVNPVLEIKLDFFNDISDPNIKKLK-FN----FGSESNDDIKIIVSDLNGKLQEE---DEFYFNKLLINAFIQNEKQISYI
PROKKA_00004	tr|A7GBF9|A7GBF9_CLOBL Toxin complex component ORF-X1 OS=Clostridium botulinum (strain Langeland / NCTC 10281 / Type F) GN=CLI_0847 PE=4 SV=1 !!!ORF-X1	417	142	84	26	30.95	46	12	57	129	SSNFLRIKTPIKEGYFKVKNTT------IDLSGVNPVLEIKLDFFNDISDPNIKKLK-----FNFGSESNDDIKIIVSDLNGKL
PROKKA_00004	tr|B2TSB9|B2TSB9_CLOBB Heamagglutinin components HA-70 OS=Clostridium botulinum (strain Eklund 17B / Type B) GN=ha70 PE=4 SV=1 !!!ha70	417	626	39	11	28.21	25	3	103	141	IKKLKFNFGSESNDDIKIIVSDLNGKLQEEDEFYFNKLL
PROKKA_00005	tr|A7GBG2|A7GBG2_CLOBL Botulinum neurotoxin type F, nontoxic-nonhemagglutinin component, NTNH OS=Clostridium botulinum (strain Langeland / NCTC 10281 / Type F) GN=ntnH PE=4 SV=1 !!!ntnH	1164	1163	1163	1163	100.00	0	0	1	1163	MKINNNFNIDSPVDNKDVAIVRGRKTDIFLKVFQVAPNIWVAPERYYGESLNINEDQKSDGGIYDSNFLLTNDEKDEFLQATVKILQRINNNVIGAKLLSLISTAIPFPYEYKPGDYRQTNYLVSKDNQHYYTANLVIFGPGTNIVENNAVYYKKEDSENGMGTMSEIWFQPFLTYKYDQFYVDPALELIKCLIKSLYYLYGIKPSDDLSIPYRLRSELNSLKYSELDMVDFLISGGTDYKLLNTNPYWVTDNYFSDAPKNFEKYKNDYETKIKNNNDIANSIKLYLEQKFKINAQDIWELNLSYLSTEFEIMMPEIFNNALNHYHRKEYYVIDYFKNYNINGFINGQIKTILPLSKYNKNIINKPELIVNLINENNSVLMKSNVYGDGLKGTMNNFYAVYKIPYNIGDEYHINYSYLNNVNVEEINNIPPINDADIYPYRKNSDPFIPVYNITETKEINTTTPLSVNYLQAQVTNSNDINLSLDFSKVISLKDRSLVYSFLDNTIDYLDSIKYDEPINTDKKYYLWLKEIFRNYSFDMTEIQEVNIPCGINKVVPWLGKALNILNTGNSFIEEFKTLGPISLINKKENIIMPKIEIDEIPNSMLNLSFKDLSENLFNIFSKNNSYFEKIYYDFLDQWWTQYYSQYFDLICMAKRSVLAQESLIKKIIQKKLSYLIGNSNISADNLVLMNLTTTNTLRDISNESQIAMNNVDSFLNSAAICVFEGNIYPKFISFMEQCINNINKNTREFIQKCTNITENEKLQLINRNIFSSLDFDFLNIENLKSLFSSETALLIKEETSPYELVLYAFQEPDNNAIGDASAKNTSIEYSKDIDLVYGINGDALYLNGANQSISFSNDFFENGLTNSFSIYFWLRNLGKDTIKSKLIGSKEDNCGWEIYFQDTGLVFNMIDSNGNEKNIYLSDVSNNSWHYITISIDRLKEQLLIFIDDNLVVNESIKEILNIYSSNIISLLSNNNASYIEGLTILNKPTTSQEVLSNYFKNLNNSYIRDSNEERLEYNKTYQLYNYVFSENPIYEIKQNNNIYLTINNTNNLNLQASKFKLLSINPNKQHVQKFDEVIISILDNMEKYIDISEDNRLQLIDNKNGAKKMIISNNIFISNCLTLSCGGKYICLSMKDENYNWMICNNESNIPKKAYLWTLKEV
PROKKA_00005	tr|C1FUH8|C1FUH8_CLOBJ Botulinum neurotoxin type A2, nontoxic-nonhemagglutinin component, NTNH OS=Clostridium botulinum (strain Kyoto / Type A2) GN=ntnH PE=4 SV=1 !!!ntnH	1164	1159	1161	1094	94.23	65	2	1	1161	MKINNNFNIDSPVDNKDVAIVRGRKTDIFLKVFQVAPNIWVAPERYYGESLNINEDQKSDGGIYDSNFLLTNDEKDEFLQATVKILQRINNNVIGAKLLSLISTAIPFPYEYKPGDYRQTNYLVSKDNQHYYTANLVIFGPGTNIVENNAVYYKKEDSENGMGTMSEIWFQPFLTYKYDQFYVDPALELIKCLIKSLYYLYGIKPSDDLSIPYRLRSELNSLKYSELDMVDFLISGGTDYKLLNTNPYWVTDNYFSDAPKNFEKYKNDYETKIKNNNDIANSIKLYLEQKFKINAQDIWELNLSYLSTEFEIMMPEIFNNALNHYHRKEYYVIDYFKNYNINGFINGQIKTILPLSKYNKNIINKPELIVNLINENNSVLMKSNVYGDGLKGTMNNFYAVYKIPYNIGDEYHINYSYLNNVNVEEINNIPPINDADIYPYRKNSDPFIPVYNITETKEINTTTPLSVNYLQAQVTNSNDINLSLDFSKVISLKDRSLVYSFLDNTIDYLDSIKYDEPINTDKKYYLWLKEIFRNYSFDMTEIQEVNIPCGINKVVPWLGKALNILNTGNSFIEEFKTLGPISLINKKENIIMPKIEIDEIPNSMLNLSFKDLSENLFNIFSKNNSYFEKIYYDFLDQWWTQYYSQYFDLICMAKRSVLAQESLIKKIIQKKLSYLIGNSNISADNLVLMNLTTTNTLRDISNESQIAMNNVDSFLNSAAICVFEGNIYPKFISFMEQCINNINKNTREFIQKCTNITENEKLQLINRNIFSSLDFDFLNIENLKSLFSSETALLIKEETSPYELVLYAFQEPDNNAIGDASAKNTSIEYSKDIDLVYGINGDALYLNGANQSISFSNDFFENGLTNSFSIYFWLRNLGKDTIKSKLIGSKEDNCGWEIYFQDTGLVFNMIDSNGNEKNIYLSDVSNNSWHYITISIDRLKEQLLIFIDDNLVVNESIKEILNIYSSNIISLLSNNNASYIEGLTILNKPTTSQEVLSNYFKNLNNSYIRDSNEERLEYNKTYQLYNYVFSENPIYEIKQNNNIYLTINNTNNLNLQASKFKLLSINPNKQHVQKFDEVIISILDNMEKYIDISEDNRLQLIDNKNGAKKMIISNNIFISNCLTLSCGGKYICLSMKDENYNWMICNNESNIPKKAYLWTLK
PROKKA_00005	tr|B1L2G4|B1L2G4_CLOBM Botulinum neurotoxin type A3, nontoxic-nonhemagglutinin component, NTNH OS=Clostridium botulinum (strain Loch Maree / Type A3) GN=ntnH PE=4 SV=1 !!!ntnH	1164	1159	1161	1082	93.20	77	2	1	1161	MKINNNFNIDSPVDNKDVAIVRGRKTDIFLKVFQVAPNIWVAPERYYGESLNINEDQKSDGGIYDSNFLLTNDEKDEFLQATVKILQRINNNVIGAKLLSLISTAIPFPYEYKPGDYRQTNYLVSKDNQHYYTANLVIFGPGTNIVENNAVYYKKEDSENGMGTMSEIWFQPFLTYKYDQFYVDPALELIKCLIKSLYYLYGIKPSDDLSIPYRLRSELNSLKYSELDMVDFLISGGTDYKLLNTNPYWVTDNYFSDAPKNFEKYKNDYETKIKNNNDIANSIKLYLEQKFKINAQDIWELNLSYLSTEFEIMMPEIFNNALNHYHRKEYYVIDYFKNYNINGFINGQIKTILPLSKYNKNIINKPELIVNLINENNSVLMKSNVYGDGLKGTMNNFYAVYKIPYNIGDEYHINYSYLNNVNVEEINNIPPINDADIYPYRKNSDPFIPVYNITETKEINTTTPLSVNYLQAQVTNSNDINLSLDFSKVISLKDRSLVYSFLDNTIDYLDSIKYDEPINTDKKYYLWLKEIFRNYSFDMTEIQEVNIPCGINKVVPWLGKALNILNTGNSFIEEFKTLGPISLINKKENIIMPKIEIDEIPNSMLNLSFKDLSENLFNIFSKNNSYFEKIYYDFLDQWWTQYYSQYFDLICMAKRSVLAQESLIKKIIQKKLSYLIGNSNISADNLVLMNLTTTNTLRDISNESQIAMNNVDSFLNSAAICVFEGNIYPKFISFMEQCINNINKNTREFIQKCTNITENEKLQLINRNIFSSLDFDFLNIENLKSLFSSETALLIKEETSPYELVLYAFQEPDNNAIGDASAKNTSIEYSKDIDLVYGINGDALYLNGANQSISFSNDFFENGLTNSFSIYFWLRNLGKDTIKSKLIGSKEDNCGWEIYFQDTGLVFNMIDSNGNEKNIYLSDVSNNSWHYITISIDRLKEQLLIFIDDNLVVNESIKEILNIYSSNIISLLSNNNASYIEGLTILNKPTTSQEVLSNYFKNLNNSYIRDSNEERLEYNKTYQLYNYVFSENPIYEIKQNNNIYLTINNTNNLNLQASKFKLLSINPNKQHVQKFDEVIISILDNMEKYIDISEDNRLQLIDNKNGAKKMIISNNIFISNCLTLSCGGKYICLSMKDENYNWMICNNESNIPKKAYLWTLK
PROKKA_00005	tr|C5UY14|C5UY14_CLOBO Botulinum neurotoxin type E1, nontoxic-nonhemagglutinin component, NTNH OS=Clostridium botulinum E1 str. 'BoNT E Beluga' GN=ntnH PE=4 SV=1 !!!ntnH	1164	1163	1164	882	75.77	280	2	1	1163	MKINNNFNIDSPVDNKDVAIVRGRKTDIFLKVFQVAPNIWVAPERYYGESLNINEDQKSDGGIYDSNFLLTNDEKDEFLQATVKILQRINNNVIGAKLLSLISTAIPFPYEYKPGDYRQTNYLVSKDNQHYYTANLVIFGPGTNIVENNAVYYKKEDSENGMGTMSEIWFQPFLTYKYDQFYVDPALELIKCLIKSLYYLYGIKPSDDLSIPYRLRSELNSLKYSELDMVDFLISGGTDYKLLNTNPYWVTDNYFSDAPKNFEKYKNDYETKIKNNNDIANSIKLYLEQKFKINAQDIWELNLSYLSTEFEIMMPEIFNNALNHYHRKEYYVIDYFKNYNINGFINGQIKTILPLSKYNKNIINKPELIVNLINENNSVLMKSNVYGDGLKGTMNNFYAVYKIPYNIGDEYHINYSYLNNVNVEEINNIPPINDADIYPYRKNSDPFIPVYNITETKEINTTTPLSVNYLQAQVTNSNDINLSLDFSKVISLKDRSLVYSFLDNTIDYLDSIKYDEPINTDKKYYLWLKEIFRNYSFDMTEIQEVNIPCGINKVVPWLGKALNILNTGNSFIEEFKTLGPISLINKKENIIMPKIEIDEIPNSMLNLSFKDLSENLFNIFSKNNSYFEKIYYDFLDQWWTQYYSQYFDLICMAKRSVLAQESLIKKIIQKKLSYLIGNSNISADNLVLMNLTTTNTLRDISNESQIAMNNVDSFLNSAAICVFEGNIYPKFISFMEQCINNINKNTREFIQKCTNITENEKLQLINRNIFSSLDFDFLNIENLKSLFSSETALLIKEETSPYELVLYAFQEPDNNAIGDASAKNTSIEYSKDIDLVYGINGDALYLNGANQSISFSNDFFENGLTNSFSIYFWLRNLGKDTIKSKLIGSKEDNCGWEIYFQDTGLVFNMIDSNGNEKNIYLSDVSNNSWHYITISIDRLKEQLLIFIDDNLVVNESIKEILNIYSSNIISLLSNNNASYIEGLTILNKPTTSQEVLSNYFKNLNNSYIRDSNEERLEYNKTYQLYNYVFSENPIYEIKQNNNIYLTINNTNNLNLQASKFKLLSINPNKQHVQKFDEVIISILDNMEKYIDIS-EDNRLQLIDNKNGAKKMIISNNIFISNCLTLSCGGKYICLSMKDENYNWMICNNESNIPKKAYLWTLKEV
PROKKA_00005	tr|A0A0X1KH90|A0A0X1KH90_CLOBA Botulinum neurotoxin type E, nontoxic-nonhemagglutinin component, NTNH OS=Clostridium botulinum (strain Alaska E43 / Type E3) PE=1 SV=1 !!!ntnH	1164	1163	1164	881	75.69	281	2	1	1163	MKINNNFNIDSPVDNKDVAIVRGRKTDIFLKVFQVAPNIWVAPERYYGESLNINEDQKSDGGIYDSNFLLTNDEKDEFLQATVKILQRINNNVIGAKLLSLISTAIPFPYEYKPGDYRQTNYLVSKDNQHYYTANLVIFGPGTNIVENNAVYYKKEDSENGMGTMSEIWFQPFLTYKYDQFYVDPALELIKCLIKSLYYLYGIKPSDDLSIPYRLRSELNSLKYSELDMVDFLISGGTDYKLLNTNPYWVTDNYFSDAPKNFEKYKNDYETKIKNNNDIANSIKLYLEQKFKINAQDIWELNLSYLSTEFEIMMPEIFNNALNHYHRKEYYVIDYFKNYNINGFINGQIKTILPLSKYNKNIINKPELIVNLINENNSVLMKSNVYGDGLKGTMNNFYAVYKIPYNIGDEYHINYSYLNNVNVEEINNIPPINDADIYPYRKNSDPFIPVYNITETKEINTTTPLSVNYLQAQVTNSNDINLSLDFSKVISLKDRSLVYSFLDNTIDYLDSIKYDEPINTDKKYYLWLKEIFRNYSFDMTEIQEVNIPCGINKVVPWLGKALNILNTGNSFIEEFKTLGPISLINKKENIIMPKIEIDEIPNSMLNLSFKDLSENLFNIFSKNNSYFEKIYYDFLDQWWTQYYSQYFDLICMAKRSVLAQESLIKKIIQKKLSYLIGNSNISADNLVLMNLTTTNTLRDISNESQIAMNNVDSFLNSAAICVFEGNIYPKFISFMEQCINNINKNTREFIQKCTNITENEKLQLINRNIFSSLDFDFLNIENLKSLFSSETALLIKEETSPYELVLYAFQEPDNNAIGDASAKNTSIEYSKDIDLVYGINGDALYLNGANQSISFSNDFFENGLTNSFSIYFWLRNLGKDTIKSKLIGSKEDNCGWEIYFQDTGLVFNMIDSNGNEKNIYLSDVSNNSWHYITISIDRLKEQLLIFIDDNLVVNESIKEILNIYSSNIISLLSNNNASYIEGLTILNKPTTSQEVLSNYFKNLNNSYIRDSNEERLEYNKTYQLYNYVFSENPIYEIKQNNNIYLTINNTNNLNLQASKFKLLSINPNKQHVQKFDEVIISILDNMEKYIDIS-EDNRLQLIDNKNGAKKMIISNNIFISNCLTLSCGGKYICLSMKDENYNWMICNNESNIPKKAYLWTLKEV
PROKKA_00005	tr|C4IHM0|C4IHM0_CLOBU Botulinum neurotoxin type E, nontoxic-nonhemagglutinin component, NTNH OS=Clostridium butyricum E4 str. BoNT E BL5262 GN=ntnH PE=4 SV=1 !!!ntnH	1164	1163	1164	884	75.95	278	2	1	1163	MKINNNFNIDSPVDNKDVAIVRGRKTDIFLKVFQVAPNIWVAPERYYGESLNINEDQKSDGGIYDSNFLLTNDEKDEFLQATVKILQRINNNVIGAKLLSLISTAIPFPYEYKPGDYRQTNYLVSKDNQHYYTANLVIFGPGTNIVENNAVYYKKEDSENGMGTMSEIWFQPFLTYKYDQFYVDPALELIKCLIKSLYYLYGIKPSDDLSIPYRLRSELNSLKYSELDMVDFLISGGTDYKLLNTNPYWVTDNYFSDAPKNFEKYKNDYETKIKNNNDIANSIKLYLEQKFKINAQDIWELNLSYLSTEFEIMMPEIFNNALNHYHRKEYYVIDYFKNYNINGFINGQIKTILPLSKYNKNIINKPELIVNLINENNSVLMKSNVYGDGLKGTMNNFYAVYKIPYNIGDEYHINYSYLNNVNVEEINNIPPINDADIYPYRKNSDPFIPVYNITETKEINTTTPLSVNYLQAQVTNSNDINLSLDFSKVISLKDRSLVYSFLDNTIDYLDSIKYDEPINTDKKYYLWLKEIFRNYSFDMTEIQEVNIPCGINKVVPWLGKALNILNTGNSFIEEFKTLGPISLINKKENIIMPKIEIDEIPNSMLNLSFKDLSENLFNIFSKNNSYFEKIYYDFLDQWWTQYYSQYFDLICMAKRSVLAQESLIKKIIQKKLSYLIGNSNISADNLVLMNLTTTNTLRDISNESQIAMNNVDSFLNSAAICVFEGNIYPKFISFMEQCINNINKNTREFIQKCTNITENEKLQLINRNIFSSLDFDFLNIENLKSLFSSETALLIKEETSPYELVLYAFQEPDNNAIGDASAKNTSIEYSKDIDLVYGINGDALYLNGANQSISFSNDFFENGLTNSFSIYFWLRNLGKDTIKSKLIGSKEDNCGWEIYFQDTGLVFNMIDSNGNEKNIYLSDVSNNSWHYITISIDRLKEQLLIFIDDNLVVNESIKEILNIYSSNIISLLSNNNASYIEGLTILNKPTTSQEVLSNYFKNLNNSYIRDSNEERLEYNKTYQLYNYVFSENPIYEIKQNNNIYLTINNTNNLNLQASKFKLLSINPNKQHVQKFDEVIISILDNMEKYIDISED-NRLQLIDNKNGAKKMIISNNIFISNCLTLSCGGKYICLSMKDENYNWMICNNESNIPKKAYLWTLKEV
PROKKA_00005	tr|A5HZZ8|A5HZZ8_CLOBH Type A progenitor toxin nontoxic-nonha OS=Clostridium botulinum (strain Hall / ATCC 3502 / NCTC 13319 / Type A) GN=ntnH PE=4 SV=1 !!!ntnH	1164	1193	1197	897	74.94	260	40	1	1161	MKINNNFNIDSPVDNKDVAIVRGRKTDIFLKVFQVAPNIWVAPERYYGESLNINEDQKSDGGIYDSNFLLTNDEKDEFLQATVKILQRINNNVIGAKLLSLISTAIPFPY---------------------------------EYKPGDYRQTNYLVSKDNQHYYTANLVIFGPGTNIVENNAVYYKKEDSENGMGTMSEIWFQPFLTYKYDQFYVDPALELIKCLIKSLYYLYGIKPSDDLSIPYRLRSELNSLKYSELDMVDFLISGGTDYKLLNTNPYWVTDNYFSDAPKNFEKYKNDYETKIKNNNDIANSIKLYLEQKFKINAQDIWELNLSYLSTEFEIMMPEIFNNALNHYHRKEYYVIDYFKNYNINGFINGQIKTILPLSKYNKNIINKPELIVNLINENNSVLMKSNVYGDGLKGTMNNFYAVYKIPYNIGDEYHINYS---YLNNVNVEEINNIPPINDADIYPYRKNSDPFIPVYNITETKEINTTTPLSVNYLQAQVTNSNDINLSLDFSKVISLKDRSLVYSFLDNTIDYLDSIKYDEPINTDKKYYLWLKEIFRNYSFDMTEIQEVNIPCGINKVVPWLGKALNILNTGNSFIEEFKTLGPISLINKKENIIMPKIEIDEIPNSMLNLSFKDLSENLFNIFSKNNSYFEKIYYDFLDQWWTQYYSQYFDLICMAKRSVLAQESLIKKIIQKKLSYLIGNSNISADNLVLMNLTTTNTLRDISNESQIAMNNVDSFLNSAAICVFEGNIYPKFISFMEQCINNINKNTREFIQKCTNITENEKLQLINRNIFSSLDFDFLNIENLKSLFSSETALLIKEETSPYELVLYAFQEPDNNAIGDASAKNTSIEYSKDIDLVYGINGDALYLNGANQSISFSNDFFENGLTNSFSIYFWLRNLGKDTIKSKLIGSKEDNCGWEIYFQDTGLVFNMIDSNGNEKNIYLSDVSNNSWHYITISIDRLKEQLLIFIDDNLVVNESIKEILNIYSSNIISLLSNNNASYIEGLTILNKPTTSQEVLSNYFKNLNNSYIRDSNEERLEYNKTYQLYNYVFSENPIYEIKQNNNIYLTINNTNNLNLQASKFKLLSINPNKQHVQKFDEVIISILDNMEKYIDISEDNRLQLIDNKNGAKKMIISNNIFISNCLTLSCGGKYICLSMKDENYNWMICNNESNIPKKAYLWTLK
PROKKA_00005	tr|A0A060N6G5|A0A060N6G5_CLOBO Nontoxic-nonhemagglutinin component, NTNH OS=Clostridium botulinum B str. Osaka05 GN=CBO05P2_175 PE=4 SV=1 !!!ntnH	1164	1197	1200	764	63.67	396	40	1	1163	MKINNNFNIDSPVDNKDVAIVRGRKTDIFLKVFQVAPNIWVAPERYYGESLNINEDQKSDGGIYDSNFLLTNDEKDEFLQATVKILQRINNNVIGAKLLSLISTAIPFPY---------------------------------EYKPGDYRQTNYLVSKDNQHYYTANLVIFGPGTNIVENNAVYYKKEDSENGMGTMSEIWFQPFLTYKYDQFYVDPALELIKCLIKSLYYLYGIKPSDDLSIPYRLRSELNSLKYSELDMVDFLISGGTDYKLLNTNPYWVTDNYFSDAPKNFEKYKNDYETKIKNNNDIANSIKLYLEQKFKINAQDIWELNLSYLSTEFEIMMPEIFNNALNHYHRKEYYVIDYFKNYNINGFINGQIKTILPLSKYNKNIINKPELIVNLINENNSVLMKSNVYGDGLKGTMNNFYAVYKIPYNIGDEYHINYS---YLNNVNVEEINNIPPINDADIYPYRKNSDPFIPVYNITETKEINTTTPLSVNYLQAQVTNSNDINLSLDFSKVISLKDRSLVYSFLDNTIDYLDSIKYDEPINTDKKYYLWLKEIFRNYSFDMTEIQEVNIPCGINKVVPWLGKALNILNTGNSFIEEFKTLGPISLINKKENIIMPKIEIDEIPNSMLNLSFKDLSENLFNIFSKNNSYFEKIYYDFLDQWWTQYYSQYFDLICMAKRSVLAQESLIKKIIQKKLSYLIGNSNISADNLVLMNLTTTNTLRDISNESQIAMNNVDSFLNSAAICVFEGNIYPKFISFMEQCINNINKNTREFIQKCTNITENEKLQLINRNIFSSLDFDFLNIENLKSLFSSETALLIKEETSPYELVLYAFQEPDNNAIGDASAKNTSIEYSKDIDLVYGINGDALYLNGANQSISFSNDFFENGLTNSFSIYFWLRNLGKDTIKSKLIGSKEDNCGWEIYFQDTGLVFNMIDSNGNEKNIYLSDVSNNSWHYITISIDRLKEQLLIFIDDNLVVNESIKEILNIYSSNIISLLSNNNASYIEGLTILNKPTTSQEVLSNYFKNLNNSYIRDSNEERLEYNKTYQLYNYVFSENPIYEIKQNNNIYLTINNTNNLNLQASKFKLLSINPNKQHVQKFDEVIISILDNMEKYIDI-SEDNRLQLIDNKNGAKKMIISNNIFISNCLTLSCGGKYICLSMKDENYNWMICNNESNIPKKAYLWTLKEV
PROKKA_00005	tr|B1INP6|B1INP6_CLOBK Botulinum neurotoxin type B1, nontoxic-nonhemagglutinin component, NTNH OS=Clostridium botulinum (strain Okra / Type B1) GN=ntnH PE=4 SV=1 !!!ntnH	1164	1197	1200	756	63.00	404	40	1	1163	MKINNNFNIDSPVDNKDVAIVRGRKTDIFLKVFQVAPNIWVAPERYYGESLNINEDQKSDGGIYDSNFLLTNDEKDEFLQATVKILQRINNNVIGAKLLSLISTAIPFPY---------------------------------EYKPGDYRQTNYLVSKDNQHYYTANLVIFGPGTNIVENNAVYYKKEDSENGMGTMSEIWFQPFLTYKYDQFYVDPALELIKCLIKSLYYLYGIKPSDDLSIPYRLRSELNSLKYSELDMVDFLISGGTDYKLLNTNPYWVTDNYFSDAPKNFEKYKNDYETKIKNNNDIANSIKLYLEQKFKINAQDIWELNLSYLSTEFEIMMPEIFNNALNHYHRKEYYVIDYFKNYNINGFINGQIKTILPLSKYNKNIINKPELIVNLINENNSVLMKSNVYGDGLKGTMNNFYAVYKIPYNIGDEYHINYS---YLNNVNVEEINNIPPINDADIYPYRKNSDPFIPVYNITETKEINTTTPLSVNYLQAQVTNSNDINLSLDFSKVISLKDRSLVYSFLDNTIDYLDSIKYDEPINTDKKYYLWLKEIFRNYSFDMTEIQEVNIPCGINKVVPWLGKALNILNTGNSFIEEFKTLGPISLINKKENIIMPKIEIDEIPNSMLNLSFKDLSENLFNIFSKNNSYFEKIYYDFLDQWWTQYYSQYFDLICMAKRSVLAQESLIKKIIQKKLSYLIGNSNISADNLVLMNLTTTNTLRDISNESQIAMNNVDSFLNSAAICVFEGNIYPKFISFMEQCINNINKNTREFIQKCTNITENEKLQLINRNIFSSLDFDFLNIENLKSLFSSETALLIKEETSPYELVLYAFQEPDNNAIGDASAKNTSIEYSKDIDLVYGINGDALYLNGANQSISFSNDFFENGLTNSFSIYFWLRNLGKDTIKSKLIGSKEDNCGWEIYFQDTGLVFNMIDSNGNEKNIYLSDVSNNSWHYITISIDRLKEQLLIFIDDNLVVNESIKEILNIYSSNIISLLSNNNASYIEGLTILNKPTTSQEVLSNYFKNLNNSYIRDSNEERLEYNKTYQLYNYVFSENPIYEIKQNNNIYLTINNTNNLNLQASKFKLLSINPNKQHVQKFDEVIISILDNMEKYIDI-SEDNRLQLIDNKNGAKKMIISNNIFISNCLTLSCGGKYICLSMKDENYNWMICNNESNIPKKAYLWTLKEV
PROKKA_00005	tr|B2TSC3|B2TSC3_CLOBB Botulinum neurotoxin type B OS=Clostridium botulinum (strain Eklund 17B / Type B) GN=ntnH PE=4 SV=1 !!!ntnH	1164	1197	1200	747	62.25	413	40	1	1163	MKINNNFNIDSPVDNKDVAIVRGRKTDIFLKVFQVAPNIWVAPERYYGESLNINEDQKSDGGIYDSNFLLTNDEKDEFLQATVKILQRINNNVIGAKLLSLISTAIPFPY---------------------------------EYKPGDYRQTNYLVSKDNQHYYTANLVIFGPGTNIVENNAVYYKKEDSENGMGTMSEIWFQPFLTYKYDQFYVDPALELIKCLIKSLYYLYGIKPSDDLSIPYRLRSELNSLKYSELDMVDFLISGGTDYKLLNTNPYWVTDNYFSDAPKNFEKYKNDYETKIKNNNDIANSIKLYLEQKFKINAQDIWELNLSYLSTEFEIMMPEIFNNALNHYHRKEYYVIDYFKNYNINGFINGQIKTILPLSKYNKNIINKPELIVNLINENNSVLMKSNVYGDGLKGTMNNFYAVYKIPYNIGDEYHINY---SYLNNVNVEEINNIPPINDADIYPYRKNSDPFIPVYNITETKEINTTTPLSVNYLQAQVTNSNDINLSLDFSKVISLKDRSLVYSFLDNTIDYLDSIKYDEPINTDKKYYLWLKEIFRNYSFDMTEIQEVNIPCGINKVVPWLGKALNILNTGNSFIEEFKTLGPISLINKKENIIMPKIEIDEIPNSMLNLSFKDLSENLFNIFSKNNSYFEKIYYDFLDQWWTQYYSQYFDLICMAKRSVLAQESLIKKIIQKKLSYLIGNSNISADNLVLMNLTTTNTLRDISNESQIAMNNVDSFLNSAAICVFEGNIYPKFISFMEQCINNINKNTREFIQKCTNITENEKLQLINRNIFSSLDFDFLNIENLKSLFSSETALLIKEETSPYELVLYAFQEPDNNAIGDASAKNTSIEYSKDIDLVYGINGDALYLNGANQSISFSNDFFENGLTNSFSIYFWLRNLGKDTIKSKLIGSKEDNCGWEIYFQDTGLVFNMIDSNGNEKNIYLSDVSNNSWHYITISIDRLKEQLLIFIDDNLVVNESIKEILNIYSSNIISLLSNNNASYIEGLTILNKPTTSQEVLSNYFKNLNNSYIRDSNEERLEYNKTYQLYNYVFSENPIYEIKQNNNIYLTINNTNNLNLQASKFKLLSINPNKQHVQKFDEVIISILDNMEKYIDI-SEDNRLQLIDNKNGAKKMIISNNIFISNCLTLSCGGKYICLSMKDENYNWMICNNESNIPKKAYLWTLKEV
PROKKA_00005	tr|C5VU80|C5VU80_CLOBO Botulinum neurotoxin type D, nontoxic-nonhemagglutinin component, NTNH OS=Clostridium botulinum D str. 1873 GN=ntnH PE=4 SV=1 !!!ntnH	1164	1196	1198	694	57.93	464	40	1	1161	MKINNNFNIDSPVDNKDVAIVRGRKTDIFLKVFQVAPNIWVAPERYYGESLNINEDQKSDGGIYDSNFLLTNDEKDEFLQATVKILQRINNNVIGAKLLSLISTAIPFPYEY------KP---------------------------GDYRQTNYLVSKDNQHYYTANLVIFGPGTNIVENNAVYYKKEDSENGMGTMSEIWFQPFLTYKYDQFYVDPALELIKCLIKSLYYLYGIKPSDDLSIPYRLRSELNSLKYSELDMVDFLISGGTDYKLLNTNPYWVTDNYFSDAPKNFEKYKNDYETKIKNNNDIANSIKLYLEQKFKINAQDIWELNLSYLSTEFEIMMPEIFNNALNHYHRKEYYVIDYFKNYNINGFINGQIKTILPLSKYNKNIINKPELIVNLINENNSVLMKSNVYGDGLKGTMNNFYAVYKIPYNIGDEYHINYS---YLNNVNVEEINNIPPINDADIYPYRKNSDPFIPVYNITETKEINTTTPLSVNYLQAQVTNSNDINLSLDFSKVISLKDRSLVYSFLDNTIDYLDSIKYDEPINTDKKYYLWLKEIFRNYSFDMTEIQEVNIPCGINKVVPWLGKALNILNTGNSFIEEFKTLGPISLINKKENIIMPKIEIDEIPNSMLNLSFKDLSENLFNIFSKNNSYFEKIYYDFLDQWWTQYYSQYFDLICMAKRSVLAQESLIKKIIQKKLSYLIGNSNISADNLVLMNLTTTNTLRDISNESQIAMNNVDSFLNSAAICVFEGNIYPKFISFMEQCINNINKNTREFIQKCTNITENEKLQLINRNIFSSLDFDFLNIENLKSLFSSETALLIKEETSPYELVLYAFQEPDNNAIGDASAKNTSIEYSKDIDLVYGINGDALYLNGANQSISFSNDFFENGLTNSFSIYFWLRNLGKDTIKSKLIGSKEDNCGWEIYFQDTGLVFNMIDSNGNEKNIYLSDVSNNSWHYITISIDRLKEQLLIFIDDNLVVNESIKEILNIYSSNIISLLSNNNASYIEGLTILNKPTTSQEVLSNYFKNLNNSYIRDSNEERLEYNKTYQLYNYVFSENPIYEIKQNNNIYLTINNTNNLNLQASKFKLLSINPNKQHVQKFDEVIISILDNMEKYIDIS-EDNRLQLIDNKNGAKKMIISNNIFISNCLTLSCGGKYICLSMKDENYNWMICNNESNIPKKAYLWTLK
PROKKA_00005	tr|B1BE43|B1BE43_CLOBO Botulinum neurotoxin type C, nontoxic-nonhemagglutinin component NTNH OS=Clostridium botulinum C str. Eklund GN=CBC_A0166 PE=4 SV=1 !!!ntnH	1164	1196	1198	690	57.60	468	40	1	1161	MKINNNFNIDSPVDNKDVAIVRGRKTDIFLKVFQVAPNIWVAPERYYGESLNINEDQKSDGGIYDSNFLLTNDEKDEFLQATVKILQRINNNVIGAKLLSLISTAIPFPYEY------KP---------------------------GDYRQTNYLVSKDNQHYYTANLVIFGPGTNIVENNAVYYKKEDSENGMGTMSEIWFQPFLTYKYDQFYVDPALELIKCLIKSLYYLYGIKPSDDLSIPYRLRSELNSLKYSELDMVDFLISGGTDYKLLNTNPYWVTDNYFSDAPKNFEKYKNDYETKIKNNNDIANSIKLYLEQKFKINAQDIWELNLSYLSTEFEIMMPEIFNNALNHYHRKEYYVIDYFKNYNINGFINGQIKTILPLSKYNKNIINKPELIVNLINENNSVLMKSNVYGDGLKGTMNNFYAVYKIPYNIGDEYHINYS---YLNNVNVEEINNIPPINDADIYPYRKNSDPFIPVYNITETKEINTTTPLSVNYLQAQVTNSNDINLSLDFSKVISLKDRSLVYSFLDNTIDYLDSIKYDEPINTDKKYYLWLKEIFRNYSFDMTEIQEVNIPCGINKVVPWLGKALNILNTGNSFIEEFKTLGPISLINKKENIIMPKIEIDEIPNSMLNLSFKDLSENLFNIFSKNNSYFEKIYYDFLDQWWTQYYSQYFDLICMAKRSVLAQESLIKKIIQKKLSYLIGNSNISADNLVLMNLTTTNTLRDISNESQIAMNNVDSFLNSAAICVFEGNIYPKFISFMEQCINNINKNTREFIQKCTNITENEKLQLINRNIFSSLDFDFLNIENLKSLFSSETALLIKEETSPYELVLYAFQEPDNNAIGDASAKNTSIEYSKDIDLVYGINGDALYLNGANQSISFSNDFFENGLTNSFSIYFWLRNLGKDTIKSKLIGSKEDNCGWEIYFQDTGLVFNMIDSNGNEKNIYLSDVSNNSWHYITISIDRLKEQLLIFIDDNLVVNESIKEILNIYSSNIISLLSNNNASYIEGLTILNKPTTSQEVLSNYFKNLNNSYIRDSNEERLEYNKTYQLYNYVFSENPIYEIKQNNNIYLTINNTNNLNLQASKFKLLSINPNKQHVQKFDEVIISILDNMEKYIDIS-EDNRLQLIDNKNGAKKMIISNNIFISNCLTLSCGGKYICLSMKDENYNWMICNNESNIPKKAYLWTLK
PROKKA_00005	tr|C1FUH5|C1FUH5_CLOBJ Toxin complex component ORF-X1 OS=Clostridium botulinum (strain Kyoto / Type A2) GN=CLM_0893 PE=4 SV=1 !!!ORF-X1	1164	142	88	23	26.14	61	4	536	620	SFDMTEIQEVNIPCGINKV---VPWLGKALNILNTGNSFIEEFKTLGPISLINKKENIIMPKIEIDEIPNSMLNLSFKDLSENLFNIF
PROKKA_00005	tr|B1L2G1|B1L2G1_CLOBM Toxin complex component ORF-X1 OS=Clostridium botulinum (strain Loch Maree / Type A3) GN=CLK_A0072 PE=4 SV=1 !!!ORF-X1	1164	142	88	23	26.14	61	4	536	620	SFDMTEIQEVNIPCGINKV---VPWLGKALNILNTGNSFIEEFKTLGPISLINKKENIIMPKIEIDEIPNSMLNLSFKDLSENLFNIF
PROKKA_00005	tr|A0A0D1BS75|A0A0D1BS75_CLOBO Hemagglutinin OS=Clostridium botulinum B2 450 GN=N495_19885 PE=4 SV=1 !!! 	1164	146	23	10	43.48	13	0	836	858	VYGINGDALYLNGANQSISFSND
PROKKA_00005	tr|A0A060N976|A0A060N976_CLOBO Hemagglutinin component HA17 OS=Clostridium botulinum B str. Osaka05 GN=CBO05P2_178 PE=4 SV=1 !!!ha17	1164	146	23	10	43.48	13	0	836	858	VYGINGDALYLNGANQSISFSND
PROKKA_00005	tr|A0A0E1L447|A0A0E1L447_CLOBO Hemagglutinin component HA-17 OS=Clostridium botulinum CDC_1436 GN=ha-17 PE=4 SV=1 !!!ha17	1164	146	23	10	43.48	13	0	836	858	VYGINGDALYLNGANQSISFSND
PROKKA_00005	tr|A0A073CN83|A0A073CN83_CLOBO Hemagglutinin OS=Clostridium botulinum A2B3 87 GN=N496_19565 PE=4 SV=1 !!! 	1164	146	23	10	43.48	13	0	836	858	VYGINGDALYLNGANQSISFSND
PROKKA_00005	tr|A0A0B4W498|A0A0B4W498_CLOBO Hemagglutinin component HA-17 OS=Clostridium botulinum Prevot_594 GN=ha-17 PE=4 SV=1 !!!ha17	1164	146	23	10	43.48	13	0	836	858	VYGINGDALYLNGANQSISFSND
PROKKA_00005	tr|A5HZZ5|A5HZZ5_CLOBH Hemagglutinin component of the neurotoxin complex OS=Clostridium botulinum (strain Hall / ATCC 3502 / NCTC 13319 / Type A) GN=ha17 PE=1 SV=1 !!!ha17	1164	146	23	9	39.13	14	0	836	858	VYGINGDALYLNGANQSISFSND
PROKKA_00005	tr|A0A0A7FV57|A0A0A7FV57_9CLOT Clostridium P-47 family protein OS=Clostridium baratii str. Sullivan GN=U729_696 PE=4 SV=1 !!!P-47	1164	491	31	11	35.48	19	1	336	365	FKNYNI-NGFINGQIKTILPLSKYNKNIINK
PROKKA_00005	tr|A0A059PY44|A0A059PY44_9CLOT Toxin complex component ORF-X3 OS=Clostridium baratii PE=4 SV=1 !!!ORF-X3	1164	491	31	11	35.48	19	1	336	365	FKNYNI-NGFINGQIKTILPLSKYNKNIINK
PROKKA_00006	tr|B1INP6|B1INP6_CLOBK Botulinum neurotoxin type B1, nontoxic-nonhemagglutinin component, NTNH OS=Clostridium botulinum (strain Okra / Type B1) GN=ntnH PE=4 SV=1 !!!ntnH	1279	1197	635	157	24.72	411	67	541	1142	YLHAQKVPEGETNISLTSSIDTALS--EESQVYTFFSSE--FINTI--NKPVHA-ALFISWINQVIRDFTTEATQKSTFDKIADISLVVPYVGLALNIGNEVQKENFKEAFELLGAGILLEFVPELLIPTILVFTIKS-FIGSSENKNKIIKAINNSLMERETKWKEIYSWIVSNWLTRINTQFNKRKEQMYQALQNQVDAIKTVIEYKYNNYTSDERNRLESEYNINNIREE-----LNKKVSLAMENIERFITESSIFYLMKLINEAKVSKLREYDEGVKEYLLDYISEHRSILGNSVQELNDLVTSTLNNSIPFELSSYTNDKILILYFNKLYKKIKDNS----ILDMRYENNKFI-DISGYGSNISINGDV-YIYSTNRNQFGIYSSKPSEVNIAQNNDIIYNGRYQNFSISFWVRIPKYFNKVNLNNEYTIIDCIRN--NNSGWKISLNYNKIIWTLQDTAGNNQKLVFNYTQMISISDYINK-WIFVTITNNRLGNS-RIYINGNLIDEKSISNLGDIHVSDNILFKIVGCNDTRYVGIRYFKVFDTELGKTEIETLYSDEPDPSILKDFWGNYLLYNKRYYLLNLLRTDKS---ITQNSNFL-------NINQQRGVYQKPNIFSNTR
PROKKA_00006	tr|B1INP6|B1INP6_CLOBK Botulinum neurotoxin type B1, nontoxic-nonhemagglutinin component, NTNH OS=Clostridium botulinum (strain Okra / Type B1) GN=ntnH PE=4 SV=1 !!!ntnH	1279	1197	255	72	28.24	131	52	11	240	NDPVNDDTILYMQIPYEEKSKKYYKAFEIMRNVWIIPERNTIGTDPSDFDPPASLENGSSAYYDPNYLTTDAEKDRYLKTTIKLFKRINSNPAGEVLLQEISYAKPY----------------LGNEHTPINEFHPVTRTT---------SVNIKSSTNVKSSIILNLLVLGAGPDIFENSSYPVRKLMDSGGVYDPSNDGFGSINIVTFSPEYEYTFNDISGGYNSSTESFIADPAISLAHELIHALHGLYGAR
PROKKA_00006	tr|A0A0X1KH90|A0A0X1KH90_CLOBA Botulinum neurotoxin type E, nontoxic-nonhemagglutinin component, NTNH OS=Clostridium botulinum (strain Alaska E43 / Type E3) PE=1 SV=1 !!!ntnH	1279	1163	661	151	22.84	457	53	497	1135	ETIPQISNQTLNTLVQD-DSYVPRYDSNGTSEIEEHNVVDLNVFFYLHAQKVPEGETNISLTSSIDTALSEESQVYTFFSS-----EFINTINKPVHA-ALFISWINQVIRDFTTEATQKSTFDKIADISLVVPYVGLALNIGNEVQKENFKEAFELLGAGILLEFVPELLIPTILVFTIKSFIGSSENKNKIIKAINNSLMERETKWKEIYSWIVSNWLTRINTQFNKRKEQMYQALQNQVDAIKTVIE----YKYNNYTSDERNRLESEYNINNIREELNKKVSLAMENIERFITESSIFYLMKLINEAKVSKLREYDEGVKEYLLDYISEHRSILGNSVQELNDLVTSTLNNSIPFELSSYTNDKILILYFNKLYKKIKDN----SILDMRYENNKFI-DISGYGSNISINGDV-YIYSTNRNQFGIYSSKPSEVNIAQNNDIIYNGRYQNFSISFWVRIPKYFNKVNLNNEYTIIDCIRNNNSGWKISLNYNKIIWTLQDTAGNNQKLVFNYTQMISISDYINKWIFVTITNNRLGNS-RIYINGNLIDEKSISNLGDIHVSDNILFKIVGCNDTRYVGIRYFKVFDTELGKTEIETLYSDEPDPSILKDFWGNYLLYNKRYYLLNLLRTDKSIT---QNSN-FLNINQQRGVYQKP
PROKKA_00006	tr|C5UY14|C5UY14_CLOBO Botulinum neurotoxin type E1, nontoxic-nonhemagglutinin component, NTNH OS=Clostridium botulinum E1 str. 'BoNT E Beluga' GN=ntnH PE=4 SV=1 !!!ntnH	1279	1163	661	151	22.84	457	53	497	1135	ETIPQISNQTLNTLVQD-DSYVPRYDSNGTSEIEEHNVVDLNVFFYLHAQKVPEGETNISLTSSIDTALSEESQVYTFFSS-----EFINTINKPVHA-ALFISWINQVIRDFTTEATQKSTFDKIADISLVVPYVGLALNIGNEVQKENFKEAFELLGAGILLEFVPELLIPTILVFTIKSFIGSSENKNKIIKAINNSLMERETKWKEIYSWIVSNWLTRINTQFNKRKEQMYQALQNQVDAIKTVIE----YKYNNYTSDERNRLESEYNINNIREELNKKVSLAMENIERFITESSIFYLMKLINEAKVSKLREYDEGVKEYLLDYISEHRSILGNSVQELNDLVTSTLNNSIPFELSSYTNDKILILYFNKLYKKIKDN----SILDMRYENNKFI-DISGYGSNISINGDV-YIYSTNRNQFGIYSSKPSEVNIAQNNDIIYNGRYQNFSISFWVRIPKYFNKVNLNNEYTIIDCIRNNNSGWKISLNYNKIIWTLQDTAGNNQKLVFNYTQMISISDYINKWIFVTITNNRLGNS-RIYINGNLIDEKSISNLGDIHVSDNILFKIVGCNDTRYVGIRYFKVFDTELGKTEIETLYSDEPDPSILKDFWGNYLLYNKRYYLLNLLRTDKSIT---QNSN-FLNINQQRGVYQKP
PROKKA_00006	tr|C4IHM0|C4IHM0_CLOBU Botulinum neurotoxin type E, nontoxic-nonhemagglutinin component, NTNH OS=Clostridium butyricum E4 str. BoNT E BL5262 GN=ntnH PE=4 SV=1 !!!ntnH	1279	1163	641	146	22.78	444	51	497	1118	ETIPQISNQTLNTLVQD-DSYVPRYDSNGTSEIEEHNVVDLNVFFYLHAQKVPEGETNISLTSSIDTALSEESQVYTFFSS-----EFINTINKPVHA-ALFISWINQVIRDFTTEATQKSTFDKIADISLVVPYVGLALNIGNEVQKENFKEAFELLGAGILLEFVPELLIPTILVFTIKSFIGSSENKNKIIKAINNSLMERETKWKEIYSWIVSNWLTRINTQFNKRKEQMYQALQNQVDAIKTVIE----YKYNNYTSDERNRLESEYNINNIREELNKKVSLAMENIERFITESSIFYLMKLINEAKVSKLREYDEGVKEYLLDYISEHRSILGNSVQELNDLVTSTLNNSIPFELSSYTNDKILILYFNKLYKKIKDN----SILDMRYENNKFI-DISGYGSNISINGDV-YIYSTNRNQFGIYSSKPSEVNIAQNNDIIYNGRYQNFSISFWVRIPKYFNKVNLNNEYTIIDCIRNNNSGWKISLNYNKIIWTLQDTAGNNQKLVFNYTQMISISDYINK-WIFVTITNNRLGNS-RIYINGNLIDEKSISNLGDIHVSDNILFKIVGCNDTRYVGIRYFKVFDTELGKTEIETLYSDEPDPSILKDFWGNYLLYNKRYYLLNLLRTDKSITQ
PROKKA_00006	tr|A0A060N6G5|A0A060N6G5_CLOBO Nontoxic-nonhemagglutinin component, NTNH OS=Clostridium botulinum B str. Osaka05 GN=CBO05P2_175 PE=4 SV=1 !!!ntnH	1279	1197	255	72	28.24	131	52	11	240	NDPVNDDTILYMQIPYEEKSKKYYKAFEIMRNVWIIPERNTIGTDPSDFDPPASLENGSSAYYDPNYLTTDAEKDRYLKTTIKLFKRINSNPAGEVLLQEISYAKPY----------------LGNEHTPINEFHPVTRTT---------SVNIKSSTNVKSSIILNLLVLGAGPDIFENSSYPVRKLMDSGGVYDPSNDGFGSINIVTFSPEYEYTFNDISGGYNSSTESFIADPAISLAHELIHALHGLYGAR
PROKKA_00006	tr|B1L2G4|B1L2G4_CLOBM Botulinum neurotoxin type A3, nontoxic-nonhemagglutinin component, NTNH OS=Clostridium botulinum (strain Loch Maree / Type A3) GN=ntnH PE=4 SV=1 !!!ntnH	1279	1159	235	68	28.94	132	35	6	240	NSFNYNDPVNDDTILYMQIPYEEKSKKYYKAFEIMRNVWIIPERNTIGTDPSDFDPPASLENGSSAYYDPNYLTTDAEKDRYLKTTIKLFKRINSNPAGEVLLQEISYAKPYLGNEHTPINEFHPVTRTTSVNIKSSTNVKSSIILNLLVLGAGPDIFENSSYPVRKLMDSGGVYDPSNDGFGSINIVTFSPEYEYTFNDISGGYNSSTESFIADPAISLAHELIHALHGLYGAR
PROKKA_00006	tr|A5HZZ8|A5HZZ8_CLOBH Type A progenitor toxin nontoxic-nonha OS=Clostridium botulinum (strain Hall / ATCC 3502 / NCTC 13319 / Type A) GN=ntnH PE=4 SV=1 !!!ntnH	1279	1193	255	72	28.24	131	52	11	240	NDPVNDDTILYMQIPYEEKSKKYYKAFEIMRNVWIIPERNTIGTDPSDFDPPASLENGSSAYYDPNYLTTDAEKDRYLKTTIKLFKRINSNPAGEVLLQEISYAKPY----------------LGNEHTPINEFHPVTRTT---------SVNIKSSTNVKSSIILNLLVLGAGPDIFENSSYPVRKLMDSGGVYDPSNDGFGSINIVTFSPEYEYTFNDISGGYNSSTESFIADPAISLAHELIHALHGLYGAR
PROKKA_00006	tr|A5HZZ8|A5HZZ8_CLOBH Type A progenitor toxin nontoxic-nonha OS=Clostridium botulinum (strain Hall / ATCC 3502 / NCTC 13319 / Type A) GN=ntnH PE=4 SV=1 !!!ntnH	1279	1193	706	172	24.36	458	76	541	1223	YLHAQKVPEGETNISLTSSIDTALS--EESQVYTFFSSE--FINTI--NKPVHA-ALFISWINQVIRDFTTEATQKSTFDKIADISLVVPYVGLALNIGNEVQKENFKEAFELLGAGILLEFVPELLIPTILVFTIKS-FIGSSENKNKIIKAINNSLMERETKWKEIYSWIVSNWLTRINTQFNKRKEQMYQALQNQVDAIKTVIEYKY-----NNYTSDERNRLESEYNINNIREELNKKVSLAMENIERFITESSIFYLMKLINEAKVSKLREYDEGVKEYLLDYISEHRSILGNSVQELNDLVTSTLNNSIPFELSSYTNDKILILYFNKLYKKIKDNSILDMRYE-----NNKFIDISGYGSNISINGDV-YIYSTNRNQFGIYSSKPSEVNIAQNNDIIYNGRYQNFSISFWVRIPKYFNKVNLNNEYTIIDCI--RNNNSGWKISLNYNKIIWTLQDTAGNNQKLVFNYTQMISISDYI-NKWIFVTITNNRLGNS-RIYINGNLIDEKSISNLGDIHVSDNILFKIVGCNDTRYVGIRYFKVFDTELGKTEIETLYSDEPDPSILKDFWGNYLLYNKRYYLLNLLRTDKSITQNSNFLNINQQRGVYQKPNIFSNTRLYTGVEVIIRKNGSTDISNTDNFVRKNDLAYINVVDRDVEYRLYADISIAKPEKIIKLIRTSNSNNSLGQIIVMDSIGNNC
PROKKA_00006	tr|C5VU80|C5VU80_CLOBO Botulinum neurotoxin type D, nontoxic-nonhemagglutinin component, NTNH OS=Clostridium botulinum D str. 1873 GN=ntnH PE=4 SV=1 !!!ntnH	1279	1196	260	70	26.92	138	52	6	240	NSFNYNDPVNDDTILYMQIPYEEKSKKYYKAFEIMRNVWIIPERNTIGTDPSDFDPPASLENGSSAYYDPNYLTTDAEKDRYLKTTIKLFKRINSNPAGEVLLQEISYAKP----YLGNEHTPINEF---------------------HPVTRTTSVNIKSSTNVKSSIILNLLVLGAGPDIFENSSYPVRKLMDSGGVYDPSNDGFGSINIVTFSPEYEYTFNDISGGYNSSTESFIADPAISLAHELIHALHGLYGAR
PROKKA_00006	tr|B1BE43|B1BE43_CLOBO Botulinum neurotoxin type C, nontoxic-nonhemagglutinin component NTNH OS=Clostridium botulinum C str. Eklund GN=CBC_A0166 PE=4 SV=1 !!!ntnH	1279	1196	638	153	23.98	413	72	525	1131	TSEIEEHNVVDLNVFFYLHAQKVPEGETNISLTSSIDTALS--EESQVYTFFSS--EFINTI--NKPVHA-ALFISWINQVIRDFTTEATQKSTFDKIADISLVVPYVGLALNIGNEVQKENFKEAFELLGAGILLEFVPELLIPTILVFTI-KSFIGSSENKNKIIKAINNSLMERETK----WKEIYSWIVSNWLTRINTQFNKRKEQMYQALQNQVDAIKTVIEYKYNNYTSDERNRLESEYNINNIRE----ELNKKVSLAMENIERFITESSIFYLMKLINEAKVSKLREYDEGVKEYLLDYISEHRSILGNSVQELNDLVTSTLNNSIPFELSSYTNDKILILYFNKLYKKIKDNS-------ILDMRYENNKFI-DISGYGSNISINGDV-YIYSTNRNQFGIYSSKPSEVNIAQNNDIIYNGRYQNFSISFWVRIPKYFNKVNLNNEYTIIDCIRNNNSGWKISLNYNKIIWTLQDTAGNNQKLVFNYTQMISISDYI-NKWIFVTITNNRLGNS-RIYINGNLIDEKSISNLGDIHVSDNILFKIVGCNDTRYVGIRYFKVFDTELGKTEIETLYSDEPDPSILKDFWGNYLLYNKRYYLLNLLRTDKSITQ----NSNFLNINQQRGV
PROKKA_00006	tr|B1BE43|B1BE43_CLOBO Botulinum neurotoxin type C, nontoxic-nonhemagglutinin component NTNH OS=Clostridium botulinum C str. Eklund GN=CBC_A0166 PE=4 SV=1 !!!ntnH	1279	1196	260	69	26.54	139	52	6	240	NSFNYNDPVNDDTILYMQIPYEEKSKKYYKAFEIMRNVWIIPERNTIGTDPSDFDPPASLENGSSAYYDPNYLTTDAEKDRYLKTTIKLFKRINSNPAGEVLLQEISYAKP----YLGNEHTPINEF---------------------HPVTRTTSVNIKSSTNVKSSIILNLLVLGAGPDIFENSSYPVRKLMDSGGVYDPSNDGFGSINIVTFSPEYEYTFNDISGGYNSSTESFIADPAISLAHELIHALHGLYGAR
PROKKA_00006	tr|B1BE43|B1BE43_CLOBO Botulinum neurotoxin type C, nontoxic-nonhemagglutinin component NTNH OS=Clostridium botulinum C str. Eklund GN=CBC_A0166 PE=4 SV=1 !!!ntnH	1279	1196	248	60	24.19	145	43	183	421	SNDGFGSINIVTFSPEYEYTFNDISGGY---NSSTESFIADPAISLAHELIHALHGLYGARGVTYKETIKVKQA-PLMIAEKPIRLEEFLTFGGQDLNIITSAMKEKIY---NNLLANYEKIATRLSRVNSAPPEYDINEYKDYFQWKYGLDKNADGSYTVNENKFNEIYKKLYSFTEIDLANKFKVKCR-NTYFIKYGFLKVPNLLDDDIYTVSEGFNIGNLAVNNRGQNIKLNPKI-IDSIPDKGL
PROKKA_00006	tr|A7GBG2|A7GBG2_CLOBL Botulinum neurotoxin type F, nontoxic-nonhemagglutinin component, NTNH OS=Clostridium botulinum (strain Langeland / NCTC 10281 / Type F) GN=ntnH PE=4 SV=1 !!!ntnH	1279	1163	280	75	26.79	161	44	6	280	NSFNYNDPVNDDTILYMQIPYEEKSKKYYKAFEIMRNVWIIPERNTIGTDPSDFDPPASLENGSSAYYDPNYLTTDAEKDRYLKTTIKLFKRINSNPAGEVLLQEISYAKPYLGNEHTPINEFHPVTRTTSVNIKSSTNVKSSIILNLLVLGAGPDIFENSSYPVRKLMDSGGVYDPSNDGFGSINIVTFSPEYEYTFNDISGGYNSSTESFIADPAISLAHELIHALHGLYGAR-----GVTYKETIKVKQAPLMIAEKPIRLEEFLTFGGQDLNIITS
PROKKA_00006	tr|B2TSC3|B2TSC3_CLOBB Botulinum neurotoxin type B OS=Clostridium botulinum (strain Eklund 17B / Type B) GN=ntnH PE=4 SV=1 !!!ntnH	1279	1197	255	71	27.84	132	52	11	240	NDPVNDDTILYMQIPYEEKSKKYYKAFEIMRNVWIIPERNTIGTDPSDFDPPASLENGSSAYYDPNYLTTDAEKDRYLKTTIKLFKRINSNPAGEVLLQEISYAKPY----------------LGNEHTPINEFHPVTRTT---------SVNIKSSTNVKSSIILNLLVLGAGPDIFENSSYPVRKLMDSGGVYDPSNDGFGSINIVTFSPEYEYTFNDISGGYNSSTESFIADPAISLAHELIHALHGLYGAR
PROKKA_00006	tr|C1FUH8|C1FUH8_CLOBJ Botulinum neurotoxin type A2, nontoxic-nonhemagglutinin component, NTNH OS=Clostridium botulinum (strain Kyoto / Type A2) GN=ntnH PE=4 SV=1 !!!ntnH	1279	1159	212	62	29.25	118	32	29	240	KSKKYYKAFEIMRNVWIIPERNTIGTDPSDFDPPASLENGSSAYYDPNYLTTDAEKDRYLKTTIKLFKRINSNPAGEVLLQEISYAKPYLGNEHTPINEFHPVTRTTSVNIKSSTNVKSSIILNLLVLGAGPDIFENSSYPVRKLMDSGGVYDPSNDGFGSINIVTFSPEYEYTFNDISGGYNSSTESFIADPAISLAHELIHALHGLYGAR
PROKKA_00006	tr|C5VU79|C5VU79_CLOBO Hemagglutinin component HA33 OS=Clostridium botulinum D str. 1873 GN=ha33 PE=4 SV=1 !!!ha33	1279	285	34	14	41.18	15	5	498	526	TIPQISNQT-----LNTLVQDDSYVPRYDSNGTS
PROKKA_00006	tr|A0A060NA10|A0A060NA10_CLOBO Haemagglutinin component HA70 OS=Clostridium botulinum B str. Osaka05 GN=CBO05P2_179 PE=4 SV=1 !!!ha70	1279	626	66	20	30.30	32	14	989	1048	QKLVFNYTQMISISD--YI----NKWIFVTITNNRLGNSRIYINGNLIDEKSISNLGDIHVSDNIL
PROKKA_00006	tr|A0A060NA10|A0A060NA10_CLOBO Haemagglutinin component HA70 OS=Clostridium botulinum B str. Osaka05 GN=CBO05P2_179 PE=4 SV=1 !!!ha70	1279	626	89	23	25.84	46	20	1085	1170	PDPSILKDFW---GNYLLYNKRYYLLNLLRTDKSITQNSNFLNINQQRGVYQKPNIFSNTRLYTGVEVIIRKNGSTDISNTDNFVRKND
PROKKA_00006	tr|B1INQ0|B1INQ0_CLOBK Hemagglutinin component HA70 OS=Clostridium botulinum (strain Okra / Type B1) GN=ha70 PE=4 SV=1 !!!ha70	1279	626	66	20	30.30	32	14	989	1048	QKLVFNYTQMISISD--YI----NKWIFVTITNNRLGNSRIYINGNLIDEKSISNLGDIHVSDNIL
PROKKA_00006	tr|B1INQ0|B1INQ0_CLOBK Hemagglutinin component HA70 OS=Clostridium botulinum (strain Okra / Type B1) GN=ha70 PE=4 SV=1 !!!ha70	1279	626	89	23	25.84	46	20	1085	1170	PDPSILKDFW---GNYLLYNKRYYLLNLLRTDKSITQNSNFLNINQQRGVYQKPNIFSNTRLYTGVEVIIRKNGSTDISNTDNFVRKND
PROKKA_00006	tr|A0A0B4W4X0|A0A0B4W4X0_CLOBO Hemagglutinin components HA-22/23/53 OS=Clostridium botulinum Prevot_594 GN=ha-70 PE=4 SV=1 !!!ha70	1279	626	66	20	30.30	32	14	989	1048	QKLVFNYTQMISISD--YI----NKWIFVTITNNRLGNSRIYINGNLIDEKSISNLGDIHVSDNIL
PROKKA_00006	tr|A0A0B4W4X0|A0A0B4W4X0_CLOBO Hemagglutinin components HA-22/23/53 OS=Clostridium botulinum Prevot_594 GN=ha-70 PE=4 SV=1 !!!ha70	1279	626	89	23	25.84	46	20	1085	1170	PDPSILKDFW---GNYLLYNKRYYLLNLLRTDKSITQNSNFLNINQQRGVYQKPNIFSNTRLYTGVEVIIRKNGSTDISNTDNFVRKND
PROKKA_00006	tr|A5HZZ4|A5HZZ4_CLOBH Hemagglutinin component of the neurotoxin complex OS=Clostridium botulinum (strain Hall / ATCC 3502 / NCTC 13319 / Type A) GN=ha70 PE=1 SV=1 !!!ha70	1279	626	66	20	30.30	32	14	989	1048	QKLVFNYTQMISISD--YI----NKWIFVTITNNRLGNSRIYINGNLIDEKSISNLGDIHVSDNIL
PROKKA_00006	tr|A5HZZ4|A5HZZ4_CLOBH Hemagglutinin component of the neurotoxin complex OS=Clostridium botulinum (strain Hall / ATCC 3502 / NCTC 13319 / Type A) GN=ha70 PE=1 SV=1 !!!ha70	1279	626	89	23	25.84	46	20	1085	1170	PDPSILKDFW---GNYLLYNKRYYLLNLLRTDKSITQNSNFLNINQQRGVYQKPNIFSNTRLYTGVEVIIRKNGSTDISNTDNFVRKND
PROKKA_00006	tr|B1L2G1|B1L2G1_CLOBM Toxin complex component ORF-X1 OS=Clostridium botulinum (strain Loch Maree / Type A3) GN=CLK_A0072 PE=4 SV=1 !!!ORF-X1	1279	142	46	13	28.26	33	0	726	771	ALQNQVDAIKTVIEYKYNNYTSDERNRLESEYNINNIREELNKKVS
PROKKA_00006	tr|M1ZPH7|M1ZPH7_CLOBO Hemagglutinin component HA70 OS=Clostridium botulinum CFSAN001627 GN=CFSAN001627_19663 PE=4 SV=1 !!!ha70	1279	626	66	20	30.30	32	14	989	1048	QKLVFNYTQMISISD--YI----NKWIFVTITNNRLGNSRIYINGNLIDEKSISNLGDIHVSDNIL
PROKKA_00006	tr|M1ZPH7|M1ZPH7_CLOBO Hemagglutinin component HA70 OS=Clostridium botulinum CFSAN001627 GN=CFSAN001627_19663 PE=4 SV=1 !!!ha70	1279	626	89	23	25.84	46	20	1085	1170	PDPSILKDFW---GNYLLYNKRYYLLNLLRTDKSITQNSNFLNINQQRGVYQKPNIFSNTRLYTGVEVIIRKNGSTDISNTDNFVRKND
PROKKA_00006	tr|B2TSB9|B2TSB9_CLOBB Heamagglutinin components HA-70 OS=Clostridium botulinum (strain Eklund 17B / Type B) GN=ha70 PE=4 SV=1 !!!ha70	1279	626	66	20	30.30	32	14	989	1048	QKLVFNYTQMISISD--YI----NKWIFVTITNNRLGNSRIYINGNLIDEKSISNLGDIHVSDNIL
PROKKA_00006	tr|A0A059PYB0|A0A059PYB0_9CLOT Toxin complex component ORF-X2 OS=Clostridium baratii PE=4 SV=1 !!!ORF-X2	1279	748	30	11	36.67	19	0	319	348	YFQWKYGLDKNADGSYTVNENKFNEIYKKL
PROKKA_00006	tr|A0A0E1L2H2|A0A0E1L2H2_CLOBO Hemagglutinin components HA-22/23/53 OS=Clostridium botulinum CDC_1436 GN=ha-70 PE=4 SV=1 !!!ha70	1279	626	89	23	25.84	46	20	1085	1170	PDPSILKDFW---GNYLLYNKRYYLLNLLRTDKSITQNSNFLNINQQRGVYQKPNIFSNTRLYTGVEVIIRKNGSTDISNTDNFVRKND
PROKKA_00006	tr|S8BA68|S8BA68_CLOBO Hemagglutinin component HA70 OS=Clostridium botulinum CFSAN002367 GN=CFSAN002367_15786 PE=4 SV=1 !!!ha70	1279	508	89	23	25.84	46	20	1085	1170	PDPSILKDFW---GNYLLYNKRYYLLNLLRTDKSITQNSNFLNINQQRGVYQKPNIFSNTRLYTGVEVIIRKNGSTDISNTDNFVRKND
PROKKA_00008	tr|A0A060N6G5|A0A060N6G5_CLOBO Nontoxic-nonhemagglutinin component, NTNH OS=Clostridium botulinum B str. Osaka05 GN=CBO05P2_175 PE=4 SV=1 !!!ntnH	32	1197	19	9	47.37	10	0	11	29	GINEEYFHESENKNRIQIV
PROKKA_00008	tr|B1INP6|B1INP6_CLOBK Botulinum neurotoxin type B1, nontoxic-nonhemagglutinin component, NTNH OS=Clostridium botulinum (strain Okra / Type B1) GN=ntnH PE=4 SV=1 !!!ntnH	32	1197	19	9	47.37	10	0	11	29	GINEEYFHESENKNRIQIV
PROKKA_00008	tr|B2TSC3|B2TSC3_CLOBB Botulinum neurotoxin type B OS=Clostridium botulinum (strain Eklund 17B / Type B) GN=ntnH PE=4 SV=1 !!!ntnH	32	1197	19	9	47.37	10	0	11	29	GINEEYFHESENKNRIQIV
PROKKA_00008	tr|B1BE43|B1BE43_CLOBO Botulinum neurotoxin type C, nontoxic-nonhemagglutinin component NTNH OS=Clostridium botulinum C str. Eklund GN=CBC_A0166 PE=4 SV=1 !!!ntnH	32	1196	16	8	50.00	8	0	14	29	EEYFHESENKNRIQIV
PROKKA_00008	tr|C5VU80|C5VU80_CLOBO Botulinum neurotoxin type D, nontoxic-nonhemagglutinin component, NTNH OS=Clostridium botulinum D str. 1873 GN=ntnH PE=4 SV=1 !!!ntnH	32	1196	16	8	50.00	8	0	14	29	EEYFHESENKNRIQIV
PROKKA_00008	tr|A0A0X1KH90|A0A0X1KH90_CLOBA Botulinum neurotoxin type E, nontoxic-nonhemagglutinin component, NTNH OS=Clostridium botulinum (strain Alaska E43 / Type E3) PE=1 SV=1 !!!ntnH	32	1163	24	10	41.67	13	1	6	29	FKIVAGINEEYFHESENKNRIQIV
PROKKA_00008	tr|C5UY14|C5UY14_CLOBO Botulinum neurotoxin type E1, nontoxic-nonhemagglutinin component, NTNH OS=Clostridium botulinum E1 str. 'BoNT E Beluga' GN=ntnH PE=4 SV=1 !!!ntnH	32	1163	24	10	41.67	13	1	6	29	FKIVAGINEEYFHESENKNRIQIV
PROKKA_00008	tr|C4IHM0|C4IHM0_CLOBU Botulinum neurotoxin type E, nontoxic-nonhemagglutinin component, NTNH OS=Clostridium butyricum E4 str. BoNT E BL5262 GN=ntnH PE=4 SV=1 !!!ntnH	32	1163	24	10	41.67	13	1	6	29	FKIVAGINEEYFHESENKNRIQIV
PROKKA_00008	tr|A7GBF7|A7GBF7_CLOBL Toxin complex component ORF-X3 OS=Clostridium botulinum (strain Langeland / NCTC 10281 / Type F) GN=CLI_0845 PE=4 SV=1 !!!ORF-X3	32	490	9	5	55.56	4	0	16	24	YFHESENKN
PROKKA_00008	tr|B1L2F9|B1L2F9_CLOBM Toxin complex component ORF-X3 OS=Clostridium botulinum (strain Loch Maree / Type A3) GN=CLK_A0070 PE=4 SV=1 !!!ORF-X3	32	490	9	5	55.56	4	0	16	24	YFHESENKN
PROKKA_00008	tr|C1FUH3|C1FUH3_CLOBJ Toxin complex component ORF-X3 OS=Clostridium botulinum (strain Kyoto / Type A2) GN=CLM_0891 PE=4 SV=1 !!!ORF-X3	32	490	9	5	55.56	4	0	16	24	YFHESENKN
PROKKA_00008	tr|B2TSB9|B2TSB9_CLOBB Heamagglutinin components HA-70 OS=Clostridium botulinum (strain Eklund 17B / Type B) GN=ha70 PE=4 SV=1 !!!ha70	32	626	21	9	42.86	7	5	9	29	VAGINEEYFHESENKNRIQIV
PROKKA_00008	tr|A0A060NA10|A0A060NA10_CLOBO Haemagglutinin component HA70 OS=Clostridium botulinum B str. Osaka05 GN=CBO05P2_179 PE=4 SV=1 !!!ha70	32	626	21	9	42.86	7	5	9	29	VAGINEEYFHESENKNRIQIV
PROKKA_00008	tr|A0A0B4W4X0|A0A0B4W4X0_CLOBO Hemagglutinin components HA-22/23/53 OS=Clostridium botulinum Prevot_594 GN=ha-70 PE=4 SV=1 !!!ha70	32	626	21	9	42.86	7	5	9	29	VAGINEEYFHESENKNRIQIV
PROKKA_00008	tr|A0A0E1L2H2|A0A0E1L2H2_CLOBO Hemagglutinin components HA-22/23/53 OS=Clostridium botulinum CDC_1436 GN=ha-70 PE=4 SV=1 !!!ha70	32	626	21	9	42.86	7	5	9	29	VAGINEEYFHESENKNRIQIV
PROKKA_00008	tr|B1INQ0|B1INQ0_CLOBK Hemagglutinin component HA70 OS=Clostridium botulinum (strain Okra / Type B1) GN=ha70 PE=4 SV=1 !!!ha70	32	626	21	9	42.86	7	5	9	29	VAGINEEYFHESENKNRIQIV
PROKKA_00009	tr|B2TSC0|B2TSC0_CLOBB Hemagglutinin component HA-17 OS=Clostridium botulinum (strain Eklund 17B / Type B) GN=ha17 PE=4 SV=1 !!!ha17	154	146	22	4	18.18	18	0	45	66	DNAHKREEWGANFMSPDQCTKL
PROKKA_00009	tr|A0A073CN83|A0A073CN83_CLOBO Hemagglutinin OS=Clostridium botulinum A2B3 87 GN=N496_19565 PE=4 SV=1 !!! 	154	146	20	4	20.00	16	0	47	66	AHKREEWGANFMSPDQCTKL
PROKKA_00009	tr|A5HZZ5|A5HZZ5_CLOBH Hemagglutinin component of the neurotoxin complex OS=Clostridium botulinum (strain Hall / ATCC 3502 / NCTC 13319 / Type A) GN=ha17 PE=1 SV=1 !!!ha17	154	146	22	4	18.18	18	0	45	66	DNAHKREEWGANFMSPDQCTKL
PROKKA_00009	tr|A0A0B4W498|A0A0B4W498_CLOBO Hemagglutinin component HA-17 OS=Clostridium botulinum Prevot_594 GN=ha-17 PE=4 SV=1 !!!ha17	154	146	22	4	18.18	18	0	45	66	DNAHKREEWGANFMSPDQCTKL
PROKKA_00009	tr|A0A0D1BS75|A0A0D1BS75_CLOBO Hemagglutinin OS=Clostridium botulinum B2 450 GN=N495_19885 PE=4 SV=1 !!! 	154	146	20	4	20.00	16	0	47	66	AHKREEWGANFMSPDQCTKL
PROKKA_00009	tr|A0A060N976|A0A060N976_CLOBO Hemagglutinin component HA17 OS=Clostridium botulinum B str. Osaka05 GN=CBO05P2_178 PE=4 SV=1 !!!ha17	154	146	20	4	20.00	16	0	47	66	AHKREEWGANFMSPDQCTKL
PROKKA_00009	tr|A0A0E1L447|A0A0E1L447_CLOBO Hemagglutinin component HA-17 OS=Clostridium botulinum CDC_1436 GN=ha-17 PE=4 SV=1 !!!ha17	154	146	20	4	20.00	16	0	47	66	AHKREEWGANFMSPDQCTKL
PROKKA_00009	tr|A5HZZ8|A5HZZ8_CLOBH Type A progenitor toxin nontoxic-nonha OS=Clostridium botulinum (strain Hall / ATCC 3502 / NCTC 13319 / Type A) GN=ntnH PE=4 SV=1 !!!ntnH	154	1193	11	7	63.64	4	0	133	143	NEEKEYLQKLD
PROKKA_00009	tr|B1INP9|B1INP9_CLOBK Hemagglutinin component HA17 OS=Clostridium botulinum (strain Okra / Type B1) GN=ha17 PE=4 SV=1 !!!ha17	154	146	22	4	18.18	18	0	45	66	DNAHKREEWGANFMSPDQCTKL
PROKKA_00009	tr|A7GBF8|A7GBF8_CLOBL Toxin complex component ORF-X2 OS=Clostridium botulinum (strain Langeland / NCTC 10281 / Type F) GN=CLI_0846 PE=4 SV=1 !!!ORF-X2	154	750	42	12	28.57	26	4	18	55	KQSIMKE-QEKKRIEDLI---LFLEEKGWKVDNAHKREEWGA
PROKKA_00011	tr|A0A0C1TY77|A0A0C1TY77_9CLOT Main hemagglutinin component OS=Clostridium argentinense CDC 2741 GN=ha-33 PE=4 SV=1 !!!ha33	263	285	58	16	27.59	38	4	123	180	FVIINNSDKDRIKTIFQEIFRVLKKGGKFFILDSNPNAVGIEFSTFTNGKSGQAYHLG
PROKKA_00011	tr|A0A0C1TY77|A0A0C1TY77_9CLOT Main hemagglutinin component OS=Clostridium argentinense CDC 2741 GN=ha-33 PE=4 SV=1 !!!ha33	263	285	57	16	28.07	33	8	170	218	NGKSGQAYHLGDHKKQFLKIP---NNEVLIL-----EDYYWPIDFYINNLEAVGFEN
PROKKA_00011	tr|A5HZZ8|A5HZZ8_CLOBH Type A progenitor toxin nontoxic-nonha OS=Clostridium botulinum (strain Hall / ATCC 3502 / NCTC 13319 / Type A) GN=ntnH PE=4 SV=1 !!!ntnH	263	1193	17	10	58.82	7	0	39	55	YIFQNLKSNESIKKILD
PROKKA_00011	tr|C1FUH8|C1FUH8_CLOBJ Botulinum neurotoxin type A2, nontoxic-nonhemagglutinin component, NTNH OS=Clostridium botulinum (strain Kyoto / Type A2) GN=ntnH PE=4 SV=1 !!!ntnH	263	1159	17	10	58.82	7	0	39	55	YIFQNLKSNESIKKILD
PROKKA_00011	tr|S8BA68|S8BA68_CLOBO Hemagglutinin component HA70 OS=Clostridium botulinum CFSAN002367 GN=CFSAN002367_15786 PE=4 SV=1 !!!ha70	263	508	42	13	30.95	23	6	221	260	IVEPT--IEKINKPDLNAIEKTYDIKCWGSEKNKPPFIIFDV
PROKKA_00011	tr|A0A0B4W4X0|A0A0B4W4X0_CLOBO Hemagglutinin components HA-22/23/53 OS=Clostridium botulinum Prevot_594 GN=ha-70 PE=4 SV=1 !!!ha70	263	626	42	13	30.95	23	6	221	260	IVEPT--IEKINKPDLNAIEKTYDIKCWGSEKNKPPFIIFDV
PROKKA_00011	tr|A5HZZ4|A5HZZ4_CLOBH Hemagglutinin component of the neurotoxin complex OS=Clostridium botulinum (strain Hall / ATCC 3502 / NCTC 13319 / Type A) GN=ha70 PE=1 SV=1 !!!ha70	263	626	42	13	30.95	23	6	221	260	IVEPT--IEKINKPDLNAIEKTYDIKCWGSEKNKPPFIIFDV
PROKKA_00011	tr|B1INQ0|B1INQ0_CLOBK Hemagglutinin component HA70 OS=Clostridium botulinum (strain Okra / Type B1) GN=ha70 PE=4 SV=1 !!!ha70	263	626	42	13	30.95	23	6	221	260	IVEPT--IEKINKPDLNAIEKTYDIKCWGSEKNKPPFIIFDV
PROKKA_00011	tr|A0A060NA10|A0A060NA10_CLOBO Haemagglutinin component HA70 OS=Clostridium botulinum B str. Osaka05 GN=CBO05P2_179 PE=4 SV=1 !!!ha70	263	626	42	13	30.95	23	6	221	260	IVEPT--IEKINKPDLNAIEKTYDIKCWGSEKNKPPFIIFDV
PROKKA_00011	tr|M1ZPH7|M1ZPH7_CLOBO Hemagglutinin component HA70 OS=Clostridium botulinum CFSAN001627 GN=CFSAN001627_19663 PE=4 SV=1 !!!ha70	263	626	42	13	30.95	23	6	221	260	IVEPT--IEKINKPDLNAIEKTYDIKCWGSEKNKPPFIIFDV
PROKKA_00012	tr|B2TSC2|B2TSC2_CLOBB Putative RNA polymerase sigma factor OS=Clostridium botulinum (strain Eklund 17B / Type B) GN=botR PE=4 SV=1 !!!BotR	405	179	27	10	37.04	17	0	355	381	VYHNLENKYPIYGRLYKIADNPNNKLF
PROKKA_00013	tr|B2TSC3|B2TSC3_CLOBB Botulinum neurotoxin type B OS=Clostridium botulinum (strain Eklund 17B / Type B) GN=ntnH PE=4 SV=1 !!!ntnH	276	1197	65	16	24.62	41	8	132	192	DILTP--NIPEAERISGYKIKTLEDMEKAAGIIEGMGCKSVLIKGGHYIGDAVDVLY--DGNKFY
PROKKA_00014	tr|A0A073CND8|A0A073CND8_CLOBO P-47 protein OS=Clostridium botulinum A2B3 87 GN=N496_18585 PE=4 SV=1 !!!P-47	78	415	49	16	32.65	32	1	26	73	IMTYEKLEEKVSKIVEANKDSIYKNGVIN-TKLANVLGNLRIDVINKIV
PROKKA_00014	tr|A0A073CND8|A0A073CND8_CLOBO P-47 protein OS=Clostridium botulinum A2B3 87 GN=N496_18585 PE=4 SV=1 !!!P-47	78	415	20	8	40.00	12	0	14	33	CLKDLVDLYFEDIMTYEKLE
PROKKA_00014	tr|A0A073CND8|A0A073CND8_CLOBO P-47 protein OS=Clostridium botulinum A2B3 87 GN=N496_18585 PE=4 SV=1 !!!P-47	78	415	27	11	40.74	12	4	51	77	GVINTKLANVLGNLRIDVINKIVKEEN
PROKKA_00014	tr|B1L2G3|B1L2G3_CLOBM P-47 protein OS=Clostridium botulinum (strain Loch Maree / Type A3) GN=p47 PE=4 SV=1 !!!P-47	78	416	46	15	32.61	30	1	29	73	YEKLEEKVSKIVEANKDSIYKNGVIN-TKLANVLGNLRIDVINKIV
PROKKA_00014	tr|C1FUH7|C1FUH7_CLOBJ P-47 protein OS=Clostridium botulinum (strain Kyoto / Type A2) GN=p47 PE=4 SV=1 !!!P-47	78	416	46	15	32.61	30	1	29	73	YEKLEEKVSKIVEANKDSIYKNGVIN-TKLANVLGNLRIDVINKIV
PROKKA_00014	tr|A0A0E1L2H2|A0A0E1L2H2_CLOBO Hemagglutinin components HA-22/23/53 OS=Clostridium botulinum CDC_1436 GN=ha-70 PE=4 SV=1 !!!ha70	78	626	67	13	19.40	49	5	1	67	MRKVYKNPKELATCLKDLVDLYFEDIMTYEKLEEKVSKIVEANKDSIYKNGVINTKLANVLGNLRID
PROKKA_00014	tr|C5UY11|C5UY11_CLOBO Toxin complex component ORF-X2 OS=Clostridium botulinum E1 str. 'BoNT E Beluga' GN=CLO_2648 PE=4 SV=1 !!!ORF-X2	78	748	29	10	34.48	19	0	11	39	LATCLKDLVDLYFEDIMTYEKLEEKVSKI
PROKKA_00014	tr|M1ZUL7|M1ZUL7_CLOBO P-47 protein OS=Clostridium botulinum CFSAN001627 GN=CFSAN001627_20700 PE=4 SV=1 !!!P-47	78	416	20	8	40.00	12	0	14	33	CLKDLVDLYFEDIMTYEKLE
PROKKA_00014	tr|B1BE43|B1BE43_CLOBO Botulinum neurotoxin type C, nontoxic-nonhemagglutinin component NTNH OS=Clostridium botulinum C str. Eklund GN=CBC_A0166 PE=4 SV=1 !!!ntnH	78	1196	36	11	30.56	18	7	20	54	DLYFED-IMTYEKLEEKVSKIVEANKDSIYKNGVIN
PROKKA_00014	tr|C4IHM0|C4IHM0_CLOBU Botulinum neurotoxin type E, nontoxic-nonhemagglutinin component, NTNH OS=Clostridium butyricum E4 str. BoNT E BL5262 GN=ntnH PE=4 SV=1 !!!ntnH	78	1163	24	11	45.83	11	2	48	71	YKNGVINTKLANVLGNLRIDVINK
PROKKA_00014	tr|A0A0X1KH90|A0A0X1KH90_CLOBA Botulinum neurotoxin type E, nontoxic-nonhemagglutinin component, NTNH OS=Clostridium botulinum (strain Alaska E43 / Type E3) PE=1 SV=1 !!!ntnH	78	1163	24	11	45.83	11	2	48	71	YKNGVINTKLANVLGNLRIDVINK
PROKKA_00014	tr|C5UY14|C5UY14_CLOBO Botulinum neurotoxin type E1, nontoxic-nonhemagglutinin component, NTNH OS=Clostridium botulinum E1 str. 'BoNT E Beluga' GN=ntnH PE=4 SV=1 !!!ntnH	78	1163	24	11	45.83	11	2	48	71	YKNGVINTKLANVLGNLRIDVINK
PROKKA_00014	tr|B2TSB9|B2TSB9_CLOBB Heamagglutinin components HA-70 OS=Clostridium botulinum (strain Eklund 17B / Type B) GN=ha70 PE=4 SV=1 !!!ha70	78	626	67	12	17.91	50	5	1	67	MRKVYKNPKELATCLKDLVDLYFEDIMTYEKLEEKVSKIVEANKDSIYKNGVINTKLANVLGNLRID
PROKKA_00014	tr|B1INQ0|B1INQ0_CLOBK Hemagglutinin component HA70 OS=Clostridium botulinum (strain Okra / Type B1) GN=ha70 PE=4 SV=1 !!!ha70	78	626	67	12	17.91	50	5	1	67	MRKVYKNPKELATCLKDLVDLYFEDIMTYEKLEEKVSKIVEANKDSIYKNGVINTKLANVLGNLRID
PROKKA_00014	tr|A0A0B4W4X0|A0A0B4W4X0_CLOBO Hemagglutinin components HA-22/23/53 OS=Clostridium botulinum Prevot_594 GN=ha-70 PE=4 SV=1 !!!ha70	78	626	67	12	17.91	50	5	1	67	MRKVYKNPKELATCLKDLVDLYFEDIMTYEKLEEKVSKIVEANKDSIYKNGVINTKLANVLGNLRID
PROKKA_00014	tr|A0A060NA10|A0A060NA10_CLOBO Haemagglutinin component HA70 OS=Clostridium botulinum B str. Osaka05 GN=CBO05P2_179 PE=4 SV=1 !!!ha70	78	626	67	12	17.91	50	5	1	67	MRKVYKNPKELATCLKDLVDLYFEDIMTYEKLEEKVSKIVEANKDSIYKNGVINTKLANVLGNLRID
PROKKA_00014	tr|M1ZPH7|M1ZPH7_CLOBO Hemagglutinin component HA70 OS=Clostridium botulinum CFSAN001627 GN=CFSAN001627_19663 PE=4 SV=1 !!!ha70	78	626	67	12	17.91	50	5	1	67	MRKVYKNPKELATCLKDLVDLYFEDIMTYEKLEEKVSKIVEANKDSIYKNGVINTKLANVLGNLRID
PROKKA_00014	tr|A5HZZ4|A5HZZ4_CLOBH Hemagglutinin component of the neurotoxin complex OS=Clostridium botulinum (strain Hall / ATCC 3502 / NCTC 13319 / Type A) GN=ha70 PE=1 SV=1 !!!ha70	78	626	67	12	17.91	50	5	1	67	MRKVYKNPKELATCLKDLVDLYFEDIMTYEKLEEKVSKIVEANKDSIYKNGVINTKLANVLGNLRID
PROKKA_00014	tr|C5VU80|C5VU80_CLOBO Botulinum neurotoxin type D, nontoxic-nonhemagglutinin component, NTNH OS=Clostridium botulinum D str. 1873 GN=ntnH PE=4 SV=1 !!!ntnH	78	1196	36	10	27.78	19	7	20	54	DLYFED-IMTYEKLEEKVSKIVEANKDSIYKNGVIN
PROKKA_00015	tr|C1FUH3|C1FUH3_CLOBJ Toxin complex component ORF-X3 OS=Clostridium botulinum (strain Kyoto / Type A2) GN=CLM_0891 PE=4 SV=1 !!!ORF-X3	155	490	55	18	32.73	25	12	78	120	GEKAGKKLQEKTGK------KGLFWGLLIFVAIPAPGTGAWT------GTLAASL
PROKKA_00015	tr|A7GBF7|A7GBF7_CLOBL Toxin complex component ORF-X3 OS=Clostridium botulinum (strain Langeland / NCTC 10281 / Type F) GN=CLI_0845 PE=4 SV=1 !!!ORF-X3	155	490	55	18	32.73	25	12	78	120	GEKAGKKLQEKTGK------KGLFWGLLIFVAIPAPGTGAWT------GTLAASL
PROKKA_00016	tr|A0A060N6G5|A0A060N6G5_CLOBO Nontoxic-nonhemagglutinin component, NTNH OS=Clostridium botulinum B str. Osaka05 GN=CBO05P2_175 PE=4 SV=1 !!!ntnH	263	1197	36	10	27.78	26	0	163	198	LDEPLSGLDANSVLVFKEVLSKLASEGKTIFYSSHI
PROKKA_00016	tr|B2TSC3|B2TSC3_CLOBB Botulinum neurotoxin type B OS=Clostridium botulinum (strain Eklund 17B / Type B) GN=ntnH PE=4 SV=1 !!!ntnH	263	1197	36	10	27.78	26	0	163	198	LDEPLSGLDANSVLVFKEVLSKLASEGKTIFYSSHI
PROKKA_00016	tr|B1INP6|B1INP6_CLOBK Botulinum neurotoxin type B1, nontoxic-nonhemagglutinin component, NTNH OS=Clostridium botulinum (strain Okra / Type B1) GN=ntnH PE=4 SV=1 !!!ntnH	263	1197	36	10	27.78	26	0	163	198	LDEPLSGLDANSVLVFKEVLSKLASEGKTIFYSSHI
