25,CFSAN024410,CFSAN,2010,Clinical,infant	gi|282160586|gb|GU213225.1| Cbot BoNT:F sub:F5 str. CDC 54096	50573	3834	3371	80.33	572	91	1473	4796	TAAATTTAACATATAGTATGGTTTATCATATTGTAAATAATCACCCCAAAAGTCTTTTAAAATACCTGAATTTGATTGATTATCATAT-AAATCTTTGATTTCTTTTTTATTTAATTCTTTATCGAAAAGATTAAAATATTTTATCCAAATGTATCTATGTGGATC-TCTACAACCATCTAATTTAAACATTATATTATTACTAGCATGAATATTACCTAAATCTGAAATTGATTCTTCATTTATTAATCTTCCATTTATATAAATTTTAGAATTACTTAACCTATTATTAGTAATAGTTACAAAAATCCATCTGTTTATATAATCTGATATATTAATATTTTGCGTGTATTGAAACACTACTGTTTTTTTTA-TCCCTTCAGTATCCTGTAAAGTCCAAATTATTTTACTATTCATATTAGAAAAATTAAGAGATACTTCCCATCCTGAATTATT-TT--GCATACAACTTATTATTTTATATT--C-ATTAT--TT-ATATTTCTAAAATACTTAGGAATTCTTATCCAAAAGCTAGTACTAAAATTCTCATACATACTATTATATATAACACCATTATTTAGA-AT-TACTTCAATTTTACTACTTTCTA-AATTAGATAATTGAACTTGATTTTTATCTATCTCACTAAATTTTACTCCAGTACCAAT-AT--TTATTCTTGATCTATATCCAGAGGAATCCACCAACTTATCTCTATCCATTTCATATTTTATATTTAGAATACAATTGTATTTAAGCTCTCCATAATTTTTATTAAAATATCGAATTAAAAGAGAGTCATTAGTATATGAAGAAAGTTCAAATGGAATACCATTATCTAGATGATTATTTACTTTAGAATTTAATTCTTCTACACT-ATTTCCTAGAATTGAACTATGATTTCTAATATA-AC-CTAATAAATACCTTCTAACTAAG-TCATCATATGATTTTAACTTTTGTATAGTTTC-ATT-ATTTATTATATTT-ATTAAATATGCTATAGAACTTTCTGTTATAAATTGTTCTATATTTTTCATTGCTAAGTTAATTTTTTCATTAAGTGTCCT-TTCTATCTCATTAATGTTATAACTAGAATCTATTTTGGATTTT-TCATCTGTAGTATAATTATTATATTTATTTTCTATTATTTTTTTTATTGCGGTTGCTTGATTTTTTAGAGCTTTATACATCTGTTCCTTTCTTTTATTAAATTGAGTATTAATTGTAGTAAGCCATTTTGATACTACCCATCTATATAATTCTTTCCATTTTTGATCCCTTACATTTAAAGCATTATCTAATGTTTTAATAATTTTATCTTTATCTCTAAT-TGAACCAGTTAAATACCCTTTTATTGTAAATATTAAAAGCGTAGGAATTAAAAATTCTGGTGAAAATTCTAATAAAAGACCTGCTCC-AACAAGTTCAACTGCTTCTGCAAAATGTTGTTTGTAAATTTCATCTCCTATATTTAAAGCAAGACCTATATATGGTACAACTAAGGATATATCTTTGAGT-TTATCAACAGTACTTGTTTTTGTAGCTTCAGTAGTAAAATCCCTTATAACTTGTTTTACCCATTCTATAAATAATAATGCCTGTACAGGTTTATTGATATTATTAATAAAGTCTGATGAAAAAAATGTATATACTTTAGATCCTTCTAATAATCCTGTATCAAATGAAGACGTCAAAGTTATATTACTTTCA--TT-TGGTGAAAATTTTTGTGCATTTAAATAGAAAAAAGTATTATAATTCCTACCAACTTCATAACTGTCTATTATATCTGTTCTATTATAATCATATTTAGGTATATAATTATCTTTTTGTATATCTGTACTTACATTTCTATTAGGCATTTGAGGTATTACTTGCTCATTAAAATTTAAAATAACTTTATCCAGTATATCTTCAAAACTAGGATCTAAAGTCGTTGTATCATCAATTTCTTTATATGTGTTAATAGTATTTTCACCATAACTCTCTTGTGAAGCTATAAAAAACAGATCCCTATTATTTACAGTAATACATAATGAATTTTTTGTA------TT-ACT-----GTTGCTGCACAACCTAACTACTCTAGAAACTACCCCTTGTCCTTGAAGTTTCTTAATACTATTAATATCAGAACCTATGTTTTGACCTTGATAATTTATTGATAAAGCACCTATATTAAAACCATCTACTTCTGTATAAATACTGTCATCCAATAAATTTGGAAGATAAAAAGGCCCAAAATTTTCAGCCAAATAACCAAGTCTAGTCTTGATTTTAAATTCATATGCTAAATTAAATTCAGTAAAGCTATATATTTTTTTATATAATTGTTCAAATTTATTTAAGTCTACACTATATACTCCATTTGAATCCTTAGCAAATTGATATTTCCATTCATATAAGTTTTTAAATTCATCAATATTAATTAATGCAGTTGCCGTATTAACTTTATTAAGCCTAGAAGCTATTCTTTTATAATCACTTAAAACCTTGTTATATAATTGGGATTGTATACTTTGGGGAACAATATTCCTATCTCTCCCCCCAAAAGTTAGAAATTCTGCACTAGTTATAGGTTTAGTAACCTTCATATA-GCTT-TGTACTACATTTGGTGTTATTTTATATTCAGTTATATAAGTTCCATATAGACCATGAAGTACGTGTATTAGTTCATGCATTAAAATCAATGCAGGATCTTTAATGAATAAACTTGGACTATGTGAGGCAATGCTAATATCATTAAATGCAGTAGCATACTCAGGTGAAAATTCAACAGTCATTATTGAACCAAAACCATCTTTATATGGTGTAGCTTCCATTGATTGATAAGGACTGTATATAATACCACCAGTTTTATTTGTAGTTAGATCAGGACCTGGTCCCCATATAATAAGATTTGCCATCTGTTGTACTATATTACCATTTGCTAACTTTACATTAAATGACACAGTTCTATTATTAGTAGTAAATTGTTCTTCTTGGGTATAAGAGTTTCCTAAATAAGGGATCGCATTTTTTATTTCCTCTAACAGAATTTGGCCTGCTGGTTTACTATTAATCCTTTTAAATAATTTTATCATTATTTGTAAATACTTATTCTTTTCAGTATTAGTACTTAAGTAATTTGGATCAAAATATCCGTCTGAACCTGCTTTTAATGAAACAGGAGGATTAAACAATGAAGGATCTATACCAAGCCTATATCTTTCCGGTATTATCCAAACATTATCCATAATTTGAAAGGCCTTGAAATACGTATTACTTGTTTCATAATATGGTGGTCTTATATATATAATTGTATTATCATTAACAGGATCATCATAATTAAAACTATTTATTACAACTGGCAT	minus
25,CFSAN024410,CFSAN,2010,Clinical,infant	gi|33321097|gb|AF488749.1| Cbot BoNT:A sub:A1	50573	3891	1219	92.45	74	18	930	2142	TTATAGTGAACTTTCTCCCCATCCATCATCTACAGGAATAAACTCCCATGAACAACCGAAAGTCCTACTAGCTTTTCCTATTTGTCTATTATACCAATTACTTGCTACTAGTTTAGCTATATTATTAAACTGATGAAATCCTATAAAGCCTATATCATTCCCATTATTATCTTGTAAATTCATTTTGCATTTATTTCTTATGCCTTGATCATTTTCTGACTTCATTACTACTACTTGACTTAGATTTCCTACATCAGGTATTTCTACTGCACTTAGTATTTTTTCTACGCCTGCCTGTGATGCATTAGTAGCTAATCTATATTCTTTATTTTTAACTACTACATTAATATATACACGATCATTATTTCTAACAATATTATCTTTATTTCCAGAAGCATATTTTTTTATAATAAATTTTGTCCCCATATACAAAGTTGAATTTAAATAAATGTTTGTAGTCACTATTCTACCTCTAGGCCCTTTAAGATACATATAACCTCTAATACCTACATTATTTACATCGAGATATTTATTTGGATCATATAAATTTAACATATAGTATGGTTTATCATATTGTAAATAATCACCCCAAAAGTCTTTTAAAATACCTGAATTTGATTGATTATCATATAAATCTTTGATTTCTTTTTTATTTAATTCTTTATCGAAAAGATTAAAATATTTTATCCAAATGTATCTATGTGGATCTCTACAACCATCTAATTTAAACATTATATTATTACTAGCATGAATATTACCTAAATCTGAAATTGATTCTTCATTTATTAATCTTCCATTTATATAAATTTTAGAATTACTTAACCTATTATTAGTAATAGTTACAAAAATCCATCTGTTTATATAATCTGATATATTAATATTTTGCGTGTATTGAAACACTACTGTTTTTTTTATCCCTTCAGTATCCTGTAAAGTCCAAATTATTTTACTATTCATATTAGAAAAATTAAGAGATACTTCCCATCCTGAATTATTTTGCATACAACTTATTATTTTATATTCATTATTTATA-TT-T-CT---AAAATACTTAGGAATTCTTATCCAAAAGCTAGTACTAAAATTCTCATACATACTATTATATATAACACCATTATTTAGAATTACTTCAATTTTACTACTTTCTAAATTAGATAATTGAACTTGATTTTTATCTATCTCACTAAATTTTACTCCAGTACCAATATTTATTCTTGAT	minus
25,CFSAN024410,CFSAN,2010,Clinical,infant	gb|CP000940.1|:46218-49811 Cbot BoNT:B sub:B1 str. Okra plasmid pCLD	50573	3594	3153	76.56	659	80	4842	7954	TTAGGTATGTTG-CTTTCATTATTACATATCATCAAATTATAGTTTTCATCTTTCATAGATAAACATATATACTTACTGTTATGAGATAAAGTTAA-ACAATTTGAAATAAATATATCATTACTAATAATA-AATTTAC-TTGCATTAT-TTT-TA-TTATCTATTATTTTAACTCTATTATTTCCATTAGATATACATAAATATTTTTCTGTATCATATAATACAGATATTATTACTTCATCCCATTTTTGAACATATTGTTTATTTGGATTAATACTTAATAATTTAAATTTACAAGGTTTCATATTTAAATTATTTATATTATTAATTGTTAAATATCTATTATTATCTTGTTTAACTTCACATATAGGA-TTATCTGGAAATACATAATCATATAATTGATATGTCTTATTGTATTCTAATCGTTCTTCATTACTGTCTCTTATATATGAATTATTTAAATTCTTAAAATAATTACTCAAAACTTCCTGACTTGTAGTAGGTTTATTTAAAATAGTTAATCCCTCAATATAACTTGCATTATTATTACTTAA-TAAAGAAATTATATTACTTGAATAGATATTCAAAATTTCTTTAATACTTTCATTAACTACTAA-ATTATCATCAATAAATATTAATAATTGTTCTTTTAAACGATCTATAGATATAGTTATATAGTGCCAACTATTA-TTAGAAACATCAGATAGATATATATTCTTCTCGTTTCCATTAGAATCTATCATATTAAAAACCAACCCAGTATCTTGAAAATAAATTTCCCAACCACAATTATCTTCCTTACTACCTATTAACTTAGATTTAGTAGTATCCTTGCCC-AAATTTCTCAACCAAAAATAAATTGAGAAACTATTAGTTAATCCATTTTCAAAGAAATCATTAGAAAAACTTATACTTTGATTAGATCCATTTAAATATAATGCATCACTATTTATTCCATAAACTAAGCCTATGTCCTTAGAATGCTCTACTGATGTATCTTTACCAGATGCATCTCCGATAACATTATTACCTGGTTCCTTAAAAGCATATAACACTAGTTCGTAAGGCGAAGTTTCTTCCTTTATAAGTAATGCTGTCTCTGAACTAAATAAACTTTTCAAATC-TTCAATGTTTAAAAAATCAAAATCTAAGCTACTAAAAATATTTTGGCTAATCAATTGTAATTTTTCATTTTCAGTAATATTAGTACATTTTTGTATAAATTCTCTTGTATCCTTATTTATATTATTAATACATTGTTCCATAAAAGAAATAAACTTAGGATATATATTACCTTCAAAAACACATATAGCGGCATTA-TTAAAAAAACTATCTACATTATTCATTGCTATTTGTGATTCGTTTGAAATATCTCTTAATGTATTTGT-TGTTG-TCAGATTCATCAATGCTAAGTTATCAGATGATATATTAGAATTTCCTATTAAATAACTCAA-TTTTTTTTGTATTATTTTTTTTATTAAATTTTCTTGAGCTAATATTGATTTTTTAGCCATACAAATTAAATCAAAATATTGACTATAATATTGTGTCCACCATTGATCTAAGAAATCATAGTATATTTTTTTAAAATAAGAGT-TATTTTTAAAAAATATATTAAATAAATTTTCACTTAAATCTTTAAATGAAAGATTC-AACATACTATTAGGTATTTCATCGATTTCTATTTTAGGCATAATTATATTTTCTTTTTTATTAATAAGAGAAATTGGTCCTAAACTTTTAAATTCTTCTATGAAAGAATTACCTGTGTTTAAGATATTTAAAGCTTTACCTAGCCATGGTACTACTTTATTAATTCCACATGGAGCATTAACTTCTTGGATTTCTGTCATGTCAAAAGAGTAATTTCTAAAAATCTCCTTTAACCATAAATAATATTTTTTATCTGTATTAATAGGTTCATCATATTTTATAGAATCTAAGTAATCTATTGTATTGTCTAAAAATGAATATACTAAAGATCTATCCTTTGAAGAAATTACCTTTGAAAAATCTGATGATAAGCTAATATCATT-ACTATTTGTCACTTGGGCCTGTAAATAATTTACTGAAAATGGAGTAGTAGTATTAATTTCCTTGGTTTCCGTAATATTATACACAGGTATAAAAGGGTCAGAATTTTTTCTATAAGGATATATATCTGCATCATTGATAGGAGGGATATTATTTATTTCTTCGACAT-TTA-CATTATTTAAATAAGAATAATT--AAT-AT------GATATTCATCACCTATGTTATAGGGAATTTTATAAGCAGCATAAAAATTGTCCATAGTACCTTTTAAGCCATCCCCATAAACATTGCTTTTCATTAATACAGTATTATTTTCATTTATTAAGTTAACTATTACTTCAGGCTTATTTATAATATCTTTATTA-TATTTTGATAAAGGTAATATTGTT-TTAATTTGACCATTTATAAAACCATTTATATCGTAACTTTTAAAATAATCTATTACATAATATTCTTTTCTATAATAATGATTAAGGGCATTATTAAATATTTCTGGCATCATAATTTCAAATTCTGTAGAAAAATAGCTTAAATTTAGCTCCCATATATC-TTGTGCATTAATCTTAAATTTTTGTTCTAAATAT-AATTT-A-ATGCTATTAGCAATATCATTATTATTTTTAATTTTTGTTTCGTAATCATTTTTATATTTTTCAAAG--TTTTTCGGAGCATCACTAAAATAATTATCTGTAAGCCAATAAGGATTAGTATTTAAAAGTTTATAGTCAGTTCCGCCTGATATTAAAAAATCAACCATATCTAACTCTGAATATTTCAAACTAT-TAAGTTCACTTCTTAATCTATATGGAATACTTAAATCATCACTAGGTTTTATTCCATATAAATAATAAAGAGATTTTATTAAGCATTTTATTAACTCTAAAGCAGGATCAACATAAAATTGATCATATTTATATGTTAAAAATGGTTGAAACCATATTTCAGACATAGTTCCCATACCATTTTCTGAATCTTCCTTTTTATAATAAACAACATTATTTTCTACTATATTTGTTCCTGGTCCAAAAATAACTAAGTTAGCTGTATAATAATGTTGATTATCTTTAGATACTAAATAATTAGTTTGTCTATA	plus
25,CFSAN024410,CFSAN,2010,Clinical,infant	gi|75859944|gb|DQ185900.1| Cbot BoNT:A sub:A3 str. Loch Maree	50573	3879	1227	90.79	89	24	930	2147	TTATAGTGAACTTTCTCCCCATCCATCATCTACAGGAATAAACTCCCATGAACAACCGAAAGTCCTACTAGCTTTTCCTATTTGTCTATTATACCAATTACTTGCTACTAGTTTAGCTATATTATTAAACTGATGAAATCCTATAAAGCCTATATCATTCCCATTATTATCTTGTAAATTCATTTTGCATTTATTTCTTATGCCTTGATCATTTTCTGACTTCATTACTACTACTTGACTTAGATTTCCTACATCAGGTATTTCTACTGCACTTAGTATTTTTTCTACGCCTGCCTGTGATGCATTAGTAGCTAATCTATATTCTTTATTTTTAACTACTACATTAATATATACACGATCATTATTTCTAACAATATTATCTTTATTTCCAGAAGCATATTTTTTTATAATAAATTTTGTCCCCATATACAAAGTTGAATTTAAATAAATGTTTGTAGTCACTATTCTACCTCTAGGCCCTTTAAGATACATATAACCTCTAATACCTACATTATTTACATCGAGATATTTATTTGGATCATATAAATTTAACATATAGTATGGTTTATCATATTGTAAATAATCACCCCAAAAGTCTTTTAAAATACCTGAATTTGATTGATTATCATATAAATCTTTGATTTCTTTTTTATTTAATTCTTTATCGAAAAGATTAAAATATTTTATCCAAATGTATCTATGTGGATCTCTACAACCATCTAATTTAAACATTATATTATTACTAGCATGAATATTACCTAAATCTGAAATTGATTCTTCATTTATTAATCTTCCATTTATATAAATTTTAGAATTACTTAACCTATTATTAGTAATAGTTACAAAAATCCATCTGTTTATATAATCTGATATATTAATATTTTGCGTGTATTGAAACACTACTGTTT-T-TTTTATCCCTTCAGTATCCTGTAAAGTCCAAATTATTTTACTATTCATATTAGAAAAATTAAGAGATACTTCCCATCCTGAATTATTTTGCATACAACTTATTATTTTATATTCATTATTTA--T--AT-TT-CTAAAATACTTAGGAATTCTTATCCAAAAGCTAGTACTAAAATTCTCATACATACTATTATATATAACACCATTATTTAGAATTACTTCAATTTTACTACTTTCTAAATTAGATAATTGAACTTGATTTTTATCTATCTCACT-AAATTTTACTCCAGTACCAATATTTATTCTTGATCTATA	minus
25,CFSAN024410,CFSAN,2010,Clinical,infant	gi|282160542|gb|GU213203.1| Cbot BoNT:F sub:F1 str. Langeland	50573	3837	2054	76.14	394	96	1473	3487	TAAATTTAACATATAGTATGGTTTATCATATTGTAAATAATCACCCCAAAAGTCTTTTAAAATACCTGAATTTGATTGATTATCATATAAA-TCTTTGATTTCTTTTTTATTTAATTCTTTATCGAAAAGATTAAAATATTTTATCCAAATGTATCTATGTGGATCTCTACAACCATCTAATTTAAACATTATATTATTACTAGCATGAATATTACCTAAATCTGAAATTGATTCTTCATTTATTAATCTTCCATTTATATAAATTTTAGAATTACTTAACCTATTATTAGTAATAGTTACAAAAATCCATCTGTTTATATAATCTGATATATTAATATTTTGCGTGTATTGAAACACTACTGTTTTT-TTTA-TCCCTTCAGTATCCTGTAAAGTCCAAATTATTTTACTATTCATATTAGAAAAATTAAGAGATACTTCCCATCCTGAATTATT-TTGC--ATACAACTTATTATTTTATATTCATTATTTATATTT-CTA-A---AA-TACTTAGGAATTCTTATCCAAAAGCTAGTACTAAAATTCTCATACATACTATTATATATAACACCATTATTTAGAA-T-TACTTCAATTTTACTA--CTTTCTAAATTAGATAATTGAACTTGATTTTTATCTATCTCACTAAATTT-TACTCCAGTACCAATA-T--TTATTCTTGATCTATATCCAGAGGAATCCACCAACTTATCTCTATCCATTTCATATTTTATATTTAGAATACAATTGTATTTAAGCTCTCCATAATTTTTATTAAAATATCGAATTAAAAGAGAGTCATTAGTATATGAAGAAAGTTCAAATGGAATACCATTATCTAGATGATTATTTACTTTAGAATTTAATTCTTCTACACTATTTCCTAGAATTGAACTATGATTTCT-AA-TATAACCTAATAAATA--CCTTCTAACTAAGTCATCATATGATTTTAACTTTTGTATAGTTT--CATTATTTATTATATTTATTAAATATGCTATAGAACTTTCTGTTATAAATTGTTCTATATTTTTCATTGCTAA-GTTAATTTTTTCATTAAGTGTCCT-TTCTATCTCATTAATGTTATAACTAGAATCTATTTTGGATTT-T-TCATCTGTAGTATAATTATTATATTTATTTTCTATTATTTTTTTTATTGCGGTTGCTTGATTTTTTAGAGCTTTATACATCTGTTCCTTTCTTTTATTAAATTGAGTATTAATTGTAGTAAGCCATTTTGATACTACCCATCTATATAATTCTTTCCATTTTTGATCCCTTACATTTAAAGCATTATCTAATGTTTTAATAATTTTATCTTTAT-CTCTAATTGAACCAGTTAAATACCCTTTTATTGTAAATATTAAAAGCGTAGGAATTAAAAATTCTGGTGAAAATTCTAATAAAAGACCTGCTCC-AACAAGTTCAACTGCTTCTGCAAAATGTTGTTTGTAAATTTCATCTCCTATATTTAAAGCAAGACCTATATATGGTACAACTAAGGATATATCTTTGAGTTTATCAACAGTACTTGTTTTTGTAGCTTCAGTAGTAAAATCCCTTATAACTTGTTTTACCCATTCTATAAATAATAATGCCTGTACAGGTTTATTGATATTATTAATAAAGTCTGATGAAAAAAATGTATATACTTTAGATCCTTCTAATAATCCTGTATCAAATGAAGACGTCAAAGTTATATTACTTTCA--TT-TGGTGAAAATTTTTGTGCATTTAAATAGAAAAAAGTATTATAATTCCTACCAACTTCATAACTGTCTATTATATCTGTTCTATTATAATCATATTTAGGTATATAATTATCTTTTTGTATATCTGTACTTACAT-TTCTATTAGGCATTTGAGGTATTA-CTTGCTCATTAAAATTTAAAATAACTTTATCCAGTATATCTTCAA-AACTAGGATCTAAAGTCGTTGTATCATCAATTTCTTTATATGTGTTAATAGTATTTTCACCATAACT-CTCTTGTGAAGCTATAAAAAACAGATCCCTATTATTTACAGTAATACATA	minus
25,CFSAN024410,CFSAN,2010,Clinical,infant	gi|282160542|gb|GU213203.1| Cbot BoNT:F sub:F1 str. Langeland	50573	3837	365	76.71	73	12	4438	4796	TTTCCTAAATAAGGGATCGCATTTTTTATTTCCTCTAACAGAATTTGGCCTGCTGGTTTACTATTAATCCTTTTAAATAATTTTATCATTATTTGTAAATACTTATTCTTTTCAGTATTAGTACTTAAGTAATTTGGATCAAAATATCCGTCTGAACCTGC-TT-T-TAATGAAACAGGAGGATTAAACAATGA--AGGATCTATACCAAGCCTATATCTTTCCGGTATTATCCAAACATTATCCATAATTTGAAAGGCCTTGAAATACGTATTACTTGTTTCATAATATGGTGGTCT-TATATATATAATTGTATTATCATTAACAGGATCATCATAATTAAAACTATTTATTACAACTGGCAT	minus
25,CFSAN024410,CFSAN,2010,Clinical,infant	gi|410825130|gb|JX424534.1| Cbot BoNT:E sub:E9 str. CDC66177	50573	3756	2072	74.71	404	120	1476	3495	ATTTAACATATAGTATGGTTTATCATATTGTAAATAATCACCCCAAAAGTCTTTTAAAATACCTGAATTTGATTGATTATCATATAAATCTTTG-ATTTCTTTTTTATTTAATTCTTTATCGAAAAGATTAAAATATTTTATCCAAATGTATCTATGTGGATCTCTACAACCATCTAATTTAAACATTATATTATTACTAGCATGAATATTACCTAAATCTGAAATTGATTCTTCATTTATTAATCTTCCATTTATATAAATTTTAGAATTACTTAACCTATTATTAGTAATAGTTACAAAAATCCATCTGTTTATATAATCTGATATATTAATATTTTGC-GT---GTATTGAAACACTACTGTTTTTTTTATCCCTTCAGTATCCTGTAAAGTCCAAATTATTTTACTATTCATATTAGAAAAATTAAGAGATACTTCCCATCCTGAATTATT-T-T-GCATACAACTTATTATTTTATATTCATTATTTATATTT-CTA----A--A--ATACTTAGGAATTCTTATCCAAAAGCTAGTACTAAAATTCTCATACATACTATTATATATAACACCATTATTTAGA-AT-TACTTCAATTTTACT-ACTTT-CTAAATTAGATAATTGAACTTGATTTTTA-T--CT--ATCTCACTAAATTTTACTCCAGTACCAATATTTATTCTTG-ATCTATATCCAGAGGAATCCACCAACTTATCTCTATCCATTTCATATTTTATATTTAGAATACAATTGTATTTAAGCTCTCCATAA-TTTTTATTAAAATATCGAATTAAAAGAGAGTCATTAGTATATGAAGAAAGTTCAAATGGAATACCATTATCTAGATGATTATTTACTTTAGAATTTAATTCTT-CTACACTATTTCCTAGAATTGAACTATGATTTCTAATATAACCTAATAAATACCTTCTAACTAAGTCATCATATGATTTTAACTTTTGTATAGTTTCA-TT-ATTTATTATATTT-ATTAAATATGCTATAGAACTTTCTGTT-ATAAATTGTTCTATATTTTTCATTGCTA-AGTTAATTTTTTCATTAAGTGTC-CTTTCTA--T-CTC-AT-TAATGTTATAACTAGAATCTATTTTGGATTTTTCATCTGTAGTATAATTATTATATTTATTTTCTATTATTTTTTTTATTGCGGTTGCTTGATTTTTTAGAGCTTTATACATCTGTTCCTTTCTTTTATTAAATTGAGTATTAATTGTAGTAAGCCATTTTGATACTACCCATCTATATAATTCTTTCCATTTTTGATCCCTTACATTTAAAGCATTATCTAATGTTTTAATAATTTTATCTTTA-TCTCTAATTGAACCAGTTAAATACCCTTTTATTGTAAATATTAAAAGCGTAGGAATTAAAAATTCTGGTGAAAATTCTAATAAAAGACCTGCTCC-AACAAGTTCAACTGC-TTCTGCAAAAT-GTTGTTTGTAAATTTCATCTCCTATATTTAAAGCAAGACCTATATATGGTACAACTAAGGATATATCTTTGAGTTTATCAACAGTACTTGTTTTTGTAGCTTCAGTAGTAAAATC-CCTTATAACTTGTTTTACCCATTCTATAAATAATAATGCCTGTACAGGTTTATTGATATTATTAATAAAGTCTGATGAAAAAAATGTATATACTTTAGATCCTTCTAATAATCCTGTATCAAATGAAGACGTCAAAGTTATATTACTTTCAT-TTGGTGAAAATTTTTGTGCATTTAAATAGAAAAAAGTATTATAATTCCTACCAACTTCATAACTGT-CTATTAT-ATCTGTTCTATTATAATCATATTTAGGTATATAATTATCTTTTTGTATATCTGTACTTACATTTCTATTAGGCATTTGAGGTATT-ACTTGCTCATTAAAATTTAAAATAACTTTATCCAGTAT-ATCTTCAAAACTAGGATCTAAAGTCGTTGTATCATCAATTTCTTTAT-A-TGTGTTAATAGTATTTTCACCATAACTCTCTTGTGAAGCTATAAAAAACAGATCCCTATTATTTACAGTAATACATAATGAATTT	minus
25,CFSAN024410,CFSAN,2010,Clinical,infant	gi|123229157|gb|EF028403.1| Cbot BoNT:E sub:E3 str. Alaska E43	50573	3759	2049	74.67	406	113	1476	3475	ATTTAACATATAGTATGGTTTATCATATTGTAAATAATCACCCCAAAAGTCTTTTAAAATACCTGAATTTGATTGATTATCATATAAATCTTTG-ATTTCTTTTTTATTTAATTCTTTATCGAAAAGATTAAAATATTTTATCCAAATGTATCTATGTGGATCTCTACAACCATCTAATTTAAACATTATATTATTACTAGCATGAATATTACCTAAATCTGAAATTGATTCTTCATTTATTAATCTTCCATTTATATAAATTTTAGAATTACTTAACCTATTATTAGTAATAGTTACAAAAATCCATCTGTTTATATAATCTGATATATTAATATTTTGCG-T---GTATTGAAACACTACTGTTTTTTTTATCCCTTCAGTATCCTGTAAAGTCCAAATTATTTTACTATTCATATTAGAAAAATTAAGAGATACTTCCCATCCTGAATTATT-T-T-GCATACAACTTATTATTTTATATTCATTATTTATATTT-CTA----A--A--ATACTTAGGAATTCTTATCCAAAAGCTAGTACTAAAATTCTCATACATACTATTATATATAACACCATTATTTAGA-AT-TACTTCAATTTTACT-ACTTTCTAAATTAGATAATTGAACTTGATTTTTATCTATCTCACTAAATTT-TACTCCAGTACC---AATATTTATTCTTG-ATCTATATCCAGAGGAATCCACCAACTTATCTCTATCCATTTCATATTTTATATTTAGAATAC--AATTGTATTTAAGCTCTCCATAA-TTTTTATTAAAATATCGAATTAAAAGAGAGTCATTAGTATATGAAGAAAGTTCAAATGGAATACCATTATCTAGATGATTATTTACTTTAGAATTTAATTCTT-CTACACTATTTCCTAGAATTGAACTATGATTTCTAATATAACCTAATAAATACCTTCTAACTAAGTCATCATATGATTTTAACTTTTGTATAGTTTCA-TT-ATTTATTATATTT-ATTAAATATGCTATAGAACTTTCTGTT-ATAAATTGTTCTATATTTTTCATTGCTA-AGTTAATTTTTTCATTAAGTGTC-CTTTCTATCTCATTAATGT--TA-TAACTAG-AATCTATTTTGGATTTTTCATCTGTAGTATAATTATTATATTTATTTTCTATTATTTTTTTTATTGCGGTTGCTTGATTTTTTAGAGCTTTATACATCTGTTCCTTTCTTTTATTAAATTGAGTATTAATTGTAGTAAGCCATTTTGATACTACCCATCTATATAATTCTTTCCATTTTTGATCCCTTACATTTAAAGCATTATCTAATGTTTTAATAATTTTATCTTTA-TCTCTAATTGAACCAGTTAAATACCCTTTTATTGTAAATATTAAAAGCGTAGGAATTAAAAATTCTGGTGAAAATTCTAATAAAAGACCTGCTCC-AACAAGTTCAACTGCTTCTGCAAAATGTTGTTTGTAAATTTCATCTCCTATATTTAAAGCAAGACCTATATATGGTACAACTAAGGATATATCTTTGAGTTTATCAACAGTACTTGTTTTTG-TAGCTTCAGTAGTAAAATCCCTTATAACTTGTTTTACCCATTCTATAAATAATAATGCCTGTACAGGTTTATTGATATTATTAATAAAGTCTGATGAAAAAAATGTATATACTTTAGATCCTTCTAATAATCCTGTATCAAATGAAGACGTCAAAGTTATATTACTTTCAT-TTGGTGAAAATTTTTGTGCATTTAAATAGAAAAAAGTATTATAATTCCTACCAACTTCATAACTGT-CTATTAT-ATCTGTTCTATTATAATCATATTTAGGTATATAATTATCTTTTTGTATATCTGTACTTACATTTCT-ATTAGGCATTTGAGGTATT-ACTTGCTCATTAAAATTTAAAATAACTTTATCCAGTAT-ATCTTCAAAACTAGGATCTAAAGTCGTTGTATCATCAATTTCTTTATATGTGTTAATAGTATTTTCACCATAACTCT-CTTGTGAAGCTATAAAAAACAGATCCCTATTATTTA	minus
27,CFSAN024410,CFSAN,2010,Clinical,infant	gb|CP000940.1|:46218-49811 Cbot BoNT:B sub:B1 str. Okra plasmid pCLD	46368	3594	3595	97.91	73	2	8482	12075	ATGAATATAAATGACAACTTAAGTATAAATTCCCCGGTAGATAATAAAAATGTTGTAGTAGTTAGAGCTAGAAAAACTGATACGTTTTTTAAGGCTTTTAAGGTTGCTCCTAATATTTGGGTGGCGCCAGAGAGATATTATGGCGAATCTTTGAGTATAGATGAAGAATATAAAGTTGATGGGGGAATATATGATTCTAATTTTCTTTCACAAGATAGTGAAAAAGATAAGTTCTTACAAGCTATTATTACTTTGTTAAAAAGAATTAATAGTACTAACGCTGGGGAAAAATTATTATCTTTGATTTCTACAGCTATTCCATTTCCTTATGGATATATAGGTGGAGGGTATTATGCACCTAATATGATTACTTTTGGATCAGCACCAAAATCTAATAAAAAATTGAATTCTTTAATTTCAAGTACTATTCCATTTCCTTATGCAGGATATAGAGAAACAAATTATCTTTCATCTGAAGATAATAAAAGTTTCTATGCATCTAATATAGTTATTTTTGGTCCAGGAGCAAACATAGTAGAAAACAATACTGTTTTTTATAAAAAGGAAGATGCAGAAAATGGTATGGGAACAATGACTGAAATATGGTTCCAACCATTTCTAACCTATAAATATGACCAATTTTATATTGATCCTGCAATAGAATTAATGAAATGTTTAATAAAATCTCTTTATTTCTTATATGGGATAAAACCAAGTGATGATTTAGTTGTTCCATATAGATTAAGAAATGAATTAGAGAATATAGAATACTCACAGTTGGATATAGTTGATTTACTAGTATCCGGAGGCATTGATCCTAAATTTATAAATACAGATCCATATTGGTTTATAGATAATTATTTCTCAAATGCAAAAAAAATGTTTGAAGATCATAGGAATATTTATGAAACAGAAATTGAAGGAAATAATGCCATTGGTAATGATATAAAATTGAGATTAAAACAAAAGTTTCGAATCAATATCAATGATATATGGGAATTAAATTTAAATTATTTCTCTAAAGAGTTTAACATTATGATGCCAGATAGATTTAATAATGCACTTAAACATTTTTATAGAAAACAATACTACAAAATAGATTACCCAGAAAATTATAGTATAAATGGTTTTGTTAATGGTCAAATTAATGCTCAATTATCTTTATCAGATAGAAATCAAGATATTATAAATAAACCTGAAGAAATAATTAATTTATTAAATGAAAATAATGTTTTATTAATGAGAAGTAATATTTATGGTGATGGATTAAAAAGCACTGTAGATGATTTTTACAGTAATTATAAAATCCCATATAATAGAGCCTATGAATATCATTTTAATAATTCAAATGATTCTTCTTTAGATAATGTTAACGTTGGAGTAATAGACAATATTCCAGAGATTATAGATGTAAATCCTTATAGAAAAAATTGTGATCCTTTTACACCTGTATATAATATTACGGAAACTAAAGAAATTAATACTACTATTCCAT-TCTCAGTAAATTATTTACAAGCTCAAAATGCCAACAATGAAAAATTTAGTTTATCCTCAGATTTTGTAGAAGTAGTTTCTTCTAAAGATAAATCTTTAGCGTATTCTTTCTTATCTAATGTAATGTTTTATTTAGATTCCATAAAGGATAATAGTCCTATTGATACAGATAAAGAATATTATTTATGGTTAAGAGAGATTTTTAGAAATTATTCTTTTGATATTACTGCAACTCAAGAAATTAATACTAATTGTGGTATTAATAAAGTAGTAACTTGGTTTGGGAAAGCATTAAATATTTTAAATACATCCGATTCTTTTGTAGAAGAATTTCAAAATTTAGGGCCAATTTCACTTATTAATAAAAAAGAAAATTTAAGTATGCCAATAATTGAGATTTATGAAATCCCTAACGATATGTTAGGATTACCACTAAATGATTTAAATGAAAAATTATTTAACATATATTTAAAAAACATACTTTATTTCAAAAAAGTTTATTTCAATTTCTTAGATCAATGGTGGACAGAATATTATAGTCAGTATTTCGATTTAATTTGTATGGCAAAACAGTCAATACTAGCTCAAGAAAAGCTAATTAAACAAATAATACAAAATAAGCTTCAAGATTTATCTAAAGCTGATATATCAATGGATAAATTAAATTTAATGAACTTAGCTACAGAGAAAACTTTTATAGATTTATCAAATGAATCACAAATAGCAATAAATAATATAAATGATTTTTTAAATAAATCAGCTATATGTGTTTTTGATACAAATATATATCCTAAGTTTATTTCTTTTATGGAACAATGTATTAATAGTGTAAATAGTAATGTAACAGCTTTTATACAAAAGTGCACTAATATCACTGAAGATGAAAAATTACAATTAATTAAATTAAATACATTTATGAATATAGATTTTGAGTTTTTTGATATTCAAAGTATTAAAGATTTAATTACTTCTGAAACTGATTTAATTAAAGAAGAAAAAGAGTCGGATTATAATCTGTTTTTATTCACATTGCAGGAAGATAATAACAAAGTAATTGAAGACATATCTGGTAAGAATACATTAGTTAAATATTCAGATTCTATTAGTTTAGTTTATGGGGTAAATGGAGATGCATTATATTTAAAAGAACCTGATGAAAGTGTTAGTTTTTCTAATAAGGCTTTTGAAAATGGGTTAACTAATAGTTTTTCAATTTGTTTTTGGTTAAGAAATTTAGGAGAAGATATTATTACGTCTAAACTAATAGAAAATAAAGCTGATAATTGTGGATGGGAGATTTATTTTCAAAATAATGGATTAGTTTTCAGCATTGTAGATTGCAATGGTAATGAAGAGAATATTTATTTATCCGATGTTATAAGTAAAAATTGGTATTATATATCAATTTCTATAGATAGATTAAGAAATCAATTATTAATATTTATTAATGATAAACTTATTGCTAACCAAAGTATTGAACAAATTTTAAATATTTATTCAAGTAATACAATTTCTTTAGTTAATGGGAATAATCCAATATATGTTGAAGGATTATCTATTTTAAATAGATCTATTACCAGTGAAGAAGTTGTAAATAATTATTTTTCTTATTTAAATAACTCATATATAAGGGATATTTCTGGAGAAAGATTAGAATATAATAAAACCTATGAACTATACAATTATGTATTCCCAGAAAACTCGTTATATGAAGTTACTGAAAACAATAATATATATTTGTCAATTAAAGATACAAATAACCTTAATATTCAAGGTGCTAAGTTTAAATTAATAAATATTGACACAAACAAGCAATATGTTCAAAAGTGGGATGAAGGAGTAGTTTGTTTATTAGGAGATGAAGAAAAATATGTAGATATATCCTCTGAAAATAATAGAATCCAATTGGTTAGCTCTAAAGATACTGCAAAGAGAATAATATTTAATAACGATATATTTAGGCCTAATTGCCTTACATTTGCTTATAATAATAAATATTTATCTTTATCTTTCAGAGATAGAAATTATAATTGGATGATATGTAATAATAATGACAATATACCTAAGGCTGCACATTTATGGGCATTAAAAGGGATATAA	minus
27,CFSAN024410,CFSAN,2010,Clinical,infant	gi|441275|emb|X74162.1| Cbot BoNT:G	46368	3937	3590	74.87	755	147	12101	15606	ATGCCAGTTACAATAAATAATTTTAATTATAATGATCCTATTGATAATAATAATATTATTATGATGGAACC--CCCATTTGCGAGAGGTACGGGGAGATATTATAAAGCTTTTAAAATCACAGATCGTATTTGGATAATACCCGAAAGATATACTTTTGGATATAAACCTGAGGATTTTAATAAAAGTTCCGGTATTTTTAATAGAGATGTTTGTGAATATTATGATCCAGATTACTTAAATACTAATGAT-AAAAAGAATATATTTTTACAAACAATGATCAAGTTATTTAATAGAATCAAATCAAAACCATTGGGTGA-AAAG-TTATTAGAGATGATTATAAATGGTATACCTTATCTTGGAGATAGACGTGT--TCCACTCGAAGAGTTTAACA-CAAACATTGCTAGTGTAACTGTTAATAAATTAATCAGTAATCCAGGAGAAGTGGAGCGAAAAAAAGGTATTTTCGCAAATTTAATAATATTTGGACCTGGGCCAGTTTTAAATGAAAATGAGACT-ATAGATATAGGTATACAAAATCATTTTGCATCAAGGGAAGGCTTCGGGGGTATAATGCAAATGAAG-TTTTG-CCCAGAATATGTAAGCGTATTTAATAATGTTCAAGAAAACAAAGGCGCAAGTATATTTAATAGACGTGGATATTTTTCAGATCCAGCCTTGATATTAATGCATGAACTTATACATGTTTTACATGGATTATATGGCATTAAAGTAGATGATTTACCAATTGTACCAAATGAAAAAAAATTTTTTATGCAATCTACAGATGCTATACAGGCAGAAGAACTATATACATTTGGAGGACAAGATCCCAGCATCATAACTCCTTCTACGGATAAAAGTATCTATGATAAAGTTTTGCAAAATTTTAGAGGTATAGTTGATAGACTTAACAAGGTTTTAGTTTGCATATCAGATCCTAACATTAATATTAATATATATAAAAATAAATTTAAAGATAAATATAAATTCGTTGAAGATTCTGAGGGAAAATATAGTATAGATGTAGA-AAGTTTTGATAAATTATATAAAAGCTTAATGTTTGGTTTTACAGAAACTAATATAGCAGAAAATTATAAAATAAAAACTAGAGCTTCTTATTTTAGTGATTCCTTACCACCAGTAAAAA-TAAAAAATTTATTAGATAATGAAATCTATACTATAGAGGAAGGGTTTAATATATCTGATAAAAATATGGAAAAAGAATATAGAGGTCAGAATAAAGCTATAAATAAACAAGCTTATGAAGAAATTAGCAAGGAGCATTTGGCTGTATATA-AG-ATACAAATGTGTAA-----AAGTGT-TAGAGCTCCAGG--AA--T----A-TGTATTGATGTTGATAATGAAGATTTGTTCTTTATAGCTGATAAAAATAGTTTTTCAGATGATTTATCTAAAAACGAAAGAATAGAATATGATACACAGAGTAATTATATAGAAAATCGCTCTTCTATAGATGAATTAATTTTAGATACTAATTTAATAAGTAAAATAGAATTACCAAGTGAAAATACAGAATCACTTACTGATTTT-A--ATGTAGATGTTCCAGTATATGAAAAACAACCCGCTATAAAAAAAATTTTTACAGATGAAAATACCATCTTTCAATATTTATACTCTCAGACATTTCC-TCTAGATATAAGAGATATAAGTTTAACATCTTCATTTGATGATGCATTATTATTTTCTAACAAAGTTTATTCATTTTTTTCTATGGA--TTATATTAAAACTGCTAATAAAGTGGTAGAAGCAGGATTATTTGCAGGTTGGGTGAAACAAATAGTAGATGATTTTGTA-AT-TGAAGCTA-ATAAAAGCAGTACTATGGATAAAATTGCAGATATATCTCTAATTGTTCCTTATATAGGATTAGCTTTAAATGTAGGAAATGAAACAGCTAAAGGAAATTTTGAAAATGCTTTTGAGATTGCAGGAGCCAGTATTCTACTAGAATTTATACCAGAACTTTTAATACCTGTAGTTGGAGCCTTTTTATTAGAATCATATATTGACAATAAAAATAAAATTATTAAAACAATAGATAATGCTTTAACTAAAAGATATGAAAAATGGATTGATATGTACGGATTAATAGTAGCGCAATGGCTCTCAACAGTTAATACTCAATTTTATACAATAAAAGAGGGAATGTATAAGGCTTTAAATTATCAAGCACAAGCATTGGAAGAAATAATA-AA-ATACAAATATAATATATATTCTGAAAAAGA-AAAGTCAAATATTAACATCGATTTTAATGATATAAATTCTAAACTTAATGAGGGTATTAACCAAGCTATAGATAATATAAATAATTTTATAAATGAATGTTCTGTATCATATTTAATGAAAAAAATGATTCCATTAGCTGTAGAAAAATTACTAGATTTTGATAATACTCTCAAAAAAAATTTATTAAATTATATAGATGAAAATAAATTATATTTGATTG--GAAGTGCAGAATATGA-AAAATCAAAAGTAGATAAACACTTGAAAACCATTATACCATTTGATCTTTCAATGTATACTAATAATACAATACTAATAGAAATATTTAACAAATATAATAGCGAAATTTTAAATAATATTATCTTAAATTTAAGATATAGGGATAATAATTTAATAGATTTATCAGGATATGGGGCAA--ATGTA-G-AGGTATATGATGGGGTCGAGCTT-AATGATA-A--AAAT---CAATTTAAATTAACTAGTTCAACAAACAGTGAGATTAGAGTGAC-TCAAAATCAGAATATCATATT-TA--ATAGTATGTTTCTTGATTTTAGTGTTAGCTTTTGGATAAGAATACCTAAATATAAGAATGATGGTATACAAAATTATATTCATAATGAATATACAATAATTAATTGCATTAAAAATAATTCTGGCTGGAAAATATCTATTAGGGGTAATAGGATAATATGGACTTTAACTGATATAAATGGAAAAACCAAATCAGTATTTTTTGAATATAGCATAAGAGAAGATATATCAGACTATATAAATAGATGGTTTTTTGTAACTATTACTAAT-A-A--TTCGGATAACGCTAAAATTTATATTAATGGTAAGCTAGAATCAAA-T-ATAGA-TATTAAAGATATAGGAGAAGTTATTGCTAATGGTGAAATAATATTTAAATTAGATGGTGATATAGATAGAACACAATTTATTTGGATGAAATATTTCAGTATTTTTAATACAGAATTAAGT-CAATCA-AA-TAT-TAAAGAAATATATAAAATTCAATCATATAGCGAATA-TTTAAAAGATTTTTGGGGAAATCCTTTAATGTACAATAAAGAATATTATATGTTTAATGCGGGGAATA-AAAAT-TCATATATTAAACTAA---AG-AAAGATTCATCTGTAGGTGAAATTTTAACACGTAGCAAA-TATAATCAAAATTCCAATTATATAAATTATAGAAATTTATATATCGGAGAAAAATTTATTATAAGAAGAAAG--TCAAATTCTC--AATCTATA-AATGATGATATAGTTAGAAAAGAAGATTATATATATCT	plus
