2,GA9608EPB,phaC,1996,Clinical,Gastric	gi|123229157|gb|EF028403.1| Cbot BoNT:E sub:E3 str. Alaska E43	156498	3759	3279	100.00	0	0	41	3319	TTTTAACACATTTAATAAATAGTATTCTTTGTCATAAAGCAAATAATTTCCCCAAAAATCCTTCAAAATATTTGTATTAGGTTCATTGCTATATAAAGTTTGAATTTCTGTTTCATCTAATTCTTTATCAAAAATATTAAAATATCTAATACCAATATATCTTGTATAACTACAATTAACTATTTTAAATAATATATTGTCACTAACATGAATATTACCTAAATTTAAAATTGATTTTTGATCTATTAAATTTCCATTAATATAAAGTTTAGAATCTCCTAATCTATCATTAGTTATAGTTACAAAAATCCACTTATTTATATAATCAGAAATACCATTTGCGTTACCATAGTTAAATGCTAATTTTTGATTAATTCCTGCATTATCTTGCAATGTCCAAATTATTTCATTATGATTAAGAGATACTTTCCATCCTGAATTATTATCTCTCATACAATTTATTATAGTGTATTCATTATTAACATTTACTATCTTATTATCATAGTTAGGAATTCTTACCCAAAAACTAATACTAAAATTTTTATATTTATTATCATATATAATGTAATCATTTTGAGATATATTAACTTCACTAAGTTTATCATTATATATTCCAAATTGATTTTTATTAGTTGGATATTTATATACATCTCCATTAATATTTATATTTGAATCATATCCTGAAGTATCTACGTATTTATCATTTTTATATCTCATATTTAAAACTGAACTACTTTTAATTCTCTTAAAGAATTTATTAAAATATGAAATTAAAATTTTATCATCTGTATAAGAAGAAAGCTTAAAAGGAATACTATTATTTAGGGTATCAGTTACCATAGAATTTAGTTCTTGCTGACTCTCTCCCAAGATTGATCCATGTTGTATAATATAATTCAATAAATACGTTTTGACATTCTCATCATATTCTCTTAATTTATTAATTTTTACTTCATTTATTAATTTCATTAAATAGGATATAGAACTTTCAGTTAAGAACCTGTCTATATTATTCATTGCTATAGAAACCTTTTGATTAAGTTCATTTTCTATTTGCTTAATATCATATTTATTTGTAAGCTCATTTTTTTCCTCTAAAGTATAACTATTATACTTAGATTCTATTATTGTTTTAATTGCATTTACTTGATTTTGTAAAGCTTGATACATTTGTTCTTTTCTTTTATTAAATTGTGTATTAATTTTAGTCATCCAATTCGATACTATAAAACTATATACTTCTTTCCATTTTTCATCTCTTTCTTTCAATGCATTATTTATTGCTTTAATAACTTTATTTTTATTATCAGATGAACCTAAAAAAGATTTTATCGTGAATACTAAAATTGTAGGAATTAAAAGCTCGGGTTCAAATTCTAATAAAATACCTGCTCCTAATAATTCAAGTGCATCTTTAAAATTTCCTTTTTGTGCTTCATTTCCTATATTTAAAGCAAGACCTATATATGGAACAACTATAGAAATATCTGCAATTTTATCAACAGTACTTTTTTGGTTAGCTTCAGTAGTAAAATCTACTAACACTTGTTGTATCCAGCTTACAAATAATGCTGCTTGCACAGGTTTATTGACATTATTAATAAATTCTGATGAAAAAAATGTATATATTTTAGGTTGTTCTAATAATGCTGTATCAATTGAAGAGGTGAGATTGACATTATTTTCACCTTCGGGCACTTTCTGTGCATCTAAATAGAAAAATACATTAAGTTCATTAACATCATGTTGTTCTATATCACTTGTTCCATTAGAATCATATTTTGGTATATAAGCATCATTTTGGATAGTTAAATTTAATTTTTCATCTGAAAGTCCAGGTGCTGATTCACTATTAAAATTTAAAATAACCTGATCTAAATCATTTTCATAATTATTATTTGAAGTTACTGTATCGTCAATTTCTTTAGGAGTATTTATATTATCATCATTATAACTATTCTCGGAAGCCACAAAAAATAACTCACCATTATTTATTTCGATACATATTGATTTCCTTATGCCTTTTACAGAAACAATATTTTTACAAAATCTAATGATTTTTTTTACTAGTCCTCTACCTGTAATTGGTTTAATAATTCTAGGATTTAAATTTGCATTCTGTCCTCTAAAATTTACCTTTAAATTATTTATATTATAGCCTTCTGATATATTATAAATAGAATCATTTAACAAGTTTGAAAGTTTGAAGTATTTATACTGTCCAATATAAGTTTCCCTACATTTAACTTGAAATTTAGTTGCTAAATCAAATTCCGTAAAGCTGTATAATTTTTTTAAAATATCATCAAATTTGTTTATATTTACCGAATAAATTCCGCTAGCATCTTTATCTAATCCATACTTTTCTTGAAAAATATCTTTATAAGGATTAAGTTGTGGATTAGATACTTGTACTTTGCTAAGTTTAGACGCTATTTTTCTATAATCATTTAGAAGATTAGTATAGATATCATTGTACTGAGCAACAGTAATAATGTTTAAATCATTACCTCCAAAAGTTAAGAATTCTTCAATATTTATACCTTTTCTATTTGTTATTAGGGGATTTTGTTGTTGTGTTATAATACAAGTTGTAGTAATCCCTTTAGCCCCATATAGTCCATGTAATGAATGTATTAATTCATGCATTAATGTAAGAGCAGGATCTTGAATAAATTCATTGATACTATTATCATTAAATCTAAAAGAATATTCAGGTGAAAATGTTACTATAGCTATTGATCCAAAACCGTGATTGCTTGGCATATAATTATTTCTTAGAGAAATATTGGAACTGTTAGTTTCAAATAAATCAGGCTCTGCTCCCATTATAATAACATTAGGTAATAGTATGTGTTGGCTACCATTTGAGAATTTAATCTCAACTGCTGATGCATCACCAATATGGAATTGATTATCTGGAGTATTATCATTCCCTAAATATGGATTAGCTTTTGACAGTTCTTCTAATAAAATCCCTCCTGAAAGATTATTATTTATTCTATTAAATATTTTTGTGACTATTTTTAAAAATCTATCCTTTTCTTCATCACTTTGTAAATAATTAGGGTCATAATAACTACTATCTCCATTTTTTAATGAAGTAGGCGGATGAAAATCTTGGGGGGTTGTACCAATTACATTTCTCTCTGGAATTATCCAAATATTTTTCATAATATTAAATGATTTATAAAATTCTTGACAACCGCCTGGTTTAATATATAAAATTGTTCTATCATTAACAGGATCATTATAATTAAAACTATTAATTTTTGGCAT	minus
2,GA9608EPB,phaC,1996,Clinical,Gastric	gi|123229157|gb|EF028403.1| Cbot BoNT:E sub:E3 str. Alaska E43	156498	3759	59	93.22	4	0	1	59	TAGTTAATTGTAGTTATACAAGATATATTGGTATTAGATATTTTAACACATTTAATAAA	plus
2,GA9608EPB,phaC,1996,Clinical,Gastric	gi|410825130|gb|JX424534.1| Cbot BoNT:E sub:E9 str. CDC66177	156498	3756	3280	95.49	146	2	41	3319	TTTTAACACATTTAATAAATAGTATTCTTTGTCATAAAGCAAATAATTTCCCCAAAAATCCTTCAAAATATTTGTATTAGGTTCATTGCTATATAAAGTTTGAATTTCTGTTTCATCTAATTCTTTATCAAAAATATTAAAATATCTAATACCAATATATCTTGTATAACTACAATTAACTATTTTAAATAATATATTGTCACTAACATGAATATTACCTAAATTTAAAATTGATTTTTGATCTATTAAATTTCCATTAATATAAAGTTTAGAATCTCCTAATCTATCATTAGTTATAGTTACAAAAATCCACTTATTTATATAATCAGAAATACCATTTGCGTTACCATAGTTAAATGCTAATTTTTGATTAATTCCTGCATTATCTTGCAATGTCCAAATTATTTCATTATGATTAAGAGATACTTTCCATCCTGAATTATTATCTCTCATACAATTTATTATAGTGTATTCATTATTAACATTTACTATCTTATTATCATAGTTAGGAATTCTTACCCAAAAACTAATACTAAAATTTTTATATTTATTATCATATATAATGTAATCATTTTGAGATATATTAACTTCACTAAGTTTATCATTATATATTCCAAATTGATTTTTATTAGTTGGATATTTATATACATCTCCATTAATATTTATATTTGAATCATATCCTGAAGTATCTACGTATTTATCATTTTTATATCTCATATTTAAAACTGAACTACTTTTAATTCTCTTAAAGAATTTATTAAAATATGAAATTAAAATTTTATCATCTGTATAAGAAGAAAGCTTAAAAGGAATACTATTATTTAGGGTATCAGTTACCATAGAATTTAGTTCTTGCTGACTCTCTCCCAAGATTGATCCATGTTGTATAATATAATTCAATAAATACGTTTTGACATTCTCATCATATTCTCTTAATTTATTAATTTTTACTTCATTTATTAATTTCATTAAATAGGATATAGAACTTTCAGTTAAGAACCTGTCTATATTATTCATTGCTATAGAAACCTTTTGATTAAGTTCATTTTCTATTTGCTTAATATCATATTTATTTGTAAGCTCATTTTTTTCCTCTAAAGTATAACTATTATACTTAGATTCTATTATTGTTTTAATTGCATTTACTTGATTTTGTAAAGCTTGATACATTTGTTCTTTTCTTTTATTAAATTGTGTATTAATTTTAGTCATCCAATTCGATACTATAAAACTATATACTTCTTTCCATTTTTCATCTCTTTCTTTCAATGCATTATTTATTGCTTTAATAACTTTATTTTTATTATCAGATGAACCTAAAAAAGATTTTATCGTGAATACTAAAATTGTAGGAATTAAAAGCTCGGGTTCAAATTCTAATAAAATACCTGCTCCTAATAATTCAAGTGCATCTTTAAAATTTCCTTTTTGTGCTTCATTTCCTATATTTAAAGCAAGACCTATATATGGAACAACTATAGAAATATCTGCAATTTTATCAACAGTACTTTTTTGGTTAGCTTCAGTAGTAAAATCTACTAACACTTGTTGTATCCAGCTTACAAATAATGCTGCTTGCACAGGTTTATTGACATTATTAATAAATTCTGATGAAAAAAATGTATATATTTTAGGTTGTTCTAATAATGCTGTATCAATTGAAGAGGTGAGATTGACATTATTTTCACCTTCGGGCACTTTCTGTGCATCTAAATAGAAAAATACATTAAGTTCATTAACATCATGTTGTTCTATATCACTTGTTCCATTAGAATCATATTTTGGTATATAAGCATCATTTTGGATAGTTAAATTTAATTTTTCATCTGAAAGTCCAGGTGCTGATTCACTATTAAAATTTAAAATAACCTGATCTAAATCATTTTCATAATTATTATTTGAAGTTACTGTATCGTCAATTTCTTTAGGAGTATTTATATTATCATCATTATAACTATTCTCGGAAGCCACAAAAAATAACTCACCATTATTTATTTCGATACATATTGATTTCCTTATGCCTTTTACAGAAACAATATTTTTACAAAATCTAATGATTTTTTTTACTAGTCCTCTACCTGTAATTGGTTTAATAATTCTAGGATTTAAATTTGCATTCTGTCCTCTAAAATTTACCTTTAAATTATTTATATTATAGCCTTCTGATATATTATAAATAGAATCATTTAACAAGTTTGAAAGTTTGAAGTATTTATACTGTCCAATATAAGTTTCCCTACATTTAACTTGAAATTTAGTTGCTAAATCAAATTCCGTAAAGCTGTATAATTTTTTTAAAATATCATCAAATTTGTTTATATTTACCGAATAAATTCCGCTAGCATCTTTATCTAATCCATACTTTTCTTGAAAAATATCTTTATAAGGATTAAGTTGTGGATTAGATACTTGTACTTTGCTAAGTTTAGACGCTATTTTTCTATAATCATTTAGAAGATTAGTATAGATATCATTGTACTGAGCAAC-AGTAATAATGTTTAAATCATTACCTCCAAAAGTTAAGAATTCTTCAATATTTATACCTTTTCTATTTGTTATTAGGGGATTTTGTTGTTGTGTTATAATACAAGTTGTAGTAATCCCTTTAGCCCCATATAGTCCATGTAATGAATGTATTAATTCATGCATTAATGTAAGAGCAGGATCTTGAATAAATTCATTGATACTATTATCATTAAATCTAAAAGAATATTCAGGTGAAAATGTTACTATAGCTATTGATCCAAAACCGTGATTGCTTGGCATATAATTATTTCTTAGAGAAATATTGGAACTGTTAGTTTCAAATAAATCAGGCTCTGCTCCCATTATAATAACATTAGGTAATAGTATGTGTTGGCTACCATTTGAGAATTTAATCTCAACTGCTGATGCATCACCAATATGGAATTGATTATCTGGAGTATTATCATTCCCTAAATATGGATTAGCTTTTGACAGTTCTTCTAATAAAATCCCTCCTGAAAGATTATTATTTATTCTATTAAATATTTTTGTGACTATTTTTAAAAATCTATCCTTTTCTTCATCACTTTGTAAATAATTAGGGTCATAATAACTACTATCTCCATTTTTTAATGAAGTAGGCGGATGAAAATCTTGGGGGGTTGTACCAATTACATTTCTCTCTGGAATTATCCAAATATTTTTCATAATATTAAATGATTTATAAAATTCTTGACAACCGCCTGGTTTAATATATAAAATTGTTCTATCATTAACAGGATCATTATAATTAAAACTATTAATTTTTGGCAT	minus
2,GA9608EPB,phaC,1996,Clinical,Gastric	gi|410825130|gb|JX424534.1| Cbot BoNT:E sub:E9 str. CDC66177	156498	3756	59	91.53	5	0	1	59	TAGTTAATTGTAGTTATACAAGATATATTGGTATTAGATATTTTAACACATTTAATAAA	plus
2,GA9608EPB,phaC,1996,Clinical,Gastric	gi|282160542|gb|GU213203.1| Cbot BoNT:F sub:F1 str. Langeland	156498	3837	2546	80.05	471	37	50	2572	ATTTAATAAATAGTATTCTTTGTCATAAAGCAAATAATTTCCCCAAAAATCCTTCAAAATATTTGTATTAGGTTCATTGCTATATAAAGTTTGAATTTCTGTTTCATCTAATTCTTTATCAAAAATATTAAAATATCTAATACCAATATATCTTGTATAACTACAATTAACTATTTTAAATAATATATTGTCACTAACATGAATATTACCTAAATTTAAAATTGATTTTTGATCTATTAAATTTCCATTAATATAAAGTTTAGAATCTCCTAATCTATCATTAGTTATAGTTACAAAAATCCACTTATTTATATAATCAGA-A-A-T-ACCATTTGCGTTACCATAGTTAAATGCTAATTTTTGATTAATTCCTGCATTATCTTGCAATGTCCAAATTATTTCATTATGATTAAGAGATACTTTCCATCCTGAATTATTATCTCTCATACAATTTATTATAGTGTATTCATTATTAACATTTACTATCTTATTATCATAGTTAGGAATTCTTACCCAAAAACTAATACTAAAATTTTTATATTTATTATCATATATAATGTAATCATTTTGAGATATATTAACTTCACTAAGTTTATCATTATATATTCCAAATTGATTTTTATTAGTTGGATATTTATATACATCTCCATTAATATTTATATTTGAATCATATCCTGAAGTATCTACGTATTTATCATTTTTATATCTCATATTTAAAACTGAACTACTTTTAATTCTCTTAAAGAATTTATTAAAATATGAAATTAAAATTTTATCATCTGTATAAGAAGAAAGCTTAAAAGGAATACTATTATTTAGGGTATCAGTTACCATAGAATTTAGTTCTTGCTGACTCTCTCCCAAGATTGATCCATGTTGTATAATATAATTCAATAAATACGTTTTGACATTCTCATCATATTCTCTTAATTTATTAATTTTTACTTCATTTATTAATTTCATTAAATAGGATATAGAACTTTCAGTTAAGAACCTGTCTATATTATTCATTGCTATAGAAACCTTTTGATTAAGTTCATTTTC-TATTTGCTTAATATCATATTTATTTGTAAGCTC-ATTTTTTTCCTCTAAAGTATAACTATTATACTTAGATTCTATTATTGTTTTAATTGCATTTACTTGATTTTGTAAAGCTTGATACATTTGTTCTTTTCTTTTATTAAATTGTGTATTAATTTTAGTCATCCAATTCGATACTATAAAACTATATACTTCTTTCCA-TTTTTCATCTCTTTCTTTCAATGCATTATTTATTGCTTTAATAACTTTATTTTTATTATCAGATGAACCTAAAAAAGATTTTATCGTGAATACTAAAATTGTAGGAATTAAAAGCTCGGGTTCAAATTCTAATAAAATACCTGCTCCTAATAATTCAAGTGCATCTTTAAAATTTCCTTTTTGTGCTTCATTTCCTATATTTAAAGCAAGACCTATATATGGAACAACTATAGAAATATCTGCAATTTTATCAACAGTACTTTTTTGGTTAGCTTCAGTAGTAAAATCTACTAACACTTGTTGTATCCAGCTTACAAATAATGCTGCTTGCACAGGTTTATTGACATTATTAATAAATTCTGATGAAAAAAATGTATATATTTTAGGTTGTTCTAATAATGCTGTATCAATTGAAGAGGTGAGATTGACATTATTTTCACCTTCGGGCACTTTCTGTGCATCTAAATAGAAAAATACATTAAGTTCATTAACATCATGTTGTTCTATATCACTTGTTCCATTAGAATCATATTTTGGTATATAAGCATCATTTTGGATAGTTAAATTTAATTTTTCATCTGAAAGTCCAGGTGCTGATTCACTATTAAAATTTAAAATAACCTGATCTAAATCATTTTCATAATTATTATTTGAAGTTACTGTATCGTCAATTTCTTTAGGAGTATTTATATTATCATCATTATAACTATTCTCGGAAGCCACAAAAAATAACTCACCATTATTTATTTCGATACATATT-GATTT--C-CTTATG--CCTTTTACAGAAACAATATTTTTACAAAATCTAATGATTTTTTTTACTAGTCCTCTACCTGTAATTGGTTTAATAATTCTAGGATTTAAATTTGCATTCTGTCCTCTAAAATTTACCTTTAAATTATTTATATTATAGCCTTCTGATATATTATAAATAGAATCATTTAACAAGTTTGAAAGTTTGAAGTATTTATACTGTCCAATATAAGTTTCCCTACATTTAACTTGAAATTTAGTTGCTAAATCAAATTCCGTAAAGCTGTATAATTTTTTTAAAATATCATCAAATTTGTTTATATTTACCGAATAAATTCCGCTAGCATCTTTATCTAATCCATACTTTTCTTGAAAAATATCTTTATAAGGATTAAG-T--TGT---GGATTAGATACT-TGTACTTTGCTAAGTTTAGACGCTATTTTTCTATAATCATTTAGAAGATTAGTATAGATATCATTGTACTG-A--GCAACAGTAATAATGTTTAAATCATTACCTCCAAAAGTTAAGAATTCTTC	minus
2,GA9608EPB,phaC,1996,Clinical,Gastric	gb|CP000940.1|:46218-49811 Cbot BoNT:B sub:B1 str. Okra plasmid pCLD	156498	3594	3145	75.90	685	73	3381	6487	GGTATATCATGATTAAGATCACATATAACCCAATTGTAATCTTGATTTTTTATAGACAAATATACATTTACATTGTTATAAGTTAAAGTTAA-ACAGTTAGAGATAAATATATCATTATTAATAATAAAAATCTGTGCATTATTTTTATTATCTACTAGTTGAATTCTATTATTAGTAGTAGATATATCTAAATATTTTTCTGTACCATCTAATACAGAAAATATTACCTCATCCCATTTTTGAACATATTGTTTGTTTGGATTAGTATTTAATAATTTAAATTTTAG-AGGTTTAAAATTTAAATTATTTTCATTGTTAATTGATAAGTATATATTATTATTTTGCTCAATTTTATTTATAGCGA--TTTCTGGAAATACATAATTAAACAATTCATATGTTCTATTATATTGTAATATTTCTTCATCAAAATTTCTTATATATGAATTGTTTAAATCACTAAAATAATCAGTTAAAATTTCATTACTATTAATAGTTTTATTTAAAACAGATAATCCTTCAATATAGACATTATTATTATCACTTAA-TAATGAAATTATATCACTTGAATAAATATTTAAAATTTCTTTAATATCTTCATTTGCAACAAGTATATTATCAATAAATATTAGTAATTGATCTTTCAAACGATTTATAGATATTACTATATAATGCCAACTATTA-TTAGAAATATTAGATAAATAAATATTTTTTTCATTTCCATTAGAATCTATTATATTAAAAACTAATCCATCATTTTCAAAATAAATTTCCCAACCACAATTATCTTCTTTACTACCTATTAACTTAGATTTAATAGTATTTTGCT-TTAAATTTCTCAACCAAAAATAAATTGAAAAGTTATTGGTTAATCCATTTTCAAAATAATCGTTGGTAAACTTTATATTTTGATTAGCCCCAGTTAAATGTATTGCATTATTATTTATTCCATAAACTAATCCTATATCTTTAGGGTATTCTACTAATGTATTTTTACCGGATGTATCTCCAATAACATTGTTATCTTGTTCTTGAAAAGCATATAATGATA-ATTCATAGGGTGAGGTTTGTTCTTTTATAAGTAGTTCTGTATATGAATTAAATAGGTTCTTCATATTTTGAATATCTAAAAAATCAAAATCTAAATTACTAAAACTATTTTGCATAATCAAGTGTGATTTTTCAGTTTCATTAATATTAGTACATTTTAGTATAAACTCTTTGGTGC-TT-TTATTTATATTTTTAATACATTGTTCCATAAAAGAAGTGAATTTAGGATAAATATTGTTTTCAAAAACACACATAGCAGCATTATTAAAAAATTTATCTATATTATTTATTGCTATTTGTGATTGATTTGAAATATCTCTTAATGTATTTGT-GGTTGTTAAGTTTATCAATATTAAATTAGTAGA-GGATATATTAGAATTTTCCATTAAATACCTTAA-TTGTTTTTGTATTAGTTTTTTTATTAACTTTTCTTGAGCTAATACTGA-TTTACTAGCCATACAAATTAGATCAAAATATTGACTATAATATTGTGTCCACCATTGATCTAAAAAATTATAGTAAATTTTTTTTAGATAAAAATTATTTTTACAATATATATTAAATAAATTTTCACTTAAATCTTTAAATGAAAAATTC-AACATACTAC-TAGGTATTTCATCAATTTTTATTTTAGGAATAGTTATATTTTCTTTTTTATTAATAAGAGAAATTGGTCCTAAGTTTTTAAATTCCTCCACAAATGAATTATTTGTATTTAGAATATTTAATGCTCTACCAATCCATGGTATTATCTTAGTATCTCCAAATTGATTACTAATTTCTTGAGTTTCTGTTATATCAAGAGAGTAATTTCTAAAAATTGCTTTTAACCACTTATAATATTTTTTATCTGTATCAATGGGTTTATCGTATTTTATAAACTCTAAATAATCCATTGTATTATTTAAAAACGAATATACTAAAGA--T-CCCTTAGAAGAAATTACTTTTAGAAAATCTGAGGAT-AAGTTAA--TATCATTACTATCTATCATTTGAGCCTGTAAATAATTTACTGGTAATGGTGTGGTAGTATTAATTTCCTTAGCTTTTGTAATATTATATACTGGTATAAATGTATCAGCATTTTTTC-TATAAGGATATATATCTTCATCATTAATAGGAGGGATTTTTTCTATTTCTTCGATATTTACATTATCTAAATAAG-A--A--T-AATTAATAGAATG---TTCATAATTTAGATTATAGGGAATTATATAATTAGAATAGAAATTATCCACAGTACCTTTTAATCCATCTCCATAAATATTACTTTTCATCAATACAGTATTATTTTGATTTATCAAGTTAACTATTAATTCAGGCTTATTTATAATCTCTTTG-TTATATTTTGATAAAGGTAATTTTGTTTTAATTTGACCATTTTTAAAACCATTTATATTGTAATTTTTAAAATAATCTATTACATAATATTCTTTTCTGTAATAATGATTAAGTGCATTATTGTATCTTTCTGGCATCATGATTTGAAATTCTTTAGAAAAATAACTTAAATTTAATTCCCATATATCTTTTACATTAATCTTAAACTTTTGTTCTAAATAT-AATTTAATACTATTAGCAATATAATTATTATTTTTAATTTTTATTTCATAATCATTTTTATATTTTTCAAA-A--TTTTTCGAAGTATCAATAAAATACTTATCTATAAACCAATAAGGATTAGTATTTAAAAGTTTATAATCAATTCCTCCTGATATTAAAAAATCAATCATATCTAACTCTGAATATTCTAAACTATTAAACTCATTTCTTAATCTATATGGAATATTTAAATTATCATTAGGTTTTATTCCATATAAATAATAAAGAGATTTTATTAAACATTTTATTAACTCTAAAGCTGGATCAACATAGAATTCATCATATTTATGTGTTAAAAATGGTTGAAACCATATTTCTAACATGGTTCCCATTCCACTTTCTGCATATTCTTTTTTATAATAAATAACATTATTTTTTATTATATTTGATCCTGGTCCAAAAATAACTAAGTTAGCTGTATAATAATGTTCATTATTCTT-AGAACTAAGGTAGTTAGTTTGTCTATA	plus
7,GA9608EPB,phaC,1996,Clinical,Gastric	gi|123229157|gb|EF028403.1| Cbot BoNT:E sub:E3 str. Alaska E43	83282	3759	429	100.00	0	0	1	429	ATAAGAAGCACTATTCTTTTAGCTAATAGATTATATAGTGGAATAAAAGTTAAAATACAAAGAGTTAATAATAGTAGTACTAACGATAATCTTGTTAGAAAGAATGATCAGGTATATATTAATTTTGTAGCCAGCAAAACTCACTTATTTCCATTATATGCTGATACAGCTACCACAAATAAAGAGAAAACAATAAAAATATCATCATCTGGCAATAGATTTAATCAAGTAGTAGTTATGAATTCAGTAGGAAATAATTGTACAATGAATTTTAAAAATAATAATGGAAATAATATTGGGTTGTTAGGTTTCAAGGCAGATACTGTAGTTGCTAGTACTTGGTATTATACACATATGAGAGATCATACAAACAGCAATGGATGTTTTTGGAACTTTATTTCTGAAGAACATGGATGGCAAGAAAAATAA	plus
7,GA9608EPB,phaC,1996,Clinical,Gastric	gi|123229157|gb|EF028403.1| Cbot BoNT:E sub:E3 str. Alaska E43	83282	3759	429	100.00	0	0	82854	83282	TTATTTTTCTTGCCATCCATGTTCTTCAGAAATAAAGTTCCAAAAACATCCATTGCTGTTTGTATGATCTCTCATATGTGTATAATACCAAGTACTAGCAACTACAGTATCTGCCTTGAAACCTAACAACCCAATATTATTTCCATTATTATTTTTAAAATTCATTGTACAATTATTTCCTACTGAATTCATAACTACTACTTGATTAAATCTATTGCCAGATGATGATATTTTTATTGTTTTCTCTTTATTTGTGGTAGCTGTATCAGCATATAATGGAAATAAGTGAGTTTTGCTGGCTACAAAATTAATATATACCTGATCATTCTTTCTAACAAGATTATCGTTAGTACTACTATTATTAACTCTTTGTATTTTAACTTTTATTCCACTATATAATCTATTAGCTAAAAGAATAGTGCTTCTTAT	minus
7,GA9608EPB,phaC,1996,Clinical,Gastric	gi|410825130|gb|JX424534.1| Cbot BoNT:E sub:E9 str. CDC66177	83282	3756	394	88.32	41	5	31	423	TTATATAGTGGAATAAAAGTTAAAATACAAAGAGTTAATAATAGTAGTACTAACGATAATCTTGTTAGAAAGAATGATCAGGTATATATTAATTTTGTAGCCAGCAAAACTC-ACTTATTTCCATTATATGCTGATACAGCTACCACAAATAAAGAGAAAACAATAAAAATATCATCATCTGGCAATAGATTTAATCAAGTAGTAGTTATGAATTCAGTAGGAAATAATTGTACAATGAATTTTAAAAATAATAATGGAAATAATATTGGGTTGTTAGGTTTCAAGGCAGATACTGTAGTTGCTAGTACTTGGTATTATACACATATGAGAGATCATACAAACAGCAATGGATGTTTTTGGAACTTTATTTCTGAAGAACATGGATGGCAAGAA	plus
7,GA9608EPB,phaC,1996,Clinical,Gastric	gi|410825130|gb|JX424534.1| Cbot BoNT:E sub:E9 str. CDC66177	83282	3756	394	88.32	41	5	82860	83252	TTCTTGCCATCCATGTTCTTCAGAAATAAAGTTCCAAAAACATCCATTGCTGTTTGTATGATCTCTCATATGTGTATAATACCAAGTACTAGCAACTACAGTATCTGCCTTGAAACCTAACAACCCAATATTATTTCCATTATTATTTTTAAAATTCATTGTACAATTATTTCCTACTGAATTCATAACTACTACTTGATTAAATCTATTGCCAGATGATGATATTTTTATTGTTTTCTCTTTATTTGTGGTAGCTGTATCAGCATATAATGGAAATAAGT-GAGTTTTGCTGGCTACAAAATTAATATATACCTGATCATTCTTTCTAACAAGATTATCGTTAGTACTACTATTATTAACTCTTTGTATTTTAACTTTTATTCCACTATATAA	minus
